date,open,high,low,close,volume
2012-01-03,8.670,8.710,8.570,8.690,7413484
2012-01-04,8.690,8.750,8.530,8.570,16617290
2012-01-05,8.670,8.690,8.570,8.670,13039190
2012-01-06,8.590,8.610,8.310,8.410,16093830
2012-01-09,8.410,8.770,8.130,8.750,12007370
2012-01-10,8.770,8.950,8.730,8.830,11968450
2012-01-11,8.870,9.030,8.790,9.010,6888851
2012-01-12,8.970,9.130,8.910,8.950,6481147
2012-01-13,9.010,9.090,8.910,9.050,8484872
2012-01-16,8.910,8.910,8.810,8.830,4007681
2012-01-17,8.970,9.510,8.970,9.490,24117670
2012-01-18,9.490,9.590,9.450,9.550,18198270
2012-01-19,9.650,9.820,9.630,9.820,17654980
2012-01-20,9.920,10.020,9.770,9.920,22253900
2012-01-26,10.270,10.320,10.170,10.270,21940030
2012-01-27,10.170,10.470,10.170,10.370,25934870
2012-01-30,10.270,10.370,10.020,10.020,25678070
2012-01-31,10.020,10.370,10.020,10.170,23492610
2012-02-01,10.220,10.420,10.120,10.220,14379600
2012-02-02,10.520,10.620,10.420,10.570,24064640
2012-02-03,10.570,10.670,10.470,10.570,23116060
2012-02-06,10.770,10.820,10.470,10.570,14642640
2012-02-07,10.570,10.720,10.520,10.520,28637130
2012-02-08,10.670,10.920,10.570,10.870,23198960
2012-02-09,10.770,10.920,10.620,10.870,25045020
2012-02-10,10.670,10.820,10.520,10.620,9310283
2012-02-13,10.570,10.820,10.520,10.770,9686085
2012-02-14,10.670,10.770,10.620,10.770,17776810
2012-02-15,10.770,11.320,10.770,11.270,27519840
2012-02-16,11.070,11.170,11.020,11.120,11592650
2012-02-17,11.220,11.420,11.220,11.320,16712810
2012-02-20,11.520,11.620,11.220,11.270,12584190
2012-02-21,11.170,11.370,11.020,11.320,17410390
2012-02-22,11.020,11.420,11.020,11.420,12126110
2012-02-23,11.270,11.320,11.170,11.270,8388740
2012-02-24,11.320,11.370,11.170,11.220,11927220
2012-02-27,11.270,11.470,10.870,11.070,36746440
2012-02-28,11.120,11.470,11.120,11.470,23296120
2012-02-29,11.470,11.620,11.370,11.520,13581050
2012-03-01,11.470,11.520,11.170,11.270,14931500
2012-03-02,11.420,11.520,11.370,11.470,9739735
2012-03-05,11.420,11.420,11.020,11.020,8483761
2012-03-06,11.020,11.020,10.620,10.670,15400280
2012-03-07,10.370,10.620,10.370,10.470,23470490
2012-03-08,10.620,10.770,10.520,10.770,6372173
2012-03-09,10.870,11.120,10.770,10.970,16878750
2012-03-12,10.870,11.070,10.770,11.020,20545710
2012-03-13,11.170,11.320,11.170,11.220,11205300
2012-03-14,11.470,11.570,11.170,11.220,26650490
2012-03-15,11.270,11.320,11.070,11.270,14969680
2012-03-16,11.270,11.370,11.170,11.270,7528719
2012-03-19,11.320,11.370,10.970,11.020,14945450
2012-03-20,11.070,11.070,10.670,10.820,16483630
2012-03-21,10.920,10.920,10.670,10.820,14305800
2012-03-22,10.670,10.920,10.670,10.820,15272540
2012-03-23,10.670,10.670,10.470,10.570,17170070
2012-03-26,10.570,10.720,10.470,10.620,15978950
2012-03-27,10.870,11.020,10.820,11.020,9280792
2012-03-28,11.070,11.070,10.720,10.820,12907460
2012-03-29,10.720,10.720,10.420,10.520,10699630
2012-03-30,10.270,10.470,10.270,10.470,11711650
2012-04-02,10.520,10.570,10.320,10.420,9923766
2012-04-03,10.520,10.770,10.470,10.720,12370170
2012-04-05,10.270,10.620,10.270,10.520,13112340
2012-04-10,10.420,10.420,10.220,10.270,15386930
2012-04-11,10.170,10.170,9.920,10.070,12727000
2012-04-12,10.170,10.270,10.020,10.270,23001100
2012-04-13,10.520,10.720,10.470,10.670,18138190
2012-04-16,10.470,10.570,10.420,10.570,9681560
2012-04-17,10.570,10.570,10.320,10.520,7231312
2012-04-18,10.720,10.820,10.670,10.770,9604331
2012-04-19,10.620,10.970,10.620,10.970,9703812
2012-04-20,10.970,11.070,10.820,10.920,6538028
2012-04-23,10.920,10.920,10.520,10.570,9593230
2012-04-24,10.570,10.720,10.420,10.620,13568820
2012-04-25,10.620,10.720,10.470,10.620,12433350
2012-04-26,10.720,10.820,10.570,10.770,9658639
2012-04-27,10.910,10.910,10.510,10.710,10514670
2012-04-30,10.810,11.110,10.810,11.060,7613603
2012-05-02,11.160,11.360,11.160,11.310,14994650
2012-05-03,11.210,11.210,11.110,11.210,7817614
2012-05-04,11.110,11.110,10.960,11.060,7388091
2012-05-07,10.610,10.610,10.410,10.460,27850410
2012-05-08,10.660,10.660,10.310,10.460,8331928
2012-05-09,10.310,10.310,10.160,10.260,15920000
2012-05-10,10.210,10.310,10.010,10.160,43334820
2012-05-11,10.010,10.010,9.810,9.910,37216530
2012-05-14,10.010,10.010,9.650,9.670,30398920
2012-05-15,9.610,9.860,9.570,9.860,48809960
2012-05-16,9.730,9.730,9.130,9.230,60541260
2012-05-17,9.370,9.430,9.110,9.210,31281260
2012-05-18,8.910,8.990,8.590,8.950,25478980
2012-05-21,8.950,9.010,8.830,8.970,9226443
2012-05-22,9.090,9.230,9.010,9.070,16672110
2012-05-23,8.810,8.890,8.670,8.790,44225650
2012-05-24,8.750,8.890,8.670,8.710,15817440
2012-05-25,8.710,8.850,8.610,8.770,18726150
2012-05-28,8.770,8.930,8.730,8.870,17756460
2012-05-29,8.810,9.130,8.810,9.110,11290230
2012-05-30,9.050,9.050,8.670,8.770,30683050
2012-05-31,8.510,8.810,8.490,8.790,35274400
2012-06-01,8.690,8.870,8.610,8.750,4869668
2012-06-04,8.410,8.410,8.190,8.310,22510080
2012-06-05,8.310,8.530,8.310,8.390,4659359
2012-06-06,8.510,8.790,8.510,8.790,12257640
2012-06-07,9.110,9.110,8.850,8.890,8900981
2012-06-08,8.890,8.930,8.670,8.710,10614890
2012-06-11,9.110,9.230,9.110,9.190,14336950
2012-06-12,8.950,9.190,8.930,9.130,3786317
2012-06-13,9.110,9.290,9.030,9.290,10042180
2012-06-14,9.190,9.270,9.110,9.130,2632838
2012-06-15,9.230,9.610,9.230,9.590,10715820
2012-06-18,9.860,9.910,9.730,9.750,12494420
2012-06-19,9.750,9.810,9.650,9.730,9326121
2012-06-20,9.810,9.910,9.770,9.810,17362280
2012-06-21,9.810,9.860,9.590,9.590,14113160
2012-06-22,9.250,9.410,9.250,9.310,11474080
2012-06-25,9.310,9.390,9.150,9.210,8450619
2012-06-26,9.190,9.330,9.190,9.310,3306879
2012-06-27,9.270,9.550,9.210,9.510,9171702
2012-06-28,9.610,9.630,9.290,9.330,8455332
2012-06-29,9.330,9.860,9.310,9.770,12205620
2012-07-03,9.910,10.110,9.910,10.060,15962230
2012-07-04,10.110,10.160,10.010,10.010,13494590
2012-07-05,10.010,10.210,9.910,10.160,7037131
2012-07-06,10.110,10.160,10.010,10.110,8585107
2012-07-09,9.910,10.060,9.710,9.750,19557720
2012-07-10,9.810,9.860,9.670,9.710,5487449
2012-07-11,9.610,9.790,9.550,9.750,6968291
2012-07-12,9.710,9.710,9.290,9.330,13744370
2012-07-13,9.390,9.470,9.330,9.390,6104112
2012-07-16,9.470,9.510,9.350,9.410,4278863
2012-07-17,9.430,9.810,9.430,9.770,13036810
2012-07-18,9.670,9.710,9.430,9.550,5351796
2012-07-19,9.610,9.960,9.610,9.910,8386519
2012-07-20,9.910,9.960,9.810,9.960,9590231
2012-07-23,9.650,9.650,9.270,9.350,13473020
2012-07-24,9.330,9.430,9.150,9.170,14986590
2012-07-25,9.090,9.270,8.990,9.190,8285330
2012-07-26,9.250,9.270,9.110,9.210,16626190
2012-07-27,9.430,9.670,9.430,9.610,13996850
2012-07-30,9.710,9.960,9.710,9.960,21825720
2012-07-31,9.960,10.210,9.910,10.110,63931110
2012-08-01,9.960,10.260,9.960,10.110,47445850
2012-08-02,10.110,10.110,9.960,10.060,37563330
2012-08-03,9.910,10.010,9.730,10.010,54464310
2012-08-06,10.310,10.460,10.310,10.310,34025090
2012-08-07,10.310,10.460,10.310,10.410,40316070
2012-08-08,10.510,10.560,10.310,10.360,12405990
2012-08-09,10.460,10.660,10.460,10.610,20654860
2012-08-10,10.410,10.610,10.360,10.460,16702460
2012-08-13,10.460,10.510,10.360,10.410,16459870
2012-08-14,10.460,10.660,10.410,10.660,37850620
2012-08-15,10.510,10.510,10.360,10.410,21785640
2012-08-16,10.510,10.560,10.260,10.310,18394170
2012-08-17,10.410,10.560,10.410,10.510,11828850
2012-08-20,10.560,10.560,10.210,10.460,4068662
2012-08-21,10.460,10.510,10.310,10.510,4484588
2012-08-22,10.310,10.360,10.210,10.260,3029897
2012-08-23,10.260,10.560,10.260,10.510,8967045
2012-08-24,10.260,10.260,10.160,10.260,6544639
2012-08-27,10.360,10.360,10.110,10.210,9302205
2012-08-28,10.010,10.210,10.010,10.210,13863100
2012-08-29,10.110,10.210,10.110,10.160,6112152
2012-08-30,10.110,10.110,9.860,9.910,17034000
2012-08-31,9.910,9.910,9.790,9.860,11711550
2012-09-03,9.860,10.010,9.730,9.960,17206170
2012-09-04,9.960,9.960,9.770,9.790,10043810
2012-09-05,9.790,9.790,9.470,9.510,12960980
2012-09-06,9.510,9.650,9.490,9.650,26285830
2012-09-07,9.910,10.310,9.860,10.310,23512870
2012-09-10,10.310,10.410,10.210,10.310,13832350
2012-09-11,10.310,10.410,10.110,10.310,21177450
2012-09-12,10.360,10.610,10.360,10.560,35652600
2012-09-13,10.560,10.660,10.460,10.510,7928068
2012-09-14,11.010,11.160,10.960,11.060,37291740
2012-09-17,11.160,11.210,11.060,11.110,34756880
2012-09-18,11.110,11.210,11.060,11.060,22787600
2012-09-19,11.210,11.410,11.110,11.360,32933970
2012-09-20,11.360,11.360,11.010,11.060,33277160
2012-09-21,11.210,11.310,11.160,11.210,15933630
2012-09-24,11.060,11.260,10.960,11.160,13022790
2012-09-25,11.110,11.260,11.110,11.210,24148560
2012-09-26,11.010,11.060,10.960,11.010,12535400
2012-09-27,11.160,11.360,10.960,11.310,20999340
2012-09-28,11.210,11.360,11.160,11.310,15082450
2012-10-03,11.260,11.510,11.210,11.310,21899600
2012-10-04,11.310,11.410,11.260,11.360,11481430
2012-10-05,11.360,11.510,11.360,11.460,12297380
2012-10-08,11.510,11.510,11.210,11.260,14723390
2012-10-09,11.360,11.610,11.360,11.410,17107690
2012-10-10,11.210,11.410,11.160,11.410,27546860
2012-10-11,11.210,11.510,11.210,11.460,20007150
2012-10-12,11.460,11.710,11.460,11.610,61109760
2012-10-15,11.610,11.660,11.510,11.660,40351750
2012-10-16,11.660,11.710,11.560,11.660,4427945
2012-10-17,11.810,11.910,11.810,11.910,18182290
2012-10-18,11.960,12.110,11.910,12.010,17570660
2012-10-19,11.960,12.060,11.960,12.010,6100434
2012-10-22,11.860,12.210,11.860,12.210,14350080
2012-10-24,12.010,12.310,12.010,12.260,32415700
2012-10-25,12.210,12.360,12.210,12.310,29081540
2012-10-26,12.310,12.310,12.010,12.060,20440340
2012-10-29,12.010,12.110,11.910,12.010,8104539
2012-10-30,12.010,12.110,11.810,11.910,25722450
2012-10-31,12.080,12.180,11.980,12.130,24319890
2012-11-01,12.130,12.330,11.980,12.330,39089730
2012-11-02,12.530,12.680,12.530,12.680,23782160
2012-11-05,12.630,12.680,12.480,12.530,36338650
2012-11-06,12.530,12.530,12.330,12.480,73093670
2012-11-07,12.530,12.630,12.330,12.630,64799350
2012-11-08,12.330,12.380,11.980,12.030,51203350
2012-11-09,11.930,12.030,11.780,11.880,25097290
2012-11-12,11.830,11.980,11.830,11.930,14932550
2012-11-13,11.930,11.930,11.630,11.680,24949510
2012-11-14,11.730,11.930,11.680,11.930,44228010
2012-11-15,11.680,11.830,11.580,11.630,61952830
2012-11-16,11.730,11.730,11.580,11.580,59439000
2012-11-19,11.630,11.880,11.630,11.830,68324600
2012-11-20,11.930,11.980,11.730,11.780,56713670
2012-11-21,11.780,12.080,11.730,12.080,58793050
2012-11-22,12.080,12.330,12.030,12.280,41462360
2012-11-23,12.280,12.480,12.230,12.480,42398190
2012-11-26,12.530,12.530,12.330,12.430,52953400
2012-11-27,12.430,12.530,12.330,12.380,72016670
2012-11-28,12.330,12.330,12.080,12.230,44900560
2012-11-29,12.330,12.530,12.280,12.480,30536020
2012-11-30,12.480,12.680,12.480,12.580,54415230
2012-12-03,12.580,12.730,12.180,12.280,47481910
2012-12-04,12.280,12.380,12.180,12.330,24022970
2012-12-05,12.330,12.830,12.280,12.830,80200700
2012-12-06,12.830,12.880,12.730,12.780,29156820
2012-12-07,12.730,12.930,12.730,12.730,31144730
2012-12-10,12.780,12.880,12.730,12.780,17437630
2012-12-11,12.830,12.930,12.730,12.830,63035030
2012-12-12,12.930,13.030,12.880,13.030,24072790
2012-12-13,12.930,13.130,12.880,12.980,40245790
2012-12-14,12.930,13.180,12.930,13.180,52069150
2012-12-17,12.980,13.130,12.930,13.030,69483930
2012-12-18,13.080,13.130,12.930,13.030,53947130
2012-12-19,13.180,13.230,13.030,13.180,44479740
2012-12-20,13.080,13.230,12.980,13.130,17588080
2012-12-21,13.130,13.130,12.930,13.030,33770260
2012-12-24,13.030,13.130,13.030,13.030,13122730
2012-12-27,13.230,13.280,13.130,13.180,23613700
2012-12-28,13.180,13.230,13.130,13.230,32858950
2012-12-31,13.080,13.230,13.080,13.180,3799703
2013-01-02,13.330,13.830,13.330,13.830,63390970
2013-01-03,13.830,13.930,13.730,13.880,125286300
2013-01-04,13.830,13.930,13.680,13.830,61970860
2013-01-07,13.930,13.930,13.730,13.830,23797190
2013-01-08,13.830,13.830,13.580,13.580,14857100
2013-01-09,13.680,13.780,13.680,13.780,14547060
2013-01-10,13.830,14.030,13.680,13.930,45238560
2013-01-11,13.980,14.030,13.730,13.830,55455490
2013-01-14,13.780,13.980,13.780,13.930,32868010
2013-01-15,13.830,14.080,13.830,13.930,41939430
2013-01-16,13.880,13.930,13.680,13.880,28047920
2013-01-17,13.930,14.080,13.730,13.880,42570620
2013-01-18,14.030,14.130,13.980,14.130,72027810
2013-01-21,14.130,14.180,14.030,14.130,25321070
2013-01-22,13.980,14.230,13.980,14.130,23633680
2013-01-23,14.180,14.230,14.030,14.180,51388580
2013-01-24,14.080,14.230,14.030,14.130,28219840
2013-01-25,14.130,14.180,14.030,14.130,22230050
2013-01-28,14.130,14.280,14.130,14.230,27064250
2013-01-29,14.180,14.280,14.130,14.230,41314070
2013-01-30,14.230,14.480,14.230,14.330,66282670
2013-01-31,14.330,14.330,14.180,14.280,6694644
2013-02-01,14.280,14.280,14.080,14.230,18824740
2013-02-04,14.330,14.530,14.130,14.230,34762270
2013-02-05,13.980,13.980,13.580,13.680,30209070
2013-02-06,13.830,13.930,13.730,13.780,36053930
2013-02-07,13.730,13.830,13.680,13.730,16775770
2013-02-08,13.730,13.830,13.680,13.830,25887290
2013-02-14,13.880,13.980,13.830,13.980,73172820
2013-02-15,13.930,13.980,13.780,13.980,9464844
2013-02-18,13.980,13.980,13.830,13.930,29563200
2013-02-19,13.930,13.980,13.630,13.680,66713540
2013-02-20,13.780,13.830,13.630,13.830,45634010
2013-02-21,13.630,13.630,13.330,13.430,28172360
2013-02-22,13.380,13.380,13.130,13.330,57776780
2013-02-25,13.330,13.380,13.280,13.380,32440110
2013-02-26,13.130,13.280,12.980,13.030,69844180
2013-02-27,13.080,13.180,12.930,13.130,21959610
2013-02-28,13.280,13.580,13.230,13.530,36730170
2013-03-01,13.430,13.530,13.380,13.430,15681000
2013-03-04,13.330,13.430,12.930,13.080,30547480
2013-03-05,13.080,13.230,13.030,13.080,26516870
2013-03-06,13.380,13.380,13.180,13.280,24776560
2013-03-07,13.330,13.380,13.180,13.330,18285920
2013-03-08,13.330,13.780,13.330,13.680,33595520
2013-03-11,13.780,13.830,13.580,13.680,11387650
2013-03-12,13.680,13.830,13.430,13.480,20743070
2013-03-13,13.480,13.480,13.030,13.130,34666760
2013-03-14,12.930,13.230,12.830,13.180,27388760
2013-03-15,13.180,13.330,12.980,13.080,33877370
2013-03-18,12.730,12.730,12.480,12.630,39690590
2013-03-19,12.680,12.780,12.530,12.530,18374550
2013-03-20,12.730,12.930,12.530,12.880,115427900
2013-03-21,12.930,12.980,12.780,12.830,11312600
2013-03-22,12.730,12.830,12.630,12.730,15666890
2013-03-25,12.930,12.980,12.780,12.880,7337951
2013-03-26,12.830,12.980,12.680,12.930,20605260
2013-03-27,13.030,13.180,12.980,13.030,12924880
2013-03-28,12.980,12.980,12.730,12.930,25107410
2013-04-02,12.830,13.080,12.780,13.030,24623210
2013-04-03,13.080,13.080,12.880,12.930,11513960
2013-04-05,12.880,12.880,12.230,12.330,59175940
2013-04-08,12.330,12.380,12.180,12.330,19603190
2013-04-09,12.330,12.580,12.330,12.480,22629180
2013-04-10,12.480,12.630,12.430,12.630,26316460
2013-04-11,12.730,12.880,12.630,12.630,27834860
2013-04-12,12.680,12.780,12.630,12.730,37903560
2013-04-15,12.630,12.630,12.280,12.330,38710060
2013-04-16,12.180,12.430,12.080,12.280,17977420
2013-04-17,12.430,12.430,12.080,12.180,55375470
2013-04-18,11.980,12.230,11.980,12.130,6467654
2013-04-19,12.180,12.680,12.080,12.680,9215994
2013-04-22,12.630,12.780,12.580,12.630,13372590
2013-04-23,12.680,12.680,12.330,12.380,15918900
2013-04-24,12.630,12.830,12.530,12.830,24344240
2013-04-25,12.880,13.130,12.830,13.030,12261320
2013-04-26,13.130,13.330,13.130,13.230,34783620
2013-04-29,13.180,13.280,13.130,13.180,19386090
2013-04-30,13.330,13.530,13.280,13.330,32549560
2013-05-02,13.230,13.380,13.180,13.330,31154670
2013-05-03,13.430,13.530,13.280,13.330,23778540
2013-05-06,13.530,13.630,13.430,13.530,34388310
2013-05-07,13.480,13.680,13.480,13.630,37758140
2013-05-08,13.780,13.930,13.780,13.780,10113980
2013-05-09,13.780,13.980,13.780,13.880,20758130
2013-05-10,13.730,13.980,13.730,13.980,23307280
2013-05-13,13.980,13.980,13.530,13.580,33673200
2013-05-14,13.680,13.830,13.530,13.630,8506921
2013-05-15,13.680,13.830,13.630,13.730,24908300
2013-05-16,13.830,13.830,13.580,13.730,5899290
2013-05-20,13.930,14.230,13.930,14.180,25709920
2013-05-21,13.980,14.130,13.980,14.080,9662655
2013-05-22,14.080,14.130,13.880,13.980,13426680
2013-05-23,13.880,13.880,13.280,13.330,44862430
2013-05-24,13.330,13.530,13.180,13.380,11215590
2013-05-27,13.180,13.480,13.180,13.430,6319501
2013-05-28,13.480,13.680,13.380,13.680,9178054
2013-05-29,13.630,13.630,13.230,13.280,16930510
2013-05-30,13.280,13.430,13.030,13.280,16896990
2013-05-31,13.380,13.380,13.080,13.180,15538850
2013-06-03,13.080,13.330,12.980,13.080,23659680
2013-06-04,13.080,13.130,12.930,13.080,13381760
2013-06-05,12.980,12.980,12.680,12.880,29839850
2013-06-06,12.880,12.880,12.530,12.630,9480389
2013-06-07,12.630,12.680,12.330,12.430,31465680
2013-06-10,12.530,12.580,12.380,12.480,19564380
2013-06-11,12.480,12.530,12.130,12.230,43469300
2013-06-13,11.930,11.930,11.580,11.880,73353840
2013-06-14,11.980,12.130,11.880,11.930,44932370
2013-06-17,11.880,12.330,11.880,12.230,17731200
2013-06-18,12.180,12.230,11.980,12.230,22115760
2013-06-19,12.230,12.230,11.880,12.030,57757930
2013-06-20,11.830,11.830,11.330,11.380,95518290
2013-06-21,10.980,11.380,10.930,11.280,69384710
2013-06-24,11.030,11.080,10.730,10.830,89419780
2013-06-25,10.680,11.030,10.400,10.880,73978790
2013-06-26,11.080,11.380,10.880,11.380,68526860
2013-06-27,11.480,11.730,11.380,11.480,24489520
2013-06-28,11.580,11.830,11.480,11.830,23658860
2013-07-02,11.780,11.930,11.630,11.680,24450810
2013-07-03,11.630,11.630,11.130,11.180,26257700
2013-07-04,11.330,11.580,11.280,11.530,9395463
2013-07-05,11.630,11.930,11.630,11.930,13282850
2013-07-08,11.780,11.780,11.230,11.630,29163180
2013-07-09,11.630,11.830,11.580,11.730,5879284
2013-07-10,11.880,12.080,11.630,11.930,18434350
2013-07-11,11.930,12.580,11.930,12.530,30341420
2013-07-12,12.530,12.530,12.230,12.230,13425060
2013-07-15,12.230,12.430,12.230,12.280,8868055
2013-07-16,12.280,12.430,12.230,12.330,4968266
2013-07-17,12.330,12.530,12.280,12.430,22974770
2013-07-18,12.380,12.430,12.280,12.380,9274831
2013-07-19,12.430,12.480,12.180,12.430,17048120
2013-07-22,12.480,12.530,12.330,12.380,20198020
2013-07-23,12.480,13.030,12.480,12.930,51021180
2013-07-24,12.880,13.080,12.830,13.030,17796800
2013-07-25,12.980,13.030,12.880,12.930,36457450
2013-07-26,12.930,13.130,12.880,13.030,55976640
2013-07-29,12.980,12.980,12.780,12.930,68331460
2013-07-30,12.830,13.080,12.830,12.980,14685370
2013-07-31,12.880,13.130,12.880,12.880,14138080
2013-08-01,12.880,13.230,12.880,13.130,21553320
2013-08-02,13.280,13.330,13.180,13.180,12890730
2013-08-05,13.480,13.480,13.230,13.280,32307890
2013-08-06,13.080,13.080,12.830,12.930,23230280
2013-08-07,12.780,12.930,12.580,12.580,18080630
2013-08-08,12.630,12.830,12.630,12.730,19563850
2013-08-09,12.780,12.880,12.730,12.780,8645775
2013-08-12,12.880,13.380,12.780,13.280,19536240
2013-08-13,13.330,13.630,13.330,13.630,42085700
2013-08-15,13.480,13.780,13.480,13.580,26088720
2013-08-16,13.480,13.730,13.330,13.580,25985920
2013-08-19,13.580,13.630,13.430,13.480,8509207
2013-08-20,13.480,13.530,12.930,12.930,39277430
2013-08-21,12.980,12.980,12.630,12.880,25118670
2013-08-22,12.630,13.030,12.580,12.980,22937360
2013-08-23,13.030,13.130,12.830,12.930,11495100
2013-08-26,12.930,13.230,12.930,13.130,19357750
2013-08-27,12.930,13.130,12.830,12.980,20671890
2013-08-28,12.880,12.880,12.480,12.630,23525300
2013-08-29,12.630,12.780,12.630,12.780,47184030
2013-08-30,12.780,12.830,12.630,12.780,13090640
2013-09-02,12.980,13.380,12.980,13.330,36690770
2013-09-03,13.380,13.630,13.380,13.480,33910600
2013-09-04,13.330,13.580,13.280,13.430,15896710
2013-09-05,13.680,13.880,13.680,13.730,51204010
2013-09-06,13.730,13.880,13.730,13.780,42129400
2013-09-09,13.980,14.080,13.830,13.880,26144460
2013-09-10,14.080,14.180,13.980,14.080,29307140
2013-09-11,14.180,14.280,14.030,14.080,42738070
2013-09-12,14.130,14.230,14.080,14.130,18023350
2013-09-13,14.080,14.180,13.980,14.080,34164510
2013-09-16,14.330,14.480,14.330,14.480,49653150
2013-09-17,14.480,14.480,14.280,14.330,47520440
2013-09-18,14.380,14.430,14.280,14.280,30760390
2013-09-19,14.580,14.830,14.580,14.680,52024960
2013-09-23,14.680,14.680,14.430,14.580,26967820
2013-09-24,14.430,14.530,14.230,14.380,29777170
2013-09-25,14.230,14.480,14.230,14.380,38332640
2013-09-26,14.280,14.430,14.230,14.330,10559990
2013-09-27,14.280,14.580,14.280,14.380,37869830
2013-09-30,14.180,14.180,14.030,14.080,16698860
2013-10-02,14.080,14.330,14.080,14.180,23352560
2013-10-03,14.180,14.480,14.180,14.430,17075200
2013-10-04,14.230,14.380,14.180,14.330,9424886
2013-10-07,14.330,14.330,14.080,14.180,14466870
2013-10-08,14.130,14.430,14.080,14.430,5280814
2013-10-09,14.180,14.280,14.180,14.280,5408775
2013-10-10,14.280,14.280,13.930,14.180,19227160
2013-10-11,14.480,14.580,14.430,14.480,14818440
2013-10-15,14.580,14.680,14.480,14.580,15020460
2013-10-16,14.480,14.530,14.280,14.380,13023690
2013-10-17,14.580,14.580,14.230,14.230,9216825
2013-10-18,14.380,14.580,14.380,14.530,5502938
2013-10-21,14.530,14.730,14.530,14.630,29625390
2013-10-22,14.530,14.580,14.480,14.530,11439550
2013-10-23,14.630,14.730,14.180,14.230,27837670
2013-10-24,14.180,14.180,13.980,14.080,32674550
2013-10-25,14.030,14.080,13.830,13.930,27684120
2013-10-28,13.880,14.080,13.880,14.080,8167258
2013-10-29,13.980,14.230,13.980,14.130,12815130
2013-10-30,14.280,14.580,14.180,14.580,8394931
2013-10-31,14.460,14.510,14.360,14.410,16374650
2013-11-01,14.460,14.560,14.360,14.460,8610641
2013-11-04,14.560,14.610,14.410,14.410,3418870
2013-11-05,14.460,14.460,14.160,14.260,13799910
2013-11-06,14.410,14.410,14.160,14.210,5055140
2013-11-07,14.210,14.210,14.010,14.060,8135835
2013-11-08,13.960,14.010,13.860,13.960,10392260
2013-11-11,14.010,14.360,13.910,14.310,21190920
2013-11-12,14.310,14.360,14.060,14.160,9696990
2013-11-13,14.110,14.110,13.660,13.710,27716610
2013-11-14,13.860,13.910,13.710,13.860,18611380
2013-11-15,13.860,14.260,13.860,14.260,31703910
2013-11-18,14.560,14.960,14.560,14.910,32384660
2013-11-19,15.010,15.110,14.860,14.910,14201310
2013-11-20,14.910,15.110,14.910,14.960,12262650
2013-11-21,14.910,14.910,14.760,14.810,34151930
2013-11-22,14.910,15.010,14.910,14.910,37143310
2013-11-25,15.060,15.060,14.910,15.010,17353190
2013-11-26,14.910,15.060,14.910,15.010,37351280
2013-11-27,15.010,15.160,14.910,15.060,65348880
2013-11-28,15.110,15.310,14.960,15.060,32291230
2013-11-29,15.060,15.160,15.010,15.160,28854340
2013-12-02,15.160,15.410,15.060,15.260,26855390
2013-12-03,15.110,15.260,15.060,15.160,10161720
2013-12-04,14.860,15.060,14.810,15.010,20682790
2013-12-05,14.860,14.960,14.760,14.960,6388215
2013-12-06,14.910,15.110,14.860,15.060,2659480
2013-12-09,15.160,15.210,14.960,15.060,4268449
2013-12-10,14.960,15.110,14.960,15.010,5567426
2013-12-11,14.910,14.910,14.510,14.560,12258960
2013-12-12,14.560,14.610,14.360,14.510,10735560
2013-12-13,14.360,14.560,14.260,14.510,10659390
2013-12-16,14.510,14.510,14.210,14.360,17861310
2013-12-17,14.410,14.460,14.210,14.310,10161380
2013-12-18,14.310,14.460,14.210,14.410,6762198
2013-12-19,14.610,14.660,13.960,14.110,19201300
2013-12-20,14.160,14.210,13.960,14.060,38644740
2013-12-23,14.060,14.260,14.060,14.210,31847950
2013-12-24,14.160,14.510,14.160,14.460,8817116
2013-12-27,14.360,14.560,14.360,14.510,9749867
2013-12-30,14.560,14.660,14.410,14.510,10099500
2013-12-31,14.560,14.660,14.510,14.510,7622929
2014-01-02,14.610,14.710,14.410,14.560,7600480
2014-01-03,14.460,14.460,14.010,14.060,14565880
2014-01-06,14.010,14.010,13.810,13.910,24394910
2014-01-07,13.860,14.010,13.860,13.960,13489340
2014-01-08,14.010,14.260,14.010,14.260,28093610
2014-01-09,14.160,14.310,13.910,14.010,20526120
2014-01-10,14.010,14.210,13.960,14.110,14179010
2014-01-13,14.110,14.360,13.960,14.160,16154230
2014-01-14,13.960,14.110,13.860,14.060,10766500
2014-01-15,14.160,14.260,14.010,14.160,14982550
2014-01-16,14.160,14.310,14.160,14.260,4333756
2014-01-17,14.160,14.510,14.060,14.410,6460790
2014-01-20,14.410,14.410,14.110,14.160,20430140
2014-01-21,14.160,14.410,14.160,14.260,10013460
2014-01-22,14.210,14.360,14.160,14.310,6220873
2014-01-23,14.310,14.310,13.910,14.010,11899320
2014-01-24,13.860,13.860,13.660,13.660,34830180
2014-01-27,13.210,13.310,13.110,13.210,52450880
2014-01-28,13.260,13.260,13.110,13.210,39397790
2014-01-29,13.310,13.460,13.310,13.360,14913120
2014-01-30,13.110,13.260,12.960,13.260,25741730
2014-02-04,12.860,12.860,12.610,12.660,72963260
2014-02-05,12.760,12.810,12.410,12.510,35621350
2014-02-06,12.510,12.660,12.510,12.660,17186890
2014-02-07,12.760,12.910,12.660,12.860,18335650
2014-02-10,12.960,12.960,12.710,12.810,24772260
2014-02-11,12.810,13.260,12.810,13.210,18938350
2014-02-12,13.260,13.610,13.210,13.560,40779670
2014-02-13,13.560,13.560,13.310,13.410,17996940
2014-02-14,13.560,13.660,13.460,13.610,18382260
2014-02-17,13.710,13.860,13.710,13.710,10047520
2014-02-18,13.810,13.860,13.660,13.810,5532372
2014-02-19,13.810,13.960,13.760,13.860,9277767
2014-02-20,13.760,13.960,13.510,13.660,41634810
2014-02-21,13.860,13.910,13.710,13.810,11492200
2014-02-24,13.760,13.810,13.510,13.610,6751364
2014-02-25,13.710,13.810,13.460,13.610,18504930
2014-02-26,13.510,13.810,13.510,13.710,9293078
2014-02-27,13.660,14.160,13.660,14.110,26215340
2014-02-28,14.110,14.260,13.960,14.060,17107040
2014-03-03,13.960,14.010,13.710,13.760,12120840
2014-03-04,13.710,14.060,13.710,13.910,4085674
2014-03-05,14.060,14.060,13.760,13.860,7782789
2014-03-06,13.910,14.010,13.860,13.960,7263751
2014-03-07,14.010,14.110,13.860,13.960,4839242
2014-03-10,13.710,13.710,13.460,13.510,11678400
2014-03-11,13.510,13.610,13.460,13.510,6345200
2014-03-12,13.410,13.410,13.160,13.260,7814604
2014-03-13,13.160,13.360,13.010,13.110,24339740
2014-03-14,12.910,12.960,12.760,12.910,12564360
2014-03-17,12.860,12.860,12.710,12.810,8607126
2014-03-18,12.860,12.910,12.760,12.910,14601030
2014-03-19,12.960,12.960,12.810,12.910,3258683
2014-03-20,12.660,12.810,12.460,12.510,13725590
2014-03-21,12.560,12.810,12.510,12.810,22087870
2014-03-24,13.010,13.210,12.910,13.210,31631910
2014-03-25,13.160,13.210,13.010,13.110,47525010
2014-03-26,13.260,13.360,13.160,13.260,57960420
2014-03-27,13.210,13.310,13.060,13.160,14837750
2014-03-28,13.260,13.510,13.260,13.410,28474600
2014-03-31,13.510,13.560,13.360,13.460,10395530
2014-04-01,13.560,13.810,13.560,13.810,15551050
2014-04-02,13.810,13.910,13.760,13.810,16381950
2014-04-03,13.860,14.110,13.860,13.860,57498160
2014-04-04,13.810,13.960,13.760,13.810,84924150
2014-04-07,13.710,13.860,13.660,13.660,16966610
2014-04-08,13.610,14.010,13.610,13.960,24988750
2014-04-09,14.060,14.310,14.060,14.210,15299970
2014-04-10,14.260,14.660,14.060,14.560,48523440
2014-04-11,14.560,14.560,14.260,14.310,21057650
2014-04-14,14.410,14.460,14.310,14.360,12836600
2014-04-15,14.360,14.360,13.960,13.960,20128260
2014-04-16,13.960,14.210,13.960,14.060,12181070
2014-04-17,14.060,14.160,13.960,14.110,2895291
2014-04-22,14.060,14.210,13.960,14.110,4965655
2014-04-23,14.060,14.110,13.810,13.860,9532841
2014-04-24,13.810,13.960,13.810,13.910,5126826
2014-04-25,13.810,13.910,13.510,13.510,12938850
2014-04-28,13.410,13.560,13.410,13.510,7443201
2014-04-29,13.560,13.860,13.410,13.860,11319370
2014-04-30,13.860,13.860,13.410,13.460,10428930
2014-05-02,13.510,13.660,13.410,13.660,10146910
2014-05-05,13.510,13.760,13.260,13.360,11041530
2014-05-07,13.410,13.410,13.060,13.160,8622935
2014-05-08,13.210,13.410,13.160,13.260,10665270
2014-05-09,13.310,13.360,13.160,13.310,12465740
2014-05-12,13.410,13.910,13.210,13.760,19061280
2014-05-13,13.860,13.860,13.710,13.810,12245900
2014-05-14,13.860,14.110,13.810,14.060,10362550
2014-05-15,14.060,14.260,14.060,14.160,28294240
2014-05-16,14.010,14.210,13.960,14.110,15118210
2014-05-19,14.210,14.210,14.010,14.110,20707850
2014-05-20,14.210,14.410,14.210,14.260,16698180
2014-05-21,14.210,14.410,14.160,14.360,29497100
2014-05-22,14.410,14.610,14.410,14.460,27402670
2014-05-23,14.460,14.560,14.410,14.510,12970950
2014-05-26,14.510,14.660,14.460,14.510,20972210
2014-05-27,14.510,14.610,14.460,14.510,24522090
2014-05-28,14.510,14.810,14.510,14.710,37887800
2014-05-29,14.660,14.810,14.560,14.610,18458400
2014-05-30,14.610,14.810,14.560,14.710,24134740
2014-06-03,14.810,14.960,14.760,14.860,22653360
2014-06-04,14.810,14.910,14.710,14.760,17278450
2014-06-05,14.710,14.810,14.660,14.760,14174390
2014-06-06,14.760,14.860,14.510,14.610,23868510
2014-06-09,14.610,14.810,14.610,14.710,6842955
2014-06-10,14.810,15.060,14.710,14.910,34792650
2014-06-11,14.810,14.910,14.810,14.910,20978110
2014-06-12,14.810,14.960,14.760,14.910,13790160
2014-06-13,14.810,15.160,14.760,15.060,26306120
2014-06-16,15.010,15.110,14.910,15.060,26795980
2014-06-17,14.960,15.010,14.810,14.960,12132720
2014-06-18,14.810,15.060,14.810,14.960,8954169
2014-06-19,14.960,15.110,14.860,14.960,20045950
2014-06-20,14.910,15.110,14.910,15.010,16450720
2014-06-23,14.960,15.210,14.510,14.560,42464500
2014-06-24,14.710,14.710,14.560,14.660,14504570
2014-06-25,14.560,14.710,14.560,14.660,21967140
2014-06-26,14.660,15.060,14.660,15.010,23980440
2014-06-27,15.010,15.060,14.910,14.960,10104650
2014-06-30,15.010,15.160,14.710,14.960,17238990
2014-07-02,15.110,15.460,15.110,15.460,47904870
2014-07-03,15.410,15.510,15.360,15.410,20069240
2014-07-04,15.410,15.560,15.410,15.460,20643860
2014-07-07,15.410,15.510,15.310,15.460,11942050
2014-07-08,15.460,15.460,15.360,15.410,20323120
2014-07-09,15.210,15.310,15.010,15.060,15145560
2014-07-10,15.160,15.160,15.060,15.110,14003800
2014-07-11,15.110,15.260,15.010,15.160,20617490
2014-07-14,15.110,15.410,15.110,15.310,32895710
2014-07-15,15.360,15.410,15.310,15.360,19726410
2014-07-16,15.360,15.510,15.310,15.460,14798360
2014-07-17,15.460,15.510,15.310,15.460,36038600
2014-07-18,15.160,15.410,15.160,15.360,30980290
2014-07-21,15.410,15.410,15.260,15.260,16684250
2014-07-22,15.260,15.760,15.260,15.760,68640930
2014-07-23,15.710,15.910,15.710,15.910,33241060
2014-07-24,15.910,16.110,15.910,16.010,58105170
2014-07-25,15.960,16.160,15.960,16.160,41488230
2014-07-28,16.110,16.460,16.110,16.310,69768100
2014-07-29,16.410,16.660,16.310,16.560,58986960
2014-07-30,16.560,16.860,16.560,16.710,55326990
2014-07-31,16.710,16.810,16.610,16.760,53922550
2014-08-01,16.410,16.710,16.410,16.460,74081890
2014-08-04,16.510,16.610,16.460,16.560,56753770
2014-08-05,16.560,16.610,16.410,16.510,89322280
2014-08-06,16.510,16.560,16.310,16.510,72538280
2014-08-07,16.360,16.460,16.260,16.360,101128100
2014-08-08,16.260,16.460,16.060,16.260,89253570
2014-08-11,16.410,16.610,16.410,16.610,71223660
2014-08-12,16.610,16.660,16.460,16.610,127516600
2014-08-13,16.560,16.860,16.510,16.860,63924700
2014-08-14,16.710,16.910,16.660,16.760,55331270
2014-08-15,16.860,16.960,16.810,16.910,67988790
2014-08-18,16.810,16.910,16.710,16.910,65244740
2014-08-19,16.910,17.160,16.810,17.060,70472880
2014-08-20,17.110,17.210,17.010,17.110,55785860
2014-08-21,17.160,17.160,16.860,17.010,28418510
2014-08-22,17.010,17.160,17.010,17.060,58936490
2014-08-25,17.110,17.260,16.960,17.160,59012240
2014-08-26,17.160,17.210,17.060,17.110,32738840
2014-08-27,17.110,17.210,16.810,16.910,61177380
2014-08-28,16.960,17.060,16.610,16.760,66074860
2014-08-29,16.660,16.810,16.610,16.760,38279390
2014-09-01,16.660,16.910,16.660,16.710,34898520
2014-09-02,16.710,16.810,16.560,16.760,77004020
2014-09-03,16.760,17.360,16.710,17.360,32623600
2014-09-04,17.360,17.410,17.210,17.310,58977100
2014-09-05,17.310,17.310,17.160,17.260,34270580
2014-09-08,17.260,17.260,17.060,17.210,23745570
2014-09-10,17.060,17.060,16.660,16.760,63709060
2014-09-11,16.810,16.810,16.610,16.760,78097170
2014-09-12,16.710,16.760,16.510,16.660,39153370
2014-09-15,16.610,16.610,16.360,16.460,18230100
2014-09-16,16.410,16.510,16.210,16.260,35700800
2014-09-17,16.310,16.560,16.310,16.510,51339530
2014-09-18,16.510,16.510,16.160,16.260,77022190
2014-09-19,16.310,16.510,16.160,16.410,72622030
2014-09-22,16.310,16.310,16.010,16.010,53126960
2014-09-23,16.010,16.110,15.910,15.960,63872890
2014-09-24,15.860,16.060,15.860,16.010,33698800
2014-09-25,16.110,16.110,15.810,15.860,143125800
2014-09-26,15.710,15.810,15.610,15.760,44113270
2014-09-29,15.460,15.460,15.110,15.310,120510700
2014-09-30,15.210,15.210,14.910,15.010,107912800
2014-10-03,14.610,15.260,14.610,15.160,114098900
2014-10-06,15.260,15.510,15.010,15.410,99741900
2014-10-07,15.360,15.610,15.260,15.510,90833210
2014-10-08,15.310,15.460,15.210,15.360,75834640
2014-10-09,15.510,15.660,15.460,15.610,32414110
2014-10-10,15.310,15.310,15.110,15.160,47916740
2014-10-13,15.010,15.360,14.910,15.260,55116150
2014-10-14,15.210,15.510,15.110,15.160,33897100
2014-10-15,15.210,15.360,15.060,15.260,43837650
2014-10-16,15.110,15.160,14.910,14.960,52513050
2014-10-17,15.010,15.260,14.960,15.160,53146860
2014-10-20,15.310,15.410,15.110,15.160,14317360
2014-10-21,15.210,15.360,15.010,15.210,45978160
2014-10-22,15.310,15.610,15.260,15.510,31882340
2014-10-23,15.460,15.560,15.360,15.460,30158330
2014-10-24,15.460,15.510,15.260,15.410,35087130
2014-10-27,15.310,15.360,15.060,15.260,36142280
2014-10-28,15.210,15.710,15.210,15.660,55617130
2014-10-29,15.810,16.010,15.810,15.960,24599190
2014-10-30,16.000,16.000,15.700,15.800,27804530
2014-10-31,15.900,16.200,15.900,16.100,42964590
2014-11-03,16.150,16.200,15.950,16.000,40012450
2014-11-04,16.000,16.150,15.900,16.000,22868830
2014-11-05,16.000,16.000,15.750,15.850,23193560
2014-11-06,15.900,15.950,15.750,15.800,17588510
2014-11-07,15.900,16.000,15.500,15.650,36250620
2014-11-10,16.200,16.300,15.850,15.900,27053440
2014-11-11,15.950,16.100,15.850,15.900,32782500
2014-11-12,15.950,16.150,15.900,16.050,36864930
2014-11-13,16.050,16.250,15.950,16.150,44055860
2014-11-14,16.150,16.250,16.050,16.200,24047190
2014-11-17,16.400,16.450,15.900,15.900,41679630
2014-11-18,15.900,16.000,15.550,15.650,33225560
2014-11-19,15.650,15.700,15.450,15.500,21464260
2014-11-20,15.500,15.600,15.350,15.400,38529400
2014-11-21,15.400,15.650,15.400,15.600,33424190
2014-11-24,15.950,16.150,15.950,16.050,24925190
2014-11-25,16.000,16.100,15.950,16.000,25316100
2014-11-26,15.950,16.350,15.950,16.300,39509530
2014-11-27,16.300,16.400,16.100,16.150,20041930
2014-11-28,16.150,16.250,16.000,16.100,25540780
2014-12-01,15.900,15.900,15.400,15.450,97044910
2014-12-02,15.450,15.950,15.400,15.750,90953090
2014-12-03,15.800,16.100,15.450,15.550,120491000
2014-12-04,15.600,16.000,15.550,16.000,71261230
2014-12-05,15.900,16.350,15.850,16.100,109669500
2014-12-08,16.100,16.350,16.100,16.150,31375550
2014-12-09,16.000,16.050,15.500,15.600,35710890
2014-12-10,15.550,15.800,15.450,15.650,31199250
2014-12-11,15.400,15.550,15.250,15.500,38956220
2014-12-12,15.450,15.550,15.350,15.400,21167690
2014-12-15,15.200,15.250,14.950,15.200,30074370
2014-12-16,15.000,15.050,14.750,14.800,53230130
2014-12-17,14.800,14.850,14.650,14.750,45613460
2014-12-18,15.000,15.050,14.800,14.950,36323670
2014-12-19,15.400,15.400,15.200,15.300,34285260
2014-12-22,15.350,15.650,15.350,15.600,97650920
2014-12-23,15.600,15.650,15.400,15.500,41296520
2014-12-24,15.500,15.600,15.450,15.550,24584540
2014-12-29,15.850,16.050,15.850,15.900,58642260
2014-12-30,15.900,16.000,15.550,15.550,30980760
2014-12-31,15.600,15.800,15.550,15.800,11708280
2015-01-02,15.800,16.000,15.750,15.950,21618590
2015-01-05,15.850,16.150,15.750,15.850,71563260
2015-01-06,15.600,15.750,15.400,15.550,78830870
2015-01-07,15.500,15.900,15.450,15.800,63966460
2015-01-08,15.800,16.050,15.800,16.000,39175440
2015-01-09,16.150,16.350,16.000,16.100,115008900
2015-01-12,16.250,16.250,16.050,16.200,64722540
2015-01-13,16.200,16.450,16.100,16.400,92820450
2015-01-14,16.400,16.500,16.200,16.250,76283580
2015-01-15,16.250,16.550,16.250,16.500,79577610
2015-01-16,16.350,16.450,16.250,16.250,60709050
2015-01-19,16.300,16.300,15.750,15.850,68038350
2015-01-20,15.900,16.150,15.900,16.100,41367650
2015-01-21,16.100,16.550,16.100,16.500,55942800
2015-01-22,16.500,16.750,16.500,16.700,60237140
2015-01-23,16.900,17.050,16.850,16.950,58373080
2015-01-26,17.050,17.100,16.900,17.050,71997010
2015-01-27,17.100,17.100,16.850,16.950,62181380
2015-01-28,16.850,17.150,16.850,17.000,85360320
2015-01-29,16.850,16.900,16.700,16.750,64542170
2015-01-30,16.850,16.900,16.550,16.650,36695580
2015-02-02,16.550,16.650,16.450,16.600,44562520
2015-02-03,16.650,16.750,16.400,16.650,40205830
2015-02-04,16.850,17.000,16.750,16.800,34560570
2015-02-05,17.100,17.250,16.750,16.950,39700050
2015-02-06,16.900,16.950,16.800,16.850,26271430
2015-02-09,16.700,16.800,16.550,16.650,45061420
2015-02-10,16.650,16.750,16.550,16.700,39302990
2015-02-11,16.650,16.700,16.400,16.450,34015340
2015-02-12,16.450,16.700,16.400,16.600,37751880
2015-02-13,16.700,16.900,16.650,16.850,24749780
2015-02-16,16.900,16.950,16.850,16.900,12280950
2015-02-17,16.800,17.050,16.800,17.000,29451250
2015-02-18,17.000,17.050,16.950,16.950,11617860
2015-02-23,17.050,17.050,16.800,17.000,25245980
2015-02-24,16.900,17.000,16.850,16.900,25475510
2015-02-25,16.950,17.050,16.850,16.900,40879620
2015-02-26,16.900,17.200,16.900,17.100,31095450
2015-02-27,17.100,17.300,16.950,17.000,39779920
2015-03-02,17.100,17.200,16.850,17.000,28683410
2015-03-03,17.050,17.100,16.800,16.850,23893500
2015-03-04,17.000,17.000,16.550,16.550,44861350
2015-03-05,16.550,16.600,16.300,16.350,83908530
2015-03-06,16.400,16.500,16.300,16.400,23264090
2015-03-09,16.250,16.450,16.100,16.350,25660180
2015-03-10,16.350,16.400,16.100,16.150,33249630
2015-03-11,16.050,16.150,15.900,15.950,40762710
2015-03-12,15.900,16.100,15.900,16.050,43202760
2015-03-13,16.100,16.150,15.950,16.050,43234700
2015-03-16,15.950,16.200,15.900,16.200,48774670
2015-03-17,16.250,16.300,16.000,16.200,31606560
2015-03-18,16.200,16.500,16.150,16.400,34180680
2015-03-19,16.600,16.750,16.500,16.700,37376190
2015-03-20,16.600,16.750,16.600,16.650,30088390
2015-03-23,16.800,16.800,16.650,16.750,21553850
2015-03-24,16.700,16.700,16.550,16.650,37065810
2015-03-25,16.650,16.900,16.650,16.850,46192370
2015-03-26,16.650,16.900,16.650,16.800,29179180
2015-03-27,16.800,16.850,16.700,16.750,44410060
2015-03-30,16.850,17.250,16.850,17.150,69552890
2015-03-31,17.200,17.300,17.150,17.200,32542270
2015-04-01,17.200,17.400,17.200,17.350,44438720
2015-04-02,17.450,17.600,17.400,17.550,43522240
2015-04-08,17.800,18.600,17.800,18.500,83910240
2015-04-09,19.000,20.250,19.000,19.200,119993300
2015-04-10,19.800,19.800,19.150,19.550,69126660
2015-04-13,19.850,20.350,19.550,20.300,112806000
2015-04-14,20.100,20.200,19.800,19.900,104916800
2015-04-15,20.050,20.100,19.700,19.950,104446400
2015-04-16,19.900,20.100,19.750,20.050,115226300
2015-04-17,20.050,20.300,19.900,20.000,121685200
2015-04-20,20.050,20.050,19.250,19.400,65282620
2015-04-21,19.700,20.250,19.700,20.200,64256350
2015-04-22,20.250,20.400,20.050,20.250,61286680
2015-04-23,20.250,20.500,20.100,20.100,46039010
2015-04-24,20.200,20.350,19.850,20.350,64192530
2015-04-27,20.500,20.950,20.500,20.800,78794500
2015-04-28,20.800,20.850,20.550,20.800,49246210
2015-04-29,20.780,20.780,20.480,20.730,49868110
2015-04-30,20.630,20.680,20.280,20.430,92137870
2015-05-04,20.480,20.730,20.330,20.480,46455940
2015-05-05,20.630,20.630,19.880,20.080,137236800
2015-05-06,19.980,20.430,19.880,19.980,94552050
2015-05-07,19.980,19.980,19.480,19.580,77277200
2015-05-08,19.680,19.980,19.680,19.880,57023500
2015-05-11,20.080,20.130,19.880,20.030,69786120
2015-05-12,20.030,20.030,19.680,19.730,75166020
2015-05-13,19.730,19.880,19.480,19.580,94717290
2015-05-14,19.680,19.680,19.480,19.630,52276060
2015-05-15,19.730,20.280,19.630,20.130,75900260
2015-05-18,20.130,20.130,19.730,19.880,46481730
2015-05-19,19.880,20.080,19.830,20.030,65892860
2015-05-20,20.080,20.080,19.780,19.930,42803190
2015-05-21,20.030,20.030,19.780,19.930,77449760
2015-05-22,20.030,20.480,20.030,20.380,60343530
2015-05-26,20.830,20.980,20.680,20.730,84193730
2015-05-27,20.730,20.730,20.430,20.480,50618980
2015-05-28,20.580,20.680,19.630,20.580,99097160
2015-05-29,20.080,20.080,19.730,19.880,65042770
2015-06-01,19.830,20.230,19.680,20.080,86966750
2015-06-02,20.030,20.030,19.780,19.930,49283410
2015-06-03,19.930,20.180,19.830,20.080,51145170
2015-06-04,20.080,20.330,19.280,20.030,89563710
2015-06-05,19.980,20.080,19.630,19.680,80126880
2015-06-08,19.680,19.880,19.480,19.780,113414900
2015-06-09,19.780,19.780,19.380,19.480,129911500
2015-06-10,19.430,19.580,18.980,19.130,69806270
2015-06-11,19.280,19.430,19.280,19.430,65899510
2015-06-12,19.530,19.830,19.430,19.780,96735610
2015-06-15,19.630,19.630,19.230,19.280,59344210
2015-06-16,19.180,19.330,18.980,19.030,84162900
2015-06-17,19.030,19.330,18.980,19.180,76450600
2015-06-18,19.080,19.330,19.030,19.180,81211370
2015-06-19,19.380,19.480,19.130,19.280,95280030
2015-06-22,19.280,19.680,19.280,19.630,71145550
2015-06-23,19.580,20.030,19.580,19.880,56190660
2015-06-24,19.880,20.030,19.880,19.980,49331080
2015-06-25,19.930,19.980,19.730,19.830,50712700
2015-06-26,19.780,19.780,19.080,19.330,103389200
2015-06-29,19.430,19.430,18.280,18.680,118276200
2015-06-30,18.680,19.180,18.580,18.930,109049900
2015-07-02,19.030,19.130,18.830,18.980,79130950
2015-07-03,19.030,19.080,18.580,18.730,80711360
2015-07-06,18.680,19.030,17.380,17.930,156294500
2015-07-07,18.030,18.130,17.530,17.630,83812650
2015-07-08,17.080,17.080,15.380,16.180,259271700
2015-07-09,15.930,17.380,15.930,17.080,157032300
2015-07-10,17.180,17.680,17.030,17.580,87671400
2015-07-13,17.430,17.980,17.230,17.930,129426100
2015-07-14,18.030,18.030,17.530,17.780,47767570
2015-07-15,17.780,17.830,17.480,17.730,50546820
2015-07-16,17.680,17.830,17.480,17.830,64650450
2015-07-17,17.830,18.180,17.830,18.130,37894050
2015-07-20,18.180,18.180,17.980,18.080,25768660
2015-07-21,18.030,18.330,17.980,18.230,34287260
2015-07-22,18.030,18.080,17.830,17.980,34852140
2015-07-23,17.980,18.180,17.930,18.080,27075070
2015-07-24,18.030,18.030,17.730,17.780,30261800
2015-07-27,17.580,17.580,16.880,17.030,61389890
2015-07-28,17.030,17.630,16.830,17.230,61802010
2015-07-29,17.430,17.430,17.130,17.330,38072740
2015-07-30,17.430,17.580,17.080,17.180,27506310
2015-07-31,17.330,17.330,17.180,17.280,27328000
2015-08-03,17.280,17.280,16.880,17.080,39848380
2015-08-04,17.030,17.230,16.880,17.080,29938390
2015-08-05,17.130,17.230,17.030,17.180,35075500
2015-08-06,17.230,17.230,16.980,17.080,30844050
2015-08-07,17.080,17.330,17.080,17.180,23160850
2015-08-10,17.180,17.280,16.730,17.130,42853660
2015-08-11,17.330,17.580,17.080,17.180,30357660
2015-08-12,16.980,17.030,16.480,16.580,66695650
2015-08-13,16.480,16.830,16.480,16.730,64044000
2015-08-14,16.830,16.880,16.630,16.730,21950190
2015-08-17,16.630,16.680,16.380,16.580,21238210
2015-08-18,16.580,16.730,16.130,16.180,43588880
2015-08-19,16.280,16.280,15.830,15.880,90647190
2015-08-20,15.680,15.730,15.280,15.530,97922460
2015-08-21,15.080,15.230,14.830,15.180,90521090
2015-08-24,14.280,14.430,13.830,13.980,142584600
2015-08-25,13.980,14.630,13.580,14.180,125727700
2015-08-26,14.330,14.480,13.730,13.780,71149640
2015-08-27,14.280,14.730,14.130,14.630,63298350
2015-08-28,14.780,14.980,14.280,14.480,51312610
2015-08-31,14.480,14.730,14.130,14.430,38414950
2015-09-01,14.330,14.380,13.830,13.880,40415340
2015-09-02,13.780,14.080,13.480,13.680,61742900
2015-09-04,13.830,13.880,13.380,13.580,38721760
2015-09-07,13.380,13.830,13.330,13.380,31513530
2015-09-08,13.430,14.230,13.230,14.080,63396560
2015-09-09,14.280,15.080,14.230,14.930,49299340
2015-09-10,14.480,14.580,14.230,14.380,40731700
2015-09-11,14.480,14.730,14.230,14.330,37402260
2015-09-14,14.480,14.580,14.230,14.430,25115240
2015-09-15,14.380,14.480,14.180,14.230,37560690
2015-09-16,14.530,14.930,14.380,14.780,46111330
2015-09-17,14.930,15.030,14.430,14.630,102736100
2015-09-18,14.480,14.930,14.480,14.830,93528340
2015-09-21,14.480,14.680,14.380,14.580,67613530
2015-09-22,14.680,15.030,14.580,14.580,46905640
2015-09-23,14.430,14.430,13.830,14.180,106493400
2015-09-24,14.180,14.280,13.880,13.980,61124460
2015-09-25,13.930,14.180,13.780,14.080,44871260
2015-09-29,13.580,13.830,13.230,13.380,55844090
2015-09-30,13.580,13.830,13.580,13.680,36199800
2015-10-02,13.980,14.430,13.980,14.380,34729840
2015-10-05,14.530,14.880,14.530,14.730,47639580
2015-10-06,14.980,14.980,14.530,14.680,23269050
2015-10-07,14.630,15.430,14.630,15.380,71918220
2015-10-08,15.430,15.430,15.030,15.230,40407920
2015-10-09,15.430,15.680,15.230,15.280,63077040
2015-10-12,15.480,15.680,15.380,15.630,36161770
2015-10-13,15.580,15.680,15.380,15.480,29495590
2015-10-14,15.330,15.480,15.180,15.280,39917290
2015-10-15,15.530,15.830,15.430,15.780,39857510
2015-10-16,15.930,16.030,15.780,15.930,40266750
2015-10-19,15.930,15.980,15.730,15.930,25030590
2015-10-20,15.830,15.930,15.680,15.830,37443730
2015-10-22,15.780,15.780,15.630,15.730,34820120
2015-10-23,16.080,16.130,15.980,16.080,25210590
2015-10-26,16.230,16.280,15.930,15.980,33771050
2015-10-27,15.980,16.030,15.780,16.030,37565260
2015-10-28,15.980,16.030,15.830,15.830,19729710
2015-10-29,16.060,16.060,15.660,15.660,41611760
2015-10-30,15.610,15.760,15.510,15.560,40042880
2015-11-02,15.360,15.510,15.210,15.260,24430550
2015-11-03,15.410,15.610,15.410,15.510,18278670
2015-11-04,15.610,16.260,15.610,15.960,66878720
2015-11-05,15.960,16.110,15.860,15.910,37408760
2015-11-06,15.860,15.860,15.660,15.760,31624060
2015-11-09,15.660,15.910,15.560,15.560,28308740
2015-11-10,15.460,15.460,15.160,15.310,69106910
2015-11-11,15.260,15.360,15.160,15.260,71094680
2015-11-12,15.310,15.910,15.310,15.860,83030970
2015-11-13,15.510,15.510,15.160,15.310,52999260
2015-11-16,14.910,15.010,14.810,14.910,99822330
2015-11-17,15.210,15.410,15.160,15.210,73531570
2015-11-18,15.310,15.310,15.010,15.110,44201850
2015-11-19,15.360,15.460,15.310,15.410,39487780
2015-11-20,15.460,15.760,15.310,15.660,51920070
2015-11-23,15.810,15.810,15.510,15.610,78464070
2015-11-24,15.610,15.610,15.310,15.510,40529090
2015-11-25,15.410,15.560,15.360,15.460,33008750
2015-11-26,15.560,15.760,15.360,15.460,50606520
2015-11-27,15.560,15.560,14.910,15.010,63910980
2015-11-30,14.910,15.110,14.810,14.910,27857780
2015-12-01,15.110,15.410,15.060,15.310,67165280
2015-12-02,15.410,15.510,15.260,15.410,33638170
2015-12-03,15.210,15.410,15.210,15.310,24334290
2015-12-04,15.060,15.160,15.010,15.160,23508270
2015-12-07,15.260,15.310,15.110,15.210,16538980
2015-12-08,15.060,15.060,14.660,14.810,54104190
2015-12-09,14.710,14.810,14.660,14.710,36320280
2015-12-10,14.660,14.810,14.560,14.610,41925030
2015-12-11,14.710,14.710,14.310,14.410,67619890
2015-12-14,14.060,14.310,13.910,14.260,100611600
2015-12-15,14.210,14.360,14.110,14.210,39441120
2015-12-16,14.460,14.710,14.460,14.660,47088710
2015-12-17,14.660,14.960,14.660,14.810,52584620
2015-12-18,14.710,14.860,14.510,14.710,46012930
2015-12-21,14.560,14.760,14.510,14.710,52415730
2015-12-22,14.760,14.760,14.610,14.710,23403730
2015-12-23,14.810,15.060,14.760,14.910,36438250
2015-12-24,15.110,15.160,15.010,15.010,18630740
2015-12-28,15.010,15.010,14.760,14.810,29362220
2015-12-29,14.860,14.960,14.760,14.910,28497690
2015-12-30,15.010,15.010,14.760,14.860,48363190
2015-12-31,14.860,14.910,14.760,14.810,12839340
2016-01-04,14.810,14.810,14.060,14.160,58772500
2016-01-05,14.160,14.360,13.960,14.110,43628140
2016-01-06,14.060,14.110,13.810,13.860,46978090
2016-01-07,13.710,13.760,13.160,13.260,107875600
2016-01-08,13.260,13.560,13.210,13.410,83833150
2016-01-11,12.960,13.010,12.710,12.810,91255750
2016-01-12,12.910,13.010,12.570,12.610,71228400
2016-01-13,12.910,13.160,12.710,12.910,58289450
2016-01-14,12.610,12.810,12.390,12.760,75287590
2016-01-15,12.710,12.710,12.390,12.410,63720150
2016-01-18,12.210,12.350,12.050,12.170,56196650
2016-01-19,12.230,12.570,12.090,12.550,53162150
2016-01-20,12.310,12.310,11.710,11.770,113992500
2016-01-21,11.930,12.170,11.450,11.470,79507870
2016-01-22,11.910,12.070,11.670,12.030,69839040
2016-01-25,12.210,12.390,12.170,12.250,47961470
2016-01-26,11.850,11.990,11.690,11.730,70659090
2016-01-27,12.050,12.130,11.810,11.930,51441990
2016-01-28,12.010,12.130,11.870,12.110,42626610
2016-01-29,12.070,12.570,11.990,12.550,92664700
2016-02-01,12.570,12.610,12.310,12.450,46156780
2016-02-02,12.370,12.510,12.270,12.330,36096150
2016-02-03,11.910,11.930,11.650,11.910,50339660
2016-02-04,12.070,12.250,12.050,12.090,59491620
2016-02-05,12.110,12.310,12.110,12.190,43078190
2016-02-11,11.410,11.510,11.210,11.410,85507050
2016-02-12,11.210,11.390,11.190,11.230,62498110
2016-02-15,11.530,11.830,11.530,11.830,35468040
2016-02-16,11.930,12.170,11.830,12.010,49544220
2016-02-17,12.110,12.210,11.770,11.810,39261850
2016-02-18,12.230,12.350,12.170,12.270,50154210
2016-02-19,12.270,12.270,12.110,12.150,33495170
2016-02-22,12.270,12.430,12.270,12.370,35201850
2016-02-23,12.410,12.430,12.210,12.330,34659690
2016-02-24,12.290,12.290,11.970,12.070,67498690
2016-02-25,12.070,12.090,11.730,11.790,82418750
2016-02-26,11.970,12.370,11.970,12.290,59425630
2016-02-29,12.270,12.270,11.950,12.010,33206910
2016-03-01,12.110,12.290,11.990,12.270,31693150
2016-03-02,12.610,13.010,12.610,12.910,66397460
2016-03-03,12.960,13.060,12.710,12.860,39342550
2016-03-04,12.960,13.160,12.910,13.110,49517030
2016-03-07,13.110,13.310,13.060,13.160,26206840
2016-03-08,13.110,13.110,12.860,13.010,25378890
2016-03-09,12.860,13.010,12.810,13.010,43236190
2016-03-10,13.010,13.210,12.860,13.010,36528690
2016-03-11,12.910,13.260,12.810,13.210,70743250
2016-03-14,13.360,13.510,13.310,13.410,45681540
2016-03-15,13.310,13.360,13.210,13.310,71182410
2016-03-16,13.310,13.410,13.160,13.260,63571680
2016-03-17,13.560,13.610,13.410,13.460,49906100
2016-03-18,13.460,13.660,13.460,13.660,62141540
2016-03-21,13.710,13.760,13.560,13.610,65759310
2016-03-22,13.710,13.760,13.560,13.610,28379250
2016-03-23,13.610,13.660,13.460,13.610,39971220
2016-03-24,13.410,13.460,13.210,13.310,49922810
2016-03-29,13.310,13.410,13.210,13.310,35777350
2016-03-30,13.510,13.860,13.510,13.860,46422150
2016-03-31,13.860,13.910,13.660,13.760,47471000
2016-04-01,13.760,13.810,13.460,13.460,53165700
2016-04-05,13.360,13.360,13.060,13.110,62437370
2016-04-06,13.010,13.260,13.010,13.210,45409500
2016-04-07,13.260,13.360,13.110,13.260,68201360
2016-04-08,12.910,13.410,12.910,13.360,44048240
2016-04-11,13.260,13.610,13.210,13.510,55621610
2016-04-12,13.460,13.610,13.410,13.510,35160410
2016-04-13,13.710,14.260,13.710,14.210,84339630
2016-04-14,14.410,14.560,14.310,14.410,68933080
2016-04-15,14.310,14.410,14.260,14.310,57827050
2016-04-18,14.010,14.210,14.010,14.160,65688570
2016-04-19,14.510,14.510,14.260,14.460,24090930
2016-04-20,14.460,14.460,14.110,14.210,58942670
2016-04-21,14.410,14.660,14.360,14.660,57776070
2016-04-22,14.410,14.510,14.310,14.510,97501030
2016-04-25,14.410,14.460,14.260,14.260,88426960
2016-04-26,14.260,14.460,14.060,14.410,106686600
2016-04-27,14.410,14.460,14.310,14.360,73439170
2016-04-28,14.570,14.720,14.270,14.370,52592510
2016-04-29,14.220,14.220,14.020,14.020,74894920
2016-05-03,14.020,14.020,13.620,13.620,132543100
2016-05-04,13.520,13.620,13.420,13.570,102214100
2016-05-05,13.420,13.570,13.370,13.420,134965800
2016-05-06,13.320,13.420,13.020,13.070,104158800
2016-05-09,13.270,13.320,13.070,13.170,144591000
2016-05-10,13.070,13.370,13.020,13.320,138354700
2016-05-11,13.370,13.370,13.020,13.070,229013000
2016-05-12,13.070,13.120,12.870,12.920,53817880
2016-05-13,12.870,12.920,12.590,12.750,127148800
2016-05-16,12.730,13.020,12.710,12.920,79146460
2016-05-17,13.070,13.170,12.870,13.170,58256460
2016-05-18,12.920,12.970,12.790,12.830,96816790
2016-05-19,12.870,12.870,12.710,12.750,63562420
2016-05-20,12.730,13.120,12.730,13.020,41871500
2016-05-23,12.970,13.070,12.850,12.870,36913040
2016-05-24,12.870,13.020,12.830,12.970,39932110
2016-05-25,13.170,13.570,13.170,13.470,35470650
2016-05-26,13.470,13.570,13.370,13.520,21859750
2016-05-27,13.470,13.770,13.420,13.670,40134600
2016-05-30,13.670,13.920,13.620,13.720,33495320
2016-05-31,13.820,14.120,13.720,13.970,36022040
2016-06-01,13.820,14.070,13.820,13.870,44248480
2016-06-02,13.870,14.070,13.870,14.020,36012100
2016-06-03,14.070,14.270,14.070,14.120,20344870
2016-06-06,14.120,14.220,14.020,14.220,14968300
2016-06-07,14.370,14.570,14.320,14.470,46657110
2016-06-08,14.470,14.570,14.370,14.520,28872700
2016-06-10,14.520,14.570,14.220,14.270,40538400
2016-06-13,13.920,13.970,13.620,13.770,55454840
2016-06-14,13.620,13.770,13.570,13.670,21332550
2016-06-15,13.470,13.820,13.370,13.670,40015770
2016-06-16,13.670,13.670,13.220,13.320,56917620
2016-06-17,13.470,13.570,13.370,13.470,38024830
2016-06-20,13.670,13.870,13.520,13.720,42725250
2016-06-21,13.770,13.970,13.770,13.920,31905970
2016-06-22,13.870,14.220,13.820,14.170,26480530
2016-06-23,14.270,14.270,14.120,14.220,27709940
2016-06-24,13.670,14.420,12.970,13.620,151484000
2016-06-27,13.320,13.720,13.320,13.570,63231950
2016-06-28,13.370,13.620,13.270,13.570,63372400
2016-06-29,13.870,13.920,13.670,13.870,31229650
2016-06-30,14.070,14.270,14.020,14.220,56627370
2016-07-04,14.320,14.620,14.270,14.520,45745970
2016-07-05,14.420,14.420,14.120,14.170,32480060
2016-07-06,13.970,14.020,13.720,13.920,35227510
2016-07-07,14.020,14.170,13.970,14.120,22656390
2016-07-08,14.070,14.070,13.870,14.020,25980060
2016-07-11,14.370,14.470,14.270,14.270,23257630
2016-07-12,14.420,14.720,14.420,14.670,51403930
2016-07-13,14.820,14.870,14.720,14.770,48224620
2016-07-14,14.770,15.020,14.670,15.020,52709410
2016-07-15,15.020,15.220,14.920,15.170,95202530
2016-07-18,15.070,15.320,15.070,15.220,45256220
2016-07-19,15.270,15.270,15.070,15.070,38200800
2016-07-20,15.070,15.370,15.070,15.370,28306520
2016-07-21,15.420,15.570,15.320,15.420,36257150
2016-07-22,15.320,15.420,15.270,15.370,33759990
2016-07-25,15.470,15.470,15.320,15.420,76034710
2016-07-26,15.320,15.770,15.320,15.620,141018500
2016-07-27,15.670,15.770,15.470,15.520,157592600
2016-07-28,15.570,15.670,15.470,15.620,107126200
2016-07-29,15.520,15.620,15.270,15.320,224328700
2016-08-01,15.370,15.770,15.370,15.620,80898530
2016-08-03,15.320,15.320,15.120,15.170,95129230
2016-08-04,15.320,15.370,15.220,15.270,66358570
2016-08-05,15.370,15.670,15.370,15.620,65572540
2016-08-08,15.770,15.970,15.670,15.920,76199300
2016-08-09,15.920,15.970,15.870,15.920,30523120
2016-08-10,15.970,16.120,15.820,15.920,48850820
2016-08-11,15.870,16.220,15.820,16.020,136013500
2016-08-12,16.170,16.320,16.170,16.220,175983500
2016-08-15,16.270,16.520,16.270,16.470,208184500
2016-08-16,16.520,16.570,16.320,16.370,218552300
2016-08-17,16.470,16.570,16.270,16.270,198264500
2016-08-18,16.420,16.720,16.420,16.570,236638900
2016-08-19,16.620,16.620,16.370,16.420,195148700
2016-08-22,16.470,16.520,16.270,16.520,316603200
2016-08-23,16.370,16.520,16.370,16.520,78661620
2016-08-24,16.470,16.570,16.220,16.320,108488500
2016-08-25,16.320,16.420,16.220,16.320,92133460
2016-08-26,16.320,16.520,16.320,16.470,61704540
2016-08-29,16.420,16.470,16.270,16.370,60725040
2016-08-30,16.470,16.620,16.370,16.520,32985260
2016-08-31,16.420,16.570,16.420,16.520,51555490
2016-09-01,16.470,16.770,16.370,16.770,30866860
2016-09-02,16.770,16.870,16.720,16.770,32938050
2016-09-05,16.970,17.270,16.970,17.170,87513440
2016-09-06,17.270,17.370,17.120,17.320,77969120
2016-09-07,17.320,17.370,17.220,17.320,61707300
2016-09-08,17.270,17.470,17.220,17.420,77478370
2016-09-09,17.470,17.970,17.470,17.720,167051300
2016-09-12,17.270,17.270,16.870,16.920,154917500
2016-09-13,17.170,17.220,16.770,16.870,128903100
2016-09-14,16.870,16.970,16.770,16.820,51933050
2016-09-15,16.870,17.070,16.770,16.970,55984560
2016-09-19,16.970,17.270,16.970,17.120,28059180
2016-09-20,17.120,17.170,16.970,17.170,40001260
2016-09-21,17.170,17.370,17.020,17.220,57490430
2016-09-22,17.470,17.720,17.270,17.370,188092000
2016-09-23,17.370,17.470,17.220,17.220,79429250
2016-09-26,17.170,17.170,16.870,16.970,67299700
2016-09-27,16.870,17.270,16.870,17.170,80222000
2016-09-28,17.120,17.220,16.970,17.220,69869120
2016-09-29,17.370,17.470,17.220,17.370,137371200
2016-09-30,17.170,17.170,16.820,16.870,95961270
2016-10-03,17.170,17.320,17.070,17.170,51231690
2016-10-04,17.170,17.320,17.120,17.270,53267030
2016-10-05,17.170,17.470,17.170,17.370,35252940
2016-10-06,17.420,17.620,17.420,17.570,28591970
2016-10-07,17.470,17.570,17.370,17.470,37530790
2016-10-11,17.620,17.720,17.020,17.120,67262280
2016-10-12,16.920,17.070,16.870,17.020,32927100
2016-10-13,16.920,17.020,16.570,16.670,53171950
2016-10-14,16.720,16.970,16.720,16.870,29445050
2016-10-17,16.870,16.870,16.570,16.670,39154130
2016-10-18,16.670,17.070,16.670,17.020,33673160
2016-10-19,17.020,17.120,16.820,16.920,65754670
2016-10-20,16.970,17.170,16.970,17.020,33182790
2016-10-24,17.020,17.320,16.870,17.270,41032970
2016-10-25,17.270,17.320,17.120,17.220,29934460
2016-10-26,17.070,17.120,16.920,16.970,29897290
2016-10-27,17.020,17.020,16.620,16.770,35548540
2016-10-28,16.770,16.820,16.470,16.620,52198030
2016-10-31,16.490,16.740,16.440,16.590,34857480
2016-11-01,16.590,16.940,16.590,16.790,84410260
2016-11-02,16.590,16.590,16.390,16.490,53455880
2016-11-03,16.440,16.540,16.290,16.390,40350780
2016-11-04,16.340,16.440,16.240,16.340,40369170
2016-11-07,16.390,16.540,16.290,16.490,49486700
2016-11-08,16.640,16.690,16.440,16.540,98809220
2016-11-09,16.690,16.690,15.540,16.090,152208700
2016-11-10,16.490,16.590,16.440,16.540,72611320
2016-11-11,16.490,16.490,16.090,16.190,85793080
2016-11-14,15.990,16.040,15.790,15.890,99265950
2016-11-15,15.890,16.090,15.840,15.990,42368180
2016-11-16,16.090,16.140,15.940,15.990,48450320
2016-11-17,15.890,16.040,15.740,15.890,45236230
2016-11-18,15.890,16.040,15.790,15.940,80280340
2016-11-21,15.940,16.140,15.840,16.040,58965620
2016-11-22,16.090,16.390,16.090,16.390,40363880
2016-11-23,16.340,16.490,16.290,16.390,44258070
2016-11-24,16.340,16.340,16.090,16.240,55790690
2016-11-25,16.290,16.440,16.240,16.390,32710490
2016-11-28,16.440,16.640,16.440,16.490,51894390
2016-11-29,16.440,16.540,16.340,16.390,40316120
2016-11-30,16.390,16.590,16.390,16.490,35282590
2016-12-01,16.590,16.690,16.490,16.590,71073520
2016-12-02,16.490,16.490,16.190,16.240,43786480
2016-12-05,16.240,16.290,15.990,16.190,89185240
2016-12-06,16.290,16.440,16.290,16.340,47698220
2016-12-07,16.440,16.490,16.390,16.490,31532320
2016-12-08,16.690,16.790,16.440,16.490,63960160
2016-12-09,16.490,16.490,16.340,16.440,102257400
2016-12-12,16.490,16.490,15.990,16.040,110000200
2016-12-13,16.090,16.090,15.890,16.090,105176900
2016-12-14,16.190,16.290,16.090,16.140,41020330
2016-12-15,15.890,15.940,15.590,15.690,109230800
2016-12-16,15.690,15.790,15.590,15.690,59625740
2016-12-19,15.590,15.590,15.390,15.490,81475520
2016-12-20,15.490,15.540,15.290,15.390,67689030
2016-12-21,15.490,15.590,15.390,15.490,58657450
2016-12-22,15.440,15.490,15.240,15.340,51835790
2016-12-23,15.240,15.240,15.090,15.240,71044690
2016-12-28,15.240,15.440,15.090,15.340,47506920
2016-12-29,15.240,15.440,15.190,15.440,39813770
2016-12-30,15.490,15.690,15.490,15.590,43932520
2017-01-03,15.640,15.840,15.490,15.790,29012900
2017-01-04,15.840,15.890,15.690,15.790,31030180
2017-01-05,15.890,16.140,15.840,16.090,71271230
2017-01-06,16.190,16.290,16.090,16.140,45848820
2017-01-09,16.190,16.290,16.090,16.240,46482040
2017-01-10,16.190,16.390,16.190,16.340,58447420
2017-01-11,16.490,16.640,16.390,16.590,75629690
2017-01-12,16.590,16.640,16.440,16.540,57438670
2017-01-13,16.540,16.640,16.540,16.590,37351430
2017-01-16,16.490,16.590,16.290,16.390,40987990
2017-01-17,16.440,16.540,16.390,16.540,27108530
2017-01-18,16.540,16.840,16.540,16.740,90804060
2017-01-19,16.690,16.740,16.590,16.740,34395430
2017-01-20,16.640,16.640,16.490,16.590,23520410
2017-01-23,16.590,16.790,16.490,16.540,118103300
2017-01-24,16.590,16.640,16.540,16.590,50938140
2017-01-25,16.690,16.740,16.590,16.690,81816670
2017-01-26,16.840,17.090,16.790,17.040,50079730
2017-01-27,16.990,17.090,16.940,17.040,11589220
2017-02-01,16.890,16.990,16.740,16.990,43792010
2017-02-02,16.890,17.090,16.740,16.840,30430620
2017-02-03,16.890,16.940,16.640,16.740,28727950
2017-02-06,16.890,17.040,16.790,16.990,88692040
2017-02-07,16.990,17.090,16.890,16.990,52035320
2017-02-08,16.940,17.240,16.790,17.190,66984960
2017-02-09,17.190,17.290,17.090,17.190,94732480
2017-02-10,17.290,17.390,17.240,17.290,53713470
2017-02-13,17.390,17.440,17.290,17.340,70458590
2017-02-14,17.340,17.440,17.290,17.390,202223400
2017-02-15,17.440,17.740,17.440,17.640,105509400
2017-02-16,17.740,17.840,17.690,17.790,196485300
2017-02-17,17.790,17.840,17.640,17.740,117604900
2017-02-20,17.640,17.890,17.640,17.840,142711600
2017-02-21,17.840,17.890,17.590,17.690,113272400
2017-02-22,17.740,17.890,17.690,17.840,100973100
2017-02-23,17.840,17.940,17.790,17.840,101330800
2017-02-24,17.840,17.890,17.690,17.790,135511900
2017-02-27,17.690,17.840,17.590,17.740,148092800
2017-02-28,17.740,17.790,17.440,17.540,55670390
2017-03-01,17.540,17.590,17.490,17.540,128064900
2017-03-02,17.840,17.890,17.440,17.440,84471400
2017-03-03,17.340,17.390,17.240,17.340,97701600
2017-03-06,17.340,17.440,17.340,17.340,75373570
2017-03-07,17.390,17.490,17.340,17.440,54742970
2017-03-08,17.440,17.590,17.290,17.490,57724930
2017-03-09,17.440,17.440,17.190,17.290,84240660
2017-03-10,17.240,17.340,17.190,17.340,63323480
2017-03-13,17.390,17.640,17.340,17.590,214740300
2017-03-14,17.590,17.690,17.490,17.590,50699060
2017-03-15,17.540,17.640,17.390,17.590,126575600
2017-03-16,17.690,18.090,17.690,18.040,193592900
2017-03-17,18.090,18.190,17.990,18.090,382854300
2017-03-20,18.090,18.290,18.090,18.240,81944850
2017-03-21,18.290,18.440,18.290,18.340,151739200
2017-03-22,18.090,18.190,17.990,18.090,214529700
2017-03-23,18.140,18.240,18.040,18.090,87470250
2017-03-24,18.190,18.240,18.040,18.190,144225100
2017-03-27,18.040,18.190,17.890,17.990,151651700
2017-03-28,18.090,18.140,18.040,18.140,67046500
2017-03-29,18.190,18.240,18.090,18.140,155804600
2017-03-30,18.190,18.190,17.990,18.090,100483500
2017-03-31,18.090,18.090,17.840,17.940,173399000
2017-04-03,17.940,18.040,17.940,17.990,28223110
2017-04-05,18.040,18.190,17.890,18.140,129098700
2017-04-06,18.140,18.190,17.940,18.040,276077500
2017-04-07,18.040,18.090,17.690,18.040,325090900
2017-04-10,18.090,18.140,17.990,18.040,163104000
2017-04-11,18.040,18.090,17.740,17.890,166881300
2017-04-12,17.790,18.090,17.740,18.090,145384200
2017-04-13,17.940,18.190,17.890,18.040,109733500
2017-04-18,18.040,18.090,17.640,17.640,121680800
2017-04-19,17.590,17.640,17.490,17.640,95098870
2017-04-20,17.590,17.890,17.590,17.840,86475010
2017-04-21,17.890,17.990,17.740,17.790,78744120
2017-04-24,17.940,17.990,17.740,17.940,121607500
2017-04-25,17.990,18.290,17.990,18.240,87684280
2017-04-26,18.290,18.490,18.290,18.340,30258420
2017-04-27,18.390,18.540,18.240,18.490,43242580
2017-04-28,18.490,18.490,18.390,18.440,48199760
2017-05-02,18.440,18.590,18.340,18.440,47656370
2017-05-04,18.440,18.540,18.340,18.540,64275850
2017-05-05,18.390,18.440,18.140,18.290,68396990
2017-05-08,18.340,18.440,18.240,18.390,74634320
2017-05-09,18.340,18.740,18.290,18.690,76719380
2017-05-10,18.790,18.990,18.790,18.790,90001070
2017-05-11,18.840,19.040,18.790,18.940,75673590
2017-05-12,18.840,19.040,18.840,18.990,70013850
2017-05-15,19.040,19.240,19.040,19.240,60114830
2017-05-16,19.240,19.290,19.090,19.240,46249840
2017-05-17,19.190,19.240,19.090,19.240,37290430
2017-05-18,18.940,19.140,18.940,19.040,53675100
2017-05-19,19.040,19.140,18.990,19.090,48186040
2017-05-22,19.140,19.340,19.090,19.290,66640070
2017-05-23,19.340,19.390,19.190,19.340,68345800
2017-05-24,19.290,19.340,19.190,19.290,97045570
2017-05-25,19.340,19.590,19.340,19.490,155524900
2017-05-26,19.540,19.640,19.490,19.540,100654100
2017-05-29,19.540,19.690,19.540,19.640,77150450
2017-05-31,19.590,19.740,19.540,19.640,69519830
2017-06-01,19.640,19.740,19.540,19.640,68398610
2017-06-02,19.740,19.890,19.740,19.890,103048300
2017-06-05,19.890,19.940,19.740,19.840,109319300
2017-06-06,19.740,19.990,19.740,19.940,75312570
2017-06-07,19.940,20.040,19.840,19.940,77661280
2017-06-08,19.940,20.090,19.890,20.040,58273600
2017-06-09,20.040,20.090,19.890,20.040,88537970
2017-06-12,19.940,19.990,19.690,19.790,83680020
2017-06-13,19.790,19.940,19.740,19.890,49137670
2017-06-14,19.890,19.890,19.690,19.890,93246210
2017-06-15,19.840,19.840,19.540,19.590,69742700
2017-06-16,19.640,19.740,19.590,19.640,62471960
2017-06-19,19.640,19.940,19.640,19.940,67558380
2017-06-20,19.940,20.040,19.790,19.840,55852450
2017-06-21,19.740,19.890,19.540,19.690,112943000
2017-06-22,19.740,19.940,19.690,19.790,67459910
2017-06-23,19.790,19.890,19.690,19.840,91653360
2017-06-26,19.740,19.990,19.740,19.940,62477940
2017-06-27,19.990,20.040,19.840,19.890,77038260
2017-06-28,19.840,19.890,19.690,19.840,53644100
2017-06-29,19.890,20.090,19.890,19.990,32533410
2017-06-30,19.790,19.940,19.740,19.890,71878890
2017-07-03,19.790,19.990,19.790,19.890,31188810
2017-07-04,19.940,19.990,19.440,19.640,60073250
2017-07-05,19.540,19.790,19.390,19.740,74896010
2017-07-06,19.790,19.840,19.690,19.790,62236290
2017-07-07,19.590,19.690,19.540,19.640,51507270
2017-07-10,19.640,19.890,19.590,19.790,52669050
2017-07-11,19.840,20.240,19.840,20.190,88494750
2017-07-12,20.190,20.440,20.190,20.340,38781830
2017-07-13,20.590,20.690,20.540,20.640,73955600
2017-07-14,20.690,20.740,20.590,20.690,36579920
2017-07-17,20.840,20.940,20.640,20.790,55073790
2017-07-18,20.740,20.840,20.690,20.790,62520370
2017-07-19,20.790,20.990,20.790,20.940,66040230
2017-07-20,21.040,21.090,20.940,20.990,42871650
2017-07-21,21.040,21.090,20.940,21.040,20459940
2017-07-24,20.990,21.190,20.990,21.190,72108170
2017-07-25,21.190,21.190,21.090,21.140,53904920
2017-07-26,21.190,21.290,21.090,21.240,45766740
2017-07-27,21.240,21.490,21.240,21.440,55518270
2017-07-28,21.340,21.340,21.240,21.290,34306100
2017-07-31,21.290,21.640,21.290,21.540,27891050
2017-08-01,21.640,21.890,21.590,21.840,49841740
2017-08-02,21.890,22.040,21.840,21.890,67905290
2017-08-03,21.790,21.940,21.740,21.890,36354210
2017-08-04,21.890,21.940,21.840,21.890,63531090
2017-08-07,21.940,22.090,21.940,21.990,38444690
2017-08-08,21.990,22.190,21.890,22.190,45442450
2017-08-09,22.090,22.190,21.890,22.090,40255760
2017-08-10,22.090,22.090,21.590,21.790,82341380
2017-08-11,21.390,21.540,21.190,21.290,106937600
2017-08-14,21.340,21.640,21.340,21.540,45376520
2017-08-15,21.640,21.740,21.490,21.490,50360870
2017-08-16,21.490,21.790,21.490,21.740,54347220
2017-08-17,21.840,21.940,21.590,21.690,39063470
2017-08-18,21.440,21.590,21.290,21.390,25915790
2017-08-21,21.390,21.590,21.390,21.540,21099950
2017-08-22,21.640,21.890,21.640,21.790,21326440
2017-08-24,21.790,21.990,21.790,21.840,33181360
2017-08-25,21.840,22.240,21.790,22.190,31409970
2017-08-28,22.240,22.440,22.140,22.290,17863040
2017-08-29,22.140,22.240,22.040,22.140,52203200
2017-08-30,22.190,22.540,22.190,22.490,25447120
2017-08-31,22.490,22.490,22.340,22.390,22870010
2017-09-01,22.440,22.590,22.340,22.390,19969880
2017-09-04,22.290,22.390,22.090,22.240,44058920
2017-09-05,22.240,22.340,22.190,22.240,29798260
2017-09-06,22.140,22.190,21.890,22.090,33338980
2017-09-07,22.240,22.340,21.940,22.040,25967130
2017-09-08,22.040,22.190,22.040,22.190,27038460
2017-09-11,22.240,22.540,22.240,22.490,32609620
2017-09-12,22.540,22.590,22.390,22.490,21077910
2017-09-13,22.490,22.490,22.240,22.390,18348750
2017-09-14,22.340,22.390,22.190,22.340,24967930
2017-09-15,22.290,22.440,21.990,22.340,41347320
2017-09-18,22.390,22.690,22.390,22.640,38822880
2017-09-19,22.640,22.740,22.540,22.590,8465531
2017-09-20,22.590,22.640,22.490,22.640,5168089
2017-09-21,22.640,22.690,22.540,22.640,14030710
2017-09-22,22.490,22.490,22.340,22.390,28689820
2017-09-25,22.390,22.390,21.990,22.090,39796930
2017-09-26,21.890,22.140,21.840,22.140,32825800
2017-09-27,22.040,22.240,22.040,22.240,28484290
2017-09-28,22.190,22.190,21.940,21.940,11718410
2017-09-29,21.990,22.140,21.890,22.040,24219320
2017-10-03,22.240,22.740,22.240,22.690,57172930
2017-10-04,22.790,23.090,22.790,22.890,20538280
2017-10-06,23.090,23.190,22.940,22.990,24867260
2017-10-09,22.990,23.040,22.790,22.890,35210320
2017-10-10,22.890,23.040,22.840,23.040,22031750
2017-10-11,23.140,23.190,22.840,22.890,27103480
2017-10-12,22.990,23.140,22.940,23.040,31186790
2017-10-13,23.040,23.090,22.940,23.040,31955610
2017-10-16,23.140,23.390,23.140,23.240,29436050
2017-10-17,23.340,23.340,23.190,23.290,25877510
2017-10-18,23.240,23.290,23.190,23.290,15560770
2017-10-19,23.290,23.390,22.640,22.790,44461110
2017-10-20,22.990,23.140,22.890,23.090,57082760
2017-10-23,23.140,23.140,22.790,22.890,51245170
2017-10-24,22.840,22.940,22.640,22.790,45003400
2017-10-25,22.790,22.940,22.740,22.890,35911870
2017-10-26,22.790,22.890,22.690,22.790,41698340
2017-10-27,22.890,23.090,22.890,22.990,40539260
2017-10-30,23.140,23.240,22.890,22.940,44684460
2017-10-31,22.920,22.970,22.720,22.870,21227110
2017-11-01,22.920,23.220,22.920,23.170,38044300
2017-11-02,23.170,23.220,23.020,23.070,40367780
2017-11-03,23.120,23.220,23.120,23.220,12737650
2017-11-06,23.220,23.270,22.670,23.220,68556510
2017-11-07,23.270,23.620,23.270,23.620,37960690
2017-11-08,23.570,23.720,23.470,23.570,49188650
2017-11-09,23.620,23.770,23.520,23.720,53596060
2017-11-10,23.620,23.770,23.620,23.770,37621740
2017-11-13,23.720,23.820,23.720,23.820,34388130
2017-11-14,23.770,23.870,23.720,23.820,46025190
2017-11-15,23.770,23.770,23.470,23.520,66458230
2017-11-16,23.620,23.670,23.470,23.620,29574060
2017-11-17,23.820,23.920,23.720,23.770,11226150
2017-11-20,23.820,23.870,23.670,23.770,13845980
2017-11-21,23.920,24.420,23.870,24.370,29964500
2017-11-22,24.620,24.820,24.520,24.670,25243730
2017-11-23,24.670,24.770,24.220,24.320,13775230
2017-11-24,24.370,24.570,24.320,24.470,36494910
2017-11-27,24.470,24.470,24.270,24.320,34294150
2017-11-28,24.320,24.320,23.970,24.270,45356250
2017-11-29,24.420,24.470,24.170,24.270,45722270
2017-11-30,24.120,24.120,23.720,23.870,34617490
2017-12-01,23.870,23.970,23.620,23.720,49539360
2017-12-04,23.620,23.920,23.370,23.770,47962270
2017-12-05,23.520,23.720,23.420,23.470,15762190
2017-12-06,23.470,23.520,22.770,22.820,94199670
2017-12-07,22.870,23.070,22.720,22.920,42545220
2017-12-08,22.970,23.320,22.870,23.270,68260050
2017-12-11,23.220,23.570,23.220,23.570,38703430
2017-12-12,23.570,23.620,23.320,23.420,39971020
2017-12-13,23.370,23.920,23.370,23.870,50375720
2017-12-14,23.920,24.020,23.670,23.720,37047170
2017-12-15,23.720,23.720,23.320,23.470,71183380
2017-12-18,23.470,23.770,23.420,23.670,37529660
2017-12-19,23.720,23.970,23.720,23.820,45808050
2017-12-20,23.720,23.920,23.720,23.870,35051400
2017-12-21,23.720,24.070,23.720,23.970,65152830
2017-12-22,24.070,24.220,24.020,24.120,27021760
2017-12-27,24.220,24.320,24.120,24.220,10739590
2017-12-28,24.270,24.520,24.270,24.470,21982610
2017-12-29,24.420,24.570,24.420,24.470,13832050
2018-01-02,24.520,25.120,24.520,25.070,46559350
2018-01-03,25.170,25.320,25.070,25.120,52440040
2018-01-04,25.270,25.420,25.170,25.320,54989930
2018-01-05,25.420,25.520,25.270,25.370,48615200
2018-01-08,25.470,25.520,25.320,25.470,66816490
2018-01-09,25.570,25.670,25.420,25.620,51882590
2018-01-10,25.620,25.870,25.570,25.670,49200370
2018-01-11,25.670,25.770,25.570,25.670,35295270
2018-01-12,25.920,26.020,25.820,25.920,27651560
2018-01-15,26.170,26.370,25.920,25.970,40728810
2018-01-16,25.970,26.520,25.970,26.470,52376000
2018-01-17,26.370,26.570,26.270,26.520,45588530
2018-01-18,26.770,26.820,26.470,26.720,43298680
2018-01-19,26.620,26.820,26.620,26.820,26346620
2018-01-22,26.920,27.020,26.620,26.920,64814110
2018-01-23,27.120,27.570,27.120,27.520,75965360
2018-01-24,27.470,27.670,27.370,27.570,32914310
2018-01-25,27.620,27.670,27.270,27.320,33540700
2018-01-26,27.420,27.870,27.420,27.770,61051110
2018-01-29,27.920,28.170,27.570,27.570,52002540
2018-01-30,27.370,27.670,27.120,27.270,88758160
2018-01-31,26.970,27.570,26.970,27.520,91977350
2018-02-01,27.470,27.670,27.270,27.270,19805780
2018-02-02,27.170,27.420,26.920,27.220,44663020
2018-02-05,26.370,27.020,26.370,26.820,57995620
2018-02-06,25.620,25.870,25.170,25.270,127551400
2018-02-07,25.920,26.070,24.870,24.870,75200050
2018-02-08,25.120,25.320,24.820,25.020,40970580
2018-02-09,24.370,24.370,23.770,24.070,59792890
2018-02-12,24.270,24.420,24.070,24.070,32231890
2018-02-13,24.420,24.770,24.370,24.520,46140170
2018-02-14,24.620,25.270,24.570,25.120,26672820
2018-02-15,25.420,25.770,25.420,25.670,14758780
2018-02-20,25.670,25.970,25.320,25.470,41325400
2018-02-21,25.520,26.120,25.520,26.070,38760900
2018-02-22,25.870,25.870,25.620,25.620,17562200
2018-02-23,25.970,26.070,25.820,25.920,46697500
2018-02-26,26.120,26.270,25.970,26.220,28906520
2018-02-27,26.420,26.520,25.820,25.970,33354880
2018-02-28,25.620,25.770,25.370,25.520,42720660
2018-03-01,25.220,25.770,25.070,25.720,18758810
2018-03-02,25.370,25.370,25.170,25.320,38867930
2018-03-05,25.120,25.370,24.520,24.620,58585840
2018-03-06,25.070,25.320,24.820,25.220,50727070
2018-03-07,24.870,25.320,24.770,24.920,48762650
2018-03-08,25.170,25.470,25.120,25.420,35415450
2018-03-09,25.620,25.770,25.570,25.720,53307170
2018-03-12,26.220,26.370,26.120,26.270,19166920
2018-03-13,26.270,26.420,26.220,26.320,21880880
2018-03-14,26.020,26.220,25.870,26.220,32366150
2018-03-15,25.920,26.370,25.770,26.270,16714390
2018-03-16,26.220,26.320,26.020,26.220,21741740
2018-03-19,26.220,26.420,25.920,26.270,38171860
2018-03-20,26.020,26.320,25.870,26.320,29435470
2018-03-21,26.420,26.770,26.070,26.120,23039990
2018-03-22,26.270,26.420,25.720,25.820,21056700
2018-03-23,24.620,25.070,24.620,24.970,65122840
2018-03-26,24.920,25.320,24.670,25.320,53318090
2018-03-27,25.670,25.720,25.470,25.520,28238370
2018-03-28,25.520,25.520,24.720,24.770,21777020
2018-03-29,24.870,24.970,24.520,24.820,18121030
2018-04-03,24.620,25.070,24.520,24.970,27962090
2018-04-04,25.020,25.070,24.170,24.170,31304970
2018-04-06,24.420,24.770,24.320,24.520,46989350
2018-04-09,24.820,25.320,24.670,25.020,43085630
2018-04-10,24.970,25.570,24.920,25.470,25432660
2018-04-11,25.520,25.770,25.470,25.670,27557980
2018-04-12,25.820,25.870,25.370,25.620,21109230
2018-04-13,25.720,25.820,25.470,25.570,34519410
2018-04-16,25.570,25.620,24.920,25.020,26781830
2018-04-17,25.120,25.270,24.720,24.770,25302990
2018-04-18,25.170,25.220,24.720,25.070,27272870
2018-04-19,25.220,25.520,25.220,25.520,21355050
2018-04-20,25.420,25.620,25.070,25.120,14061920
2018-04-23,25.070,25.220,24.920,24.970,29557810
2018-04-24,25.070,25.470,25.020,25.370,24016170
2018-04-25,25.170,25.220,24.970,25.070,12396060
2018-04-26,25.120,25.170,24.620,24.770,33039000
2018-04-27,24.980,25.080,24.780,24.980,10546640
2018-04-30,25.080,25.680,25.080,25.630,18577580
2018-05-02,25.480,25.580,25.330,25.430,23424470
2018-05-03,25.230,25.230,24.830,25.030,28370440
2018-05-04,25.030,25.080,24.580,24.680,34000660
2018-05-07,24.830,24.930,24.530,24.780,29914650
2018-05-08,24.780,25.230,24.780,25.230,32614460
2018-05-09,25.130,25.380,25.080,25.330,23385410
2018-05-10,25.480,25.630,25.480,25.580,19681760
2018-05-11,25.830,26.080,25.780,25.880,53215170
2018-05-14,26.230,26.430,26.230,26.330,13573160
2018-05-15,26.330,26.380,25.980,26.030,15518980
2018-05-16,25.880,26.030,25.580,25.930,33330890
2018-05-17,26.230,26.230,25.780,25.830,14247500
2018-05-18,25.880,26.030,25.780,25.930,33824800
2018-05-21,26.230,26.380,26.080,26.180,17456500
2018-05-23,26.030,26.030,25.580,25.580,17692120
2018-05-24,25.630,25.730,25.480,25.680,16795190
2018-05-25,25.680,25.730,25.480,25.630,26487440
2018-05-28,25.680,25.830,25.480,25.780,13590400
2018-05-29,25.530,25.630,25.380,25.480,18599650
2018-05-30,25.180,25.180,24.880,24.980,26741370
2018-05-31,25.130,25.530,25.080,25.530,29689760
2018-06-01,25.480,25.580,25.380,25.530,14308680
2018-06-04,25.780,26.030,25.730,25.980,12518060
2018-06-05,25.930,26.230,25.880,26.080,16806650
2018-06-06,26.080,26.380,26.080,26.280,22993630
2018-06-07,26.480,26.630,26.430,26.530,40929960
2018-06-08,26.530,26.530,25.880,25.930,73818020
2018-06-11,25.930,26.180,25.880,26.130,22359610
2018-06-12,26.080,26.280,25.930,26.180,8261719
2018-06-13,26.180,26.180,25.680,25.780,12378480
2018-06-14,25.780,25.830,25.330,25.530,26703230
2018-06-15,25.380,25.580,25.280,25.330,74894960
2018-06-19,24.980,25.030,24.330,24.580,74766790
2018-06-20,24.580,25.030,24.430,24.830,69265980
2018-06-21,24.830,24.930,24.280,24.330,36466670
2018-06-22,24.280,24.530,24.130,24.430,49098970
2018-06-25,24.430,24.480,23.930,24.080,57382620
2018-06-26,24.030,24.130,23.530,23.980,75067200
2018-06-27,24.030,24.030,23.330,23.430,52727700
2018-06-28,23.430,23.680,23.230,23.580,49425380
2018-06-29,23.580,24.080,23.580,24.030,37786910
2018-07-03,23.680,23.680,23.030,23.680,127885800
2018-07-04,23.530,23.680,23.180,23.330,51023460
2018-07-05,23.330,23.530,22.980,23.380,55733040
2018-07-06,23.480,23.730,23.080,23.480,54747660
2018-07-09,23.880,24.130,23.830,24.030,33654990
2018-07-10,24.180,24.280,23.980,23.980,19363750
2018-07-11,23.380,23.630,23.280,23.580,29132230
2018-07-12,23.430,23.930,23.430,23.780,31528970
2018-07-13,24.030,24.030,23.780,23.830,29301870
2018-07-16,23.930,23.980,23.580,23.830,30439280
2018-07-17,23.730,23.780,23.380,23.530,20609440
2018-07-18,23.580,23.680,23.280,23.380,25275530
2018-07-19,23.480,23.580,23.230,23.280,23540040
2018-07-20,23.330,23.630,23.030,23.530,39789090
2018-07-23,23.580,23.680,23.380,23.580,26254430
2018-07-24,23.580,24.030,23.580,23.980,27599820
2018-07-25,24.130,24.280,24.030,24.280,32040260
2018-07-26,24.380,24.380,23.930,24.030,20093830
2018-07-27,24.030,24.180,23.880,24.030,15979460
2018-07-30,23.930,24.180,23.830,23.980,9693197
2018-07-31,23.980,24.030,23.830,23.880,18652240
2018-08-01,24.030,24.080,23.530,23.580,33151970
2018-08-02,23.480,23.530,22.880,22.980,42612510
2018-08-03,23.080,23.080,22.880,22.930,23309560
2018-08-06,23.130,23.380,23.030,23.130,40723370
2018-08-07,23.180,23.580,23.180,23.530,24903270
2018-08-08,23.680,23.730,23.530,23.630,17444080
2018-08-09,23.580,24.080,23.480,23.880,32699740
2018-08-10,23.780,23.980,23.530,23.580,39406550
2018-08-13,23.330,23.430,23.080,23.230,36061490
2018-08-14,23.280,23.280,22.830,23.080,33529670
2018-08-15,23.080,23.080,22.530,22.580,33717220
2018-08-16,22.280,22.780,22.230,22.480,57313610
2018-08-17,22.680,22.730,22.380,22.530,47682830
2018-08-20,22.530,22.980,22.530,22.930,37677920
2018-08-21,22.930,23.130,22.830,23.080,41901050
2018-08-22,23.130,23.330,22.880,23.230,32419570
2018-08-23,23.330,23.380,22.980,23.030,16944220
2018-08-24,22.930,23.180,22.830,22.980,33373900
2018-08-27,23.280,23.680,23.280,23.630,27677420
2018-08-28,23.880,23.930,23.580,23.730,32946540
2018-08-29,23.730,23.880,23.680,23.780,38020380
2018-08-30,23.930,23.930,23.530,23.530,18759010
2018-08-31,23.280,23.380,23.130,23.230,18186120
2018-09-03,23.130,23.230,22.980,23.130,16668430
2018-09-04,23.080,23.430,22.930,23.430,27221490
2018-09-05,23.280,23.330,22.580,22.630,17687580
2018-09-06,22.580,22.730,22.230,22.480,64871570
2018-09-07,22.330,22.680,22.080,22.380,46308830
2018-09-10,22.380,22.380,21.830,22.130,60239650
2018-09-11,22.130,22.130,21.830,21.880,58487240
2018-09-12,21.880,21.930,21.680,21.880,52090310
2018-09-13,22.230,22.480,22.080,22.480,66895740
2018-09-14,22.680,22.830,22.480,22.730,27859210
2018-09-17,22.530,22.530,22.180,22.380,25553110
2018-09-18,22.230,22.680,22.080,22.530,47387470
2018-09-19,22.680,23.030,22.530,22.830,23592400
2018-09-20,23.030,23.130,22.780,22.930,30929880
2018-09-21,23.130,23.480,23.030,23.430,30086520
2018-09-24,23.280,23.280,22.880,22.930,19311930
2018-09-26,23.080,23.530,23.080,23.280,60717510
2018-09-27,23.280,23.480,23.130,23.180,22237500
2018-09-28,23.280,23.430,23.130,23.230,15401560
2018-10-02,23.280,23.280,22.480,22.580,40245730
2018-10-03,22.580,22.780,22.430,22.530,17791320
2018-10-04,22.430,22.430,22.030,22.130,50821470
2018-10-05,22.080,22.180,21.880,22.080,56076870
2018-10-08,22.180,22.230,21.630,21.730,22045940
2018-10-09,21.780,21.880,21.530,21.680,68161150
2018-10-10,21.830,22.030,21.680,21.730,38162060
2018-10-11,20.980,20.980,20.630,20.730,51547430
2018-10-12,20.930,21.330,20.780,21.280,55927240
2018-10-15,21.080,21.180,20.880,20.930,36366250
2018-10-16,20.980,21.230,20.730,20.980,41896980
2018-10-18,21.130,21.130,20.730,20.930,45646230
2018-10-19,20.730,21.280,20.630,21.080,34421780
2018-10-22,21.230,21.780,21.080,21.680,79521210
2018-10-23,21.580,21.580,20.830,20.880,57069040
2018-10-24,20.980,21.230,20.730,20.830,40800430
2018-10-25,20.580,20.580,20.180,20.580,87206390
2018-10-26,20.580,20.580,20.080,20.230,41468120
2018-10-29,20.430,20.480,20.180,20.380,109020600
2018-10-30,20.330,20.480,20.080,20.180,40959230
2018-10-31,20.470,20.520,20.220,20.420,33907530
2018-11-01,20.620,21.070,20.620,20.870,50251230
2018-11-02,21.370,22.070,21.370,21.970,69382370
2018-11-05,21.570,21.670,21.220,21.420,37975290
2018-11-06,21.520,21.720,21.370,21.620,20856920
2018-11-07,21.670,22.070,21.420,21.670,26627610
2018-11-08,21.820,22.070,21.670,21.770,21623890
2018-11-09,21.470,21.470,20.970,21.120,25376940
2018-11-12,21.170,21.320,21.070,21.170,40928760
2018-11-13,20.670,21.370,20.620,21.370,45718950
2018-11-14,21.370,21.420,20.970,21.220,14630420
2018-11-15,21.420,21.720,21.120,21.670,21185920
2018-11-16,21.670,21.770,21.370,21.670,21363910
2018-11-19,21.770,21.970,21.670,21.820,54388170
2018-11-20,21.570,21.670,21.270,21.420,20233500
2018-11-21,21.020,21.570,21.020,21.520,17531070
2018-11-22,21.670,21.670,21.420,21.570,5971054
2018-11-23,21.570,21.570,21.320,21.520,9910067
2018-11-26,21.620,22.020,21.620,21.920,55260920
2018-11-27,21.870,22.020,21.720,21.820,18987670
2018-11-28,21.870,22.270,21.870,22.170,15968170
2018-11-29,22.420,22.470,21.920,22.020,28267210
2018-11-30,22.170,22.270,21.970,22.070,15400870
2018-12-03,22.770,22.870,22.570,22.770,26530660
2018-12-04,22.720,22.820,22.570,22.820,37793360
2018-12-05,22.320,22.520,22.320,22.370,25859360
2018-12-06,22.020,22.020,21.520,21.720,50739150
2018-12-07,21.770,21.870,21.570,21.570,17307220
2018-12-10,21.320,21.420,21.070,21.370,32736790
2018-12-11,21.270,21.420,21.170,21.320,33501420
2018-12-12,21.670,21.870,21.570,21.870,36466320
2018-12-13,21.920,22.220,21.870,22.170,17674480
2018-12-14,21.920,21.920,21.570,21.670,19437240
2018-12-17,21.720,21.770,21.570,21.720,14451760
2018-12-18,21.520,21.770,21.220,21.370,25972370
2018-12-19,21.420,21.520,21.370,21.420,14318540
2018-12-20,21.320,21.420,20.920,21.220,18945940
2018-12-21,21.120,21.370,20.870,21.320,23380500
2018-12-24,21.120,21.220,20.970,21.220,13498840
2018-12-27,21.420,21.520,20.970,20.970,20125810
2018-12-28,21.020,21.170,20.970,21.020,7255484
2018-12-31,21.370,21.520,21.270,21.420,9066033
2019-01-02,21.320,21.370,20.570,20.620,45382670
2019-01-03,20.720,20.820,20.420,20.620,31838380
2019-01-04,20.520,21.220,20.470,21.170,34747020
2019-01-07,21.570,21.620,21.270,21.420,25451590
2019-01-08,21.470,21.570,21.270,21.370,35756830
2019-01-09,21.670,22.220,21.670,22.020,54203070
2019-01-10,21.970,22.170,21.770,22.120,29548140
2019-01-11,22.220,22.270,22.070,22.170,78966700
2019-01-14,22.170,22.170,21.720,21.820,10818030
2019-01-15,21.970,22.420,21.970,22.370,33768410
2019-01-16,22.270,22.520,22.120,22.470,58283150
2019-01-17,22.470,22.620,22.220,22.370,21888280
2019-01-18,22.570,22.720,22.470,22.620,14958350
2019-01-21,22.670,22.920,22.620,22.720,42403960
2019-01-22,22.820,22.820,22.370,22.520,27734120
2019-01-23,22.470,22.720,22.470,22.570,38904930
2019-01-24,22.620,22.720,22.420,22.670,16384100
2019-01-25,22.770,23.170,22.770,23.170,30322390
2019-01-28,23.220,23.420,23.020,23.120,52666580
2019-01-29,22.970,23.170,22.920,23.070,43617030
2019-01-30,23.120,23.270,22.970,23.170,64822210
2019-01-31,23.420,23.620,23.320,23.520,22534640
2019-02-01,23.770,23.770,23.370,23.470,15610040
2019-02-04,23.470,23.570,23.420,23.520,9131935
2019-02-08,23.370,23.570,23.070,23.520,22082190
2019-02-11,23.520,23.720,23.370,23.720,11382440
2019-02-12,23.670,23.820,23.570,23.770,22837660
2019-02-13,23.770,24.170,23.720,24.070,51906940
2019-02-14,23.970,24.120,23.820,24.020,23277220
2019-02-15,23.820,23.870,23.370,23.470,62278100
2019-02-18,23.820,24.020,23.770,23.970,43738340
2019-02-19,23.970,24.120,23.770,23.870,77014010
2019-02-20,23.970,24.220,23.970,24.120,53047100
2019-02-21,24.120,24.420,24.020,24.270,47112220
2019-02-22,24.120,24.470,24.070,24.470,62791890
2019-02-25,24.620,24.670,24.370,24.620,56704570
2019-02-26,24.670,24.670,24.370,24.420,21857670
2019-02-27,24.470,24.720,24.320,24.420,76329800
2019-02-28,24.370,24.570,24.220,24.270,20148520
2019-03-01,24.270,24.520,24.270,24.470,17626140
2019-03-04,24.470,24.920,24.370,24.570,57965290
2019-03-05,24.420,24.670,24.320,24.620,22813100
2019-03-06,24.620,24.770,24.520,24.670,22885490
2019-03-07,24.670,24.670,24.370,24.370,28442200
2019-03-08,24.070,24.170,23.820,23.870,29736700
2019-03-11,23.870,24.220,23.870,24.170,22618890
2019-03-12,24.420,24.670,24.420,24.670,29612870
2019-03-13,24.570,24.620,24.370,24.470,53898310
2019-03-14,24.470,24.620,24.370,24.570,13802810
2019-03-15,24.570,24.920,24.520,24.770,72078290
2019-03-18,24.770,25.120,24.720,25.070,46145490
2019-03-19,25.070,25.170,24.970,25.170,45936170
2019-03-20,25.170,25.170,24.920,25.020,43388010
2019-03-21,24.970,25.170,24.720,24.770,73070420
2019-03-22,24.870,24.970,24.520,24.770,53851630
2019-03-25,24.220,24.370,24.120,24.220,22386480
2019-03-26,24.320,24.370,24.120,24.220,24999080
2019-03-27,24.220,24.520,24.220,24.470,30970150
2019-03-28,24.270,24.520,24.220,24.420,14063580
2019-03-29,24.470,24.820,24.420,24.770,24919350
2019-04-01,25.070,25.320,25.070,25.270,81545070
2019-04-02,25.320,25.370,25.220,25.320,35496290
2019-04-03,25.420,25.720,25.370,25.620,44981280
2019-04-04,25.620,25.770,25.470,25.670,47273290
2019-04-08,25.770,25.870,25.620,25.770,29510720
2019-04-09,25.770,25.970,25.720,25.870,52429900
2019-04-10,25.770,25.870,25.570,25.820,68252360
2019-04-11,25.820,25.870,25.420,25.520,46720510
2019-04-12,25.520,25.570,25.370,25.570,67985510
2019-04-15,25.770,26.020,25.470,25.470,95154330
2019-04-16,25.470,25.870,25.370,25.820,51990710
2019-04-17,25.770,25.870,25.670,25.820,26343750
2019-04-18,25.770,25.770,25.570,25.620,25731330
2019-04-23,25.570,25.720,25.420,25.620,25872860
2019-04-24,25.670,25.770,25.370,25.470,21245560
2019-04-25,25.370,25.570,25.170,25.270,29247120
2019-04-26,25.120,25.370,25.120,25.270,12249400
2019-04-29,25.370,25.620,25.320,25.620,7773742
2019-04-30,25.520,25.520,25.270,25.370,20677340
2019-05-02,25.420,25.670,25.370,25.620,14225420
2019-05-03,25.520,25.820,25.320,25.770,27041400
2019-05-06,25.120,25.120,24.620,24.920,37688110
2019-05-07,25.020,25.170,24.820,25.020,28951040
2019-05-08,24.670,24.920,24.620,24.670,41512090
2019-05-09,24.520,24.570,23.920,24.020,47354220
2019-05-10,24.220,24.520,23.870,24.220,117249000
2019-05-14,23.720,23.920,23.620,23.820,90162510
2019-05-15,23.870,24.120,23.820,23.920,145965800
2019-05-16,23.870,24.120,23.770,23.970,118796700
2019-05-17,24.170,24.170,23.620,23.720,120707500
2019-05-20,23.720,23.770,23.470,23.570,93531290
2019-05-21,23.520,23.770,23.370,23.520,88121120
2019-05-22,23.620,23.670,23.420,23.470,69607430
2019-05-23,23.420,23.420,23.020,23.170,111842200
2019-05-24,23.170,23.370,23.170,23.270,47376010
2019-05-27,23.170,23.270,22.970,23.170,113636700
2019-05-28,23.220,23.420,23.120,23.270,67972960
2019-05-29,23.170,23.320,23.070,23.170,70109240
2019-05-30,23.270,23.270,22.920,23.070,106684200
2019-05-31,23.020,23.070,22.770,22.870,69225870
2019-06-03,22.720,22.920,22.670,22.820,95488840
2019-06-04,22.920,22.920,22.620,22.720,91913120
2019-06-05,23.020,23.120,22.770,22.920,102181800
2019-06-06,22.870,22.970,22.820,22.920,62418590
2019-06-10,23.170,23.620,23.170,23.570,57213740
2019-06-11,23.670,23.870,23.570,23.770,54029800
2019-06-12,23.670,23.670,23.220,23.320,70457960
2019-06-13,23.220,23.320,22.770,23.320,124864300
2019-06-14,23.170,23.270,23.020,23.120,59104600
2019-06-17,23.270,23.570,23.220,23.270,105330600
2019-06-18,23.270,23.670,23.220,23.470,61279960
2019-06-19,24.020,24.320,24.020,24.170,98045810
2019-06-20,24.370,24.620,24.320,24.620,79654880
2019-06-21,24.570,24.620,24.370,24.520,54400240
2019-06-24,24.520,24.720,24.420,24.520,39360940
2019-06-25,24.620,24.620,24.220,24.220,76386030
2019-06-26,24.120,24.370,24.120,24.270,55590040
2019-06-27,24.420,24.770,24.370,24.720,76040090
2019-06-28,24.720,24.720,24.520,24.620,49621220
2019-07-02,25.070,25.220,24.970,25.120,82008430
2019-07-03,25.020,25.120,24.920,25.070,57369020
2019-07-04,25.120,25.220,25.020,25.070,82141430
2019-07-05,25.020,25.070,24.920,25.020,40524500
2019-07-08,24.870,24.870,24.370,24.520,77235770
2019-07-09,24.520,24.520,24.270,24.320,93461060
2019-07-10,24.420,24.520,24.320,24.420,60675230
2019-07-11,24.570,24.820,24.570,24.620,99624500
2019-07-12,24.620,24.820,24.570,24.720,43453620
2019-07-15,24.570,24.820,24.270,24.770,80949340
2019-07-16,24.820,24.870,24.670,24.820,47780890
2019-07-17,24.670,24.820,24.570,24.820,37860500
2019-07-18,24.670,24.720,24.570,24.670,68641830
2019-07-19,24.820,25.070,24.770,24.970,49637460
2019-07-22,24.870,24.870,24.470,24.520,65010950
2019-07-23,24.570,24.720,24.520,24.670,42408830
2019-07-24,24.770,25.020,24.720,24.720,53588680
2019-07-25,24.770,24.870,24.720,24.820,52637530
2019-07-26,24.670,24.720,24.520,24.570,82289510
2019-07-29,24.520,24.570,24.120,24.320,53387230
2019-07-30,24.320,24.520,24.320,24.370,38203400
2019-07-31,24.170,24.170,23.870,24.020,49888930
2019-08-01,23.870,23.970,23.670,23.820,64375660
2019-08-02,23.470,23.470,23.020,23.120,74892350
2019-08-05,22.720,22.720,22.270,22.370,85864870
2019-08-06,21.820,22.320,21.620,22.270,200690300
2019-08-07,22.370,22.370,21.920,22.270,103522600
2019-08-08,22.220,22.520,22.220,22.370,91018510
2019-08-09,22.470,22.520,22.120,22.170,64447170
2019-08-12,22.020,22.320,22.020,22.020,42716750
2019-08-13,21.670,21.820,21.420,21.520,132024800
2019-08-14,21.970,21.970,21.370,21.470,87058360
2019-08-15,21.220,21.820,21.120,21.720,115962600
2019-08-16,21.670,22.070,21.570,22.020,90216410
2019-08-19,22.220,22.620,22.220,22.470,69817488
2019-08-21,22.420,22.570,22.320,22.520,94845899
2019-08-22,22.520,22.520,22.170,22.320,103427228
2019-08-23,22.270,22.520,22.170,22.420,62635447
2019-08-26,21.620,21.970,21.470,21.970,146369894
2019-08-27,21.970,22.070,21.820,21.920,88264649
2019-08-28,22.020,22.120,21.820,21.870,64730790
2019-08-29,21.870,22.020,21.620,21.970,61319786
2019-08-30,22.320,22.320,21.820,22.020,85223345
2019-09-02,21.870,21.970,21.770,21.920,51248932
2019-09-03,21.920,22.020,21.770,21.820,62159404
2019-09-04,21.920,23.070,21.920,22.820,116406392
2019-09-05,22.870,23.170,22.620,22.920,54012900
2019-09-06,23.120,23.170,22.870,22.970,96897467
2019-09-09,23.070,23.170,22.970,23.070,89071255
2019-09-10,23.170,23.220,22.970,23.070,49071424
2019-09-11,23.170,23.570,23.070,23.470,90324910
2019-09-12,23.720,23.720,23.370,23.470,61080860
2019-09-13,23.570,23.820,23.470,23.720,66372571
2019-09-16,23.620,23.620,23.370,23.470,71374309
2019-09-17,23.420,23.420,23.070,23.170,49162208
2019-09-18,23.220,23.320,23.120,23.170,35200428
2019-09-19,23.170,23.220,22.770,22.870,71500202
2019-09-20,22.970,23.020,22.820,22.870,107658107
2019-09-23,22.770,22.920,22.570,22.620,53140708
2019-09-24,22.720,22.820,22.670,22.720,41105540
2019-09-25,22.570,22.620,22.320,22.370,91839396
2019-09-26,22.420,22.520,22.320,22.420,53709197
2019-09-27,22.370,22.470,22.220,22.370,48848050
2019-09-30,22.220,22.570,22.170,22.470,64591820
2019-10-02,22.270,22.520,22.170,22.420,55845942
2019-10-03,22.220,22.620,22.220,22.520,86275240
2019-10-04,22.570,22.570,21.970,22.220,75955344
2019-10-08,22.220,22.670,22.120,22.320,75140488
2019-10-09,22.170,22.270,22.070,22.120,56921587
2019-10-10,22.020,22.270,21.970,22.120,51400322
2019-10-11,22.370,22.870,22.370,22.820,101862855
2019-10-14,22.970,23.120,22.820,22.970,85379861
2019-10-15,23.020,23.070,22.870,22.920,48833172
2019-10-16,22.970,23.170,22.820,23.070,90047787
2019-10-17,23.170,23.420,23.170,23.320,73675252
2019-10-18,23.320,23.470,23.070,23.170,79190337
2019-10-21,23.170,23.270,23.120,23.120,83895448
2019-10-22,23.220,23.320,23.170,23.220,49147884
2019-10-23,23.220,23.270,22.920,23.020,85130557
2019-10-24,23.070,23.320,23.020,23.170,58403635
2019-10-25,23.220,23.270,23.070,23.170,40880957
2019-10-28,23.220,23.470,23.220,23.320,72586937
2019-10-29,23.520,23.520,23.170,23.270,81339245
2019-10-30,23.220,23.270,23.070,23.120,78019348
2019-10-31,23.300,23.500,23.150,23.350,46923492
2019-11-01,23.250,23.600,23.250,23.600,61181768
2019-11-04,23.800,24.050,23.750,24.050,80437283
2019-11-05,24.200,24.200,23.900,24.150,87727823
2019-11-06,24.100,24.250,23.950,24.150,86210010
2019-11-07,24.100,24.400,23.950,24.300,88562441
2019-11-08,24.350,24.350,24.050,24.100,70597436
2019-11-11,23.850,23.850,23.250,23.400,100573424
2019-11-12,23.550,23.550,23.250,23.500,132943563
2019-11-13,23.200,23.200,22.900,23.000,58659960
2019-11-14,23.000,23.100,22.650,22.850,77051222
2019-11-15,23.000,23.050,22.750,22.800,62294583
2019-11-18,22.900,23.150,22.850,23.100,72785594
2019-11-19,23.100,23.600,23.050,23.550,85571692
2019-11-20,23.350,23.450,23.250,23.350,44435164
2019-11-21,23.050,23.050,22.750,22.900,96333978
2019-11-22,23.050,23.150,22.950,23.050,52534353
2019-11-25,23.150,23.600,23.150,23.450,29884976
2019-11-26,23.700,23.750,23.400,23.400,52343758
2019-11-27,23.400,23.500,23.350,23.450,39484533
2019-11-28,23.300,23.500,23.250,23.350,34769427
2019-11-29,23.350,23.350,22.750,22.800,80370437
2019-12-02,22.950,23.000,22.850,22.950,38406728
2019-12-03,22.800,22.950,22.500,22.850,97660808
2019-12-04,22.500,22.650,22.450,22.550,51298151
2019-12-05,22.700,22.750,22.550,22.750,27618048
2019-12-06,22.850,23.050,22.800,22.950,30535397
2019-12-09,22.900,23.100,22.900,23.000,81210016
2019-12-10,22.900,23.050,22.850,22.900,47959416
2019-12-11,22.900,23.200,22.850,23.100,98854926
2019-12-12,23.250,23.550,23.250,23.500,109595687
2019-12-13,24.000,24.200,23.900,24.150,139479853
2019-12-16,24.100,24.250,23.950,24.000,51941295
2019-12-17,24.200,24.400,24.050,24.300,100498172
2019-12-18,24.350,24.500,24.250,24.350,107599518
2019-12-19,24.450,24.450,24.150,24.300,46900379
2019-12-20,24.300,24.500,24.250,24.450,92567777
2019-12-23,24.500,24.500,24.300,24.400,65703353
2019-12-24,24.400,24.450,24.250,24.300,34979521
2019-12-27,24.600,24.750,24.500,24.700,36697521
2019-12-30,24.750,24.950,24.650,24.850,85592063
2019-12-31,24.750,24.800,24.600,24.750,50580263
2020-01-02,24.800,25.050,24.700,25.000,95691454
2020-01-03,25.300,25.400,24.900,24.950,112058550
2020-01-06,24.750,24.900,24.500,24.750,107027624
2020-01-07,24.850,25.000,24.700,24.750,54893927
2020-01-08,24.400,24.700,24.300,24.550,142130403
2020-01-09,24.850,25.100,24.800,25.100,67247491
2020-01-10,25.150,25.200,24.950,25.100,69392727
2020-01-13,25.200,25.500,25.150,25.450,102474373
2020-01-14,25.650,25.650,25.300,25.350,120942370
2020-01-15,25.400,25.500,25.100,25.250,86418877
2020-01-16,25.300,25.500,25.200,25.300,85179535
2020-01-17,25.450,25.600,25.300,25.500,49843734
2020-01-20,25.600,25.650,25.250,25.250,89520667
2020-01-21,25.100,25.100,24.450,24.450,155784590
2020-01-22,24.600,24.900,24.400,24.850,110731679
2020-01-23,24.550,24.600,24.150,24.300,143550990
2020-01-24,24.300,24.450,24.250,24.450,31728068
2020-01-29,23.550,23.850,23.550,23.600,101137185
2020-01-30,23.500,23.650,22.800,22.950,106728215
2020-01-31,23.200,23.300,22.750,22.800,98950650
2020-02-03,22.700,23.000,22.600,22.800,120022848
2020-02-04,22.950,23.200,22.900,23.150,114514463
2020-02-05,23.350,23.400,23.100,23.250,143123827
2020-02-06,23.400,24.150,23.400,24.000,151770178
2020-02-07,23.800,23.900,23.700,23.850,86692761
2020-02-10,23.550,23.800,23.500,23.700,104720360
2020-02-11,23.950,24.200,23.900,24.050,86362866
2020-02-12,24.200,24.400,24.100,24.350,94604806
2020-02-13,24.350,24.400,24.150,24.250,54798571
2020-02-14,24.200,24.500,24.200,24.300,55702178
2020-02-17,24.300,24.550,24.250,24.450,115686010
2020-02-18,24.250,24.250,24.000,24.000,83984895
2020-02-19,24.050,24.250,24.000,24.150,105140351
2020-02-20,24.250,24.300,23.850,24.050,62147226
2020-02-21,23.900,23.950,23.750,23.800,60029737
2020-02-24,23.650,23.650,23.250,23.350,169033039
2020-02-25,23.200,23.400,23.150,23.400,122948061
2020-02-26,23.000,23.250,22.950,23.250,144047975
2020-02-27,23.050,23.450,22.950,23.450,136083225
2020-02-28,22.800,22.900,22.500,22.750,185048108
2020-03-02,22.650,23.000,22.650,22.950,95848245
2020-03-03,23.300,23.300,22.800,22.900,102995570
2020-03-04,22.900,23.000,22.550,22.850,91543405
2020-03-05,22.900,23.400,22.850,23.350,97493042
2020-03-06,23.050,23.050,22.600,22.800,60076836
2020-03-09,22.300,22.300,21.600,21.750,89828343
2020-03-10,21.850,22.200,21.550,22.000,70895805
2020-03-11,22.100,22.100,21.700,21.900,44638826
2020-03-12,21.500,21.600,20.750,20.950,130019303
2020-03-13,19.800,20.850,19.100,20.650,97758110
2020-03-16,20.000,20.250,19.400,19.800,119235166
2020-03-17,19.800,20.100,19.250,19.900,129553511
2020-03-18,19.700,20.050,18.700,18.950,104223423
2020-03-19,18.900,19.050,17.650,18.300,124290338
2020-03-20,18.750,19.400,18.750,19.400,55333764
2020-03-23,18.250,18.650,18.200,18.300,65169679
2020-03-24,19.050,19.350,18.950,19.350,71232555
2020-03-25,19.800,20.250,19.600,20.100,87995501
2020-03-26,19.850,20.150,19.700,19.900,70464827
2020-03-27,20.400,20.450,19.900,20.050,96234849
2020-03-30,19.550,20.050,19.500,19.700,112256740
2020-03-31,20.100,20.250,19.800,20.150,60197538
2020-04-01,19.850,20.150,19.450,19.600,79926471
2020-04-02,19.300,19.800,19.250,19.800,44149742
2020-04-03,19.700,19.800,19.550,19.750,34328247
2020-04-06,20.100,20.400,19.800,20.250,44548477
2020-04-07,20.600,20.850,20.300,20.800,89159307
2020-04-08,20.650,20.750,20.350,20.500,69780885
2020-04-09,20.700,20.900,20.550,20.800,68922530
2020-04-14,20.800,21.100,20.800,21.000,43768033
2020-04-15,21.050,21.200,20.550,20.600,78414497
2020-04-16,20.500,20.650,20.350,20.550,82430263
2020-04-17,21.000,21.250,20.800,20.850,99014430
2020-04-20,20.900,21.050,20.700,20.900,93356460
2020-04-21,20.750,20.800,20.150,20.300,87513044
2020-04-22,20.050,20.500,19.950,20.400,108986661
2020-04-23,20.500,20.650,20.300,20.450,95814392
2020-04-24,20.400,20.500,20.250,20.350,60422794
2020-04-27,20.600,20.900,20.600,20.800,70193900
2020-04-28,20.940,21.190,20.690,21.140,52651762
2020-04-29,21.240,21.440,21.090,21.140,86205347
2020-05-04,20.390,20.390,20.090,20.140,69311051
2020-05-05,20.240,20.490,20.190,20.390,46857955
2020-05-06,20.340,20.790,20.340,20.740,82705898
2020-05-07,20.590,20.640,20.440,20.540,47857289
2020-05-08,20.740,20.840,20.640,20.790,73225297
2020-05-11,20.990,21.340,20.990,21.190,75152415
2020-05-12,20.940,20.990,20.640,20.840,65784729
2020-05-13,20.640,20.940,20.540,20.740,73324055
2020-05-14,20.640,20.640,20.340,20.390,65820411
2020-05-15,20.390,20.590,20.240,20.390,89797013
2020-05-18,20.340,20.590,20.290,20.590,42696146
2020-05-19,20.990,21.190,20.890,20.990,60472570
2020-05-20,20.990,21.140,20.890,21.040,52810064
2020-05-21,21.090,21.140,20.790,20.840,64763338
2020-05-22,20.440,20.440,19.440,19.540,174610313
2020-05-25,19.390,19.640,19.140,19.540,110547335
2020-05-26,19.790,20.140,19.790,20.040,149869942
2020-05-27,20.140,20.140,19.740,19.890,96003774
2020-05-28,19.740,20.090,19.390,19.740,208391411
2020-05-29,19.390,19.740,19.390,19.590,155968233
2020-06-01,20.190,20.510,20.190,20.370,122753194
2020-06-02,20.410,20.690,20.390,20.650,176613547
2020-06-03,21.070,21.110,20.930,21.070,124125743
2020-06-04,21.330,21.370,20.970,21.110,156556550
2020-06-05,21.110,21.610,21.030,21.530,115610853
2020-06-08,21.730,21.810,21.450,21.530,114933961
2020-06-09,21.650,22.030,21.610,21.830,67431367
2020-06-10,21.870,22.110,21.750,21.850,129640187
2020-06-11,21.850,21.870,21.250,21.250,128960030
2020-06-12,20.770,21.130,20.690,21.090,65212851
2020-06-15,20.810,21.050,20.450,20.590,67236368
2020-06-16,21.130,21.330,21.090,21.190,54592593
2020-06-17,21.170,21.330,20.970,21.290,38810665
2020-06-18,21.190,21.270,20.890,21.270,34244296
2020-06-19,21.250,21.590,21.110,21.450,64024140
2020-06-22,21.370,21.490,21.230,21.390,42924172
2020-06-23,21.370,21.770,21.010,21.750,69170630
2020-06-24,21.910,21.950,21.630,21.630,41065891
2020-06-26,21.490,21.610,21.390,21.390,39282351
2020-06-29,21.390,21.470,20.950,21.150,70949437
2020-06-30,21.390,21.470,21.110,21.290,47687366
2020-07-02,21.630,22.130,21.630,22.090,56071003
2020-07-03,22.190,22.470,22.170,22.310,76449395
2020-07-06,22.530,23.490,22.530,23.330,164419286
2020-07-07,23.570,23.850,22.970,23.030,112920333
2020-07-08,23.150,23.390,22.950,23.130,67476611
2020-07-09,23.370,23.450,23.070,23.270,39781160
2020-07-10,22.990,23.210,22.610,22.730,68037043
2020-07-13,22.890,23.170,22.790,22.870,35898160
2020-07-14,22.750,22.750,22.310,22.550,50108482
2020-07-15,22.870,22.970,22.370,22.570,57137181
2020-07-16,22.570,22.670,21.970,22.050,52858074
2020-07-17,22.210,22.330,22.070,22.190,48186109
2020-07-20,22.170,22.270,21.790,22.110,43464011
2020-07-21,22.470,22.670,22.410,22.670,31669935
2020-07-22,22.630,22.850,22.070,22.070,132662202
2020-07-23,22.210,22.390,22.030,22.290,18536304
2020-07-24,22.130,22.190,21.650,21.750,50411461
2020-07-27,21.950,22.050,21.590,21.750,44898682
2020-07-28,21.990,22.010,21.730,21.850,30236273
2020-07-29,21.850,21.970,21.730,21.910,23270483
2020-07-30,21.990,22.270,21.650,21.730,63944454
2020-07-31,21.770,22.030,21.590,21.650,45245856
2020-08-03,21.650,21.670,21.290,21.510,34523571
2020-08-04,21.690,22.150,21.590,22.010,42005921
2020-08-05,22.090,22.250,21.930,22.190,41502814
2020-08-06,22.230,22.270,21.670,21.990,47394786
2020-08-07,21.950,21.950,21.230,21.570,50509750
2020-08-10,21.390,21.570,21.310,21.490,34776265
2020-08-11,21.630,22.090,21.630,21.950,45879029
2020-08-12,21.890,22.370,21.730,22.270,65729272
2020-08-13,22.430,22.530,22.190,22.290,64156897
2020-08-14,22.270,22.450,22.130,22.210,65480833
2020-08-17,22.250,22.670,22.250,22.390,80995616
2020-08-18,22.450,22.530,22.310,22.410,57547908
2020-08-19,22.390,22.430,22.150,22.270,23154645
2020-08-20,22.090,22.090,21.670,21.830,71184466
2020-08-21,21.990,22.270,21.950,22.170,55746563
2020-08-24,22.370,22.650,22.370,22.570,88492781
2020-08-25,22.670,22.690,22.430,22.550,61338340
2020-08-26,22.570,22.690,22.410,22.510,36487012
2020-08-27,22.550,22.610,22.270,22.350,55921651
2020-08-28,22.330,22.890,22.330,22.510,97626559
2020-08-31,22.690,22.950,22.230,22.230,95589601
2020-09-01,22.290,22.390,22.030,22.270,63275147
2020-09-02,22.290,22.370,22.030,22.210,79730594
2020-09-03,22.170,22.370,21.970,22.110,66067349
2020-09-04,21.870,21.990,21.610,21.910,142764473
2020-09-07,21.770,22.050,21.630,21.830,92890901
2020-09-08,21.910,21.930,21.470,21.770,109910470
2020-09-09,21.490,21.670,21.350,21.630,105657537
2020-09-10,21.790,21.790,21.450,21.530,45830875
2020-09-11,21.530,21.730,21.430,21.650,46624013
2020-09-14,21.730,21.910,21.690,21.790,45188327
2020-09-15,21.770,21.970,21.750,21.910,45849724
2020-09-16,21.930,22.030,21.810,21.870,40006217
2020-09-17,21.790,21.870,21.410,21.510,64867486
2020-09-18,21.630,21.650,21.470,21.630,48822387
2020-09-21,21.630,21.750,21.090,21.110,124941905
2020-09-22,21.010,21.070,20.830,20.890,93247378
2020-09-23,20.870,20.970,20.710,20.910,91849416
2020-09-24,20.730,20.750,20.370,20.510,134397017
2020-09-25,20.610,20.670,20.290,20.450,77083932
2020-09-28,20.630,20.690,20.410,20.670,79254256
2020-09-29,20.730,20.730,20.410,20.470,70395345
2020-09-30,20.590,20.970,20.530,20.670,56320305
2020-10-05,21.110,21.110,20.830,20.910,52447556
2020-10-06,21.010,21.190,21.010,21.170,41529205
2020-10-07,21.170,21.450,21.090,21.450,51322696
2020-10-08,21.430,21.430,21.190,21.330,74046496
2020-10-09,21.490,21.530,21.230,21.370,30779128
2020-10-12,21.410,21.910,21.370,21.870,47534936
2020-10-14,21.950,21.950,21.670,21.810,49829090
2020-10-15,21.770,21.770,21.270,21.290,79376147
2020-10-16,21.430,21.650,21.390,21.590,52032884
2020-10-19,21.690,21.970,21.650,21.710,54672234
2020-10-20,21.710,21.790,21.630,21.730,66273751
2020-10-21,21.870,22.090,21.810,21.930,83432750
2020-10-22,21.850,22.010,21.730,21.950,51803913
2020-10-23,21.930,22.170,21.850,22.090,48713861
2020-10-27,21.950,22.030,21.770,21.910,37362207
2020-10-28,21.910,22.010,21.770,21.850,62531482
2020-10-29,21.570,21.850,21.430,21.770,78352587
2020-10-30,21.650,21.770,21.190,21.290,79283571
2020-11-02,21.410,21.670,21.410,21.650,46754138
2020-11-03,21.850,22.270,21.850,22.170,84218849
2020-11-04,22.050,22.290,21.890,22.050,100126031
2020-11-05,22.710,22.870,22.510,22.750,84654671
2020-11-06,22.930,22.990,22.750,22.930,87980136
2020-11-09,23.350,23.390,23.150,23.210,72290066
2020-11-10,23.550,23.650,23.270,23.450,83898696
2020-11-11,23.370,23.650,23.370,23.450,97636305
2020-11-12,23.570,23.690,23.270,23.390,166116917
2020-11-13,23.290,23.370,23.130,23.350,91234196
2020-11-16,23.630,23.630,23.410,23.590,92118685
2020-11-17,23.670,23.730,23.550,23.630,71577163
2020-11-18,23.630,23.850,23.570,23.730,124478212
2020-11-19,23.670,23.670,23.530,23.570,117289137
2020-11-20,23.630,23.770,23.550,23.630,86855298
2020-11-23,23.830,23.890,23.590,23.690,62833738
2020-11-24,23.710,23.810,23.630,23.790,80822471
2020-11-25,23.990,24.270,23.810,23.830,180749789
2020-11-26,23.850,24.010,23.850,23.990,81798731
2020-11-27,24.010,24.250,23.930,24.130,91551465
2020-11-30,24.090,24.150,23.570,23.610,70778729
2020-12-01,23.650,23.870,23.610,23.770,138963572
2020-12-02,23.770,23.830,23.570,23.730,126219020
2020-12-03,23.770,24.030,23.770,23.950,142320347
2020-12-04,23.970,24.050,23.870,24.030,110577585
2020-12-07,24.010,24.010,23.470,23.670,207037986
2020-12-08,23.670,23.670,23.490,23.510,61081291
2020-12-09,23.630,23.910,23.630,23.730,100417252
2020-12-10,23.630,23.670,23.490,23.650,51166053
2020-12-11,23.750,23.930,23.670,23.750,83817969
2020-12-14,23.750,23.750,23.530,23.630,106098005
2020-12-15,23.610,23.610,23.330,23.450,108816090
2020-12-16,23.550,23.730,23.530,23.730,65183729
2020-12-17,23.730,23.910,23.630,23.910,76375643
2020-12-18,23.850,23.870,23.570,23.650,90258555
2020-12-21,23.650,23.730,23.490,23.510,65747097
2020-12-22,23.470,23.590,23.210,23.350,80171852
2020-12-23,23.310,23.570,23.290,23.570,54078882
2020-12-24,23.570,23.710,23.470,23.650,39009073
2020-12-28,23.630,23.750,23.510,23.530,96582169
2020-12-29,23.670,23.830,23.650,23.790,73601104
2020-12-30,23.850,24.410,23.850,24.390,154202172
2020-12-31,24.430,24.590,24.390,24.450,140603964
2021-01-04,24.410,24.730,24.370,24.690,228402605
2021-01-05,24.530,24.930,24.390,24.790,139782911
2021-01-06,24.850,24.990,24.630,24.890,145424037
2021-01-07,24.890,24.970,24.670,24.750,134972086
2021-01-08,24.770,25.170,24.770,25.070,137061944
2021-01-11,25.170,25.390,24.970,25.170,181701554
2021-01-12,25.050,25.490,24.990,25.450,93943696
2021-01-13,25.450,25.610,25.370,25.450,83291762
2021-01-14,25.570,25.730,25.490,25.690,68101095
2021-01-15,25.650,25.890,25.530,25.830,119929592
2021-01-18,25.630,26.070,25.610,26.050,113377041
2021-01-19,26.270,27.130,26.270,26.850,199207037
2021-01-20,26.850,27.210,26.850,27.130,109706843
2021-01-21,27.170,27.390,27.010,27.110,141578283
2021-01-22,27.050,27.110,26.630,26.670,115067230
2021-01-25,26.870,27.410,26.870,27.330,87663207
2021-01-26,27.150,27.190,26.570,26.610,149976152
2021-01-27,26.670,26.850,26.430,26.510,95880766
2021-01-28,26.170,26.370,25.650,25.750,247389991
2021-01-29,25.950,26.130,25.470,25.510,141637546
2021-02-01,25.590,26.210,25.590,26.110,129783654
2021-02-02,26.310,26.710,26.310,26.470,81083580
2021-02-03,26.530,26.530,26.170,26.510,95317398
2021-02-04,26.370,26.630,25.990,26.290,107379704
2021-02-05,26.510,26.710,26.390,26.530,174172378
2021-02-08,26.770,26.930,26.490,26.550,152370247
2021-02-09,26.590,26.750,26.490,26.630,106806595
2021-02-10,26.910,27.330,26.910,27.310,102634411
2021-02-11,27.230,27.390,27.050,27.370,88185874
2021-02-16,27.770,28.030,27.730,27.950,146038534
2021-02-17,27.750,28.390,27.690,28.290,156462589
2021-02-18,28.350,28.350,27.770,27.830,278673260
2021-02-19,27.750,27.910,27.310,27.850,176854354
2021-02-22,28.070,28.230,27.490,27.570,170119979
2021-02-23,27.450,28.190,27.390,27.850,139979605
2021-02-24,28.050,28.050,26.790,26.930,340256196
2021-02-25,27.290,27.670,27.050,27.370,260385453
2021-02-26,26.750,26.810,26.230,26.270,265158847
2021-03-01,26.590,26.730,26.410,26.630,63139114
2021-03-02,26.790,26.970,26.170,26.290,307064616
2021-03-03,26.350,27.150,26.350,27.050,144071549
2021-03-04,26.630,26.810,26.310,26.470,159091833
2021-03-05,26.050,26.610,25.750,26.290,259968152
2021-03-08,26.630,26.630,25.650,25.790,92655836
2021-03-09,25.910,26.290,25.610,26.010,136263489
2021-03-10,26.350,26.390,25.990,26.190,65562530
2021-03-11,26.230,26.730,26.230,26.630,77424032
2021-03-12,26.850,26.850,26.030,26.050,93625000
2021-03-15,26.210,26.470,25.950,26.170,123480221
2021-03-16,26.370,26.430,26.170,26.310,82439909
2021-03-17,26.330,26.490,26.090,26.350,107180831
2021-03-18,26.630,26.890,26.630,26.710,115320699
2021-03-19,26.530,26.570,26.050,26.230,65560557
2021-03-22,26.130,26.450,26.110,26.150,52206663
2021-03-23,26.230,26.310,25.670,25.850,130071848
2021-03-24,25.770,25.810,25.110,25.170,73412137
2021-03-25,25.030,25.310,24.830,25.210,75622007
2021-03-26,25.310,25.730,25.310,25.610,60283922
2021-03-29,25.610,25.810,25.430,25.670,71440110
2021-03-30,25.730,26.030,25.690,25.870,70138159
2021-03-31,26.050,26.090,25.650,25.710,51539018
2021-04-01,25.870,26.270,25.810,26.210,119073490
2021-04-07,26.370,26.410,25.910,25.950,70149604
2021-04-08,25.810,26.390,25.810,26.330,61542723
2021-04-09,26.370,26.370,25.910,26.050,109682038
2021-04-12,26.050,26.110,25.590,25.690,92656958
2021-04-13,25.830,26.190,25.750,25.970,97292551
2021-04-14,26.050,26.310,25.990,26.250,111558109
2021-04-15,26.190,26.190,25.830,26.070,74662090
2021-04-16,26.130,26.390,26.010,26.290,138701013
2021-04-19,26.290,26.650,26.090,26.430,68458582
2021-04-20,26.250,26.530,26.170,26.410,82873525
2021-04-21,26.070,26.070,25.810,25.950,113423937
2021-04-22,26.030,26.150,25.910,26.050,111073126
2021-04-23,26.050,26.430,26.050,26.410,66272214
2021-04-26,26.410,26.590,26.230,26.270,96886088
2021-04-27,26.210,26.370,26.150,26.210,84068362
2021-04-28,26.250,26.390,26.210,26.390,69781158
2021-04-29,26.520,26.760,26.500,26.640,86663710
2021-04-30,26.440,26.460,25.980,25.980,92409350
2021-05-03,26.040,26.040,25.580,25.660,127876293
2021-05-04,25.680,25.960,25.660,25.960,64161714
2021-05-05,25.780,26.040,25.680,25.820,76845974
2021-05-06,25.920,26.140,25.720,25.960,109670006
2021-05-07,26.120,26.240,25.900,26.000,136163189
2021-05-10,26.140,26.220,25.820,25.920,54038944
2021-05-11,25.620,25.620,25.260,25.300,213603503
2021-05-12,25.360,25.580,25.240,25.580,223281629
2021-05-13,25.280,25.420,25.080,25.160,153172831
2021-05-14,25.280,25.440,25.080,25.380,132378939
2021-05-17,25.480,25.640,25.420,25.560,142414904
2021-05-18,25.700,26.020,25.700,25.960,99167757
2021-05-20,25.700,25.880,25.660,25.800,121690206
2021-05-21,25.900,25.960,25.680,25.820,147652140
2021-05-24,25.820,25.860,25.600,25.840,54810736
2021-05-25,25.880,26.380,25.880,26.360,122001934
2021-05-26,26.400,26.740,26.400,26.560,164987331
2021-05-27,26.560,26.640,26.440,26.560,168068872
2021-05-28,26.620,26.840,26.540,26.600,118076804
2021-05-31,26.600,26.640,26.400,26.580,112240105
2021-06-01,26.580,26.980,26.540,26.960,98728369
2021-06-02,26.940,27.000,26.700,26.760,90801081
2021-06-03,26.760,26.880,26.420,26.440,98427372
2021-06-04,26.320,26.560,26.260,26.420,111515232
2021-06-07,26.480,26.520,26.160,26.320,88395722
2021-06-08,26.400,26.520,26.160,26.300,131938862
2021-06-09,26.320,26.380,26.200,26.280,55672011
2021-06-10,26.280,26.480,26.180,26.260,85369409
2021-06-11,26.340,26.500,26.260,26.380,90191570
2021-06-15,26.440,26.440,25.980,26.180,108019194
2021-06-16,26.180,26.180,25.960,25.980,72146050
2021-06-17,25.840,26.060,25.720,26.060,85506564
2021-06-18,26.080,26.360,26.040,26.340,120050435
2021-06-21,26.100,26.140,25.880,26.040,128110956
2021-06-22,26.120,26.120,25.820,25.840,72478803
2021-06-23,25.980,26.460,25.960,26.400,98731810
2021-06-24,26.400,26.540,26.340,26.460,82759202
2021-06-25,26.540,26.880,26.520,26.800,97693380
2021-06-28,26.820,26.940,26.820,26.820,30504304
2021-06-29,26.820,26.860,26.520,26.600,88806525
2021-06-30,26.660,26.740,26.420,26.420,53109935
2021-07-02,26.420,26.420,25.860,25.920,119439414
2021-07-05,25.880,25.960,25.700,25.820,103797915
2021-07-06,25.820,25.820,25.520,25.740,135749753
2021-07-07,25.660,25.720,25.440,25.720,122170518
2021-07-08,25.580,25.620,24.820,24.920,196854803
2021-07-09,24.920,25.180,24.580,25.120,124739519
2021-07-12,25.320,25.420,25.120,25.280,112584027
2021-07-13,25.380,25.740,25.340,25.660,129453937
2021-07-14,25.620,25.620,25.400,25.480,136726760
2021-07-15,25.480,25.900,25.460,25.680,129869836
2021-07-16,25.600,25.940,25.560,25.780,174129857
2021-07-19,25.460,25.460,25.100,25.180,129778315
2021-07-20,25.080,25.260,24.820,24.940,195598372
2021-07-21,25.080,25.080,24.660,24.940,206168694
2021-07-22,25.140,25.480,25.140,25.420,96105716
2021-07-23,25.420,25.420,24.920,25.040,142216153
2021-07-26,24.680,24.680,23.880,23.880,304025928
2021-07-27,23.720,24.040,22.440,22.840,392320825
2021-07-28,23.180,23.220,22.540,23.220,224807879
2021-07-29,23.800,24.040,23.540,24.020,287262714
2021-07-30,23.740,23.860,23.340,23.700,170931870
2021-08-02,23.740,24.020,23.460,23.900,132804970
2021-08-03,23.920,23.960,23.480,23.860,163455490
2021-08-04,23.800,24.340,23.700,24.120,104254517
2021-08-05,24.100,24.260,23.820,23.900,139972359
2021-08-06,23.900,23.980,23.680,23.880,141828729
2021-08-09,23.680,24.220,23.600,23.940,110178501
2021-08-10,24.120,24.300,23.820,24.260,202917571
2021-08-11,24.180,24.520,24.120,24.320,158300464
2021-08-12,24.320,24.400,24.080,24.160,123058958
2021-08-13,24.060,24.240,23.900,24.080,155368775
2021-08-16,24.060,24.160,23.760,23.900,58478965
2021-08-17,23.880,23.960,23.320,23.440,174872152
2021-08-18,23.500,23.720,23.420,23.560,169612853
2021-08-19,23.480,23.540,22.920,23.020,216318363
2021-08-20,23.020,23.020,22.300,22.560,249303762
2021-08-23,22.860,23.200,22.760,22.860,152536673
2021-08-24,23.160,23.420,23.080,23.420,130935414
2021-08-25,23.600,23.740,23.320,23.440,103494422
2021-08-26,23.320,23.460,23.020,23.160,105433988
2021-08-27,23.160,23.420,23.080,23.140,43539144
2021-08-30,23.160,23.340,22.960,23.280,28772276
2021-08-31,23.260,23.600,22.880,23.600,91394001
2021-09-01,23.580,23.860,23.440,23.780,186144619
2021-09-02,23.900,24.160,23.780,23.880,127276466
2021-09-03,23.760,23.880,23.620,23.720,32987358
2021-09-06,23.720,23.980,23.640,23.940,69575356
2021-09-07,23.980,24.260,23.900,24.160,123919910
2021-09-08,24.160,24.360,23.980,24.080,125152959
2021-09-09,23.900,23.940,23.460,23.520,75659942
2021-09-10,23.660,24.040,23.660,24.020,170895552
2021-09-13,23.720,23.720,23.400,23.640,202536124
2021-09-14,23.660,23.740,23.200,23.340,185164908
2021-09-15,23.180,23.260,22.820,22.960,204130999
2021-09-16,22.880,22.880,22.340,22.540,127594016
2021-09-17,22.480,22.760,22.260,22.760,84603738
2021-09-20,22.520,22.520,21.700,21.940,292965897
2021-09-21,21.740,22.100,21.620,22.040,218963432
2021-09-23,22.360,22.660,22.140,22.360,187960886
2021-09-24,22.280,22.460,21.900,22.040,83459287
2021-09-27,21.980,22.340,21.980,22.000,104754659
2021-09-28,22.080,22.500,22.060,22.300,235192042
2021-09-29,22.160,22.540,21.880,22.500,212061623
2021-09-30,22.340,22.500,22.180,22.400,71078931
2021-10-04,22.340,22.340,21.740,21.900,149813771
2021-10-05,21.620,22.040,21.540,21.940,180428381
2021-10-06,22.060,22.060,21.640,21.800,242161618
2021-10-07,22.120,22.600,22.120,22.540,71846188
2021-10-08,22.800,22.820,22.460,22.660,258944983
2021-10-11,22.880,23.280,22.880,23.120,126088908
2021-10-12,22.880,23.020,22.720,22.780,144967252
2021-10-15,23.000,23.160,22.760,23.160,198904310
2021-10-18,23.260,23.280,22.960,23.280,169890340
2021-10-19,23.340,23.680,23.320,23.620,109018342
2021-10-20,23.840,24.060,23.740,24.000,168641518
2021-10-21,23.980,24.080,23.680,23.800,203081360
2021-10-22,23.940,24.020,23.820,23.940,114325908
2021-10-25,23.860,24.060,23.760,23.960,63407691
2021-10-26,24.060,24.060,23.740,23.860,112252731
2021-10-27,23.620,23.620,23.400,23.460,100978240
2021-10-28,23.460,23.580,23.300,23.360,133484358
2021-10-29,23.360,23.360,23.160,23.240,119120618
2021-11-01,23.140,23.160,22.820,23.020,119223633
2021-11-02,23.360,23.480,22.880,23.020,118401062
2021-11-03,22.900,23.040,22.640,22.880,126020555
2021-11-04,22.980,23.100,22.840,23.100,80502478
2021-11-05,22.840,22.900,22.560,22.800,158204889
2021-11-08,22.700,22.700,22.520,22.680,155069948
2021-11-09,22.780,22.820,22.540,22.680,83223048
2021-11-10,22.620,22.880,22.320,22.880,208461285
2021-11-11,22.740,23.200,22.660,23.160,92441060
2021-11-12,23.380,23.380,23.060,23.220,105369599
2021-11-15,23.280,23.320,23.080,23.280,91847053
2021-11-16,23.320,23.620,23.260,23.520,106885999
2021-11-17,23.460,23.520,23.360,23.500,136394741
2021-11-18,23.240,23.280,23.080,23.120,125771052
2021-11-19,22.820,22.940,22.660,22.900,156635814
2021-11-22,22.920,22.980,22.740,22.820,90297639
2021-11-23,22.580,22.680,22.460,22.540,125764402
2021-11-24,22.600,22.720,22.420,22.580,91987875
2021-11-25,22.540,22.640,22.380,22.640,120091303
2021-11-26,22.400,22.400,21.920,21.980,127849172
2021-11-29,21.840,22.020,21.620,21.860,209546164
2021-11-30,21.820,21.820,21.020,21.340,228092887
2021-12-01,21.440,21.740,21.420,21.560,69429514
2021-12-02,21.460,21.680,21.380,21.680,120228802
2021-12-03,21.600,21.680,21.300,21.640,137673000
2021-12-06,21.320,21.500,21.180,21.220,156605173
2021-12-07,21.540,21.860,21.380,21.860,119866887
2021-12-08,21.920,21.940,21.760,21.880,87442525
2021-12-09,22.020,22.180,22.020,22.100,85882002
2021-12-10,21.940,22.100,21.780,21.840,116763136
2021-12-13,22.080,22.240,21.800,21.860,104282674
2021-12-14,21.560,21.680,21.440,21.480,109230893
2021-12-15,21.540,21.600,21.200,21.300,119409660
2021-12-16,21.240,21.400,21.020,21.380,188671973
2021-12-17,21.360,21.360,21.020,21.060,172463532
2021-12-20,20.940,21.020,20.540,20.620,120704654
2021-12-21,20.640,20.940,20.600,20.820,144791716
2021-12-22,21.040,21.100,20.840,20.920,61533742
2021-12-23,21.020,21.120,20.900,21.060,96107039
2021-12-24,21.240,21.240,21.040,21.100,23398952
2021-12-28,21.120,21.180,20.960,21.140,89272826
2021-12-29,21.100,21.100,20.860,20.920,103755282
2021-12-30,20.940,21.120,20.840,21.000,177232854
2021-12-31,21.360,21.460,21.240,21.240,47803685
2022-01-03,21.380,21.480,21.060,21.120,100227198
2022-01-04,21.240,21.300,21.000,21.160,74708335
2022-01-05,21.160,21.160,20.720,20.760,149530742
2022-01-06,20.720,20.940,20.580,20.940,116238361
2022-01-07,21.120,21.380,21.000,21.360,169287010
2022-01-10,21.340,21.640,21.260,21.560,187033452
2022-01-11,21.540,21.720,21.420,21.580,139938734
2022-01-12,21.840,22.240,21.840,22.220,193702156
2022-01-13,22.360,22.400,22.160,22.280,136488810
2022-01-14,22.020,22.240,22.000,22.200,163330265
2022-01-17,22.200,22.260,21.960,22.060,133736058
2022-01-18,22.100,22.260,21.880,21.980,121488166
2022-01-19,21.980,22.140,21.820,21.940,86583949
2022-01-20,22.080,22.820,22.080,22.800,120509638
2022-01-21,22.720,22.840,22.600,22.780,68885753
2022-01-24,22.620,22.660,22.440,22.520,112373404
2022-01-25,22.080,22.240,21.860,22.120,293789413
2022-01-26,22.220,22.340,21.980,22.120,180807801
2022-01-27,21.980,21.980,21.420,21.640,291671561
2022-01-28,21.700,21.740,21.360,21.400,162818577
2022-01-31,21.500,21.840,21.320,21.700,99039405
2022-02-04,22.100,22.480,22.000,22.420,220027120
2022-02-07,22.400,22.460,22.220,22.400,147467524
2022-02-08,22.400,22.420,22.020,22.200,112232200
2022-02-09,22.580,22.760,22.540,22.680,108838723
2022-02-10,22.880,22.880,22.520,22.760,165812867
2022-02-11,22.680,22.820,22.600,22.740,161166266
2022-02-14,22.540,22.600,22.340,22.400,117839230
2022-02-15,22.320,22.440,22.080,22.180,97270099
2022-02-16,22.440,22.620,22.400,22.540,83316978
2022-02-17,22.600,22.740,22.380,22.640,79639813
2022-02-18,22.560,22.620,22.140,22.200,157742281
2022-02-21,21.960,22.080,21.860,22.060,206095688
2022-02-22,21.620,21.680,21.200,21.340,245696511
2022-02-23,21.420,21.600,21.360,21.520,105482891
2022-02-24,21.060,21.220,20.640,20.780,275542543
2022-02-25,20.800,20.900,20.580,20.640,161061239
2022-02-28,20.620,20.640,20.260,20.600,150645680
2022-03-01,20.600,20.780,20.420,20.600,79088077
2022-03-02,20.400,20.540,20.140,20.220,76953861
2022-03-03,20.300,20.380,20.220,20.360,94225845
2022-03-04,19.840,19.880,19.680,19.780,192679175
2022-03-07,19.220,19.220,18.680,18.940,217260223
2022-03-08,19.000,19.160,18.480,18.600,262888986
2022-03-09,18.720,18.840,17.960,18.500,385661835
2022-03-10,18.900,19.020,18.620,18.820,189308317
2022-03-11,18.320,18.700,17.980,18.520,299614705
2022-03-14,18.140,18.140,17.340,17.520,374531525
2022-03-15,17.020,17.310,16.160,16.370,725229821
2022-03-16,16.870,18.040,16.480,17.960,959365527
2022-03-17,19.120,19.400,18.680,19.400,446335081
2022-03-18,19.120,19.560,18.840,19.380,346781338
2022-03-21,19.720,19.720,19.000,19.120,156740616
2022-03-22,19.260,19.840,19.180,19.800,134745528
2022-03-23,19.940,20.320,19.880,20.040,162530898
2022-03-24,19.860,20.140,19.800,19.860,89109173
2022-03-25,19.680,19.860,19.200,19.300,132397848
2022-03-28,19.320,19.700,19.140,19.600,91437684
2022-03-29,19.700,19.840,19.640,19.840,151972062
2022-03-30,20.020,20.300,19.960,20.120,123674302
2022-03-31,20.120,20.140,19.820,20.000,67751408
2022-04-01,19.620,19.980,19.460,19.980,150712483
2022-04-04,20.160,20.460,20.040,20.420,141865829
2022-04-06,20.180,20.180,19.940,19.980,93337163
2022-04-07,19.860,20.140,19.680,19.740,158108533
2022-04-08,19.680,19.820,19.480,19.820,159529589
2022-04-11,19.600,19.600,19.060,19.140,229730506
2022-04-12,19.200,19.440,18.900,19.240,160726582
2022-04-13,19.140,19.440,19.040,19.300,165232208
2022-04-14,19.340,19.520,19.280,19.440,160482665
2022-04-19,19.080,19.120,18.780,18.940,223582735
2022-04-20,18.880,19.140,18.800,18.840,100551024
2022-04-21,18.780,18.840,18.420,18.600,255424874
2022-04-22,18.340,18.640,18.100,18.560,198194659
2022-04-25,18.180,18.180,17.720,17.880,335529767
2022-04-26,17.940,18.180,17.760,17.860,177785714
2022-04-27,17.670,17.960,17.600,17.860,208013046
2022-04-28,18.020,18.200,17.860,18.180,238588290
2022-04-29,18.100,19.100,17.940,19.020,206283784
2022-05-03,18.840,19.220,18.540,19.020,107559286
2022-05-04,19.020,19.020,18.700,18.780,90084634
2022-05-05,19.080,19.200,18.680,18.680,126517083
2022-05-06,18.180,18.240,17.880,17.940,212494873
2022-05-10,17.260,17.670,17.100,17.520,167354025
2022-05-11,17.470,18.000,17.380,17.760,168822870
2022-05-12,17.430,17.630,17.260,17.270,103657448
2022-05-13,17.470,17.860,17.470,17.800,117490271
2022-05-16,18.000,18.080,17.680,17.860,48172951
2022-05-17,17.920,18.540,17.920,18.520,98356864
2022-05-18,18.500,18.640,18.300,18.540,142581838
2022-05-19,18.060,18.220,17.840,18.080,133236386
2022-05-20,18.400,18.740,18.340,18.660,160190938
2022-05-23,18.600,18.600,18.240,18.420,150373246
2022-05-24,18.420,18.500,17.960,18.120,198966206
2022-05-25,18.120,18.380,18.080,18.180,112669338
2022-05-26,18.280,18.280,17.880,18.100,174165709
2022-05-27,18.600,18.800,18.520,18.720,214806299
2022-05-30,18.940,19.180,18.900,19.120,265929929
2022-05-31,19.100,19.440,19.060,19.420,190120151
2022-06-01,19.480,19.480,19.220,19.320,123915116
2022-06-02,19.080,19.180,18.920,19.140,81242588
2022-06-06,19.300,19.760,19.080,19.700,175221440
2022-06-07,19.560,19.820,19.460,19.600,109107533
2022-06-08,19.840,20.140,19.800,20.060,134122104
2022-06-09,20.100,20.240,19.860,19.960,144656622
2022-06-10,19.640,20.040,19.600,19.920,163233429
2022-06-13,19.260,19.420,19.100,19.140,177929084
2022-06-14,18.940,19.280,18.840,19.160,183426553
2022-06-15,19.180,19.540,19.180,19.440,205830198
2022-06-16,19.620,19.640,18.800,18.960,216838412
2022-06-17,18.880,19.280,18.840,19.260,143787848
2022-06-20,19.200,19.320,18.980,19.320,148421430
2022-06-21,19.420,19.700,19.300,19.680,109510200
2022-06-22,19.600,19.620,19.140,19.140,146217481
2022-06-23,19.280,19.600,19.160,19.420,75195644
2022-06-24,19.580,19.900,19.560,19.840,160960759
2022-06-27,20.100,20.540,20.100,20.380,228885478
2022-06-28,20.300,20.600,20.100,20.520,129104801
2022-06-29,20.300,20.500,20.060,20.180,189812471
2022-06-30,20.180,20.320,19.920,20.080,135900539
2022-07-04,20.000,20.160,19.700,20.080,117672839
2022-07-05,20.340,20.460,20.080,20.120,142234384
2022-07-06,20.040,20.100,19.560,19.820,195911748
2022-07-07,19.760,19.980,19.540,19.980,111410111
2022-07-08,20.280,20.300,19.940,20.020,241540824
2022-07-11,19.800,19.800,19.320,19.440,181809122
2022-07-12,19.300,19.400,19.100,19.160,223568540
2022-07-13,19.180,19.360,19.060,19.140,126107341
2022-07-14,19.100,19.200,18.860,19.040,180926111
2022-07-15,18.840,18.980,18.520,18.640,237612829
2022-07-18,18.740,19.200,18.620,19.160,347911100
2022-07-19,19.040,19.080,18.860,19.020,148132638
2022-07-20,19.240,19.440,19.200,19.240,148406712
2022-07-21,19.120,19.140,18.820,18.880,154950274
2022-07-22,18.980,19.120,18.840,18.900,150992320
2022-07-25,18.760,18.920,18.660,18.920,275555313
2022-07-26,18.920,19.280,18.920,19.260,350877249
2022-07-27,19.060,19.100,18.900,19.000,225013358
2022-07-28,19.080,19.100,18.840,18.920,109339105
2022-07-29,18.920,18.980,18.360,18.480,263380071
2022-08-01,18.340,18.560,18.200,18.480,204872347
2022-08-02,18.220,18.220,17.820,18.000,212381789
2022-08-03,18.200,18.240,18.000,18.080,113976872
2022-08-04,18.280,18.540,18.280,18.480,120567418
2022-08-05,18.540,18.600,18.400,18.500,74586466
2022-08-08,18.420,18.500,18.260,18.360,133055217
2022-08-09,18.360,18.580,18.160,18.300,99052923
2022-08-10,18.280,18.280,17.790,17.940,112519454
2022-08-11,18.160,18.400,18.120,18.380,107900523
2022-08-12,18.380,18.540,18.340,18.520,177748177
2022-08-15,18.380,18.580,18.300,18.380,90812276
2022-08-16,18.400,18.500,18.000,18.140,108748831
2022-08-17,18.300,18.400,18.120,18.220,66299725
2022-08-18,18.320,18.320,18.000,18.080,126065303
2022-08-19,18.000,18.240,17.980,18.120,125036387
2022-08-22,17.960,18.180,17.900,18.080,75218569
2022-08-23,17.980,18.040,17.710,17.840,210017061
2022-08-24,17.880,17.880,17.520,17.600,124167267
2022-08-25,17.760,18.320,17.760,18.300,122769830
2022-08-26,18.500,18.540,18.400,18.500,158081097
2022-08-29,18.280,18.420,18.220,18.320,105587191
2022-08-30,18.320,18.380,17.980,18.300,123537922
2022-08-31,17.960,18.520,17.900,18.300,82764525
2022-09-01,18.120,18.200,17.900,18.000,143801531
2022-09-02,18.000,18.000,17.710,17.840,177306346
2022-09-05,17.640,17.670,17.430,17.600,105819505
2022-09-06,17.680,17.770,17.510,17.610,160937964
2022-09-07,17.290,17.500,17.220,17.470,191017912
2022-09-08,17.490,17.490,17.230,17.280,103353915
2022-09-09,17.340,17.860,17.340,17.800,156423869
2022-09-13,17.860,17.940,17.740,17.770,123836680
2022-09-14,17.350,17.420,17.230,17.300,317277119
2022-09-15,17.300,17.450,17.290,17.360,82111227
2022-09-16,17.190,17.360,17.110,17.200,215903004
2022-09-19,17.160,17.160,16.940,16.990,373475875
2022-09-20,17.160,17.320,17.130,17.240,49941489
2022-09-21,17.100,17.100,16.890,16.910,255186950
2022-09-22,16.550,16.640,16.420,16.610,133429891
2022-09-23,16.520,16.620,16.380,16.380,106938227
2022-09-26,16.240,16.530,16.180,16.300,143362187
2022-09-27,16.320,16.360,16.100,16.320,330720570
2022-09-28,16.130,16.130,15.620,15.700,361393488
2022-09-29,16.000,16.080,15.470,15.600,160991346
2022-09-30,15.600,15.790,15.480,15.690,108560912
2022-10-03,15.500,15.700,15.360,15.510,189921232
2022-10-05,16.230,16.630,16.120,16.530,264927739
2022-10-06,16.530,16.600,16.420,16.460,94240881
2022-10-07,16.290,16.340,16.180,16.180,137434083
2022-10-10,15.980,15.980,15.630,15.650,257758343
2022-10-11,15.650,15.670,15.240,15.290,289600361
2022-10-12,15.200,15.490,14.890,15.150,285393191
2022-10-13,15.150,15.170,14.850,14.860,147101583
2022-10-14,15.120,15.480,14.980,15.030,164354900
2022-10-17,14.940,15.210,14.770,15.040,286880367
2022-10-18,15.350,15.360,15.000,15.360,206136837
2022-10-19,15.260,15.390,14.960,14.970,155581296
2022-10-20,14.700,14.910,14.470,14.720,342339454
2022-10-21,14.780,14.820,14.580,14.670,378234002
2022-10-24,14.400,14.450,13.540,13.620,317425889
2022-10-25,13.700,13.880,13.390,13.620,340821044
2022-10-26,13.550,14.030,13.480,13.770,201901447
2022-10-27,14.140,14.280,13.860,13.870,508498271
2022-10-28,13.860,13.900,13.220,13.300,388117611
2022-10-31,13.250,13.560,13.040,13.180,363565312
2022-11-01,13.280,14.070,13.280,13.910,216915104
2022-11-02,13.840,14.310,13.720,14.270,154594846
2022-11-03,13.870,14.060,13.740,13.780,144894094
2022-11-04,13.900,14.970,13.890,14.590,484977332
2022-11-07,14.460,15.290,14.400,15.040,347634420
2022-11-08,15.090,15.180,14.890,15.030,349329022
2022-11-09,15.010,15.200,14.670,14.820,366932326
2022-11-10,14.610,14.610,14.390,14.560,155635904
2022-11-11,15.380,15.830,15.300,15.780,263096115
2022-11-14,16.280,16.480,15.990,16.060,259607090
2022-11-15,16.140,16.820,16.020,16.810,556637525
2022-11-16,16.620,16.880,16.500,16.720,498628718
2022-11-17,16.500,16.700,16.180,16.510,490982278
2022-11-18,16.780,16.850,16.360,16.440,340531577
2022-11-21,16.090,16.230,15.850,16.130,554634830
2022-11-22,16.070,16.230,15.760,15.880,684833985
2022-11-23,15.980,16.110,15.840,15.980,222595272
2022-11-24,16.160,16.240,16.000,16.140,359464122
2022-11-25,16.140,16.140,15.890,16.040,318242452
2022-11-28,15.560,15.840,15.300,15.780,455560618
2022-11-29,16.010,16.680,16.010,16.680,615673674
2022-11-30,16.560,17.130,16.520,17.060,337073093
2022-12-01,17.510,17.710,17.150,17.280,470487008
2022-12-02,17.230,17.320,17.020,17.130,249037031
2022-12-05,17.680,18.020,17.500,17.930,317881961
2022-12-06,17.700,18.050,17.680,17.940,549876044
2022-12-07,17.860,18.220,17.280,17.340,555736713
2022-12-08,17.430,17.990,17.430,17.920,440705021
2022-12-09,17.960,18.420,17.880,18.360,484624668
2022-12-12,18.100,18.220,17.860,17.940,455217803
2022-12-13,18.040,18.200,17.870,18.090,110411391
2022-12-14,18.210,18.360,18.010,18.160,448417039
2022-12-15,18.110,18.160,17.720,17.870,189624944
2022-12-16,17.810,18.120,17.620,17.980,226653781
2022-12-19,17.980,18.270,17.750,17.870,89029468
2022-12-20,17.700,17.780,17.380,17.570,66809845
2022-12-21,17.580,17.750,17.550,17.650,171217871
2022-12-22,17.990,18.240,17.970,18.150,105832842
2022-12-23,17.860,18.180,17.850,18.060,203925621
2022-12-28,18.260,18.600,18.260,18.400,175890371
2022-12-29,18.140,18.260,18.040,18.210,80841439
2022-12-30,18.360,18.580,18.280,18.280,146012035
2023-01-03,18.090,18.720,17.770,18.620,276470119
2023-01-04,18.780,19.280,18.720,19.280,221589355
2023-01-05,19.680,19.880,19.440,19.540,333239898
2023-01-06,19.720,19.780,19.360,19.480,247652051
2023-01-09,19.800,19.980,19.700,19.860,481092577
2023-01-10,19.860,19.920,19.680,19.820,96693133
2023-01-11,19.940,20.180,19.820,19.940,202421884
2023-01-12,20.080,20.200,19.720,20.000,371843928
2023-01-13,20.100,20.280,19.960,20.220,412522503
2023-01-16,20.320,20.440,20.080,20.200,84303288
2023-01-17,20.180,20.280,19.920,20.060,344850970
2023-01-18,20.040,20.180,19.920,20.180,289978559
2023-01-19,19.980,20.260,19.880,20.140,322888850
2023-01-20,20.300,20.560,20.240,20.540,142972830
2023-01-26,20.900,21.080,20.840,21.080,229743869
2023-01-27,21.100,21.180,21.000,21.140,272920637
2023-01-30,21.100,21.160,20.500,20.580,184341573
2023-01-31,20.660,20.780,20.120,20.360,503572809
2023-02-01,20.440,20.580,20.200,20.540,479666800
2023-02-02,20.760,20.820,20.420,20.440,391605251
2023-02-03,20.300,20.320,19.940,20.140,180283045
2023-02-06,19.840,19.840,19.580,19.720,315579676
2023-02-07,19.800,20.000,19.760,19.780,149808429
2023-02-08,19.780,19.940,19.660,19.780,165030479
2023-02-09,19.640,20.140,19.640,20.120,204724850
2023-02-10,20.060,20.080,19.640,19.660,227810882
2023-02-13,19.380,19.740,19.300,19.700,317660809
2023-02-14,19.760,19.760,19.560,19.600,378970189
2023-02-15,19.560,19.600,19.200,19.300,354149899
2023-02-16,19.420,19.800,19.380,19.500,364618674
2023-02-17,19.480,19.560,19.200,19.240,173965448
2023-02-20,19.160,19.460,19.080,19.360,653519042
2023-02-21,19.360,19.460,18.980,19.040,145615058
2023-02-22,18.960,19.120,18.840,18.900,213586028
2023-02-23,18.880,19.100,18.820,18.840,209489211
2023-02-24,18.680,18.720,18.480,18.600,347656987
2023-02-27,18.380,18.580,18.300,18.440,251802151
2023-02-28,18.520,18.680,18.260,18.350,502112871
2023-03-01,18.350,19.160,18.350,19.120,309216606
2023-03-02,18.920,19.080,18.860,18.960,150089673
2023-03-03,19.280,19.280,19.040,19.140,137181461
2023-03-06,18.960,19.260,18.960,19.160,230436832
2023-03-07,19.160,19.580,18.900,19.080,199281776
2023-03-08,18.780,18.840,18.540,18.600,354663901
2023-03-09,18.600,18.720,18.460,18.520,387519706
2023-03-10,18.160,18.210,17.840,17.850,260518243
2023-03-13,17.980,18.350,17.920,18.280,347296917
2023-03-14,18.090,18.200,17.680,17.820,135327100
2023-03-15,18.080,18.310,17.990,18.140,247232332
2023-03-16,17.760,17.950,17.660,17.790,120045940
2023-03-17,18.000,18.170,17.880,18.100,231217004
2023-03-20,17.920,17.940,17.390,17.570,430944986
2023-03-21,17.670,17.840,17.580,17.820,247110624
2023-03-22,18.000,18.340,18.000,18.160,159994115
2023-03-23,18.170,18.620,18.080,18.620,260537182
2023-03-24,18.440,18.680,18.400,18.460,213011092
2023-03-27,18.420,18.500,18.060,18.130,165110708
2023-03-28,18.270,18.440,18.120,18.360,205814172
2023-03-29,18.900,19.040,18.680,18.740,322605982
2023-03-30,18.760,18.900,18.560,18.880,344243012
2023-03-31,19.100,19.280,18.900,18.940,156412220
2023-04-03,18.880,19.040,18.780,18.960,234054366
2023-04-04,18.960,18.960,18.700,18.840,223329400
2023-04-06,18.660,18.920,18.660,18.900,210402648
2023-04-11,19.160,19.340,18.880,19.080,158114196
2023-04-12,19.080,19.080,18.800,18.880,96233364
2023-04-13,18.520,18.920,18.440,18.920,208886068
2023-04-14,19.020,19.060,18.860,19.060,281900103
2023-04-17,18.920,19.440,18.880,19.380,725077383
2023-04-18,19.260,19.320,19.100,19.200,203561673
2023-04-19,19.160,19.180,18.880,18.920,153282896
2023-04-20,18.940,19.040,18.880,18.960,314734746
2023-04-21,18.880,18.960,18.540,18.600,196293627
2023-04-24,18.560,18.700,18.300,18.520,163737900
2023-04-25,18.460,18.480,18.090,18.180,230233426
2023-04-26,18.070,18.480,18.070,18.290,176644453
2023-04-27,18.280,18.460,18.220,18.400,190272742
2023-04-28,18.500,18.740,18.430,18.460,128675561
2023-05-02,18.660,18.860,18.330,18.450,252649888
2023-05-03,18.260,18.290,18.090,18.240,310312104
2023-05-04,18.240,18.560,18.240,18.520,141165404
2023-05-05,18.660,18.780,18.520,18.620,216764011
2023-05-08,18.700,18.900,18.640,18.860,109428230
2023-05-09,18.840,18.880,18.390,18.420,159758803
2023-05-10,18.460,18.460,18.250,18.330,202367318
2023-05-11,18.420,18.450,18.150,18.320,330161088
2023-05-12,18.440,18.450,18.190,18.210,318326205
2023-05-15,18.110,18.680,18.090,18.580,195937519
2023-05-16,18.760,18.760,18.480,18.580,204127050
2023-05-17,18.560,18.600,18.120,18.150,449271304
2023-05-18,18.310,18.500,18.220,18.340,236438991
2023-05-19,18.180,18.220,17.950,18.060,378944154
2023-05-22,18.080,18.430,18.030,18.300,388058397
2023-05-23,18.340,18.430,18.010,18.060,313538897
2023-05-24,17.950,17.970,17.690,17.770,533606839
2023-05-25,17.600,17.600,17.280,17.430,557416519
2023-05-29,17.510,17.550,17.180,17.240,197088444
2023-05-30,17.260,17.340,17.050,17.280,256067879
2023-05-31,17.040,17.080,16.710,16.940,222913831
2023-06-01,16.930,17.130,16.850,16.890,972365534
2023-06-02,17.240,17.690,17.210,17.650,325044386
2023-06-05,17.710,17.820,17.570,17.810,632101444
2023-06-06,17.810,18.060,17.700,17.770,631530343
2023-06-07,18.050,18.100,17.900,17.950,112064082
2023-06-08,17.940,18.070,17.810,18.010,328051399
2023-06-09,18.090,18.210,17.960,18.120,312754300
2023-06-12,18.130,18.190,17.990,18.160,293890909
2023-06-13,18.100,18.340,18.010,18.290,446592302
2023-06-14,18.280,18.410,18.120,18.160,87887808
2023-06-15,18.360,18.620,18.280,18.600,416576436
2023-06-16,18.660,18.940,18.640,18.800,815067789
2023-06-19,18.760,18.780,18.480,18.660,617238240
2023-06-20,18.640,18.640,18.290,18.380,219533744
2023-06-21,18.090,18.170,17.960,18.010,266208924
2023-06-23,17.950,17.980,17.580,17.680,82896056
2023-06-26,17.660,17.800,17.560,17.610,183616061
2023-06-27,17.660,18.020,17.660,17.940,456535342
2023-06-28,17.920,18.020,17.820,17.990,315358228
2023-06-29,17.970,18.010,17.640,17.730,363420085
2023-06-30,17.660,17.880,17.640,17.710,129218673
2023-07-03,17.850,18.190,17.810,18.100,308600242
2023-07-04,18.100,18.260,18.050,18.220,227023243
2023-07-05,18.120,18.200,17.910,17.930,629768055
2023-07-06,17.810,17.940,17.430,17.480,244211077
2023-07-07,17.420,17.480,17.220,17.320,401349044
2023-07-10,17.660,17.740,17.370,17.440,269779640
2023-07-11,17.620,17.770,17.530,17.600,423014228
2023-07-12,17.740,17.900,17.690,17.820,351760241
2023-07-13,18.130,18.350,18.120,18.310,274863326
2023-07-14,18.460,18.500,18.340,18.360,168726686
2023-07-18,18.280,18.280,17.930,17.970,215593203
2023-07-19,17.840,17.980,17.650,17.900,1023772248
2023-07-20,17.960,18.200,17.840,17.860,1013803278
2023-07-21,17.870,18.140,17.850,18.050,328799422
2023-07-24,17.760,17.910,17.500,17.620,591502767
2023-07-25,18.150,18.430,18.080,18.380,456645140
2023-07-26,18.280,18.380,18.210,18.320,314329303
2023-07-27,18.480,18.680,18.460,18.580,231852778
2023-07-28,18.340,18.920,18.340,18.880,212127578
2023-07-31,19.160,19.340,18.980,19.000,466228318
2023-08-01,19.160,19.300,18.860,19.000,513183289
2023-08-02,18.840,18.960,18.440,18.450,120327476
2023-08-03,18.370,18.640,18.330,18.360,175571888
2023-08-04,18.640,18.840,18.420,18.500,448273938
2023-08-07,18.460,18.540,18.300,18.500,196709793
2023-08-08,18.350,18.350,18.060,18.150,336072058
2023-08-09,18.020,18.230,18.000,18.220,305526372
2023-08-10,18.100,18.300,18.010,18.240,165410716
2023-08-11,18.240,18.300,18.030,18.080,287674371
2023-08-14,17.670,17.790,17.540,17.760,366771421
2023-08-15,17.610,17.720,17.490,17.570,182198357
2023-08-16,17.310,17.420,17.230,17.310,518942582
2023-08-17,17.030,17.390,16.870,17.340,467951166
2023-08-18,17.190,17.300,16.900,16.940,525717257
2023-08-21,16.810,16.850,16.570,16.610,393977100
2023-08-22,16.660,16.950,16.540,16.780,407702553
2023-08-23,16.780,16.980,16.700,16.870,156962054
2023-08-24,17.010,17.260,16.920,17.220,176309640
2023-08-25,17.040,17.130,16.940,16.970,171633199
2023-08-28,17.540,17.540,17.100,17.110,188287947
2023-08-29,17.270,17.590,17.250,17.490,204289780
2023-08-30,17.630,17.750,17.420,17.460,167047577
2023-08-31,17.580,17.670,17.320,17.390,171923101
2023-09-04,17.600,17.950,17.600,17.880,327943959
2023-09-05,17.750,17.750,17.460,17.480,473452386
2023-09-06,17.440,17.540,17.290,17.480,119992179
2023-09-07,17.480,17.480,17.230,17.250,263244686
2023-09-11,17.100,17.260,16.920,17.180,825041742
2023-09-12,17.090,17.240,16.970,17.120,323343860
2023-09-13,17.240,17.290,17.030,17.110,231467019
2023-09-14,17.160,17.270,17.020,17.160,178512576
2023-09-15,17.260,17.480,17.130,17.260,313573668
2023-09-18,17.140,17.200,16.960,17.000,514782092
2023-09-19,17.060,17.110,16.920,17.090,284211524
2023-09-20,17.040,17.100,16.920,16.970,188319963
2023-09-21,16.930,16.930,16.710,16.740,161053437
2023-09-22,16.660,17.170,16.660,17.160,723638920
2023-09-25,17.120,17.120,16.800,16.800,244693864
2023-09-26,16.740,16.810,16.450,16.550,230331169
2023-09-27,16.570,16.760,16.570,16.710,161808669
2023-09-28,16.710,16.710,16.430,16.460,216644621
2023-09-29,16.590,17.040,16.580,16.900,139874906
2023-10-03,16.660,16.660,16.280,16.400,690388145
2023-10-04,16.340,16.370,16.180,16.270,182050965
2023-10-05,16.340,16.420,16.290,16.300,152787666
2023-10-06,16.420,16.720,16.420,16.600,77106910
2023-10-09,16.600,16.730,16.530,16.630,40302890
2023-10-10,16.810,17.030,16.740,16.780,369540767
2023-10-11,17.060,17.130,17.000,17.010,147403103
2023-10-12,17.270,17.400,17.270,17.320,334156238
2023-10-13,17.020,17.110,16.880,16.900,247678645
2023-10-16,16.880,16.950,16.700,16.730,242846599
2023-10-17,16.910,16.920,16.780,16.860,120914997
2023-10-18,16.810,16.940,16.720,16.840,472089717
2023-10-19,16.630,16.630,16.370,16.370,191685343
2023-10-20,16.230,16.400,16.210,16.250,221931358
2023-10-24,16.160,16.230,15.970,16.060,264512215
2023-10-25,16.560,16.580,16.090,16.200,137411043
2023-10-26,16.160,16.270,16.010,16.150,250348482
2023-10-27,16.280,16.610,16.190,16.540,114675391
2023-10-30,16.340,16.540,16.330,16.540,255953762
2023-10-31,16.470,16.470,16.130,16.230,267187394
2023-11-01,16.240,16.280,16.080,16.200,154884055
2023-11-02,16.300,16.570,16.280,16.340,220458464
2023-11-03,16.560,16.830,16.480,16.770,197431010
2023-11-06,17.010,17.160,16.980,17.080,210117883
2023-11-07,16.970,17.010,16.770,16.770,534482625
2023-11-08,16.780,16.870,16.650,16.660,437278114
2023-11-09,16.730,16.760,16.580,16.640,324937161
2023-11-10,16.510,16.510,16.300,16.320,239999973
2023-11-13,16.410,16.600,16.250,16.570,343157684
2023-11-14,16.640,16.710,16.490,16.540,354507016
2023-11-15,16.990,17.250,16.910,17.210,907647461
2023-11-16,17.310,17.310,16.850,16.960,848837317
2023-11-17,16.710,16.770,16.550,16.580,225959683
2023-11-20,16.780,16.930,16.680,16.910,639682092
2023-11-21,17.080,17.220,16.830,16.850,268441843
2023-11-22,16.850,16.950,16.790,16.870,514745241
2023-11-23,16.800,17.090,16.730,17.070,919745413
2023-11-24,16.980,16.980,16.690,16.700,938030971
2023-11-27,16.780,16.820,16.500,16.680,164804297
2023-11-28,16.680,16.680,16.450,16.510,507069409
2023-11-29,16.520,16.520,16.020,16.140,606102838
2023-11-30,16.170,16.220,16.010,16.200,194941881
2023-12-01,16.200,16.200,15.970,15.980,494693968
2023-12-04,16.130,16.150,15.770,15.800,270670855
2023-12-05,15.770,15.770,15.370,15.470,601193390
2023-12-06,15.510,15.740,15.380,15.600,419242811
2023-12-07,15.550,15.550,15.290,15.480,494626123
2023-12-08,15.510,15.610,15.390,15.470,363929355
2023-12-11,15.300,15.420,15.110,15.350,536724283
2023-12-12,15.380,15.570,15.300,15.520,473276553
2023-12-13,15.480,15.480,15.280,15.370,157262316
2023-12-14,15.570,15.730,15.450,15.550,805975469
2023-12-15,15.760,16.120,15.760,15.950,237209711
2023-12-18,15.870,15.870,15.720,15.770,863403982
2023-12-19,15.670,15.730,15.550,15.640,243998860
2023-12-20,15.800,15.900,15.700,15.770,874490854
2023-12-21,15.590,15.820,15.590,15.790,161895043
2023-12-22,15.850,16.030,15.420,15.480,240449710
2023-12-27,15.710,15.840,15.600,15.770,144053187
2023-12-28,15.810,16.260,15.810,16.240,536991024
2023-12-29,16.240,16.260,16.110,16.200,191767914
2024-01-02,16.290,16.290,15.880,15.950,211687554
2024-01-03,15.730,15.820,15.720,15.800,455797370
2024-01-04,15.820,15.850,15.670,15.820,155435833
2024-01-05,15.710,15.910,15.610,15.690,165704759
2024-01-08,15.710,15.760,15.300,15.370,236970949
2024-01-09,15.400,15.580,15.350,15.350,378125063
2024-01-10,15.260,15.410,15.190,15.260,171575584
2024-01-11,15.280,15.620,15.250,15.470,687918853
2024-01-12,15.340,15.550,15.310,15.400,251086507
2024-01-15,15.430,15.500,15.260,15.390,392448648
2024-01-16,15.160,15.360,14.980,15.010,266675580
2024-01-17,14.920,14.920,14.340,14.410,587194679
2024-01-18,14.460,14.620,14.340,14.540,695132787
2024-01-19,14.560,14.690,14.360,14.450,530324886
2024-01-22,14.520,14.520,13.940,14.120,409948350
2024-01-23,14.150,14.680,14.150,14.490,787479261
2024-01-24,14.760,15.140,14.560,15.070,546118980
2024-01-25,15.160,15.410,14.980,15.360,443366611
2024-01-26,15.310,15.410,15.040,15.110,844648268
2024-01-29,15.210,15.440,15.180,15.240,216706047
2024-01-30,15.060,15.060,14.820,14.840,249140131
2024-01-31,14.840,14.900,14.570,14.630,349971375
2024-02-01,14.670,14.960,14.580,14.750,455771115
2024-02-02,14.890,15.070,14.590,14.670,482018510
2024-02-05,14.440,14.840,14.440,14.640,564432159
2024-02-06,14.710,15.320,14.710,15.290,808282257
2024-02-07,15.430,15.580,15.200,15.210,213129859
2024-02-08,15.150,15.250,14.960,15.010,215848103
2024-02-09,14.900,14.920,14.680,14.870,79985538
2024-02-14,14.680,15.070,14.590,15.030,148668461
2024-02-15,15.010,15.200,14.890,15.090,111821027
2024-02-16,15.150,15.570,15.090,15.510,339327420
2024-02-19,15.470,15.470,15.300,15.300,254655211
2024-02-20,15.320,15.450,15.210,15.390,184979983
2024-02-21,15.370,15.930,15.310,15.660,362191294
2024-02-22,15.630,15.930,15.580,15.930,437260817
2024-02-23,15.810,16.060,15.810,15.890,379113911
2024-02-26,15.810,15.930,15.750,15.780,381195456
2024-02-27,15.800,16.000,15.610,15.970,201600462
2024-02-28,16.000,16.030,15.690,15.690,209706387
2024-02-29,15.610,15.860,15.610,15.640,112258275
2024-03-01,15.590,15.810,15.410,15.730,452944275
2024-03-04,15.780,15.820,15.630,15.750,352047294
2024-03-05,15.490,15.610,15.240,15.310,676077518
2024-03-06,15.360,15.720,15.300,15.610,300081377
2024-03-07,15.620,15.740,15.340,15.430,304578897
2024-03-08,15.490,15.720,15.490,15.570,272656127
2024-03-11,15.610,15.850,15.610,15.800,225373397
2024-03-12,15.920,16.400,15.840,16.330,411092698
2024-03-13,16.310,16.460,16.260,16.330,617441619
2024-03-14,16.330,16.450,16.110,16.180,616833825
2024-03-15,15.990,16.050,15.770,15.960,330559551
2024-03-18,15.930,16.040,15.870,15.970,194656206
2024-03-19,15.810,15.930,15.710,15.760,215202128
2024-03-20,15.810,15.890,15.650,15.780,253911377
2024-03-21,15.990,16.220,15.990,16.110,439043557
2024-03-22,16.000,16.000,15.570,15.720,1134022866
2024-03-25,15.740,15.850,15.660,15.690,828535739
2024-03-26,15.810,15.970,15.680,15.850,242545213
2024-03-27,15.760,15.850,15.570,15.630,504021414
2024-03-28,15.640,15.960,15.570,15.760,179881274
2024-04-02,16.010,16.260,16.010,16.160,496261016
2024-04-03,16.160,16.160,15.920,15.950,471759595
2024-04-05,16.010,16.090,15.720,15.950,230532156
2024-04-08,15.950,16.160,15.810,15.980,200519338
2024-04-09,16.010,16.270,16.010,16.090,130287957
2024-04-10,16.150,16.440,16.150,16.400,241889170
2024-04-11,16.170,16.400,16.060,16.350,372151039
2024-04-12,16.210,16.270,15.960,15.980,365681226
2024-04-15,15.710,15.900,15.710,15.830,332436979
2024-04-16,15.560,15.690,15.450,15.500,514127050
2024-04-17,15.500,15.550,15.390,15.490,813184002
2024-04-18,15.480,15.750,15.430,15.640,233224819
2024-04-19,15.420,15.500,15.280,15.480,254360072
2024-04-22,15.650,15.890,15.650,15.720,385186717
2024-04-23,15.910,16.100,15.850,16.070,334399778
2024-04-24,16.210,16.470,16.180,16.440,364930057
2024-04-25,16.360,16.700,16.360,16.520,240893326
2024-04-26,16.560,17.030,16.560,16.910,407601899
2024-04-29,16.940,17.300,16.920,16.980,367713285
2024-04-30,17.060,17.160,16.940,17.000,655559166
2024-05-02,17.000,17.480,17.000,17.470,330749349
2024-05-03,17.710,17.860,17.620,17.720,417187951
2024-05-06,17.730,17.860,17.650,17.840,521576858
2024-05-07,17.840,17.900,17.670,17.720,429029834
2024-05-08,17.760,17.870,17.560,17.570,469654765
2024-05-09,17.610,17.880,17.590,17.830,709941817
2024-05-10,17.950,18.320,17.940,18.280,451702917
2024-05-13,18.200,18.460,18.140,18.430,540880566
2024-05-14,18.520,18.630,18.390,18.390,405339577
2024-05-16,18.560,18.780,18.450,18.690,594786291
2024-05-17,18.810,18.960,18.690,18.880,460751749
2024-05-20,18.960,19.050,18.920,18.970,545314720
2024-05-21,18.840,18.840,18.510,18.510,599867769
2024-05-22,18.560,18.700,18.490,18.500,403776785
2024-05-23,18.380,18.390,18.120,18.180,346759597
2024-05-24,18.060,18.210,17.880,17.950,199343699
2024-05-27,17.960,18.220,17.870,18.160,214395872
2024-05-28,18.150,18.360,18.130,18.180,363947385
2024-05-29,18.040,18.070,17.820,17.870,383525265
2024-05-30,17.790,17.920,17.560,17.620,485621355
2024-05-31,17.800,17.940,17.460,17.460,403077617
2024-06-03,17.650,17.970,17.650,17.780,451095984
2024-06-04,17.680,17.930,17.680,17.820,253778474
2024-06-05,17.860,18.130,17.770,17.820,398831900
2024-06-06,18.000,18.130,17.810,17.920,378311746
2024-06-07,18.010,18.020,17.730,17.820,413473726
2024-06-11,17.640,17.730,17.440,17.660,423427829
2024-06-12,17.540,17.540,17.330,17.450,425828150
2024-06-13,17.640,17.690,17.470,17.620,271308949
2024-06-14,17.480,17.610,17.420,17.430,475315102
2024-06-17,17.350,17.650,17.240,17.460,272965236
2024-06-18,17.510,17.560,17.360,17.450,241885757
2024-06-19,17.580,17.970,17.560,17.970,268955458
2024-06-20,17.960,18.040,17.790,17.870,509410120
2024-06-21,17.710,17.740,17.490,17.560,325028014
2024-06-24,17.400,17.560,17.300,17.560,395728234
2024-06-25,17.600,17.760,17.470,17.590,250792675
2024-06-26,17.440,17.700,17.430,17.630,388358559
2024-06-27,17.510,17.510,17.220,17.290,199198076
2024-06-28,17.160,17.430,17.120,17.280,229398336
2024-07-02,17.200,17.550,17.200,17.350,368453142
2024-07-03,17.410,17.600,17.370,17.560,169117813
2024-07-04,17.710,17.780,17.570,17.670,204797113
2024-07-05,17.660,17.740,17.420,17.420,219186586
2024-07-08,17.380,17.440,17.170,17.240,196236475
2024-07-09,17.240,17.340,17.080,17.210,242972138
2024-07-10,17.330,17.480,17.150,17.180,350071676
2024-07-11,17.350,17.590,17.320,17.560,336921947
2024-07-12,17.730,18.050,17.730,18.020,224187914
2024-07-15,17.900,17.960,17.660,17.740,341142858
2024-07-16,17.610,17.610,17.440,17.440,247617005
2024-07-17,17.500,17.540,17.380,17.440,267478673
2024-07-18,17.400,17.590,17.340,17.490,363824156
2024-07-19,17.310,17.340,17.090,17.140,295965131
2024-07-22,17.170,17.420,17.030,17.380,362859594
2024-07-23,17.420,17.430,17.160,17.180,344541219
2024-07-24,17.170,17.230,16.970,17.040,196191396
2024-07-25,16.980,17.010,16.680,16.730,370533851
2024-07-26,16.790,16.940,16.640,16.710,956949896
2024-07-29,16.930,17.080,16.870,17.000,237657987
2024-07-30,16.970,16.970,16.680,16.710,383790188
2024-07-31,16.800,17.120,16.720,17.120,606636376
2024-08-01,17.060,17.130,16.960,17.010,459645828
2024-08-02,16.720,16.790,16.580,16.670,342239382
2024-08-05,16.370,16.660,16.160,16.410,495676769
2024-08-06,16.570,16.630,16.330,16.360,390617563
2024-08-07,16.390,16.730,16.390,16.590,668315717
2024-08-08,16.490,16.760,16.380,16.600,1021600323
2024-08-09,16.810,16.980,16.800,16.820,160674070
2024-08-12,16.820,16.880,16.720,16.820,191585213
2024-08-13,16.880,16.980,16.790,16.890,188282606
2024-08-14,16.970,16.990,16.780,16.820,188395452
2024-08-15,16.750,17.050,16.660,16.850,337636423
2024-08-16,17.040,17.240,17.000,17.170,459204716
2024-08-19,17.320,17.440,17.290,17.310,512957125
2024-08-20,17.410,17.410,17.200,17.240,150290091
2024-08-21,17.080,17.160,16.990,17.120,435509310
2024-08-22,17.220,17.410,17.130,17.380,215083033
2024-08-23,17.250,17.390,17.230,17.370,202677733
2024-08-26,17.440,17.580,17.440,17.530,309817056
2024-08-27,17.430,17.640,17.370,17.630,320916252
2024-08-28,17.590,17.640,17.410,17.460,264021009
2024-08-29,17.380,17.560,17.260,17.530,427174728
2024-08-30,17.530,17.970,17.530,17.770,320944264
2024-09-02,17.640,17.640,17.410,17.460,1004120316
2024-09-03,17.460,17.520,17.370,17.440,304286823
2024-09-04,17.270,17.340,17.130,17.240,603902054
2024-09-05,17.280,17.370,17.140,17.250,265962094
2024-09-09,17.100,17.140,16.900,17.000,594295182
2024-09-10,17.040,17.130,16.960,17.070,172906415
2024-09-11,16.860,16.960,16.790,16.930,632923871
2024-09-12,17.020,17.200,16.990,17.100,287812592
2024-09-13,17.160,17.420,17.160,17.230,464894416
2024-09-16,17.140,17.290,17.040,17.290,116789964
2024-09-17,17.280,17.590,17.250,17.510,115538370
2024-09-19,17.490,17.950,17.460,17.880,445539243
2024-09-20,17.980,18.240,17.910,18.100,789319539
2024-09-23,18.110,18.310,18.090,18.110,722945475
2024-09-24,18.460,18.900,18.420,18.900,1377940588
2024-09-25,19.460,19.480,18.970,19.000,947464869
2024-09-26,19.200,19.860,19.070,19.820,955178436
2024-09-27,20.260,20.640,20.140,20.500,1122154583
2024-09-30,20.960,21.360,20.680,20.980,1648283680
2024-10-02,21.140,22.580,21.140,22.300,1179458060
2024-10-03,22.360,22.360,21.320,21.980,893034562
2024-10-04,21.860,22.660,21.680,22.620,424259038
2024-10-07,22.860,23.140,22.620,22.960,434896579
2024-10-08,22.780,22.840,20.620,20.800,1523344647
2024-10-09,21.100,21.320,20.080,20.480,1182668564
2024-10-10,20.960,21.500,20.860,21.120,1654312095
2024-10-14,21.120,21.240,20.580,20.960,1080978539
2024-10-15,20.960,20.980,20.040,20.220,1167803921
2024-10-16,20.020,20.440,20.020,20.140,910468295
2024-10-17,20.320,20.660,19.860,19.920,595509035
2024-10-18,20.000,20.820,19.920,20.660,1112980756
2024-10-21,20.620,20.720,20.300,20.360,635997978
2024-10-22,20.280,20.500,20.240,20.380,558959577
2024-10-23,20.400,20.840,20.340,20.640,561661355
2024-10-24,20.500,20.580,20.320,20.380,834289547
2024-10-25,20.340,20.660,20.340,20.500,636711101
2024-10-28,20.480,20.560,20.320,20.480,183097052
2024-10-29,20.600,20.800,20.440,20.580,299725366
2024-10-30,20.600,20.600,20.160,20.240,524241059
2024-10-31,20.300,20.460,20.220,20.240,501846908
2024-11-01,20.340,20.560,20.240,20.400,326208458
2024-11-04,20.440,20.520,20.320,20.460,430111503
2024-11-05,20.280,20.900,20.280,20.900,377633522
2024-11-06,20.720,20.760,20.240,20.420,1044516062
2024-11-07,20.340,20.900,20.260,20.860,576528653
2024-11-08,21.080,21.260,20.600,20.600,1154783820
2024-11-11,20.080,20.420,20.060,20.340,768034431
2024-11-12,20.260,20.440,19.670,19.750,1298875466
2024-11-13,19.600,19.740,19.500,19.720,1400205509
2024-11-14,19.560,19.760,19.300,19.330,533493652
2024-11-15,19.420,19.520,19.240,19.330,542625889
2024-11-18,19.510,19.690,19.390,19.490,383149628
2024-11-19,19.610,19.690,19.430,19.570,403314587
2024-11-20,19.530,19.680,19.490,19.600,160569634
2024-11-21,19.550,19.690,19.460,19.500,575424576
2024-11-22,19.510,19.630,19.040,19.120,254743932
2024-11-25,19.200,19.280,19.020,19.070,444906364
2024-11-26,18.960,19.210,18.960,19.050,295647667
2024-11-27,19.090,19.590,18.980,19.540,637938530
2024-11-28,19.500,19.500,19.230,19.280,305977714
2024-11-29,19.290,19.590,19.230,19.380,624580782
2024-12-02,19.390,19.620,19.320,19.520,1118702236
2024-12-03,19.510,19.710,19.310,19.660,211016638
2024-12-04,19.660,19.760,19.530,19.660,838357673
2024-12-05,19.520,19.560,19.380,19.500,228389189
2024-12-06,19.540,19.880,19.500,19.820,249203527
2024-12-09,19.670,20.380,19.620,20.340,1016455601
2024-12-10,21.040,21.040,20.220,20.260,1029705420
2024-12-11,20.280,20.420,20.020,20.100,761761550
2024-12-12,20.120,20.480,20.060,20.320,447918360
2024-12-13,20.160,20.160,19.840,19.860,549319852
2024-12-16,19.860,19.980,19.640,19.710,382532251
2024-12-17,19.580,19.860,19.540,19.680,458928689
2024-12-18,19.780,19.880,19.730,19.820,251666158
2024-12-19,19.510,19.780,19.500,19.700,659020953
2024-12-20,19.600,19.820,19.600,19.670,506686414
2024-12-23,19.800,19.880,19.680,19.800,424028518
2024-12-24,19.840,20.100,19.820,20.080,148670382
2024-12-27,20.080,20.120,19.940,20.000,337262793
2024-12-30,20.020,20.140,19.880,19.960,321793355
2024-12-31,19.920,20.120,19.920,20.040,114974627
2025-01-02,19.980,19.980,19.500,19.560,734152691
2025-01-03,19.640,19.860,19.590,19.720,915065591
2025-01-06,19.820,19.840,19.600,19.660,431445923
2025-01-07,19.500,19.630,19.200,19.410,839235856
2025-01-08,19.380,19.460,19.080,19.250,487094129
2025-01-09,19.250,19.370,19.190,19.210,392403165
2025-01-10,19.280,19.340,19.000,19.050,481235691
2025-01-13,18.900,18.920,18.650,18.870,305879838
2025-01-14,18.890,19.310,18.880,19.220,447237024
2025-01-15,19.180,19.300,19.130,19.260,542969877
2025-01-16,19.440,19.660,19.330,19.530,412713020
2025-01-17,19.500,19.640,19.400,19.570,393760291
2025-01-20,19.760,20.120,19.760,19.900,446697004
2025-01-21,20.120,20.220,19.920,20.100,421996452
2025-01-22,19.980,20.020,19.720,19.750,451566395
2025-01-23,19.900,20.040,19.630,19.680,635273514
2025-01-24,19.820,20.160,19.760,20.040,600583271
2025-01-27,20.040,20.300,20.040,20.180,615308663
2025-01-28,20.340,20.340,20.160,20.220,78308857
2025-02-03,19.900,20.240,19.730,20.220,197669615
2025-02-04,20.460,20.900,20.280,20.780,572053107
2025-02-05,20.860,20.860,20.400,20.580,800947550
2025-02-06,20.620,20.880,20.520,20.880,641936187
2025-02-07,20.880,21.220,20.800,21.120,547215187
2025-02-10,21.200,21.560,21.200,21.500,980562853
2025-02-11,21.640,21.680,21.280,21.300,678252780
2025-02-12,21.520,21.860,21.420,21.840,907939931
2025-02-13,21.960,22.540,21.720,21.780,1079287181
2025-02-14,21.980,22.600,21.980,22.600,1309369295
2025-02-17,22.680,22.980,22.320,22.600,627545761
2025-02-18,22.660,23.140,22.620,22.960,1642722445
2025-02-19,22.780,22.980,22.620,22.920,703999557
2025-02-20,22.720,22.840,22.440,22.540,1250401013
2025-02-21,22.980,23.480,22.900,23.460,767688287
2025-02-24,23.380,23.680,23.220,23.320,1118792745
2025-02-25,22.800,23.240,22.720,23.020,1034972264
2025-02-26,23.240,24.000,23.240,23.740,1038332418
2025-02-27,23.780,24.060,23.480,23.720,888637690
2025-02-28,23.560,23.580,22.780,22.940,1300162241
2025-03-03,23.080,23.400,22.860,23.000,826659364
2025-03-04,22.720,23.040,22.560,22.920,992652447
2025-03-05,23.240,23.640,23.100,23.580,463664800
2025-03-06,24.020,24.500,24.020,24.400,824147203
2025-03-07,24.280,24.740,24.140,24.300,1118032260
2025-03-10,24.200,24.380,23.700,23.860,1595584998
2025-03-11,23.380,23.920,23.320,23.820,1694149865
2025-03-12,23.900,24.020,23.440,23.760,1019412728
2025-03-13,23.700,23.800,23.260,23.540,508912566
2025-03-14,23.780,24.220,23.560,24.040,534695389
2025-03-17,24.280,24.460,24.140,24.240,398860540
2025-03-18,24.780,24.840,24.580,24.820,613042301
2025-03-19,24.820,24.980,24.680,24.860,620146056
2025-03-20,24.820,24.820,24.300,24.320,507973866
2025-03-21,24.220,24.320,23.680,23.780,825452011
2025-03-24,23.760,24.060,23.640,23.980,617017044
2025-03-25,23.700,23.840,23.400,23.440,523359286
2025-03-26,23.560,23.680,23.440,23.560,528372414
2025-03-27,23.620,23.960,23.460,23.660,690605273
2025-03-28,23.780,23.840,23.320,23.500,735446362
2025-03-31,23.300,23.480,23.060,23.240,733147731
2025-04-01,23.300,23.540,23.200,23.280,1032472228
2025-04-02,23.240,23.480,23.060,23.300,574945709
2025-04-03,22.780,23.060,22.720,22.920,1124892812
2025-04-07,21.180,21.220,19.760,19.820,2471470999
2025-04-08,20.120,20.520,19.800,20.100,1772571466
2025-04-09,19.390,20.540,19.240,20.320,1604766778
2025-04-10,20.820,21.300,20.560,20.780,2307230982
2025-04-11,20.640,21.220,20.520,21.000,568409769
2025-04-14,21.460,21.620,21.300,21.500,909274093
2025-04-15,21.680,21.680,21.380,21.540,698664561
2025-04-16,21.400,21.460,20.940,21.120,598599624
2025-04-17,21.160,21.520,21.120,21.500,732250974
2025-04-22,21.360,21.720,21.300,21.680,1179726467
2025-04-23,22.220,22.260,21.980,22.180,895546548
2025-04-24,22.160,22.200,21.820,22.000,663535114
2025-04-25,22.200,22.380,22.040,22.100,546516176
2025-04-28,22.220,22.220,21.920,22.100,412271184
2025-04-29,22.220,22.320,22.040,22.140,817974221
2025-04-30,22.120,22.280,21.980,22.260,435499109
2025-05-02,22.360,22.700,22.200,22.660,438876401
2025-05-06,22.700,22.920,22.580,22.840,810315625
2025-05-07,23.320,23.400,22.840,22.840,573657132
2025-05-08,22.760,23.180,22.760,22.940,413368794
2025-05-09,23.020,23.080,22.860,23.060,404335497
2025-05-12,23.320,23.880,23.140,23.740,1201652979
2025-05-13,23.700,23.700,23.240,23.260,579179829
2025-05-14,23.500,23.820,23.460,23.820,897301102
2025-05-15,23.820,23.920,23.580,23.660,501098571
2025-05-16,23.500,23.600,23.400,23.560,531676305
2025-05-19,23.400,23.640,23.260,23.540,416926480
2025-05-20,23.580,23.940,23.580,23.880,475994531
2025-05-21,23.940,24.160,23.920,24.060,528749975
2025-05-22,23.980,24.020,23.700,23.760,418622921
2025-05-23,23.760,24.020,23.740,23.820,493986666
2025-05-26,23.800,23.840,23.480,23.520,638286962
2025-05-27,23.480,23.700,23.420,23.660,849853645
2025-05-28,23.680,23.760,23.460,23.560,394284543
2025-05-29,23.540,23.900,23.500,23.860,425558255
2025-05-30,23.600,23.660,23.440,23.580,419808960
2025-06-02,23.340,23.480,22.940,23.480,421831313
2025-06-03,23.560,23.820,23.560,23.820,487510097
2025-06-04,23.820,24.020,23.780,23.960,351581363
2025-06-05,24.120,24.240,24.020,24.200,486308077
2025-06-06,24.240,24.280,24.100,24.160,547961158
2025-06-09,24.320,24.520,24.300,24.500,492821317
2025-06-10,24.500,24.660,24.340,24.500,673436934
2025-06-11,24.560,24.840,24.540,24.740,473980700
2025-06-12,24.600,24.700,24.400,24.460,354469140
2025-06-13,24.320,24.500,24.160,24.260,465255612
2025-06-16,24.200,24.540,24.120,24.480,360551270
2025-06-17,24.500,24.560,24.280,24.400,347727220
2025-06-18,24.280,24.300,24.040,24.120,278452564
2025-06-19,24.000,24.080,23.600,23.640,253956495
2025-06-20,23.720,23.940,23.700,23.920,286707282
2025-06-23,23.740,24.120,23.680,24.100,375897022
2025-06-24,24.280,24.660,24.280,24.600,500633829
2025-06-25,24.780,24.980,24.700,24.900,562729622
2025-06-26,24.800,24.860,24.660,24.760,296372932
2025-06-27,24.860,24.920,24.640,24.700,575109253
2025-06-30,24.740,24.740,24.500,24.520,397259873
2025-07-02,24.780,24.860,24.580,24.640,513428488
2025-07-03,24.660,24.760,24.400,24.540,399754891
2025-07-04,24.360,24.580,24.180,24.400,376198953
2025-07-07,24.340,24.400,24.180,24.360,515416864
2025-07-08,24.440,24.660,24.380,24.640,384155269
2025-07-09,24.600,24.600,24.300,24.380,381470620
2025-07-10,24.360,24.560,24.300,24.520,462069935
2025-07-11,24.520,25.020,24.520,24.620,693364922
2025-07-14,24.600,24.760,24.560,24.700,333722495
2025-07-15,24.840,25.080,24.620,25.080,615710476
2025-07-16,25.100,25.360,24.980,24.980,464945760
2025-07-17,25.060,25.160,24.940,25.000,509136310
2025-07-18,25.240,25.320,25.120,25.320,482272646
2025-07-21,25.480,25.500,25.340,25.460,368603716
2025-07-22,25.520,25.640,25.400,25.600,367824249
2025-07-23,25.820,26.040,25.720,26.020,652964810
2025-07-24,26.020,26.240,26.000,26.160,593351016
2025-07-25,26.040,26.080,25.860,25.880,866870589
2025-07-28,25.960,26.180,25.900,26.060,489641435
2025-07-29,25.920,26.040,25.740,26.020,344361284
2025-07-30,25.840,26.000,25.580,25.660,562786102
2025-07-31,25.500,25.500,25.240,25.260,710522379
2025-08-01,25.260,25.340,24.980,24.980,648334350
2025-08-04,24.940,25.240,24.860,25.200,1268421096
2025-08-05,25.240,25.420,25.160,25.360,719225265
2025-08-06,25.360,25.480,25.300,25.420,375381501
2025-08-07,25.480,25.620,25.320,25.560,712918410
2025-08-08,25.440,25.500,25.300,25.380,277719840
2025-08-11,25.420,25.480,25.260,25.400,245268393
2025-08-12,25.320,25.520,25.300,25.480,423826074
2025-08-13,25.660,26.120,25.660,26.080,587026141
2025-08-14,26.260,26.280,26.000,26.020,326527721
2025-08-15,25.820,25.860,25.660,25.800,1148485892
2025-08-18,25.800,25.980,25.660,25.660,813235288
2025-08-19,25.720,25.780,25.580,25.620,853082233
2025-08-20,25.480,25.720,25.380,25.660,978589542
2025-08-21,25.700,25.720,25.500,25.620,430233565
2025-08-22,25.720,25.880,25.660,25.840,418385265
2025-08-25,26.120,26.460,26.100,26.360,579142778
2025-08-26,26.240,26.340,26.020,26.020,624979956
2025-08-27,26.120,26.180,25.660,25.700,1499351764
2025-08-28,25.580,25.620,25.320,25.500,1239398431
2025-08-29,25.640,25.820,25.580,25.620,430581163
2025-09-01,25.980,26.200,25.980,26.160,652840138
2025-09-02,26.120,26.300,25.980,26.040,790950619
2025-09-03,26.240,26.360,25.820,25.900,748231421
2025-09-04,26.020,26.080,25.580,25.620,684501542
2025-09-05,25.720,26.060,25.680,25.980,416425409
2025-09-08,25.980,26.260,25.980,26.200,348908241
2025-09-09,26.320,26.660,26.260,26.540,378083282
2025-09-10,26.680,26.940,26.620,26.800,378558857
2025-09-11,26.600,26.900,26.520,26.720,609924629
2025-09-12,27.120,27.240,26.980,27.000,672662847
2025-09-15,26.980,27.200,26.940,27.080,761799977
2025-09-16,27.160,27.260,26.980,27.060,781077699
2025-09-17,27.160,27.600,27.160,27.520,562368205
2025-09-18,27.480,27.700,26.980,27.180,689600694
2025-09-19,27.200,27.280,27.040,27.200,838709787
2025-09-22,27.100,27.100,26.840,26.960,641796749
2025-09-23,27.040,27.080,26.640,26.800,898889030
2025-09-24,26.760,27.200,26.700,27.180,355369907
2025-09-25,27.060,27.280,27.040,27.140,556140759
2025-09-26,26.980,27.060,26.720,26.780,565463647
2025-09-29,27.000,27.340,26.980,27.240,698376064
2025-09-30,27.280,27.560,27.200,27.520,383166715
2025-10-02,27.520,28.040,27.520,27.960,465975893
2025-10-03,27.880,27.920,27.600,27.780,164529440
2025-10-06,27.700,27.800,27.520,27.580,245943534
2025-10-08,27.560,27.560,27.160,27.460,378935610
2025-10-09,27.520,27.640,27.120,27.400,449791347
2025-10-10,27.160,27.220,26.900,26.960,375135392
2025-10-13,26.220,26.560,25.980,26.540,1317057344
2025-10-14,26.620,26.740,25.960,26.120,951006761
2025-10-15,26.420,26.640,26.240,26.560,1097213708
2025-10-16,26.520,26.720,26.340,26.540,515977914
2025-10-17,26.480,26.500,25.780,25.860,570565775
2025-10-20,26.520,26.600,26.380,26.520,556028700
2025-10-21,26.840,27.060,26.680,26.700,475025056
2025-10-22,26.640,26.640,26.280,26.420,482669909
2025-10-23,26.360,26.760,26.260,26.600,460512746
2025-10-24,26.840,26.920,26.720,26.800,446014269
2025-10-27,27.100,27.180,26.980,27.040,578987858
2025-10-28,27.180,27.200,26.900,26.980,447168171
2025-10-30,26.880,26.880,26.260,26.400,1075680279
2025-10-31,26.380,26.420,26.040,26.060,442359469
2025-11-03,26.120,26.340,26.040,26.260,531294586
2025-11-04,26.260,26.400,26.020,26.040,456271227
2025-11-05,25.800,26.100,25.600,26.040,537528465
2025-11-06,26.200,26.640,26.180,26.600,554722356
2025-11-07,26.500,26.500,26.300,26.340,386895252
2025-11-10,26.440,26.840,26.440,26.800,331961140
2025-11-11,26.900,26.940,26.660,26.840,575306746
2025-11-12,26.940,27.160,26.900,27.040,462244627
2025-11-13,26.920,27.320,26.860,27.180,735260946
2025-11-14,26.820,27.040,26.680,26.720,595660489
2025-11-17,26.620,26.680,26.400,26.520,689586244
2025-11-18,26.280,26.320,25.960,26.060,504318531
2025-11-19,26.100,26.180,25.880,25.980,661002576
2025-11-20,26.140,26.200,25.820,26.000,1187476759
2025-11-21,25.660,25.660,25.320,25.360,727619188
2025-11-24,25.580,25.920,25.520,25.820,490723815
2025-11-25,26.080,26.200,25.880,26.040,533695075
2025-11-26,26.240,26.280,26.040,26.080,537131355
2025-11-27,26.080,26.260,25.960,26.060,546820348
2025-11-28,26.120,26.160,25.960,26.040,230461371
2025-12-01,26.100,26.340,26.040,26.200,321924139
2025-12-02,26.340,26.440,26.140,26.240,339903581
2025-12-03,26.160,26.180,25.900,25.940,398237220
2025-12-04,26.000,26.200,25.860,26.140,498794543
2025-12-05,26.100,26.360,25.980,26.280,298803923
2025-12-08,26.260,26.360,25.960,25.980,326054948
2025-12-09,25.980,26.020,25.580,25.620,395383580
2025-12-10,25.620,25.700,25.460,25.700,393066671
2025-12-11,25.900,26.000,25.680,25.760,422527872
2025-12-12,26.000,26.240,25.920,26.160,374899285
2025-12-15,25.920,26.020,25.800,25.840,494817249
2025-12-16,25.760,25.760,25.300,25.440,397147709
2025-12-17,25.460,25.720,25.380,25.660,505602885
2025-12-18,25.520,25.740,25.460,25.700,394536019
2025-12-19,25.860,25.980,25.760,25.900,434252601
2025-12-22,26.040,26.060,25.880,26.000,265093884
2025-12-23,26.100,26.160,25.940,25.960,340169257
2025-12-24,25.960,26.080,25.960,26.000,178353321
2025-12-29,26.180,26.300,25.820,25.820,498503687
2025-12-30,25.820,26.140,25.800,26.060,358235065
2025-12-31,26.000,26.000,25.760,25.820,138364709
2026-01-02,25.920,26.580,25.920,26.540,430816215
2026-01-05,26.580,26.660,26.460,26.520,911019270
2026-01-06,26.700,27.100,26.700,26.880,562358822
2026-01-07,26.860,26.860,26.540,26.660,513238683
2026-01-08,26.520,26.520,26.160,26.320,760357414
2026-01-09,26.440,26.500,26.320,26.400,458119534
2026-01-12,26.580,26.820,26.400,26.800,343036992
2026-01-13,27.160,27.380,26.940,27.040,481102331
2026-01-14,27.120,27.340,27.000,27.200,384310722
2026-01-15,27.200,27.440,27.060,27.120,602280350
2026-01-16,27.340,27.440,26.960,27.040,235117491
2026-01-19,26.840,26.940,26.760,26.760,533276683
2026-01-20,26.760,26.860,26.580,26.680,418532844
2026-01-21,26.600,26.940,26.600,26.800,664067905
2026-01-22,27.000,27.000,26.720,26.860,474906862
2026-01-23,27.100,27.140,26.900,26.960,402221536
2026-01-26,27.040,27.140,26.840,26.980,637966109
2026-01-27,27.100,27.420,27.040,27.320,389933701
2026-01-28,27.560,28.080,27.480,28.040,1175097981
2026-01-29,27.860,28.320,27.820,28.180,569812641
2026-01-30,28.000,28.120,27.600,27.600,606792451
2026-02-02,27.340,27.360,26.720,26.940,914618701
2026-02-03,27.200,27.340,26.660,27.000,845932608
2026-02-04,26.960,27.240,26.820,27.080,793875481
2026-02-05,26.820,27.140,26.600,27.100,1080266950
2026-02-06,26.580,26.900,26.480,26.760,493256456
2026-02-09,27.260,27.340,27.100,27.220,755650211
2026-02-10,27.400,27.640,27.320,27.380,339490618
2026-02-11,27.440,27.560,27.360,27.480,299909681
2026-02-12,27.440,27.460,27.140,27.240,311036430
2026-02-13,26.880,27.000,26.660,26.780,671488961
2026-02-16,26.760,26.980,26.620,26.980,185040479
2026-02-20,26.920,27.020,26.560,26.640,331859588
2026-02-23,27.040,27.400,27.020,27.300,375350992
2026-02-24,27.120,27.120,26.700,26.800,306312714
2026-02-25,26.980,27.080,26.860,26.980,640582820
2026-02-26,27.220,27.240,26.580,26.580,284718058
2026-02-27,26.640,26.940,26.580,26.900,775902888
2026-03-02,26.540,26.620,26.100,26.280,721672179
2026-03-03,26.440,26.440,25.940,25.960,811338434
2026-03-04,25.660,25.680,25.160,25.500,743599893
2026-03-05,25.800,25.940,25.420,25.500,1486551575
2026-03-06,25.560,26.040,25.480,25.920,686930334
2026-03-09,25.120,25.660,25.100,25.620,1584767839
2026-03-10,25.960,26.180,25.800,26.180,1426407180
2026-03-11,26.260,26.380,26.060,26.100,350735018
2026-03-12,26.000,26.200,25.780,26.040,710926371
2026-03-13,25.880,25.960,25.720,25.720,785461161
2026-03-16,25.800,26.140,25.600,26.120,802084358
2026-03-17,26.220,26.540,26.120,26.200,979857444
2026-03-18,26.220,26.400,26.080,26.280,519779786
2026-03-19,25.780,26.020,25.720,25.760,1146143943
2026-03-20,25.680,25.840,25.400,25.560,1367365972
2026-03-23,25.060,25.060,24.480,24.700,1380996780
2026-03-24,25.060,25.360,24.820,25.360,1210253358
2026-03-25,25.560,25.680,25.300,25.660,1140382388
2026-03-26,25.540,25.540,25.080,25.140,465641972
2026-03-27,25.020,25.380,25.000,25.200,818355945
2026-03-30,24.760,25.080,24.660,25.000,868107858
2026-03-31,25.080,25.280,24.820,25.080,627870579
2026-04-01,25.640,25.720,25.480,25.540,826389604
2026-04-02,25.480,25.520,25.180,25.400,882936818
2026-04-08,26.220,26.260,25.980,26.200,1154934638
2026-04-09,26.060,26.180,25.940,26.020,801434850
2026-04-10,26.200,26.400,26.140,26.160,716560400
2026-04-13,26.000,26.020,25.820,25.960,390856381
2026-04-14,26.220,26.320,25.980,26.200,638227672
2026-04-15,26.480,26.540,26.240,26.240,412870155
2026-04-16,26.420,26.720,26.420,26.700,551971052
2026-04-17,26.520,26.600,26.320,26.440,552607635
2026-04-20,26.520,26.740,26.400,26.660,676090988
2026-04-21,26.740,26.840,26.640,26.760,315765743
2026-04-22,26.580,26.600,26.400,26.460,413066331
2026-04-23,26.400,26.420,26.140,26.200,788453541
2026-04-24,26.100,26.300,25.920,26.260,556988837
2026-04-27,26.280,26.380,26.140,26.240,801854636
2026-04-28,26.200,26.200,25.900,25.980,697141664
2026-04-29,25.980,26.260,25.920,26.240,756674854
2026-04-30,26.060,26.160,25.820,25.900,644660703
2026-05-04,26.260,26.480,26.220,26.240,489645498
2026-05-05,26.080,26.080,25.820,26.020,371207193
2026-05-06,26.180,26.360,26.000,26.300,608744861
2026-05-07,26.660,26.820,26.660,26.760,576814981
2026-05-08,26.500,26.620,26.400,26.500,527526370
2026-05-11,26.420,26.560,26.340,26.540,518531228
2026-05-12,26.580,26.760,26.460,26.480,643696321
2026-05-13,26.480,26.620,26.360,26.520,463523764
2026-05-14,27.020,27.040,26.520,26.560,607873776
2026-05-15,26.540,26.540,26.040,26.120,1295884035
2026-05-18,25.980,26.000,25.700,25.820,1042888002
2026-05-19,25.880,26.040,25.840,25.980,916669877
2026-05-20,25.860,25.920,25.740,25.860,513827297
2026-05-21,26.060,26.060,25.540,25.620,754322782
2026-05-22,25.860,25.960,25.700,25.800,854712777
2026-05-26,25.900,26.000,25.640,25.820,856920814
2026-05-27,25.840,25.860,25.500,25.560,915375487
2026-05-28,25.460,25.480,24.980,25.260,755064962
2026-05-29,25.400,25.580,25.300,25.400,837845479
2026-06-01,25.400,25.760,25.400,25.680,756798493
2026-06-02,25.640,26.360,25.640,26.320,811298804
2026-06-03,26.240,26.240,25.860,25.940,1033732612
2026-06-04,25.700,25.780,25.480,25.540,695885298
2026-06-05,25.500,25.540,25.240,25.280,784318754
2026-06-08,24.880,25.160,24.760,24.980,1316758653
2026-06-09,24.860,25.060,24.780,24.900,1303062723
2026-06-10,24.780,24.840,24.560,24.740,979394520
2026-06-11,24.720,24.860,24.360,24.600,895983170
2026-06-12,24.860,25.140,24.780,25.080,881834471
2026-06-15,25.380,25.440,25.180,25.240,541694992
2026-06-16,25.200,25.220,24.760,24.860,642345555
2026-06-17,24.920,24.940,24.640,24.680,448416540
2026-06-18,24.500,24.560,24.140,24.280,367344427
2026-06-22,24.180,24.280,23.820,24.160,788175443
2026-06-23,24.160,24.220,23.640,23.700,776256607
2026-06-24,23.860,23.940,23.640,23.800,809314570
2026-06-25,23.800,23.800,23.380,23.500,883240803
2026-06-26,23.340,23.340,22.920,23.080,594917921
2026-06-29,23.240,23.560,23.180,23.400,985351079
2026-06-30,23.340,23.480,23.060,23.280,535050680
2026-07-02,23.400,23.780,23.320,23.500,1015105222
2026-07-03,23.700,23.980,23.680,23.800,682464963
2026-07-06,23.860,24.160,23.680,24.080,991693444
2026-07-07,24.080,24.280,23.860,23.920,742991200
2026-07-08,23.960,24.800,23.960,24.660,859582079
2026-07-09,24.620,24.820,24.380,24.460,827949409
2026-07-10,24.660,24.960,24.520,24.620,858455991
2026-07-13,24.620,24.920,24.560,24.680,974224711
2026-07-14,24.580,24.920,24.360,24.840,652023570
2026-07-15,25.000,25.240,24.920,25.100,701641015
2026-07-16,25.300,25.720,25.300,25.460,692366973
2026-07-17,25.460,25.620,24.840,24.980,772913027
2026-07-20,25.240,25.620,25.220,25.580,963922594
2026-07-21,25.620,25.740,25.460,25.600,431922996
2026-07-22,25.400,25.520,25.280,25.340,810865332
2026-07-23,25.460,25.760,25.340,25.680,530830619
2026-07-24,25.400,25.500,25.300,25.420,410521996
2026-07-27,25.480,25.780,25.400,25.700,412871962
2026-07-28,25.700,25.920,25.540,25.800,471635691
2026-07-29,26.060,26.300,25.980,26.280,515941835
2026-07-30,26.380,26.480,26.140,26.360,745328842
2026-07-31,26.420,26.420,26.120,26.400,590458936
2026-08-03,26.400,26.620,26.300,26.460,892735000
2026-08-04,26.500,26.680,26.260,26.320,632532917
2026-08-05,26.340,26.460,26.220,26.400,601640264
2026-08-06,26.200,26.200,25.880,26.000,492296783
2026-08-07,26.000,26.160,25.880,26.160,530828374
2026-08-10,26.280,26.460,26.200,26.420,505112277
2026-08-11,26.440,26.540,26.120,26.140,373935262
2026-08-12,26.000,26.000,25.800,25.880,427516328
2026-08-13,25.800,26.020,25.780,25.880,544270807
2026-08-14,25.740,25.820,25.580,25.600,455308722
2026-08-17,25.800,26.100,25.800,25.960,276510099
2026-08-18,25.860,26.000,25.720,25.980,439197577
