date,open,high,low,close,volume
2012-01-03,50.195,50.442,50.054,50.186,39512874
2012-01-04,50.098,50.468,49.886,50.397,29403365
2012-01-05,50.292,50.856,50.098,50.812,41260529
2012-01-06,50.847,51.103,50.627,50.988,46325172
2012-01-09,51.112,51.138,50.654,50.821,39195455
2012-01-10,51.385,51.513,50.838,51.191,35949856
2012-01-11,51.174,51.412,50.988,51.297,37144050
2012-01-12,51.412,51.571,51.033,51.500,26188209
2012-01-13,51.244,51.332,50.874,51.315,35985091
2012-01-17,51.782,52.003,51.588,51.782,41790747
2012-01-18,51.897,52.470,51.758,52.470,48692630
2012-01-19,52.708,52.894,52.611,52.797,47774414
2012-01-20,52.576,52.744,52.532,52.717,41050565
2012-01-23,52.744,53.105,52.426,52.735,40964630
2012-01-24,52.514,52.779,52.400,52.638,38440197
2012-01-25,53.167,53.432,52.773,53.299,61591782
2012-01-26,53.511,53.626,52.858,53.114,37852655
2012-01-27,52.999,53.370,52.973,53.273,45540388
2012-01-30,52.814,53.396,52.620,53.317,42797536
2012-01-31,53.582,53.679,53.043,53.387,51449601
2012-02-01,53.670,54.014,53.502,53.820,46146664
2012-02-02,53.978,54.164,53.776,53.987,46373511
2012-02-03,54.490,54.790,54.402,54.728,36453755
2012-02-06,54.525,54.702,54.384,54.684,28541034
2012-02-07,54.640,54.905,54.393,54.799,37935695
2012-02-08,54.807,55.090,54.605,55.090,41171074
2012-02-09,55.275,55.548,54.966,55.487,46856294
2012-02-10,55.099,55.248,54.905,55.103,58093569
2012-02-13,55.504,55.681,55.257,55.610,36810183
2012-02-14,55.478,55.760,55.293,55.751,51685261
2012-02-15,56.025,56.325,55.275,55.363,105708895
2012-02-16,55.381,56.183,55.240,56.122,83642235
2012-02-17,56.130,56.175,55.698,55.945,76112276
2012-02-21,56.016,56.351,55.751,56.104,38141236
2012-02-22,55.998,56.166,55.769,55.848,43174694
2012-02-23,55.919,56.280,55.645,56.219,54249254
2012-02-24,56.377,56.510,56.272,56.413,41369705
2012-02-27,56.095,56.677,55.857,56.492,42678420
2012-02-28,56.536,57.065,56.474,57.065,43727286
2012-02-29,57.101,57.295,56.624,56.810,59784393
2012-03-01,57.030,57.312,56.854,57.259,67558813
2012-03-02,57.180,57.399,57.030,57.215,33358160
2012-03-05,57.180,57.251,56.439,56.624,45788685
2012-03-06,56.086,56.201,55.769,56.069,54638583
2012-03-07,56.325,56.633,56.245,56.501,42741792
2012-03-08,56.818,57.277,56.713,57.110,43711013
2012-03-09,57.198,57.453,57.171,57.348,43117170
2012-03-12,57.304,57.427,57.083,57.374,32687292
2012-03-13,57.700,58.441,57.568,58.441,61558511
2012-03-14,58.485,58.865,58.283,58.644,59926891
2012-03-15,58.821,58.935,58.521,58.812,65531134
2012-03-16,58.885,58.903,58.629,58.770,53023027
2012-03-19,58.859,59.327,58.709,59.186,60966105
2012-03-20,58.894,59.358,58.717,59.292,47290547
2012-03-21,59.309,59.627,59.221,59.301,39648089
2012-03-22,58.938,59.318,58.912,59.177,56960468
2012-03-23,59.248,59.265,58.806,59.141,45547682
2012-03-26,59.521,60.175,59.486,60.175,40855239
2012-03-27,60.206,60.511,60.193,60.264,37278184
2012-03-28,60.299,60.529,59.672,60.023,44421855
2012-03-29,59.733,60.016,59.371,59.795,53975298
2012-03-30,60.069,60.096,59.442,59.680,39480224
2012-04-02,59.601,60.378,59.513,60.299,40031540
2012-04-03,60.352,60.564,59.945,60.281,45539655
2012-04-04,59.839,59.866,59.115,59.460,54087961
2012-04-05,59.362,59.884,59.309,59.831,42938457
2012-04-09,59.088,59.619,58.982,59.380,36908136
2012-04-10,59.362,59.583,58.240,58.426,69254193
2012-04-11,58.934,59.097,58.558,58.709,62949946
2012-04-12,58.823,59.442,58.736,59.376,57407345
2012-04-13,59.159,59.373,58.452,58.479,55227428
2012-04-16,58.779,58.806,57.640,57.825,57587271
2012-04-17,58.090,59.186,57.984,59.000,47362395
2012-04-18,58.832,59.195,58.673,58.850,42536007
2012-04-19,58.647,59.345,57.975,58.187,81110267
2012-04-20,58.505,58.762,57.940,58.028,59906831
2012-04-23,57.498,57.587,56.977,57.498,70514110
2012-04-24,57.401,57.631,56.942,57.189,49661432
2012-04-25,58.364,58.744,58.284,58.709,57526761
2012-04-26,58.682,59.186,58.620,59.053,41799492
2012-04-27,59.301,59.592,58.991,59.407,46012481
2012-04-30,59.212,59.345,58.938,58.982,37787622
2012-05-01,58.912,59.751,58.832,59.080,37643735
2012-05-02,58.753,59.292,58.647,59.248,38299220
2012-05-03,59.283,59.327,58.466,58.620,51307361
2012-05-04,58.090,58.622,57.154,57.162,107553920
2012-05-07,56.818,57.489,56.800,57.215,50266729
2012-05-08,56.844,57.198,56.085,57.003,72659690
2012-05-09,56.341,57.145,56.111,56.828,85715257
2012-05-10,57.083,57.101,56.500,56.712,49448870
2012-05-11,56.491,57.304,56.464,56.703,47106689
2012-05-14,56.217,56.615,56.085,56.173,46359983
2012-05-15,56.358,56.783,55.890,55.987,66908427
2012-05-16,56.208,56.350,55.493,55.607,52825897
2012-05-17,55.607,55.714,54.424,54.432,62253439
2012-05-18,54.591,54.742,53.681,53.726,79496446
2012-05-21,53.823,55.281,53.761,55.228,61471322
2012-05-22,55.360,55.616,54.767,55.166,62954723
2012-05-23,54.715,55.404,54.220,55.272,56951072
2012-05-24,55.360,55.404,54.503,54.910,83129559
2012-05-25,54.963,55.060,54.680,54.839,32082832
2012-05-29,55.334,55.793,55.024,55.537,44221458
2012-05-30,55.033,55.263,54.492,55.069,56431798
2012-05-31,54.998,55.139,54.415,54.830,55260021
2012-06-01,53.867,54.176,53.355,53.371,71430752
2012-06-04,53.514,53.858,53.045,53.779,74119321
2012-06-05,53.584,54.106,53.567,54.000,47916880
2012-06-06,54.424,55.281,54.353,55.236,58781187
2012-06-07,55.802,55.820,54.971,55.016,38414776
2012-06-08,54.918,55.616,54.742,55.546,39737101
2012-06-11,55.970,55.996,54.574,54.605,51008831
2012-06-12,54.857,55.298,54.494,55.272,48802598
2012-06-13,55.113,55.528,54.706,54.892,50841084
2012-06-14,54.901,55.316,54.600,55.095,65170503
2012-06-15,55.229,55.857,55.220,55.778,41536033
2012-06-18,55.565,56.442,55.459,56.300,32191113
2012-06-19,56.583,57.124,56.539,56.884,36476477
2012-06-20,56.991,57.177,56.504,56.929,51389682
2012-06-21,56.858,56.947,55.450,55.512,42492624
2012-06-22,55.680,56.167,55.548,56.096,29513101
2012-06-25,55.645,55.654,54.857,55.016,33136337
2012-06-26,55.193,55.521,54.952,55.361,30610734
2012-06-27,55.574,55.946,55.512,55.698,35705771
2012-06-28,55.273,55.317,54.494,55.078,49793383
2012-06-29,56.114,56.814,55.972,56.814,44765803
2012-07-02,56.876,57.008,56.557,56.982,33432708
2012-07-03,57.008,57.460,56.929,57.460,15895085
2012-07-05,57.363,57.779,57.097,57.496,37025561
2012-07-06,57.248,57.283,56.362,56.778,40684059
2012-07-09,56.699,56.902,56.389,56.672,35636978
2012-07-10,56.964,57.124,55.893,56.114,47365647
2012-07-11,56.043,56.194,55.344,55.804,43431952
2012-07-12,55.388,55.512,54.777,55.282,57680387
2012-07-13,55.397,56.247,55.397,56.123,32358947
2012-07-16,55.999,56.247,55.742,55.964,27623184
2012-07-17,56.300,56.442,55.459,56.256,42476969
2012-07-18,56.141,57.186,56.132,57.017,44489605
2012-07-19,57.416,57.832,57.310,57.646,53017702
2012-07-20,57.637,57.646,56.858,56.880,40572549
2012-07-23,55.787,56.389,55.353,56.194,48657617
2012-07-24,56.300,56.371,55.388,55.751,57269688
2012-07-25,55.335,55.742,55.034,55.379,46267404
2012-07-26,56.176,56.433,55.760,56.114,41934261
2012-07-27,56.521,57.549,56.353,57.442,42623491
2012-07-30,57.566,57.832,57.203,57.398,37821194
2012-07-31,57.478,57.717,57.327,57.380,34595377
2012-08-01,57.779,57.805,56.982,57.212,30919778
2012-08-02,56.761,57.575,56.592,57.008,40544547
2012-08-03,57.894,58.337,57.726,58.089,42122944
2012-08-06,58.390,58.788,58.266,58.532,23529615
2012-08-07,58.779,59.258,58.691,59.019,28222362
2012-08-08,58.868,59.118,58.771,58.992,20723495
2012-08-09,58.992,59.249,58.877,59.169,20726183
2012-08-10,58.965,59.222,58.806,59.205,20320925
2012-08-13,59.187,59.355,58.886,59.346,19890257
2012-08-14,59.576,59.692,59.205,59.373,24218673
2012-08-15,59.329,59.612,59.320,59.523,29110347
2012-08-16,59.745,60.365,59.674,60.232,35706443
2012-08-17,60.365,60.506,60.223,60.497,22584723
2012-08-20,60.453,60.595,60.214,60.586,26923940
2012-08-21,60.772,60.993,60.108,60.347,41390936
2012-08-22,60.205,60.710,60.046,60.595,44555654
2012-08-23,60.338,60.515,59.940,60.099,28802214
2012-08-24,59.966,60.612,59.860,60.471,38384751
2012-08-27,60.745,60.807,60.435,60.568,20671323
2012-08-28,60.515,60.732,60.311,60.568,27337854
2012-08-29,60.577,60.719,60.311,60.568,26674509
2012-08-30,60.311,60.329,59.860,59.957,24430939
2012-08-31,60.391,60.612,59.745,60.356,42127927
2012-09-04,60.241,60.524,59.700,60.294,32017183
2012-09-05,60.249,60.524,60.072,60.232,26133787
2012-09-06,60.586,61.587,60.586,61.569,43099507
2012-09-07,61.427,61.587,61.303,61.480,32966134
2012-09-10,61.330,61.454,60.648,60.692,25489971
2012-09-11,60.692,60.940,60.497,60.595,29810086
2012-09-12,60.816,60.931,60.400,60.774,42212157
2012-09-13,60.843,61.861,60.763,61.595,45417791
2012-09-14,61.843,62.366,61.799,62.144,38888047
2012-09-17,62.162,62.198,61.950,62.171,31798335
2012-09-18,62.020,62.251,62.003,62.224,27169767
2012-09-19,62.242,62.499,62.038,62.339,36484572
2012-09-20,62.047,62.339,61.870,62.277,42523444
2012-09-21,62.577,62.640,62.231,62.293,23681208
2012-09-24,61.769,62.036,61.645,61.925,32341549
2012-09-25,62.089,62.231,61.032,61.059,41308853
2012-09-26,60.979,61.014,60.251,60.562,32770371
2012-09-27,60.695,61.538,60.606,61.396,25334733
2012-09-28,61.201,61.379,60.837,60.890,30116097
2012-10-01,61.183,61.565,60.606,60.801,37715207
2012-10-02,61.086,61.254,60.499,60.979,33254267
2012-10-03,61.165,61.485,60.908,61.370,38235965
2012-10-04,61.485,61.752,61.272,61.583,26128544
2012-10-05,61.876,61.982,61.094,61.254,25207826
2012-10-08,60.899,61.023,60.553,60.695,30911410
2012-10-09,60.535,60.685,59.585,59.726,67973910
2012-10-10,59.718,59.878,59.318,59.425,45134294
2012-10-11,59.887,59.913,59.203,59.238,30476076
2012-10-12,59.256,59.549,59.096,59.212,24894927
2012-10-15,59.443,59.727,59.079,59.647,22220004
2012-10-16,59.754,60.562,59.718,60.491,33960299
2012-10-17,60.162,60.650,60.100,60.455,33439368
2012-10-18,60.269,60.455,59.532,59.754,61706323
2012-10-19,59.682,59.736,58.253,58.324,75362599
2012-10-22,58.271,58.777,58.164,58.626,38621408
2012-10-23,58.155,58.564,57.889,58.066,52598740
2012-10-24,58.395,58.493,57.773,57.866,39872375
2012-10-25,58.262,58.359,57.693,57.862,52688680
2012-10-26,57.880,58.273,57.409,58.031,54222197
2012-10-31,57.995,58.066,57.480,57.676,38524479
2012-11-01,58.004,58.608,57.871,58.495,26944931
2012-11-02,58.794,58.794,57.818,57.871,44082997
2012-11-05,57.893,58.368,57.756,58.253,28104128
2012-11-06,58.350,58.759,58.128,58.359,29608306
2012-11-07,57.756,57.809,56.743,56.983,70737600
2012-11-08,57.125,57.272,56.086,56.086,58585722
2012-11-09,56.113,56.930,56.086,56.326,51549536
2012-11-12,56.646,56.717,56.166,56.317,32663656
2012-11-13,55.873,56.459,55.749,55.926,43287627
2012-11-14,56.184,56.264,55.180,55.269,82655213
2012-11-15,55.314,55.491,54.878,55.083,55124159
2012-11-16,55.127,55.482,54.443,55.322,70868025
2012-11-19,55.917,56.681,55.908,56.637,55306381
2012-11-20,56.628,56.734,56.113,56.654,52012655
2012-11-21,56.681,56.850,56.477,56.770,19620058
2012-11-23,57.116,57.649,57.054,57.631,16462833
2012-11-26,57.516,57.915,57.312,57.881,26430885
2012-11-27,57.862,58.075,57.587,57.684,25828579
2012-11-28,57.418,58.226,57.054,58.182,37295780
2012-11-29,58.448,58.728,58.235,58.528,41135813
2012-11-30,58.537,58.581,58.262,58.430,33502042
2012-12-03,58.892,58.937,58.288,58.315,28239968
2012-12-04,58.333,58.404,57.898,58.279,49671701
2012-12-05,58.191,58.200,57.320,57.634,54076124
2012-12-06,57.462,58.146,57.303,58.004,47519071
2012-12-07,58.297,58.350,57.462,57.658,30092666
2012-12-10,57.498,58.124,57.498,57.827,33219547
2012-12-11,58.235,58.910,58.177,58.581,40750801
2012-12-12,58.866,58.892,58.297,58.457,45917674
2012-12-13,58.350,58.750,57.747,57.996,45467642
2012-12-14,57.631,57.791,57.249,57.445,39630252
2012-12-17,57.480,58.226,57.418,58.208,42302841
2012-12-18,58.475,59.185,58.342,59.094,55595997
2012-12-19,59.247,59.283,58.803,58.839,34832444
2012-12-20,58.945,58.972,58.546,58.839,40754272
2012-12-21,57.947,58.295,57.688,58.224,51144552
2012-12-24,58.099,58.170,57.974,58.108,11418232
2012-12-26,58.116,58.206,57.411,57.599,21760846
2012-12-27,57.652,57.724,56.795,57.509,52943138
2012-12-28,57.089,57.536,56.929,56.956,33082054
2012-12-31,56.866,58.270,56.777,58.161,57553098
2013-01-02,59.554,60.036,59.367,60.010,70695891
2013-01-03,60.010,60.135,59.518,59.699,47366435
2013-01-04,59.715,59.724,59.358,59.501,33973326
2013-01-07,59.349,59.617,59.161,59.519,26766190
2013-01-08,59.510,59.666,59.090,59.402,28743941
2013-01-09,59.492,59.786,59.429,59.626,25609172
2013-01-10,60.019,60.072,59.429,59.983,37534251
2013-01-11,59.956,60.090,59.831,60.063,21160468
2013-01-14,59.742,59.965,59.536,59.795,36777292
2013-01-15,59.501,59.589,59.235,59.501,31675276
2013-01-16,59.608,59.947,59.474,59.742,33828119
2013-01-17,59.992,60.260,59.885,60.027,32030740
2013-01-18,59.840,59.956,59.626,59.894,31991953
2013-01-22,59.965,60.036,59.590,59.992,32123006
2013-01-23,60.331,60.536,60.242,60.358,31977406
2013-01-24,59.554,60.081,59.438,59.527,42603381
2013-01-25,59.733,60.001,59.599,59.831,39248726
2013-01-28,59.840,60.170,59.768,59.965,32933927
2013-01-29,59.885,60.108,59.501,59.974,35554610
2013-01-30,60.081,60.260,59.715,59.849,34444953
2013-01-31,59.822,60.144,59.661,59.715,34870426
2013-02-01,60.135,60.528,59.894,60.420,53124521
2013-02-04,60.054,60.242,59.349,59.367,48483691
2013-02-05,59.617,60.429,59.483,60.242,35129982
2013-02-06,60.027,60.322,59.867,60.045,43595136
2013-02-07,60.126,60.162,59.438,60.099,46011203
2013-02-08,60.403,60.840,60.394,60.715,39845725
2013-02-11,60.742,60.778,60.528,60.733,17650349
2013-02-12,60.653,60.769,60.420,60.483,22061318
2013-02-13,60.661,60.929,60.514,60.697,23497142
2013-02-14,60.403,60.769,60.385,60.679,24482423
2013-02-15,60.679,60.822,60.331,60.501,25334049
2013-02-19,60.626,60.956,60.599,60.938,23433248
2013-02-20,60.938,60.947,59.992,60.001,38200238
2013-02-21,59.795,59.840,59.143,59.358,45855576
2013-02-22,59.688,59.965,59.465,59.955,21969534
2013-02-25,60.367,60.554,59.161,59.215,40927523
2013-02-26,59.313,59.545,58.902,59.438,42088741
2013-02-27,59.447,60.411,59.358,60.044,36339458
2013-02-28,60.045,60.492,59.911,59.920,28557148
2013-03-01,59.706,60.278,59.420,60.170,31617692
2013-03-04,60.001,60.447,59.894,60.438,19380446
2013-03-05,60.813,61.412,60.795,61.331,35589440
2013-03-06,61.519,61.535,61.099,61.179,29070971
2013-03-07,61.233,61.438,61.126,61.340,21775877
2013-03-08,61.554,61.635,61.171,61.412,26162116
2013-03-11,61.331,61.608,61.144,61.590,23194121
2013-03-12,61.429,61.554,61.072,61.367,27579252
2013-03-13,61.438,61.519,61.072,61.287,34297271
2013-03-14,61.501,61.626,61.359,61.492,31537685
2013-03-15,61.531,61.567,61.164,61.316,30743672
2013-03-18,60.757,61.430,60.618,61.182,36164493
2013-03-19,61.343,61.487,60.520,61.066,33134570
2013-03-20,61.522,61.630,61.209,61.495,28035338
2013-03-21,60.941,61.084,60.654,60.797,30050789
2013-03-22,61.048,61.433,60.976,61.388,28838417
2013-03-25,61.585,61.719,60.869,61.164,24909753
2013-03-26,61.397,61.513,61.263,61.495,19734745
2013-03-27,61.084,61.621,60.985,61.577,22539423
2013-03-28,61.585,61.809,61.433,61.728,23669800
2013-04-01,61.764,61.836,61.137,61.308,28118835
2013-04-02,61.585,61.997,61.549,61.791,29431878
2013-04-03,61.827,61.916,61.075,61.227,35131104
2013-04-04,61.227,61.397,60.914,61.245,32287367
2013-04-05,60.278,60.824,60.135,60.736,55613276
2013-04-08,60.753,61.075,60.583,61.057,17898516
2013-04-09,61.236,61.719,60.941,61.469,30931361
2013-04-10,61.657,62.802,61.648,62.663,55271262
2013-04-11,62.507,62.784,62.444,62.641,37238268
2013-04-12,62.516,62.641,62.122,62.596,32791330
2013-04-15,62.364,62.462,61.290,61.361,48795787
2013-04-16,61.746,62.247,61.585,62.176,27682570
2013-04-17,61.612,61.656,60.600,60.963,60204793
2013-04-18,61.155,61.155,59.858,60.116,56798119
2013-04-19,60.242,61.067,60.144,60.941,43066868
2013-04-22,61.155,61.791,60.932,61.567,34412089
2013-04-23,61.934,62.382,61.594,62.158,53078214
2013-04-24,61.988,62.355,61.862,62.131,44500627
2013-04-25,62.319,62.695,62.283,62.462,26437042
2013-04-26,62.310,62.444,61.997,62.265,24083912
2013-04-29,62.453,63.080,62.435,62.838,31663920
2013-04-30,62.910,63.303,62.686,63.294,30146326
2013-05-01,63.285,63.411,62.874,62.999,28539538
2013-05-02,63.106,63.930,63.053,63.796,31744162
2013-05-03,64.386,64.744,64.359,64.547,34061652
2013-05-06,64.664,64.896,64.610,64.798,19244277
2013-05-07,64.888,64.950,64.521,64.762,25838016
2013-05-08,64.717,65.129,64.619,65.075,24257984
2013-05-09,64.932,65.424,64.861,64.983,29344426
2013-05-10,65.093,65.407,65.004,65.380,20663682
2013-05-13,65.272,65.621,65.210,65.460,29730022
2013-05-14,65.451,65.997,65.451,65.800,36017631
2013-05-15,65.675,65.997,65.514,65.935,27214313
2013-05-16,66.024,66.315,65.827,65.863,27253366
2013-05-17,66.185,66.525,65.988,66.499,31117108
2013-05-20,66.311,66.610,66.132,66.400,25135782
2013-05-21,66.391,66.713,66.132,66.472,25899967
2013-05-22,66.552,67.080,65.550,65.889,59843165
2013-05-23,65.290,65.962,65.183,65.738,48229437
2013-05-24,65.299,65.720,65.120,65.702,26435957
2013-05-28,66.454,66.713,65.926,66.132,27065807
2013-05-29,65.863,66.051,65.442,65.818,32095595
2013-05-30,65.845,66.476,65.827,66.167,32390461
2013-05-31,65.917,66.418,65.487,65.559,38354676
2013-06-03,65.612,65.693,64.825,65.675,47613032
2013-06-04,65.800,66.069,65.067,65.335,35256035
2013-06-05,65.129,65.371,64.431,64.485,48654171
2013-06-06,64.574,64.807,63.966,64.798,62524010
2013-06-07,65.093,65.756,64.905,65.684,31971148
2013-06-10,65.827,66.015,65.568,65.711,25393169
2013-06-11,65.040,65.639,64.834,65.058,40281421
2013-06-12,65.442,65.460,64.207,64.306,42081831
2013-06-13,64.225,65.263,64.037,65.120,28230371
2013-06-14,65.120,65.192,64.593,64.691,27697014
2013-06-17,65.228,65.693,64.977,65.317,32443498
2013-06-18,65.398,65.979,65.389,65.854,24861267
2013-06-19,65.845,65.944,65.049,65.120,43145076
2013-06-20,64.368,64.583,63.357,63.567,60908388
2013-06-21,63.553,63.724,62.709,63.239,51565551
2013-06-24,62.709,63.095,62.090,62.611,41492206
2013-06-25,63.221,63.320,62.682,63.068,28897389
2013-06-26,63.589,63.751,63.383,63.634,23746655
2013-06-27,63.948,64.308,63.868,63.904,23546417
2013-06-28,63.679,64.370,63.562,63.993,28301066
2013-07-01,64.433,64.918,64.326,64.388,24951289
2013-07-02,64.361,64.810,64.065,64.415,23069566
2013-07-03,64.182,64.981,64.128,64.677,18847424
2013-07-05,65.053,65.197,64.523,65.170,28795991
2013-07-08,65.493,65.538,64.990,65.232,20563730
2013-07-09,65.529,65.771,65.232,65.628,26115187
2013-07-10,65.547,66.103,65.529,66.005,25598894
2013-07-11,66.705,67.369,66.669,67.316,47777675
2013-07-12,67.360,67.657,67.181,67.612,31417850
2013-07-15,67.666,67.809,67.495,67.765,19790966
2013-07-16,67.827,67.872,67.504,67.675,31747092
2013-07-17,67.881,68.007,67.657,67.845,24631497
2013-07-18,67.827,68.007,67.567,67.675,36278798
2013-07-19,67.091,67.109,66.777,66.974,37734062
2013-07-22,67.226,67.325,66.965,67.172,21135860
2013-07-23,67.298,67.307,66.624,66.678,24748780
2013-07-24,67.334,67.360,66.741,66.894,24426805
2013-07-25,67.244,67.396,66.858,67.316,23167338
2013-07-26,67.046,67.684,66.938,67.675,20885522
2013-07-29,67.540,67.827,67.369,67.549,20970308
2013-07-30,67.791,68.196,67.657,67.908,24104507
2013-07-31,68.034,68.429,67.908,68.034,25007599
2013-08-01,68.510,68.824,68.429,68.725,16879933
2013-08-02,68.743,69.129,68.582,69.111,18105230
2013-08-05,69.040,69.210,68.941,69.156,15462781
2013-08-06,69.066,69.129,68.465,68.743,23680564
2013-08-07,68.564,68.750,68.124,68.618,20281126
2013-08-08,68.995,69.120,68.510,68.959,19993946
2013-08-09,68.869,69.084,68.483,68.680,18569820
2013-08-12,68.420,68.968,68.411,68.842,20515862
2013-08-13,68.932,69.381,68.438,69.228,23916974
2013-08-14,69.201,69.300,68.869,68.968,29920959
2013-08-15,68.222,68.231,67.603,67.800,39406562
2013-08-16,67.827,68.124,67.657,67.778,23824932
2013-08-19,67.791,68.357,67.639,67.657,29586813
2013-08-20,67.782,68.267,67.729,67.953,18842747
2013-08-21,67.756,68.321,67.468,67.720,30705085
2013-08-22,67.998,68.429,67.980,68.384,17269464
2013-08-23,68.896,68.932,68.600,68.842,20697258
2013-08-26,68.887,69.390,68.734,68.878,27525409
2013-08-27,68.079,68.402,67.307,67.468,40068871
2013-08-28,67.414,68.016,67.387,67.729,20490381
2013-08-29,67.702,68.546,67.612,68.204,27287901
2013-08-30,68.276,68.276,67.522,67.765,26228459
2013-09-03,68.330,68.635,67.827,68.151,27241431
2013-09-04,68.366,68.995,68.178,68.878,27142882
2013-09-05,68.914,69.188,68.896,68.995,17815365
2013-09-06,69.219,69.444,68.285,69.075,27724535
2013-09-09,69.345,70.000,69.345,69.884,25161869
2013-09-10,70.279,70.324,69.964,70.225,27619372
2013-09-11,69.758,70.135,69.668,70.090,28138594
2013-09-12,70.090,70.261,69.902,70.045,18332687
2013-09-13,70.135,70.166,69.713,70.090,16932448
2013-09-16,70.656,70.683,69.740,69.902,25909886
2013-09-17,70.027,70.458,70.018,70.368,27182212
2013-09-18,70.476,71.356,70.333,71.212,31714662
2013-09-19,71.419,71.549,71.257,71.383,26435609
2013-09-20,71.571,71.634,71.102,71.134,26328830
2013-09-23,71.454,71.517,70.657,70.994,30319396
2013-09-24,71.147,71.373,70.760,70.994,21875702
2013-09-25,71.039,71.147,70.607,70.751,22746397
2013-09-26,71.030,71.472,71.012,71.301,22421656
2013-09-27,70.913,71.337,70.778,71.210,25151521
2013-09-30,70.490,71.228,70.247,71.039,28031856
2013-10-01,71.030,71.796,71.008,71.760,33129746
2013-10-02,71.264,71.832,71.201,71.733,25503753
2013-10-03,71.643,71.796,70.517,70.895,42998195
2013-10-04,70.895,71.607,70.832,71.508,22854266
2013-10-07,70.895,71.463,70.850,70.913,20234683
2013-10-08,70.931,70.976,69.517,69.544,43660689
2013-10-09,69.706,69.742,68.761,69.328,64526694
2013-10-10,70.067,70.958,70.058,70.796,48062722
2013-10-11,70.616,71.409,70.607,71.355,25214124
2013-10-14,70.913,71.859,70.859,71.859,31471884
2013-10-15,71.805,72.147,71.490,71.580,38683993
2013-10-16,71.895,72.426,71.859,72.390,46735861
2013-10-17,72.048,72.832,72.003,72.805,32193534
2013-10-18,73.453,74.011,73.264,73.984,39628221
2013-10-21,74.128,74.336,73.912,74.146,31176938
2013-10-22,74.408,74.660,73.786,74.254,43944821
2013-10-23,73.885,74.029,73.444,73.804,38021281
2013-10-24,73.840,74.281,73.741,74.128,23155090
2013-10-25,74.840,75.002,74.300,74.660,35832381
2013-10-28,74.660,74.795,74.345,74.678,28618375
2013-10-29,74.894,74.984,74.480,74.804,36878062
2013-10-30,75.074,75.187,74.372,74.732,33535470
2013-10-31,74.543,75.020,74.281,74.561,31309909
2013-11-01,74.786,74.902,74.209,74.579,30873163
2013-11-04,74.795,74.813,74.426,74.687,16843634
2013-11-05,74.381,74.948,74.182,74.768,27975601
2013-11-06,75.065,75.110,74.507,74.750,25576806
2013-11-07,74.741,74.867,73.282,73.345,52173216
2013-11-08,73.606,74.354,73.408,74.336,31480519
2013-11-11,74.200,74.426,73.975,74.218,24822945
2013-11-12,73.993,74.444,73.957,74.336,20108526
2013-11-13,73.858,75.245,73.849,75.236,31345887
2013-11-14,75.011,75.524,74.876,75.470,31101157
2013-11-15,75.497,75.614,75.299,75.614,20515761
2013-11-18,75.596,75.745,74.732,74.876,31679608
2013-11-19,74.831,75.191,74.534,74.660,25545292
2013-11-20,74.876,75.137,74.259,74.480,32177418
2013-11-21,74.777,75.299,74.732,75.236,28125025
2013-11-22,75.371,75.668,75.308,75.641,25361273
2013-11-25,75.912,75.993,75.632,75.822,21699975
2013-11-26,75.849,76.407,75.673,76.218,26629288
2013-11-27,76.362,76.767,76.308,76.749,21638074
2013-11-29,77.037,77.308,76.978,77.208,16708898
2013-12-02,77.298,77.416,76.866,76.983,26354619
2013-12-03,76.929,77.127,76.623,76.920,37154262
2013-12-04,76.605,77.244,76.353,76.992,37193220
2013-12-05,77.064,77.145,76.704,76.893,39829338
2013-12-06,77.546,77.614,77.082,77.452,36842888
2013-12-09,77.767,77.929,77.632,77.767,22599903
2013-12-10,77.623,77.857,77.560,77.713,26965928
2013-12-11,77.695,77.813,76.605,76.713,36830565
2013-12-12,76.767,76.929,76.461,76.515,33662597
2013-12-13,76.875,76.911,76.289,76.416,34075415
2013-12-16,76.794,77.280,76.740,76.839,24908324
2013-12-17,76.839,77.028,76.542,76.686,24454893
2013-12-18,76.749,77.650,75.695,77.578,68387235
2013-12-19,77.443,77.461,77.019,77.362,46489555
2013-12-20,77.467,78.307,77.448,78.144,40475437
2013-12-23,78.767,78.966,78.551,78.966,28181764
2013-12-24,78.984,79.057,78.840,79.002,13852475
2013-12-26,79.138,79.328,78.993,79.264,15241096
2013-12-27,79.346,79.409,78.968,79.066,15831962
2013-12-30,78.957,79.057,78.722,78.948,18985622
2013-12-31,79.084,79.463,79.066,79.463,24896065
2014-01-02,79.093,79.120,78.614,78.840,29190009
2014-01-03,78.840,78.912,78.253,78.271,35727317
2014-01-06,78.280,78.379,77.692,77.981,32092437
2014-01-07,78.325,78.822,78.198,78.704,25913225
2014-01-08,78.695,79.093,78.546,78.876,27209991
2014-01-09,79.156,79.174,78.343,78.614,23695690
2014-01-10,78.813,78.957,78.216,78.867,38012069
2014-01-13,78.758,79.029,77.399,77.701,48855231
2014-01-14,77.963,79.246,77.963,79.183,37194076
2014-01-15,79.499,79.987,79.445,79.833,39859705
2014-01-16,79.752,79.960,79.644,79.842,34260219
2014-01-17,79.608,79.834,79.201,79.391,36908236
2014-01-21,79.888,80.032,79.328,79.996,26432336
2014-01-22,80.177,80.403,79.969,80.204,29425432
2014-01-23,79.951,79.969,79.373,79.933,35077428
2014-01-24,79.553,79.662,78.334,78.361,64334902
2014-01-27,78.388,78.496,77.015,77.602,63676475
2014-01-28,77.168,77.638,77.069,77.557,44439554
2014-01-29,76.879,77.458,76.572,76.726,52064566
2014-01-30,77.683,78.415,77.584,78.144,66863622
2014-01-31,77.277,78.307,77.196,77.936,45196915
2014-02-03,77.819,78.144,75.949,76.148,65617206
2014-02-04,76.518,77.015,76.301,76.708,37801215
2014-02-05,76.464,76.780,75.651,76.509,41969204
2014-02-06,76.735,77.584,76.717,77.485,32338053
2014-02-07,77.936,78.920,77.692,78.867,38467242
2014-02-10,78.804,79.355,78.786,79.319,30225157
2014-02-11,79.445,80.375,79.400,80.222,38682035
2014-02-12,80.375,80.556,80.132,80.375,32533008
2014-02-13,79.779,81.035,79.770,80.972,40492842
2014-02-14,80.909,81.315,80.701,81.134,34086390
2014-02-18,81.243,81.683,81.071,81.532,29614391
2014-02-19,81.369,81.563,80.809,80.972,41775267
2014-02-20,81.035,81.505,80.683,81.351,41833212
2014-02-21,81.604,81.726,81.143,81.243,31221745
2014-02-24,81.396,82.047,81.342,81.676,31517522
2014-02-25,81.776,81.956,81.324,81.586,27464711
2014-02-26,81.821,82.065,81.189,81.514,42968334
2014-02-27,81.530,82.129,81.403,82.047,28750313
2014-02-28,82.020,82.519,81.231,81.956,48623159
2014-03-03,81.176,81.566,80.623,81.349,38946845
2014-03-04,82.220,82.537,82.156,82.383,33213909
2014-03-05,82.528,82.755,82.347,82.610,27220604
2014-03-06,82.782,82.859,82.238,82.537,24086220
2014-03-07,82.800,82.882,81.712,82.129,31174837
2014-03-10,82.083,82.242,81.675,82.201,18138198
2014-03-11,82.401,82.605,81.603,81.848,27505046
2014-03-12,81.485,82.201,81.176,82.156,27997215
2014-03-13,82.464,82.492,80.623,80.995,48541951
2014-03-14,80.732,81.086,80.405,80.441,38738769
2014-03-17,80.959,81.566,80.913,81.149,28476800
2014-03-18,81.240,82.229,81.222,82.129,31250235
2014-03-19,82.156,82.247,81.149,81.684,40869371
2014-03-20,81.448,82.156,81.267,81.911,31634538
2014-03-21,82.392,82.428,80.769,80.928,62812715
2014-03-24,81.219,81.282,79.482,80.218,77735313
2014-03-25,80.646,81.155,79.809,80.482,41723335
2014-03-26,80.891,81.064,79.436,79.446,40930442
2014-03-27,79.355,79.691,78.564,78.999,64784488
2014-03-28,79.245,80.027,78.936,79.155,39895065
2014-03-31,79.773,80.255,79.673,79.718,33924297
2014-04-01,80.109,81.173,79.755,81.119,38683837
2014-04-02,81.464,81.546,80.960,81.328,34631615
2014-04-03,81.428,81.545,80.218,80.682,30319074
2014-04-04,81.191,81.301,78.327,78.536,131213229
2014-04-07,78.054,78.773,77.246,77.791,83995771
2014-04-08,77.882,78.618,77.609,78.509,51495650
2014-04-09,78.809,79.900,78.591,79.855,45685231
2014-04-10,79.900,79.909,77.163,77.381,73659615
2014-04-11,76.690,77.691,76.299,76.481,93657425
2014-04-14,77.154,77.491,76.372,77.081,46500747
2014-04-15,77.345,77.782,75.727,77.336,84631517
2014-04-16,78.045,78.363,77.373,78.363,46970899
2014-04-17,78.100,78.773,77.863,78.382,53719454
2014-04-21,78.573,78.964,78.200,78.964,25947923
2014-04-22,79.200,79.787,79.100,79.591,38593408
2014-04-23,79.609,79.618,78.845,78.891,34376729
2014-04-24,80.200,80.209,78.791,79.646,48926264
2014-04-25,79.182,79.264,78.182,78.373,44341588
2014-04-28,78.727,79.209,77.391,78.627,58623796
2014-04-29,78.882,79.400,78.482,79.255,36742661
2014-04-30,78.918,79.546,78.691,79.464,38689408
2014-05-01,79.591,80.155,79.391,79.700,37127219
2014-05-02,79.964,80.118,79.364,79.555,40074150
2014-05-05,79.091,79.991,78.891,79.973,27924376
2014-05-06,79.864,79.891,78.900,78.936,33698549
2014-05-07,79.109,79.182,77.772,78.709,67489143
2014-05-08,78.436,79.591,78.245,78.636,46556871
2014-05-09,78.573,78.982,78.063,78.927,35081529
2014-05-12,79.391,80.255,79.327,80.228,38951060
2014-05-13,80.309,80.573,80.128,80.282,30311862
2014-05-14,80.046,80.337,79.673,79.864,26483571
2014-05-15,79.846,79.982,78.727,79.232,59680284
2014-05-16,79.327,79.800,78.782,79.755,66807315
2014-05-19,79.536,80.437,79.382,80.309,32017036
2014-05-20,80.273,80.564,79.691,80.018,33715953
2014-05-21,80.164,80.828,80.118,80.782,36837678
2014-05-22,80.873,81.364,80.746,81.137,30617089
2014-05-23,81.228,81.746,81.037,81.728,22691254
2014-05-27,82.092,82.764,82.019,82.747,29725231
2014-05-28,82.719,82.837,82.423,82.492,30478074
2014-05-29,82.792,83.028,82.619,83.019,33036099
2014-05-30,83.046,83.155,82.592,83.028,29916899
2014-06-02,83.137,83.146,82.419,82.946,30415405
2014-06-03,82.664,83.046,82.564,82.910,21783686
2014-06-04,82.710,83.356,82.574,83.219,20128261
2014-06-05,83.301,84.074,83.010,83.919,35583055
2014-06-06,84.256,84.401,84.065,84.401,22680643
2014-06-09,84.429,84.547,84.106,84.338,23402469
2014-06-10,84.265,84.529,84.165,84.483,20635286
2014-06-11,84.192,84.583,84.110,84.465,22884331
2014-06-12,84.283,84.374,83.410,83.701,35275853
2014-06-13,84.083,84.156,83.583,83.947,39449997
2014-06-16,83.801,84.265,83.619,84.019,25218557
2014-06-17,83.965,84.292,83.819,84.065,19984787
2014-06-18,84.156,84.656,83.637,84.538,34514013
2014-06-19,84.656,84.719,84.101,84.483,38427402
2014-06-20,84.515,84.670,84.360,84.578,25897494
2014-06-23,84.546,84.624,84.341,84.597,20837926
2014-06-24,84.597,85.308,84.268,84.515,31945762
2014-06-25,84.323,85.198,84.314,85.052,32818591
2014-06-26,85.107,85.116,84.442,85.098,22572172
2014-06-27,84.980,85.486,84.961,85.472,22881506
2014-06-30,85.435,85.827,85.399,85.618,19764915
2014-07-01,85.891,86.785,85.882,86.557,31862487
2014-07-02,86.593,86.830,86.529,86.703,18784391
2014-07-03,86.985,87.250,86.748,87.250,15291700
2014-07-07,87.149,87.259,86.821,86.985,23266428
2014-07-08,86.830,86.885,85.581,85.937,40612448
2014-07-09,86.165,86.671,85.919,86.575,29928322
2014-07-10,85.499,86.657,85.362,86.302,44250020
2014-07-11,86.493,86.858,86.256,86.858,19570393
2014-07-14,87.250,87.573,87.099,87.377,19579041
2014-07-15,87.505,87.642,86.457,87.076,39480119
2014-07-16,87.696,87.797,87.327,87.423,22061998
2014-07-17,87.186,87.496,85.992,86.264,43111514
2014-07-18,86.739,87.678,86.612,87.633,36690832
2014-07-21,87.450,87.669,87.113,87.523,29754810
2014-07-22,87.924,88.216,87.838,88.079,25770404
2014-07-23,88.380,88.745,88.225,88.642,28947464
2014-07-24,88.800,88.900,88.417,88.544,24707180
2014-07-25,88.116,88.316,87.733,88.198,29903633
2014-07-28,88.253,88.453,87.541,88.225,25603360
2014-07-29,88.408,88.617,87.997,88.070,27022232
2014-07-30,88.553,88.727,88.070,88.417,35348519
2014-07-31,87.706,87.833,86.502,86.630,50047926
2014-08-01,86.457,86.921,85.736,86.311,60707990
2014-08-04,86.520,87.241,86.174,86.903,33230537
2014-08-05,86.557,86.803,85.837,86.238,50331066
2014-08-06,85.691,86.712,85.627,86.174,34431913
2014-08-07,86.566,86.738,85.595,85.900,33274669
2014-08-08,86.046,86.621,85.672,86.520,40238383
2014-08-11,86.839,87.304,86.794,87.031,28283279
2014-08-12,86.958,87.222,86.548,86.994,28158723
2014-08-13,87.350,87.952,87.304,87.915,27996489
2014-08-14,88.016,88.389,87.915,88.371,25006602
2014-08-15,88.854,89.009,87.961,88.800,55205490
2014-08-18,89.246,89.565,89.137,89.483,38938349
2014-08-19,89.693,90.039,89.638,89.985,21363394
2014-08-20,89.903,90.167,89.830,89.985,23435596
2014-08-21,90.039,90.213,89.894,90.167,19339477
2014-08-22,90.204,90.486,90.003,90.304,24699453
2014-08-25,90.732,90.878,90.404,90.623,24124718
2014-08-26,90.742,90.814,90.504,90.714,20100350
2014-08-27,90.742,90.842,90.541,90.732,15595925
2014-08-28,90.441,90.742,90.331,90.632,23563850
2014-08-29,90.851,91.092,90.505,90.969,17912339
2014-09-02,91.206,91.261,90.860,91.234,18331922
2014-09-03,91.462,91.480,90.532,90.696,25950656
2014-09-04,90.924,91.371,90.386,90.614,24663511
2014-09-05,90.787,91.124,90.286,91.070,30805767
2014-09-08,91.070,91.471,90.824,91.243,25581202
2014-09-09,91.225,91.589,90.317,90.486,36449189
2014-09-10,90.605,91.270,90.349,91.234,31080115
2014-09-11,90.851,91.206,90.477,91.161,28761940
2014-09-12,91.079,91.106,90.413,90.696,30538399
2014-09-15,90.796,90.805,89.543,89.821,32972159
2014-09-16,89.492,90.778,89.392,90.605,38166920
2014-09-17,90.596,91.170,90.194,90.742,37206375
2014-09-18,91.015,91.434,90.924,91.425,30196722
2014-09-19,91.810,91.906,91.006,91.372,46923054
2014-09-22,91.152,91.162,90.129,90.522,48658049
2014-09-23,90.175,90.677,90.092,90.275,33989583
2014-09-24,90.357,91.287,90.056,91.244,35958950
2014-09-25,90.960,91.070,89.288,89.325,68642547
2014-09-26,89.608,90.440,89.462,90.275,56109106
2014-09-29,89.379,90.403,89.334,90.156,33342673
2014-09-30,90.403,90.750,89.855,90.284,41834324
2014-10-01,90.056,90.120,88.557,88.840,58164861
2014-10-02,88.822,89.114,87.707,88.840,54501347
2014-10-03,89.343,90.083,89.050,89.718,41627772
2014-10-06,89.992,90.220,89.250,89.526,36038687
2014-10-07,89.092,89.361,88.246,88.255,45153968
2014-10-08,88.338,90.257,87.789,89.973,64931636
2014-10-09,89.864,90.083,88.383,88.520,62497086
2014-10-10,87.999,88.493,86.290,86.309,77579425
2014-10-13,86.172,86.811,84.883,84.956,80835922
2014-10-14,85.541,86.062,84.728,84.965,71814456
2014-10-15,83.668,84.773,82.470,84.417,108847755
2014-10-16,82.644,84.609,82.607,83.887,93165782
2014-10-17,84.984,85.806,84.499,84.993,69546720
2014-10-20,84.956,86.336,84.810,86.263,41479253
2014-10-21,87.314,88.529,87.113,88.529,53609758
2014-10-22,88.795,88.922,88.013,88.073,39178048
2014-10-23,88.941,89.891,88.804,89.398,48123778
2014-10-24,89.530,90.193,89.233,90.129,43161724
2014-10-27,89.928,90.357,89.580,90.193,29545673
2014-10-28,90.567,91.573,90.549,91.555,34495077
2014-10-29,91.244,91.500,90.567,91.216,40552803
2014-10-30,90.814,91.628,90.604,91.408,35935794
2014-10-31,92.916,92.989,92.368,92.669,54254141
2014-11-03,92.788,93.190,92.697,92.944,33480951
2014-11-04,92.633,92.875,92.002,92.633,22773298
2014-11-05,93.227,93.245,92.318,92.642,25818604
2014-11-06,92.596,92.962,92.232,92.934,24671900
2014-11-07,93.099,93.136,92.368,92.852,20931734
2014-11-10,92.898,93.300,92.651,93.181,20360007
2014-11-11,93.200,93.474,92.944,93.474,15454012
2014-11-12,93.099,93.739,93.099,93.638,22050317
2014-11-13,93.812,94.388,93.602,94.040,28027776
2014-11-14,94.013,94.333,93.702,94.333,19251346
2014-11-17,94.113,94.324,93.602,94.049,23361634
2014-11-18,94.132,94.881,94.123,94.753,26336812
2014-11-19,94.653,94.653,93.885,94.324,23760243
2014-11-20,93.922,94.826,93.848,94.744,22874018
2014-11-21,95.585,95.676,94.625,94.927,34049128
2014-11-24,95.183,95.713,95.100,95.667,17928289
2014-11-25,95.813,96.097,95.567,95.813,17525991
2014-11-26,95.905,96.490,95.808,96.435,18973804
2014-11-28,96.686,97.097,96.627,96.883,17360420
2014-12-01,96.618,96.800,95.429,95.786,35969494
2014-12-02,95.886,96.340,95.685,96.170,26031291
2014-12-03,96.316,96.476,95.743,96.343,32974322
2014-12-04,96.252,96.672,95.896,96.298,31008791
2014-12-05,96.453,96.599,96.092,96.307,25622236
2014-12-08,96.060,96.480,95.114,95.621,32685756
2014-12-09,94.506,95.996,94.168,95.923,46035139
2014-12-10,95.749,95.987,94.241,94.415,39330116
2014-12-11,94.689,95.996,94.671,94.863,47576022
2014-12-12,93.958,95.036,93.821,93.830,46889391
2014-12-15,94.314,94.662,92.592,92.861,52968448
2014-12-16,92.276,93.647,91.353,91.372,65348626
2014-12-17,91.436,93.300,91.317,93.035,79715318
2014-12-18,94.369,95.283,94.113,95.274,49840942
2014-12-19,95.372,96.078,95.133,95.693,51419912
2014-12-22,95.537,95.959,95.491,95.931,33869167
2014-12-23,96.280,96.289,95.482,95.592,30156929
2014-12-24,95.711,96.041,95.647,95.674,14291333
2014-12-26,95.950,96.555,95.922,96.353,13924332
2014-12-29,96.261,96.546,96.202,96.335,17073772
2014-12-30,96.060,96.280,95.560,95.693,18603989
2014-12-31,95.858,96.234,94.574,94.711,24367121
2015-01-02,95.179,95.583,93.968,94.427,31314599
2015-01-05,94.014,94.124,92.776,93.042,36521270
2015-01-06,93.179,93.335,91.381,91.794,66205451
2015-01-07,92.400,93.198,92.175,92.978,37577361
2015-01-08,93.766,94.941,93.666,94.757,40212640
2015-01-09,95.051,95.078,93.583,94.133,41410071
2015-01-12,94.317,94.418,92.909,93.152,34129751
2015-01-13,94.060,95.051,92.372,93.124,56162334
2015-01-14,92.189,93.090,91.794,92.611,51354217
2015-01-15,93.042,93.189,91.294,91.409,51005416
2015-01-16,91.290,92.601,91.143,92.482,35362210
2015-01-20,93.042,93.455,91.996,93.216,30964056
2015-01-21,92.941,94.132,92.615,93.693,40128772
2015-01-22,94.060,95.528,93.234,95.427,40887168
2015-01-23,95.418,95.931,95.142,95.638,34782992
2015-01-26,95.528,95.702,95.041,95.528,19960870
2015-01-27,94.023,94.078,92.739,93.051,45253205
2015-01-28,94.546,94.647,92.556,92.574,43591675
2015-01-29,92.501,93.636,91.693,93.464,46539734
2015-01-30,93.381,94.097,92.611,92.739,42927638
2015-02-02,92.950,93.629,91.501,93.546,43624654
2015-02-03,93.886,94.509,93.271,94.445,30750360
2015-02-04,94.060,94.986,93.849,94.363,34073211
2015-02-05,94.601,95.243,94.363,95.179,23605516
2015-02-06,95.326,95.555,94.262,94.601,34169256
2015-02-09,94.234,94.743,94.069,94.298,22604655
2015-02-10,94.821,95.895,94.675,95.766,23686531
2015-02-11,95.876,96.335,95.693,96.115,20303617
2015-02-12,96.738,97.270,96.592,97.234,22520295
2015-02-13,97.509,98.087,97.326,98.069,29030249
2015-02-17,98.069,98.224,97.824,98.160,17675344
2015-02-18,98.041,98.353,97.913,98.298,15149619
2015-02-19,98.234,98.848,98.206,98.784,19828113
2015-02-20,98.720,99.500,98.408,99.444,28336710
2015-02-23,99.389,99.573,99.169,99.545,17867968
2015-02-24,99.417,99.738,99.114,99.619,19745011
2015-02-25,99.472,99.857,99.151,99.371,19472341
2015-02-26,99.472,99.931,99.192,99.876,22255476
2015-02-27,99.839,99.903,99.279,99.435,27757584
2015-03-02,99.628,100.371,99.610,100.334,22988645
2015-03-03,100.032,100.132,99.234,99.866,20788924
2015-03-04,99.536,99.683,98.940,99.481,21007420
2015-03-05,99.738,99.954,99.243,99.655,15381039
2015-03-06,99.527,99.720,98.280,98.527,30990366
2015-03-09,98.729,99.055,98.325,98.812,26237101
2015-03-10,98.105,98.133,96.977,96.977,34234496
2015-03-11,97.119,97.243,96.381,96.417,25459733
2015-03-12,96.344,97.160,96.280,97.050,21473171
2015-03-13,96.959,97.344,96.023,96.628,42021103
2015-03-16,96.986,97.913,96.885,97.876,25674085
2015-03-17,97.605,98.188,97.381,98.032,19603813
2015-03-18,97.766,99.444,97.261,98.995,40622188
2015-03-19,99.096,99.417,98.949,99.142,31314035
2015-03-20,99.957,100.279,99.764,99.782,31761404
2015-03-23,99.727,100.003,99.553,99.589,17268507
2015-03-24,99.580,100.040,99.212,99.231,22445280
2015-03-25,99.387,99.479,96.923,96.960,41581435
2015-03-26,96.160,97.181,95.838,96.629,47846276
2015-03-27,96.611,97.245,96.463,97.015,33878385
2015-03-30,97.604,98.210,97.604,98.128,30570196
2015-03-31,97.852,98.054,97.061,97.089,30488101
2015-04-01,97.089,97.107,95.958,96.583,32970452
2015-04-02,96.675,96.960,96.335,96.647,19164241
2015-04-06,96.077,97.705,95.930,97.438,24451142
2015-04-07,97.383,98.100,97.273,97.273,19379381
2015-04-08,97.309,98.183,97.300,98.045,25866907
2015-04-09,97.999,98.698,97.668,98.661,23114727
2015-04-10,98.624,99.075,98.403,99.065,17164343
2015-04-13,99.139,99.645,98.707,98.817,17783465
2015-04-14,98.716,99.001,97.971,98.532,23755747
2015-04-15,98.790,99.360,98.671,99.148,21128576
2015-04-16,98.881,99.185,98.744,99.010,16195279
2015-04-17,98.063,98.330,97.043,97.466,46513964
2015-04-20,97.953,99.102,97.916,98.927,28945909
2015-04-21,99.497,99.672,99.231,99.350,22759772
2015-04-22,99.608,100.058,98.964,99.893,21429190
2015-04-23,99.553,100.720,99.534,100.270,29473221
2015-04-24,101.327,101.768,101.162,101.630,32508127
2015-04-27,102.007,102.201,101.152,101.373,31121321
2015-04-28,101.447,101.640,100.316,101.171,36849221
2015-04-29,100.610,101.198,99.985,100.536,34043905
2015-04-30,99.966,100.371,98.431,98.955,44080546
2015-05-01,99.341,100.325,99.323,100.261,32874307
2015-05-04,100.582,101.051,100.371,100.426,23507259
2015-05-05,100.031,100.215,98.744,98.790,47843265
2015-05-06,98.964,99.249,97.452,98.109,42687150
2015-05-07,98.082,98.973,98.008,98.698,29335806
2015-05-08,99.718,100.141,99.571,99.930,33023337
2015-05-11,99.994,100.196,99.470,99.543,19679255
2015-05-12,98.955,99.599,98.192,99.093,33665017
2015-05-13,99.525,100.040,99.148,99.295,20738434
2015-05-14,100.104,100.831,99.737,100.748,23904233
2015-05-15,101.005,101.143,100.500,100.748,23937442
2015-05-18,100.582,101.391,100.509,101.189,17631135
2015-05-19,101.299,101.456,100.913,101.079,14212896
2015-05-20,101.152,101.750,100.605,101.143,21131892
2015-05-21,100.969,101.805,100.821,101.667,16771801
2015-05-22,101.548,101.934,101.483,101.566,13543774
2015-05-26,101.345,101.483,99.994,100.398,25488437
2015-05-27,100.702,102.127,100.481,102.017,30572695
2015-05-28,101.824,102.063,101.474,101.787,17302408
2015-05-29,101.722,101.860,100.941,101.180,30382987
2015-06-01,101.722,101.796,100.693,101.520,24570186
2015-06-02,101.143,101.695,100.647,101.198,19449634
2015-06-03,101.658,101.879,101.254,101.502,20507208
2015-06-04,100.932,101.575,100.408,100.729,31374588
2015-06-05,100.610,100.849,99.874,100.490,22641732
2015-06-08,100.444,100.518,99.268,99.470,24549204
2015-06-09,99.231,99.663,98.560,99.304,27554599
2015-06-10,99.645,100.959,99.534,100.665,30297862
2015-06-11,101.005,101.272,100.638,100.812,17593463
2015-06-12,100.279,100.490,99.847,99.985,27201768
2015-06-15,99.240,99.645,98.661,99.488,31238798
2015-06-16,99.387,100.196,99.341,100.031,16456867
2015-06-17,100.196,100.628,99.691,100.307,23296738
2015-06-18,100.674,101.943,100.619,101.768,43032384
2015-06-19,101.817,101.895,101.190,101.264,27877574
2015-06-22,102.010,102.314,101.780,102.010,19120898
2015-06-23,102.121,102.185,101.669,102.093,18127916
2015-06-24,101.973,102.406,101.540,101.568,15815914
2015-06-25,101.964,102.065,101.195,101.365,18326654
2015-06-26,101.347,101.577,100.314,100.692,32311679
2015-06-29,99.577,100.130,98.269,98.315,50874901
2015-06-30,99.052,99.264,98.361,98.665,34809920
2015-07-01,99.642,99.841,98.988,99.448,21292958
2015-07-02,99.734,99.817,99.172,99.476,20499447
2015-07-06,98.849,99.817,98.637,99.246,24311020
2015-07-07,99.356,99.587,97.522,99.494,44230772
2015-07-08,98.785,98.905,97.582,97.762,39691475
2015-07-09,99.061,99.149,97.697,97.707,28381041
2015-07-10,99.006,99.568,98.647,99.199,26415825
2015-07-13,100.056,101.024,100.047,100.941,25780733
2015-07-14,101.079,101.881,101.024,101.605,21977167
2015-07-15,101.798,102.111,101.430,101.715,28631537
2015-07-16,102.554,103.171,102.351,103.153,29838948
2015-07-17,103.982,104.673,103.807,104.673,35926804
2015-07-20,104.894,105.410,104.572,105.033,26539045
2015-07-21,105.069,105.235,104.664,104.968,35468865
2015-07-22,103.365,104.285,103.360,103.779,35574962
2015-07-23,103.881,104.222,103.125,103.392,25698255
2015-07-24,103.945,104.132,102.222,102.379,30844714
2015-07-27,101.798,102.237,101.310,101.531,35994837
2015-07-28,101.982,102.609,101.167,102.406,33553494
2015-07-29,102.627,103.014,102.231,102.793,26714068
2015-07-30,102.554,103.453,101.937,103.282,25438057
2015-07-31,103.604,103.660,102.950,103.162,22081731
2015-08-03,103.180,103.466,102.158,102.839,25001780
2015-08-04,102.793,102.973,102.222,102.646,22132319
2015-08-05,103.217,104.130,103.097,103.438,28989897
2015-08-06,103.531,103.669,101.319,101.780,42125401
2015-08-07,101.531,101.890,100.812,101.651,30006846
2015-08-10,102.296,103.033,102.287,102.812,21500780
2015-08-11,102.268,102.664,100.932,101.494,36123270
2015-08-12,100.794,102.042,99.725,101.844,41888960
2015-08-13,101.946,102.434,101.457,101.678,22510520
2015-08-14,101.439,101.982,101.236,101.835,17924931
2015-08-17,101.586,102.710,101.328,102.683,21224913
2015-08-18,102.540,102.627,102.019,102.157,13984363
2015-08-19,101.844,102.383,100.895,101.485,42511384
2015-08-20,100.545,100.867,98.665,98.674,57747349
2015-08-21,97.283,98.112,94.362,94.362,97763445
2015-08-24,86.833,94.481,78.088,90.731,150829863
2015-08-25,94.058,94.675,90.316,90.390,75088278
2015-08-26,93.035,95.126,91.164,94.942,104103817
2015-08-27,96.315,97.412,95.172,97.347,69377690
2015-08-28,96.831,97.679,96.619,97.329,49919628
2015-08-31,96.785,97.320,95.882,96.122,39549380
2015-09-01,93.726,95.182,92.731,93.118,73155538
2015-09-02,94.804,95.762,93.717,95.744,43963563
2015-09-03,96.122,96.776,95.007,95.274,45131794
2015-09-04,93.965,94.772,93.615,94.140,49379643
2015-09-08,95.947,96.910,95.550,96.794,37343527
2015-09-09,97.937,97.965,95.458,95.707,47146743
2015-09-10,95.596,97.384,95.486,96.748,47686714
2015-09-11,96.306,97.283,96.030,97.283,29106088
2015-09-14,97.642,97.661,96.619,96.988,19718804
2015-09-15,97.218,98.435,96.859,98.131,30020216
2015-09-16,98.149,98.776,97.808,98.683,31329146
2015-09-17,98.582,100.190,98.269,98.720,56139806
2015-09-18,97.201,98.466,97.146,97.312,48383995
2015-09-21,97.848,98.420,96.739,97.617,35772624
2015-09-22,96.120,96.455,95.261,96.157,47359654
2015-09-23,96.416,96.674,95.732,96.231,21775134
2015-09-24,95.298,96.240,94.467,95.880,38284331
2015-09-25,96.905,96.998,94.476,95.067,44700006
2015-09-28,94.661,94.725,92.084,92.361,44077490
2015-09-29,92.592,93.534,91.215,91.880,49315527
2015-09-30,93.192,94.097,92.832,93.996,41411432
2015-10-01,94.162,94.430,92.915,94.421,39339134
2015-10-02,93.109,96.074,92.813,96.074,59370859
2015-10-05,96.785,97.709,96.573,97.450,32853533
2015-10-06,97.219,97.543,96.231,96.989,33051534
2015-10-07,97.598,97.783,96.333,97.570,37389334
2015-10-08,97.201,98.125,96.259,97.958,50188873
2015-10-09,98.005,98.587,97.737,98.402,23916227
2015-10-12,98.587,98.827,98.235,98.642,16161955
2015-10-13,98.078,99.076,97.912,98.005,26999613
2015-10-14,98.005,98.494,97.441,97.848,30902637
2015-10-15,98.208,99.459,98.078,99.455,38393838
2015-10-16,99.667,99.926,99.186,99.870,27091100
2015-10-19,99.741,100.508,99.519,100.443,23776270
2015-10-20,100.263,100.480,99.584,99.926,23404691
2015-10-21,100.434,100.536,99.279,99.316,30195241
2015-10-22,100.203,101.422,99.918,101.339,42778702
2015-10-23,104.064,104.600,103.519,104.175,53170910
2015-10-26,104.101,104.443,103.704,104.240,25918004
2015-10-27,103.962,104.600,103.935,104.452,31390511
2015-10-28,104.609,105.320,103.768,105.320,42221867
2015-10-29,104.840,105.330,104.729,105.154,24913340
2015-10-30,105.200,105.376,104.655,104.683,27199231
2015-11-02,104.960,105.990,104.738,105.865,22176916
2015-11-03,105.653,106.613,105.496,106.235,20418387
2015-11-04,106.586,106.660,105.801,106.244,28633048
2015-11-05,106.336,106.590,105.403,105.958,25004080
2015-11-06,105.754,106.152,105.080,106.032,29924901
2015-11-09,105.634,105.773,104.253,104.905,33479755
2015-11-10,104.350,104.738,104.036,104.637,35452127
2015-11-11,104.923,105.431,104.332,104.507,22748808
2015-11-12,104.055,104.591,103.417,103.491,31196876
2015-11-13,103.057,103.168,101.404,101.459,52836036
2015-11-16,101.367,102.937,101.127,102.919,33980633
2015-11-17,103.094,103.722,102.725,102.983,30579457
2015-11-18,103.399,105.062,103.297,104.960,32966463
2015-11-19,105.006,105.514,104.831,105.034,26188119
2015-11-20,105.523,105.828,105.431,105.745,22727591
2015-11-23,105.791,106.170,104.988,105.440,20696175
2015-11-24,104.766,105.597,104.228,105.348,26374412
2015-11-25,105.477,105.634,105.219,105.440,14159935
2015-11-27,105.667,105.802,105.228,105.588,8827991
2015-11-30,105.856,105.902,104.979,105.320,25041649
2015-12-01,105.741,106.373,105.616,106.373,28639445
2015-12-02,106.438,106.918,105.560,105.717,22395483
2015-12-03,106.004,106.189,103.310,103.925,42754345
2015-12-04,104.230,106.530,104.027,106.355,40037322
2015-12-07,106.429,106.493,105.366,105.874,25892101
2015-12-08,104.785,106.221,104.729,105.884,30792648
2015-12-09,105.403,106.004,103.639,104.276,48509199
2015-12-10,104.517,105.450,104.204,104.748,30154621
2015-12-11,103.538,103.815,102.272,102.337,56022221
2015-12-14,102.512,103.159,101.034,103.113,53098514
2015-12-15,104.009,104.637,103.611,103.741,48428014
2015-12-16,104.443,105.459,103.353,105.283,44944106
2015-12-17,105.727,105.745,103.732,103.750,45668795
2015-12-18,103.390,103.668,101.768,101.768,53746061
2015-12-21,102.732,102.917,101.972,102.899,26432807
2015-12-22,103.455,103.724,102.899,103.575,26540310
2015-12-23,104.094,104.419,103.927,104.344,25656928
2015-12-24,104.307,104.613,104.280,104.326,11480244
2015-12-28,104.076,104.289,103.325,104.270,19183637
2015-12-29,104.905,106.137,104.826,105.910,27725673
2015-12-30,105.781,105.855,104.937,104.956,19520081
2015-12-31,104.585,104.780,103.631,103.649,29886849
2016-01-04,101.398,101.555,100.184,101.463,50807643
2016-01-05,101.963,102.093,100.814,101.287,38795182
2016-01-06,99.545,100.897,99.526,100.314,41891091
2016-01-07,98.183,99.415,97.117,97.173,61386300
2016-01-08,97.914,98.488,96.274,96.376,69344012
2016-01-11,97.098,97.349,95.190,96.672,50024094
2016-01-12,97.580,98.294,96.441,97.793,46734241
2016-01-13,98.220,98.433,94.272,94.421,69870673
2016-01-14,94.791,97.274,93.281,96.431,78445735
2016-01-15,93.188,94.458,92.206,93.438,91443918
2016-01-19,94.699,94.856,92.549,93.642,56563845
2016-01-20,92.178,94.356,90.112,93.355,86674981
2016-01-21,93.763,94.837,92.493,93.448,61660101
2016-01-22,95.292,96.190,95.005,96.153,42229803
2016-01-25,95.866,96.357,94.643,94.726,38881485
2016-01-26,95.115,95.986,94.291,95.579,36143916
2016-01-27,95.023,95.431,92.799,93.197,54524736
2016-01-28,94.689,94.782,92.901,94.513,47641532
2016-01-29,94.513,96.524,94.458,96.487,54245067
2016-02-01,96.014,97.108,95.653,96.746,32750348
2016-02-02,96.339,96.339,94.365,94.652,44928088
2016-02-03,95.254,95.282,92.549,94.198,61572882
2016-02-04,93.911,94.935,93.068,94.189,49321638
2016-02-05,93.855,93.892,90.547,90.918,70749932
2016-02-08,89.259,89.927,87.879,89.528,91673063
2016-02-09,88.361,90.603,88.194,89.250,73778426
2016-02-10,90.344,91.446,89.528,89.593,59421699
2016-02-11,88.444,90.177,88.203,89.463,76839183
2016-02-12,90.510,90.918,89.630,90.825,49186494
2016-02-16,92.141,92.873,91.594,92.873,40565911
2016-02-17,93.596,95.106,93.309,94.977,41766451
2016-02-18,95.264,95.292,93.772,93.892,38991469
2016-02-19,93.503,94.458,93.230,94.170,28257915
2016-02-22,95.014,95.792,94.958,95.699,23979113
2016-02-23,95.134,95.403,94.059,94.124,29869660
2016-02-24,93.068,95.143,92.447,95.023,40739103
2016-02-25,95.217,95.959,94.365,95.959,29389315
2016-02-26,96.626,96.705,95.610,95.838,30925045
2016-02-29,95.727,96.459,94.977,94.977,27553937
2016-03-01,95.857,98.025,95.588,98.025,37699779
2016-03-02,97.877,98.081,97.302,98.062,29209756
2016-03-03,97.951,97.988,97.173,97.877,25474625
2016-03-04,97.997,98.544,97.265,97.914,31655424
2016-03-07,97.404,97.979,96.617,97.312,25861160
2016-03-08,96.644,97.491,96.339,96.505,28898525
2016-03-09,96.895,97.145,96.329,97.126,31047351
2016-03-10,97.580,98.090,95.727,96.978,44997649
2016-03-11,98.034,98.674,97.719,98.674,31453958
2016-03-14,98.294,99.072,98.275,98.840,25374912
2016-03-15,98.470,98.915,98.173,98.803,26524632
2016-03-16,98.562,99.943,98.535,99.684,31693050
2016-03-17,99.387,99.860,99.026,99.628,29623740
2016-03-18,99.863,100.025,99.249,99.779,37682293
2016-03-21,99.584,100.262,99.547,100.169,17288559
2016-03-22,99.602,100.708,99.584,100.476,18840278
2016-03-23,100.281,100.355,99.426,99.649,20912873
2016-03-24,99.128,99.705,98.998,99.677,19017258
2016-03-28,99.956,99.974,99.361,99.537,13892303
2016-03-29,99.370,101.201,99.184,101.136,29963923
2016-03-30,101.740,102.260,101.415,101.628,23807235
2016-03-31,101.572,101.935,101.322,101.480,21447236
2016-04-01,100.903,102.595,100.727,102.558,26389045
2016-04-04,102.511,102.627,101.926,102.167,17162988
2016-04-05,101.368,101.758,101.052,101.182,20107915
2016-04-06,101.294,102.883,101.284,102.846,25056031
2016-04-07,102.260,102.432,100.931,101.368,28567202
2016-04-08,102.009,102.242,100.936,101.294,22897951
2016-04-11,101.740,102.242,100.908,100.922,25772058
2016-04-12,100.978,101.963,100.378,101.768,28564087
2016-04-13,102.520,103.227,102.418,103.069,25356728
2016-04-14,102.223,103.459,102.223,103.078,17199671
2016-04-15,102.994,103.203,102.558,102.818,21353343
2016-04-18,102.530,103.399,102.455,103.366,17126086
2016-04-19,103.561,103.561,102.111,102.734,42481435
2016-04-20,102.725,103.292,102.381,102.818,18078307
2016-04-21,102.762,103.199,102.362,102.827,20215983
2016-04-22,101.489,101.963,100.476,101.275,39073996
2016-04-25,100.941,101.284,100.783,101.275,14351890
2016-04-26,101.480,101.656,100.476,100.783,19118334
2016-04-27,99.751,100.206,99.147,99.974,33059790
2016-04-28,100.076,100.674,98.571,98.766,29818155
2016-04-29,98.710,98.966,97.465,98.246,67502786
2016-05-02,98.478,99.314,98.090,99.175,24813813
2016-05-03,98.469,98.915,97.995,98.255,38569433
2016-05-04,97.688,98.024,97.382,97.623,27474504
2016-05-05,97.976,98.190,97.400,97.595,20788119
2016-05-06,97.121,98.134,97.019,98.115,30758516
2016-05-09,98.143,98.850,98.078,98.394,19289615
2016-05-10,98.747,99.788,98.571,99.742,21178851
2016-05-11,99.584,99.890,98.812,98.840,20966257
2016-05-12,99.138,99.189,97.707,98.404,29196323
2016-05-13,98.366,98.923,97.846,98.041,21059255
2016-05-16,98.199,99.630,98.097,99.268,18311860
2016-05-17,99.193,99.472,97.762,98.023,29932711
2016-05-18,97.846,98.905,97.614,98.376,28177911
2016-05-19,97.995,98.232,97.149,97.865,27334610
2016-05-20,98.264,99.342,98.199,98.943,29549578
2016-05-23,99.017,99.407,98.720,98.812,15729764
2016-05-24,99.361,100.913,99.328,100.792,29931309
2016-05-25,101.164,101.823,101.000,101.517,38464750
2016-05-26,101.619,101.944,101.377,101.814,21885871
2016-05-27,101.898,102.353,101.861,102.344,19870010
2016-05-31,102.483,102.697,102.022,102.539,24366106
2016-06-01,102.223,102.781,102.139,102.548,19571528
2016-06-02,102.344,102.771,101.786,102.762,15696618
2016-06-03,102.567,102.613,101.610,102.279,20269923
2016-06-06,102.455,102.920,102.288,102.650,12502365
2016-06-07,102.716,102.808,102.344,102.390,12184296
2016-06-08,102.567,102.781,102.186,102.567,14568699
2016-06-09,102.158,102.511,101.954,102.400,17571631
2016-06-10,101.480,101.665,100.885,101.238,32965003
2016-06-13,100.680,101.229,100.262,100.392,25412177
2016-06-14,100.160,100.750,99.658,100.392,24588506
2016-06-15,100.662,100.773,99.937,100.104,24605701
2016-06-16,99.593,100.495,98.970,100.402,32079929
2016-06-17,100.196,100.338,98.994,99.227,29208832
2016-06-20,100.383,100.858,99.777,99.852,20562769
2016-06-21,100.010,100.369,99.796,100.169,22804112
2016-06-22,100.243,100.811,99.842,99.926,22724174
2016-06-23,100.718,101.371,100.280,101.352,18714227
2016-06-24,97.662,99.237,96.963,97.177,68012733
2016-06-27,96.534,96.534,94.811,95.249,50044303
2016-06-28,96.283,97.382,96.255,97.336,28260604
2016-06-29,98.081,99.265,98.054,99.060,31356723
2016-06-30,99.255,100.271,98.892,100.206,36300819
2016-07-01,100.159,101.082,100.122,100.709,19902803
2016-07-05,100.243,100.318,99.554,100.094,21167903
2016-07-06,99.628,100.961,99.302,100.914,24579270
2016-07-07,100.998,101.436,100.737,101.212,19161748
2016-07-08,101.725,102.833,101.585,102.778,29457871
2016-07-11,103.132,103.742,103.113,103.365,20218504
2016-07-12,103.980,104.166,103.747,103.886,21906145
2016-07-13,104.166,104.194,103.625,103.635,21107762
2016-07-14,104.324,104.539,104.082,104.343,20870986
2016-07-15,104.567,104.641,103.942,104.175,17999312
2016-07-18,104.231,105.051,104.222,104.865,20713924
2016-07-19,104.520,104.809,104.296,104.483,18936702
2016-07-20,105.060,105.899,104.921,105.703,24997929
2016-07-21,105.778,105.983,105.172,105.461,18885367
2016-07-22,105.554,106.020,105.210,105.899,20003363
2016-07-25,105.815,105.936,105.554,105.908,12968085
2016-07-26,105.880,106.412,105.498,106.030,21223845
2016-07-27,106.933,107.045,106.318,106.766,27646113
2016-07-28,106.933,107.259,106.598,107.138,16939662
2016-07-29,107.381,107.660,107.036,107.371,22385320
2016-08-01,107.446,110.679,107.315,107.940,13990077
2016-08-02,107.791,107.874,106.430,107.120,21278383
2016-08-03,107.045,107.483,106.971,107.474,15011273
2016-08-04,107.455,107.884,107.185,107.781,12835296
2016-08-05,108.350,109.058,108.210,108.816,23196570
2016-08-08,108.853,108.899,108.350,108.694,12358181
2016-08-09,108.769,109.291,108.713,108.946,13276458
2016-08-10,108.983,109.039,108.378,108.667,14688405
2016-08-11,109.030,109.365,108.816,109.132,12969799
2016-08-12,108.937,109.216,108.825,109.207,19379036
2016-08-15,109.328,109.924,109.309,109.673,11777762
2016-08-16,109.459,109.477,109.049,109.067,14161446
2016-08-17,109.095,109.300,108.489,109.263,15980334
2016-08-18,109.160,109.449,108.969,109.291,10036285
2016-08-19,109.114,109.505,108.797,109.263,18742961
2016-08-22,109.104,109.533,108.899,109.347,14500622
2016-08-23,109.757,109.961,109.496,109.542,11997927
2016-08-24,109.477,109.617,108.471,108.834,17728656
2016-08-25,108.536,108.993,108.424,108.657,24266264
2016-08-26,108.704,109.524,108.163,108.816,23895963
2016-08-29,108.844,109.254,108.825,108.965,11184872
2016-08-30,108.769,109.104,108.238,108.611,19843301
2016-08-31,108.443,108.611,108.042,108.499,16169794
2016-09-01,108.536,108.909,108.005,108.778,20944727
2016-09-02,109.319,109.542,108.722,109.132,18088215
2016-09-06,109.291,109.813,109.077,109.813,18525231
2016-09-07,109.906,110.064,109.459,109.878,17546872
2016-09-08,109.552,109.580,108.946,109.235,20125319
2016-09-09,108.303,108.564,106.467,106.486,50813287
2016-09-12,105.890,108.545,105.880,108.396,39645960
2016-09-13,107.837,108.173,106.905,107.427,45863935
2016-09-14,107.558,108.527,107.511,107.940,28221762
2016-09-15,107.986,109.780,107.958,109.617,39466531
2016-09-16,109.495,109.675,109.019,109.561,27596527
2016-09-19,109.822,110.177,108.869,109.084,16222870
2016-09-20,109.467,109.738,109.103,109.290,18078584
2016-09-21,109.738,110.523,109.112,110.364,31546776
2016-09-22,111.018,111.363,110.894,111.242,22614422
2016-09-23,111.083,111.158,110.373,110.532,22213394
2016-09-26,109.906,110.037,109.448,109.607,16403881
2016-09-27,109.579,110.742,109.430,110.691,20238432
2016-09-28,110.803,110.943,110.308,110.878,14794330
2016-09-29,110.700,110.896,109.602,110.074,27207499
2016-09-30,110.359,111.223,110.252,110.896,25543200
2016-10-03,110.719,110.878,110.308,110.738,19216438
2016-10-04,111.027,111.307,110.149,110.569,21239742
2016-10-05,110.878,111.317,110.850,110.962,14481285
2016-10-06,110.812,111.140,110.364,110.906,11987056
2016-10-07,111.027,111.167,110.121,110.663,19984158
2016-10-10,111.214,111.606,111.186,111.363,19687341
2016-10-11,111.251,111.289,109.290,109.775,27774426
2016-10-12,109.827,110.056,109.346,109.682,14267824
2016-10-13,108.949,109.589,108.300,109.290,22821011
2016-10-14,109.831,110.271,109.355,109.420,21313321
2016-10-17,109.383,109.570,108.983,109.122,14182694
2016-10-18,110.392,110.607,110.037,110.093,19276656
2016-10-19,110.009,110.242,109.888,110.084,13702918
2016-10-20,109.925,110.196,109.318,109.953,18132245
2016-10-21,110.037,110.429,109.673,110.364,15707804
2016-10-24,111.093,111.765,111.057,111.690,19142985
2016-10-25,111.737,111.774,111.167,111.335,20341835
2016-10-26,110.607,111.186,110.252,110.579,20463696
2016-10-27,111.064,111.149,109.916,110.074,19099790
2016-10-28,109.729,110.327,109.047,109.383,35369254
2016-10-31,109.785,109.785,109.224,109.280,18749357
2016-11-01,109.467,109.486,107.519,108.458,23498712
2016-11-02,108.402,108.636,107.319,107.590,26960093
2016-11-03,107.440,107.767,106.413,106.534,36205193
2016-11-04,106.226,106.992,105.974,106.160,26997454
2016-11-07,107.842,108.795,107.702,108.683,26591245
2016-11-08,108.552,109.888,108.318,109.392,20777919
2016-11-09,108.085,110.074,107.982,109.897,70234393
2016-11-10,110.355,110.579,106.670,108.122,72824646
2016-11-11,107.618,108.402,107.272,108.169,41115166
2016-11-14,108.206,108.300,106.515,107.076,35905979
2016-11-15,107.861,108.935,107.730,108.561,31796602
2016-11-16,108.075,109.283,108.047,109.206,16538132
2016-11-17,109.159,110.018,108.925,110.000,20598553
2016-11-18,110.065,110.317,109.486,109.589,16428659
2016-11-21,109.850,110.831,109.822,110.728,20268547
2016-11-22,111.130,111.335,110.794,111.064,18850641
2016-11-23,110.700,110.822,110.130,110.616,22925954
2016-11-25,110.747,111.018,110.616,110.971,7162785
2016-11-28,110.822,111.233,110.607,110.719,13479045
2016-11-29,110.812,111.634,110.504,111.102,18552957
2016-11-30,111.214,111.283,109.719,109.757,30405342
2016-12-01,109.719,109.729,107.692,107.861,39796590
2016-12-02,107.954,108.505,107.627,108.075,32876845
2016-12-05,108.655,109.346,108.141,108.916,21419667
2016-12-06,109.178,109.364,108.720,109.178,27293348
2016-12-07,108.953,110.700,108.628,110.560,26622442
2016-12-08,110.597,111.036,110.392,110.756,18578433
2016-12-09,111.186,111.663,111.158,111.625,21863133
2016-12-12,111.111,111.354,110.663,111.121,23259310
2016-12-13,111.485,113.129,111.457,112.522,54477889
2016-12-14,112.615,113.026,111.961,112.288,28745991
2016-12-15,112.438,113.129,112.167,112.466,22762305
2016-12-16,112.690,112.973,111.828,112.053,26283907
2016-12-19,112.184,113.206,112.006,112.512,21138658
2016-12-20,112.831,113.149,112.737,112.943,11461799
2016-12-21,112.962,113.065,112.606,112.859,7079300
2016-12-22,112.859,112.896,112.100,112.540,16644996
2016-12-23,112.391,112.662,112.250,112.615,9007470
2016-12-27,112.840,113.852,112.812,113.196,16110554
2016-12-28,113.421,113.543,112.236,112.316,17975235
2016-12-29,112.297,112.550,111.800,112.156,13267519
2016-12-30,112.362,112.381,110.685,111.004,41749028
2017-01-03,111.782,112.419,111.388,111.997,22307608
2017-01-04,112.119,112.812,112.106,112.606,19749074
2017-01-05,112.578,113.318,112.522,113.243,20644254
2017-01-06,113.356,114.536,113.070,114.236,24074305
2017-01-09,114.330,114.817,114.255,114.611,18909234
2017-01-10,114.648,115.211,114.395,114.864,16176631
2017-01-11,114.892,115.173,114.321,115.173,20685983
2017-01-12,114.761,115.069,113.927,114.995,19622511
2017-01-13,115.061,115.585,115.051,115.389,16930803
2017-01-17,115.042,115.267,114.709,115.042,14538484
2017-01-18,115.201,115.389,114.920,115.276,12499663
2017-01-19,115.417,115.848,114.976,115.220,12710659
2017-01-20,115.717,116.016,115.164,115.473,22091039
2017-01-23,115.389,115.735,114.836,115.567,17434167
2017-01-24,115.791,116.522,115.599,116.344,17640869
2017-01-25,117.056,117.543,116.972,117.515,15036221
2017-01-26,117.665,117.881,117.435,117.637,16052150
2017-01-27,117.862,117.975,117.478,117.862,15052983
2017-01-30,117.459,117.469,116.297,116.944,25006715
2017-01-31,116.550,116.738,116.035,116.710,19091133
2017-02-01,117.506,117.750,116.981,117.515,22861876
2017-02-02,117.309,117.768,116.981,117.412,15101363
2017-02-03,117.572,117.871,117.422,117.750,16957154
2017-02-06,117.506,117.909,117.440,117.890,11630139
2017-02-07,118.106,118.565,118.021,118.321,17541101
2017-02-08,118.162,118.686,117.937,118.518,12569147
2017-02-09,118.640,119.211,118.574,118.949,17542726
2017-02-10,119.174,119.511,119.005,119.342,13915697
2017-02-13,119.698,120.167,119.661,120.017,19120150
2017-02-14,120.064,120.424,119.680,120.420,16333480
2017-02-15,120.335,121.188,120.270,121.132,17891355
2017-02-16,121.197,121.450,120.785,121.094,15098286
2017-02-17,120.944,121.628,120.898,121.619,15563730
2017-02-21,121.825,122.294,121.788,122.219,18479628
2017-02-22,122.097,122.350,121.901,122.265,12110876
2017-02-23,122.453,122.453,121.319,121.806,17489023
2017-02-24,121.300,122.041,121.216,122.041,18624489
2017-02-27,121.816,122.200,121.610,122.190,12008672
2017-02-28,122.162,122.219,121.478,121.816,16598581
2017-03-01,122.556,123.371,122.359,123.146,25813827
2017-03-02,123.137,123.137,122.378,122.528,19951386
2017-03-03,122.406,122.790,122.116,122.753,13722749
2017-03-06,122.322,122.687,121.994,122.481,12026151
2017-03-07,122.219,122.809,122.059,122.275,15500945
2017-03-08,122.331,122.874,122.228,122.490,15776027
2017-03-09,122.462,122.753,121.928,122.584,20855253
2017-03-10,123.127,123.296,122.565,123.099,21922601
2017-03-13,123.052,123.334,122.987,123.305,10731575
2017-03-14,123.024,123.071,122.509,123.006,14019689
2017-03-15,123.277,124.050,122.865,123.764,22709139
2017-03-16,123.980,123.999,123.399,123.680,18457291
2017-03-17,123.790,123.959,123.565,123.631,21234529
2017-03-20,123.593,124.025,123.415,123.743,10105210
2017-03-21,124.213,124.325,121.791,121.866,35841897
2017-03-22,121.941,122.814,121.744,122.692,29177883
2017-03-23,122.532,122.870,122.175,122.382,20311655
2017-03-24,122.776,123.255,122.166,122.635,22967566
2017-03-27,121.791,123.049,121.481,122.833,18472445
2017-03-28,122.804,123.950,122.560,123.584,23721947
2017-03-29,123.668,124.203,123.537,124.156,13709968
2017-03-30,124.128,124.494,123.997,124.363,16092374
2017-03-31,124.175,124.616,124.039,124.278,19841411
2017-04-03,124.372,124.682,123.509,124.203,23700310
2017-04-04,123.828,124.419,123.800,124.400,13400022
2017-04-05,124.560,125.311,123.659,123.893,32011155
2017-04-06,124.034,124.288,123.640,123.959,18832193
2017-04-07,123.912,124.269,123.452,123.893,16743064
2017-04-10,124.025,124.452,123.599,123.940,15619276
2017-04-11,123.790,124.011,122.513,123.405,33778359
2017-04-12,123.405,123.490,122.776,122.908,15955195
2017-04-13,122.748,123.462,122.401,122.420,23683020
2017-04-17,122.795,123.452,122.720,123.433,13325508
2017-04-18,122.992,123.602,122.936,123.246,12841087
2017-04-19,123.781,124.194,123.274,123.443,17764817
2017-04-20,123.959,124.748,123.753,124.475,21977910
2017-04-21,124.579,124.635,124.128,124.447,22454948
2017-04-24,125.818,126.067,125.615,125.949,22469948
2017-04-25,126.344,127.082,126.250,126.860,19384398
2017-04-26,126.898,127.217,126.607,126.682,25398542
2017-04-27,127.001,127.442,126.916,127.442,16136538
2017-04-28,127.940,127.996,127.461,127.667,22771946
2017-05-01,128.109,128.972,128.034,128.803,24815525
2017-05-02,128.972,129.076,128.634,129.019,18345071
2017-05-03,128.747,128.775,128.254,128.606,23827550
2017-05-04,128.625,129.019,128.203,128.653,14630063
2017-05-05,128.982,129.123,128.503,129.123,19330652
2017-05-08,129.188,129.404,128.925,129.404,13279931
2017-05-09,129.601,130.144,129.489,129.855,28426109
2017-05-10,129.930,129.977,129.470,129.930,20499363
2017-05-11,129.583,129.864,128.972,129.827,27232074
2017-05-12,129.902,130.146,129.770,130.118,19738629
2017-05-15,130.146,130.606,130.052,130.531,20481327
2017-05-16,130.831,131.094,130.484,131.075,21785994
2017-05-17,130.071,130.277,127.724,127.743,55642178
2017-05-18,127.733,129.292,127.555,128.860,41319882
2017-05-19,129.282,129.949,129.235,129.404,36730112
2017-05-22,129.686,130.564,129.645,130.493,19509659
2017-05-23,130.887,130.887,130.287,130.625,19687534
2017-05-24,131.019,131.291,130.653,131.225,18323864
2017-05-25,131.728,132.681,131.441,132.343,23928591
2017-05-26,132.371,132.634,132.192,132.577,13851582
2017-05-30,132.493,132.845,132.427,132.690,20306409
2017-05-31,133.122,133.159,131.967,132.643,33229404
2017-06-01,132.906,133.216,132.352,133.159,20120741
2017-06-02,133.629,134.708,133.413,134.680,37222881
2017-06-05,134.661,134.887,134.464,134.652,15727526
2017-06-06,134.511,134.934,133.920,134.117,22393024
2017-06-07,134.464,134.755,133.873,134.643,18842408
2017-06-08,134.943,134.999,134.051,134.784,25417408
2017-06-09,134.934,135.093,129.658,131.413,109783737
2017-06-12,130.343,130.944,129.057,130.709,104453977
2017-06-13,131.441,131.958,130.756,131.770,51193010
2017-06-14,132.296,132.305,130.136,131.197,60093764
2017-06-15,129.883,130.756,129.076,130.615,55145160
2017-06-16,130.591,130.645,129.572,130.054,48087413
2017-06-19,131.278,132.351,131.118,132.229,39626533
2017-06-20,132.088,132.267,131.146,131.194,40935078
2017-06-21,131.476,132.559,131.410,132.493,35743366
2017-06-22,132.681,132.945,132.116,132.455,24099115
2017-06-23,132.295,133.133,131.937,132.963,21654314
2017-06-26,133.679,133.952,132.050,132.342,34411094
2017-06-27,131.862,132.003,129.932,129.941,65957819
2017-06-28,130.422,131.928,129.668,131.815,57427180
2017-06-29,131.231,131.269,128.266,129.527,88769351
2017-06-30,129.913,130.543,129.151,129.574,68898255
2017-07-03,130.149,130.318,128.125,128.209,32797005
2017-07-05,128.567,129.819,128.181,129.471,42116584
2017-07-06,128.473,129.028,127.842,128.303,48430476
2017-07-07,128.727,130.036,128.727,129.687,36970402
2017-07-10,129.763,130.840,129.443,130.535,24853545
2017-07-11,130.327,131.062,129.857,130.902,31517660
2017-07-12,131.994,132.606,131.754,132.455,36045799
2017-07-13,132.596,133.067,132.361,132.747,31073595
2017-07-14,133.274,133.961,132.916,133.792,34544847
2017-07-17,133.914,134.328,133.603,133.858,25343155
2017-07-18,133.735,134.780,133.340,134.752,25748527
2017-07-19,135.119,135.740,135.091,135.543,33752309
2017-07-20,135.853,135.976,135.110,135.722,36139449
2017-07-21,135.204,135.665,134.950,135.665,39697094
2017-07-24,135.627,136.381,135.486,136.286,26712732
2017-07-25,135.835,136.258,135.571,135.938,28120884
2017-07-26,136.258,136.456,136.061,136.381,18610634
2017-07-27,137.313,137.407,133.961,135.524,80665866
2017-07-28,134.752,135.632,134.498,135.411,38013176
2017-07-31,135.769,135.966,134.545,134.837,33848645
2017-08-01,135.279,135.336,134.733,135.147,20149421
2017-08-02,135.985,136.051,134.253,135.515,41769667
2017-08-03,135.722,135.722,134.743,134.987,27112799
2017-08-04,135.232,135.533,134.677,135.232,29472909
2017-08-07,135.458,136.089,135.289,136.089,17933942
2017-08-08,135.816,136.945,135.467,135.853,30810364
2017-08-09,134.752,135.740,134.427,135.675,36169473
2017-08-10,134.931,134.997,132.634,132.766,63331663
2017-08-11,132.963,134.065,132.643,133.773,45862488
2017-08-14,134.837,135.703,134.799,135.496,34161024
2017-08-15,135.769,135.846,135.223,135.590,25509181
2017-08-16,135.910,136.465,135.374,135.825,31913002
2017-08-17,135.307,135.505,133.048,133.048,70190975
2017-08-18,133.142,133.867,132.408,132.954,60751940
2017-08-21,132.954,133.236,131.965,132.784,37111487
2017-08-22,133.491,134.950,133.453,134.808,36294232
2017-08-23,134.150,134.630,134.037,134.328,25702324
2017-08-24,134.648,134.780,133.180,133.933,38160803
2017-08-25,134.432,134.790,133.472,133.651,26380436
2017-08-28,134.065,134.375,133.632,134.065,15362141
2017-08-29,132.907,134.818,132.794,134.592,24498333
2017-08-30,134.724,136.399,134.620,136.174,33642716
2017-08-31,136.531,137.642,136.484,137.633,38480747
2017-09-01,137.783,137.995,137.077,137.444,22293553
2017-09-05,137.021,137.331,135.185,136.211,45480562
2017-09-06,136.559,136.936,135.637,136.625,30722723
2017-09-07,136.880,137.294,136.447,136.945,22721131
2017-09-08,136.767,136.832,135.618,135.759,27890115
2017-09-11,136.785,137.557,136.785,137.322,27126332
2017-09-12,137.680,137.830,137.002,137.652,30256661
2017-09-13,137.397,137.859,137.190,137.840,28450864
2017-09-14,137.303,137.714,136.945,137.030,35296413
2017-09-15,137.030,138.000,136.776,137.501,46422402
2017-09-18,137.623,138.085,136.897,137.312,24858157
2017-09-19,137.557,137.746,137.085,137.548,20871237
2017-09-20,137.501,137.651,136.067,137.123,34236155
2017-09-21,137.029,137.038,135.802,136.284,28841835
2017-09-22,135.850,136.350,135.713,136.151,21702401
2017-09-25,135.614,135.689,134.057,134.718,54947712
2017-09-26,135.387,135.661,134.595,135.067,29628806
2017-09-27,135.784,136.793,135.444,136.284,33249403
2017-09-28,135.982,136.375,135.642,136.236,24149422
2017-09-29,136.510,137.317,136.151,137.218,43102366
2017-10-02,137.425,137.897,136.727,137.340,27351260
2017-10-03,137.491,137.793,137.218,137.633,19715152
2017-10-04,137.359,138.057,137.236,137.765,26381099
2017-10-05,138.246,139.189,138.120,139.114,31562353
2017-10-06,138.651,139.302,138.642,139.302,23561069
2017-10-09,139.491,139.632,138.963,139.142,13704835
2017-10-10,139.604,139.755,138.633,139.246,19223092
2017-10-11,139.180,139.689,139.001,139.661,12439051
2017-10-12,139.472,139.958,139.260,139.406,14513477
2017-10-13,140.001,140.104,139.413,139.944,18409888
2017-10-16,140.284,140.463,139.994,140.425,21809410
2017-10-17,140.368,140.623,140.161,140.604,13138157
2017-10-18,140.765,140.765,140.227,140.435,17218243
2017-10-19,139.642,139.935,138.935,139.916,27680285
2017-10-20,140.482,140.604,140.123,140.293,30173268
2017-10-23,140.576,140.595,139.180,139.378,29297126
2017-10-24,139.623,139.906,139.095,139.614,20289467
2017-10-25,139.340,139.793,138.048,139.085,36179124
2017-10-26,139.019,139.345,138.604,138.642,28230199
2017-10-27,140.878,142.944,140.755,142.680,60165127
2017-10-30,142.529,143.576,142.444,143.001,31733386
2017-10-31,143.435,143.746,143.048,143.538,26319327
2017-11-01,144.104,144.180,142.925,143.491,29481569
2017-11-02,143.321,143.387,142.236,143.218,31017426
2017-11-03,143.765,144.614,143.246,144.595,26199249
2017-11-06,144.463,145.142,144.435,145.085,28693919
2017-11-07,144.972,145.361,144.661,145.170,21333062
2017-11-08,145.104,145.793,144.925,145.755,17373517
2017-11-09,144.585,145.067,143.501,144.991,40594482
2017-11-10,144.680,145.095,144.397,144.982,20150762
2017-11-13,144.453,145.349,144.435,145.161,12522399
2017-11-14,144.633,144.812,143.935,144.633,25173763
2017-11-15,143.972,144.340,143.189,143.953,24808004
2017-11-16,144.699,146.123,144.652,145.793,34790570
2017-11-17,145.831,145.935,145.095,145.236,28725800
2017-11-20,145.359,145.472,144.916,145.123,21143944
2017-11-21,145.812,146.765,145.741,146.699,20147763
2017-11-22,146.821,147.019,146.549,146.878,17299040
2017-11-24,147.038,147.463,146.944,147.416,8280586
2017-11-27,147.359,147.699,147.010,147.350,22653389
2017-11-28,147.661,147.821,146.887,147.727,25227320
2017-11-29,147.595,147.595,144.453,145.152,71986338
2017-11-30,145.718,146.652,145.420,146.369,56595465
2017-12-01,145.463,146.453,143.642,145.746,59015828
2017-12-04,146.670,146.817,143.925,144.067,51319146
2017-12-05,144.001,145.802,143.491,144.161,40604211
2017-12-06,143.642,145.034,143.453,144.812,28647769
2017-12-07,144.802,145.718,144.652,145.302,32666207
2017-12-08,146.321,146.727,145.718,145.944,28081666
2017-12-11,146.001,147.123,146.001,147.076,20821528
2017-12-12,146.991,147.312,146.567,146.878,20310252
2017-12-13,147.435,147.633,146.944,147.161,24418479
2017-12-14,147.435,147.793,146.897,147.057,24594682
2017-12-15,147.633,148.887,147.387,148.727,49816151
2017-12-18,149.647,150.101,149.439,149.978,26844519
2017-12-19,149.695,149.846,148.674,149.090,31414968
2017-12-20,149.610,149.638,148.343,148.929,38972602
2017-12-21,149.118,149.610,148.778,148.948,18638679
2017-12-22,148.721,148.836,148.381,148.778,23330440
2017-12-26,147.983,148.163,147.435,147.974,21918720
2017-12-27,147.974,148.390,147.851,147.993,22388186
2017-12-28,148.475,148.490,147.993,148.173,25393825
2017-12-29,148.333,148.333,147.199,147.256,33185962
2018-01-02,147.955,149.870,147.643,149.836,32573272
2018-01-03,149.950,151.425,149.950,151.292,29383557
2018-01-04,151.822,152.011,151.342,151.557,24776125
2018-01-05,152.247,153.183,151.992,153.079,26992340
2018-01-08,153.060,153.750,153.022,153.675,23159061
2018-01-09,153.958,154.138,153.221,153.684,24782448
2018-01-10,152.966,153.353,152.323,153.325,34004028
2018-01-11,153.609,154.384,153.353,154.374,20473518
2018-01-12,154.129,155.670,154.043,155.509,37762708
2018-01-16,156.511,157.329,154.601,155.065,41231849
2018-01-17,155.774,156.974,155.044,156.738,33849879
2018-01-18,156.511,157.125,156.119,156.766,26432166
2018-01-19,157.239,157.513,156.497,157.258,38937588
2018-01-22,157.192,158.941,157.021,158.941,26081388
2018-01-23,159.432,160.397,159.352,160.255,37989650
2018-01-24,160.538,160.945,158.298,159.215,54287377
2018-01-25,160.293,160.368,158.648,159.158,28924956
2018-01-26,160.028,161.618,159.735,161.597,32038184
2018-01-29,161.210,161.578,160.472,160.813,37277849
2018-01-30,159.347,160.170,158.657,159.489,44987688
2018-01-31,160.406,160.708,159.149,160.151,42449199
2018-02-01,158.941,160.463,158.279,158.789,38037875
2018-02-02,158.203,158.544,155.490,155.622,68478082
2018-02-05,154.223,156.700,149.373,149.487,105372224
2018-02-06,147.445,153.637,146.632,153.448,118537891
2018-02-07,152.956,154.620,151.453,151.463,91028328
2018-02-08,151.916,152.020,145.072,145.072,94184831
2018-02-09,147.161,148.655,141.928,147.577,113836554
2018-02-12,149.061,151.217,147.917,150.196,63050637
2018-02-13,149.354,151.273,149.108,150.971,31785595
2018-02-14,150.120,154.034,149.373,153.798,52107431
2018-02-15,155.178,156.653,153.571,156.653,51633887
2018-02-16,156.161,157.650,155.688,155.953,62256291
2018-02-20,155.414,157.579,155.339,156.265,36785626
2018-02-21,156.993,158.562,155.726,155.821,41161779
2018-02-22,156.502,157.333,155.402,155.802,37074413
2018-02-23,156.993,158.988,156.416,158.988,50096916
2018-02-26,159.706,161.096,159.602,161.096,39266658
2018-02-27,161.115,161.408,159.026,159.101,42209873
2018-02-28,160.009,160.529,157.976,158.080,42936334
2018-03-01,158.156,158.893,154.101,155.499,76809904
2018-03-02,153.713,157.201,153.117,156.927,57445063
2018-03-05,156.237,159.073,155.603,158.666,38540207
2018-03-06,159.404,159.877,158.336,159.338,29480927
2018-03-07,158.128,159.839,157.844,159.706,34609407
2018-03-08,160.283,160.699,159.725,160.586,25828371
2018-03-09,161.758,163.705,161.493,163.705,38310546
2018-03-12,164.169,164.953,163.819,164.575,37634971
2018-03-13,165.256,165.644,161.915,162.335,55638925
2018-03-14,163.157,163.308,161.597,162.306,40536383
2018-03-15,162.448,163.110,161.569,162.164,28810366
2018-03-16,162.401,162.798,161.602,161.682,31176742
2018-03-19,160.195,160.251,156.860,158.244,71395061
2018-03-20,158.244,159.134,157.780,158.765,34075664
2018-03-21,158.367,159.816,157.382,158.073,43863543
2018-03-22,155.971,156.984,153.973,154.172,66607288
2018-03-23,153.982,154.645,150.033,150.109,80110392
2018-03-26,153.111,155.876,150.725,155.687,57481503
2018-03-27,156.823,156.842,149.323,150.649,78889105
2018-03-28,149.863,151.312,147.770,148.916,89369655
2018-03-29,149.749,153.139,148.332,151.643,68692566
2018-04-02,150.573,151.274,145.724,147.268,85549443
2018-04-03,148.603,149.550,146.255,148.925,64090049
2018-04-04,146.094,151.738,145.876,151.274,65768692
2018-04-05,152.780,153.016,151.028,152.136,43054868
2018-04-06,150.516,151.956,147.618,148.329,59870865
2018-04-09,149.635,152.353,149.115,149.370,41810380
2018-04-10,151.643,153.158,150.639,152.666,48601323
2018-04-11,151.709,153.414,151.615,151.785,41622139
2018-04-12,152.751,154.143,152.619,153.613,30467889
2018-04-13,154.370,154.607,152.154,152.817,44604892
2018-04-16,153.840,154.541,152.922,153.982,28180780
2018-04-17,155.488,157.637,155.223,157.297,35536087
2018-04-18,157.316,158.149,156.549,157.619,29573880
2018-04-19,156.871,157.193,155.630,156.170,34705692
2018-04-20,155.772,155.886,153.158,153.698,49197140
2018-04-23,154.437,155.052,152.486,153.310,33040646
2018-04-24,154.001,154.271,149.048,150.062,70256751
2018-04-25,150.384,150.867,148.177,150.242,52089323
2018-04-26,152.202,153.916,151.690,153.405,43005532
2018-04-27,155.639,155.696,152.628,153.499,51043406
2018-04-30,153.869,154.816,152.031,152.410,35615273
2018-05-01,152.012,154.172,151.653,154.153,36513529
2018-05-02,154.456,154.901,153.064,153.244,38646842
2018-05-03,152.543,153.793,150.781,153.225,60337134
2018-05-04,152.571,156.492,152.448,156.132,41543243
2018-05-07,156.861,157.941,156.738,157.429,32500152
2018-05-08,157.041,157.609,156.122,157.268,26040170
2018-05-09,157.581,159.096,156.994,158.982,29122718
2018-05-10,159.503,160.744,159.371,160.630,27067597
2018-05-11,160.374,160.857,159.778,160.479,24688847
2018-05-14,160.838,161.767,160.488,160.753,21821749
2018-05-15,159.475,159.570,158.130,158.973,49361638
2018-05-16,159.191,160.393,159.105,160.024,22941159
2018-05-17,159.475,160.621,158.632,159.409,27480164
2018-05-18,158.821,159.342,158.348,158.585,26217939
2018-05-21,159.787,160.517,158.793,159.475,22954565
2018-05-22,160.185,160.469,158.982,159.266,19477721
2018-05-23,158.054,160.630,158.035,160.611,26557835
2018-05-24,160.573,160.848,158.944,160.564,27696539
2018-05-25,160.554,161.303,160.242,160.725,27460536
2018-05-29,159.958,160.914,159.058,160.015,41220468
2018-05-30,160.640,161.445,160.251,161.160,22665836
2018-05-31,161.113,162.126,160.640,161.056,35670946
2018-06-01,161.823,163.679,161.814,163.585,45543331
2018-06-04,163.983,165.100,163.897,165.062,20459634
2018-06-05,165.431,165.848,164.840,165.573,24779284
2018-06-06,165.748,166.568,164.911,166.539,25036647
2018-06-07,166.587,166.606,164.352,165.185,39600316
2018-06-08,164.371,165.612,164.001,165.195,31780348
2018-06-11,165.062,166.047,165.043,165.640,22319709
2018-06-12,165.867,166.672,165.687,166.511,22511832
2018-06-13,166.757,167.752,166.132,166.502,37858584
2018-06-14,167.259,168.462,167.146,168.187,35915978
2018-06-15,167.600,167.927,166.776,167.600,49615730
2018-06-18,166.578,167.641,166.018,167.499,31633192
2018-06-19,165.373,167.062,164.851,167.024,38235994
2018-06-20,167.774,168.903,167.641,168.210,33038042
2018-06-21,168.628,168.808,166.426,166.749,43469439
2018-06-22,167.318,167.374,165.781,166.379,30073187
2018-06-25,164.898,165.117,161.150,162.630,77799725
2018-06-26,163.219,164.233,162.630,163.294,39008146
2018-06-27,163.959,164.727,160.960,161.074,52843497
2018-06-28,160.874,163.010,160.542,162.459,46407708
2018-06-29,163.228,164.101,162.654,162.896,36408464
2018-07-02,161.368,164.035,161.017,163.987,31770026
2018-07-03,164.566,164.604,161.928,162.089,25512707
2018-07-05,163.143,164.234,162.307,164.101,31626198
2018-07-06,164.471,166.777,164.177,166.654,37005574
2018-07-09,167.489,168.191,166.853,168.153,27362061
2018-07-10,168.362,168.656,167.698,168.277,23902488
2018-07-11,166.986,168.039,166.834,167.423,30280553
2018-07-12,168.172,170.308,168.049,170.308,27930119
2018-07-13,170.270,170.725,169.824,170.450,28067961
2018-07-16,170.478,170.773,169.757,170.042,21405310
2018-07-17,168.258,171.437,168.239,171.076,31034075
2018-07-18,171.086,171.238,170.232,170.754,23220839
2018-07-19,170.194,170.706,169.700,169.899,31094145
2018-07-20,170.412,170.981,169.672,169.862,35907619
2018-07-23,169.349,170.478,168.675,170.402,22184720
2018-07-24,172.139,172.765,170.402,171.105,36900281
2018-07-25,171.162,173.601,171.095,173.496,36022078
2018-07-26,171.152,171.693,170.640,170.867,40873485
2018-07-27,172.016,172.063,167.593,168.561,59456093
2018-07-30,168.599,168.666,165.382,166.179,60192990
2018-07-31,166.787,168.096,165.904,167.451,47285135
2018-08-01,167.850,168.590,167.116,168.087,37101925
2018-08-02,166.901,170.573,166.825,170.374,47178229
2018-08-03,170.630,170.905,169.947,170.896,28934445
2018-08-06,170.792,171.949,170.573,171.902,24808763
2018-08-07,172.367,172.851,172.016,172.528,29895664
2018-08-08,172.291,173.050,171.826,172.737,22680749
2018-08-09,172.661,173.316,172.376,172.633,18852898
2018-08-10,171.465,171.978,170.668,171.313,33818464
2018-08-13,171.627,172.727,171.049,171.124,26089195
2018-08-14,171.778,172.395,170.858,172.196,20913021
2018-08-15,170.905,171.370,169.036,170.089,58528016
2018-08-16,171.361,171.760,170.317,170.649,27711761
2018-08-17,170.213,171.114,169.176,170.687,36092641
2018-08-20,171.086,171.129,169.871,170.535,24938956
2018-08-21,171.067,172.187,170.943,171.162,26258657
2018-08-22,170.782,172.025,170.583,171.826,18042380
2018-08-23,171.551,172.761,171.295,171.579,25776166
2018-08-24,172.149,173.316,172.111,173.174,23136113
2018-08-27,174.075,174.939,173.771,174.939,29343552
2018-08-28,175.375,175.584,174.825,175.195,20277036
2018-08-29,175.480,177.311,175.432,177.216,29175591
2018-08-30,176.903,177.956,176.315,176.903,29315453
2018-08-31,176.685,177.634,176.495,177.131,28653248
2018-09-04,176.609,176.894,175.423,176.372,29063537
2018-09-05,176.087,176.087,173.496,174.094,42623326
2018-09-06,174.179,174.379,171.370,172.538,46091403
2018-09-07,171.323,173.354,171.238,171.873,46629495
2018-09-10,172.832,172.955,171.508,172.452,26131977
2018-09-11,171.741,174.066,171.313,173.781,30116460
2018-09-12,173.544,173.648,171.778,173.268,36203973
2018-09-13,174.303,175.451,174.274,175.119,31133188
2018-09-14,175.242,175.513,173.914,174.607,31224132
2018-09-17,174.293,174.436,171.930,172.092,33071197
2018-09-18,172.262,174.360,172.149,173.515,31877347
2018-09-19,173.534,173.952,172.253,173.382,31843377
2018-09-20,174.569,175.537,174.160,175.299,33295820
2018-09-21,175.821,176.021,174.123,174.341,38605353
2018-09-24,173.075,174.891,172.362,174.824,34945602
2018-09-25,174.720,175.195,174.149,175.062,25277520
2018-09-26,175.166,176.821,174.838,175.185,36210571
2018-09-27,175.918,177.296,175.803,176.669,33113269
2018-09-28,176.117,177.096,175.851,176.631,28076843
2018-10-01,177.610,178.285,176.545,176.992,27371297
2018-10-02,176.783,177.947,176.184,176.593,25618608
2018-10-03,177.325,177.752,176.507,176.783,29128683
2018-10-04,176.089,176.184,172.134,173.389,80557283
2018-10-05,173.398,173.950,169.633,171.269,83325630
2018-10-08,170.527,171.737,168.207,170.223,66864481
2018-10-09,170.365,172.096,169.938,170.774,49097949
2018-10-10,169.728,169.814,163.045,163.264,114471052
2018-10-11,162.608,164.851,159.537,161.239,143084463
2018-10-12,165.412,166.239,162.506,165.726,102078388
2018-10-15,165.127,165.460,163.102,163.720,64885255
2018-10-16,165.441,168.892,165.137,168.483,71979688
2018-10-17,169.358,169.470,166.819,168.550,66987639
2018-10-18,167.894,167.970,163.939,164.642,82486208
2018-10-19,165.793,167.390,163.891,164.490,82923733
2018-10-22,165.479,166.609,164.081,165.336,52909281
2018-10-23,162.370,165.545,160.497,164.728,77566972
2018-10-24,164.585,164.813,156.904,157.189,102997449
2018-10-25,159.708,163.596,158.919,162.627,83481070
2018-10-26,157.094,161.581,156.133,158.444,130970908
2018-10-29,160.820,161.486,152.198,155.183,111871933
2018-10-30,154.774,157.849,154.028,157.740,92583965
2018-10-31,160.240,162.807,160.231,161.448,73828635
2018-11-01,161.695,163.749,160.459,163.577,52706823
2018-11-02,163.074,164.043,159.927,161.030,75966781
2018-11-05,161.248,161.296,158.843,160.630,39573533
2018-11-06,160.602,162.750,160.402,161.847,34410390
2018-11-07,163.758,166.924,163.397,166.924,51169614
2018-11-08,166.144,166.660,165.070,165.859,40296538
2018-11-09,164.309,164.709,161.771,163.064,50602710
2018-11-12,161.933,162.227,157.987,158.130,62578371
2018-11-13,158.910,161.125,157.816,158.263,64128079
2018-11-14,159.803,160.383,156.152,157.056,75270714
2018-11-15,156.713,160.231,155.401,159.803,73254349
2018-11-16,158.282,160.012,157.607,159.242,65390675
2018-11-19,158.520,158.672,153.576,154.070,67280478
2018-11-20,150.562,153.424,149.383,151.313,102652794
2018-11-21,153.338,153.985,151.382,152.464,42965839
2018-11-23,151.247,152.911,151.247,151.361,23503729
2018-11-26,153.481,154.936,152.835,154.860,42012633
2018-11-27,154.013,155.772,153.234,155.382,36608063
2018-11-28,156.504,160.383,155.413,160.383,70140986
2018-11-29,159.718,160.915,158.596,159.860,44885711
2018-11-30,160.079,161.115,159.280,161.020,36722760
2018-12-03,164.566,164.766,161.153,163.834,50771695
2018-12-04,162.931,163.435,157.360,157.550,70594743
2018-12-06,154.451,158.681,153.795,158.662,71715526
2018-12-07,157.940,158.881,152.930,153.424,80432176
2018-12-10,153.167,155.706,151.551,155.031,73960758
2018-12-11,157.493,157.598,154.232,155.544,59058296
2018-12-12,157.873,159.337,156.827,156.913,53779992
2018-12-13,157.873,158.596,155.943,156.961,46377864
2018-12-14,155.145,155.734,152.777,153.139,56547419
2018-12-17,152.502,153.700,148.471,149.669,74834076
2018-12-18,150.848,152.064,149.298,150.610,63642120
2018-12-19,150.439,152.797,145.780,146.912,81856456
2018-12-20,146.560,148.186,142.976,144.782,99002139
2018-12-21,145.514,146.493,139.487,140.295,141129408
2018-12-24,139.330,141.084,136.775,136.813,56163290
2018-12-26,138.357,145.432,137.375,145.355,98982064
2018-12-27,143.553,146.042,140.226,145.918,85824343
2018-12-28,146.833,148.340,144.650,145.842,77856625
2018-12-31,147.272,147.758,145.594,147.071,53015313
2019-01-02,143.954,148.492,143.849,147.663,58576672
2019-01-03,145.489,146.118,142.524,142.838,74820225
2019-01-04,145.088,149.684,144.669,148.950,74709320
2019-01-07,149.245,151.457,148.835,150.723,52059331
2019-01-08,152.125,152.649,149.874,152.086,49388694
2019-01-09,152.687,153.996,152.039,153.326,46491747
2019-01-10,152.153,153.850,151.305,153.764,38943414
2019-01-11,152.849,153.364,152.344,153.202,30176643
2019-01-14,151.896,152.506,151.200,151.848,30710234
2019-01-15,152.515,155.023,152.458,154.813,40874224
2019-01-16,155.051,156.148,154.727,154.784,33812190
2019-01-17,154.298,156.701,154.041,156.005,39328959
2019-01-18,157.158,158.283,156.186,157.549,57183243
2019-01-22,156.405,156.491,153.269,154.394,56711694
2019-01-23,155.185,155.890,152.849,154.594,38106062
2019-01-24,155.080,155.824,154.510,155.595,32413351
2019-01-25,156.815,157.931,156.310,157.454,36466069
2019-01-28,155.433,155.519,154.212,155.509,33491216
2019-01-29,155.595,155.633,153.488,154.041,30784175
2019-01-30,155.776,158.531,155.299,157.959,41346533
2019-01-31,158.884,161.115,158.713,160.324,37258361
2019-02-01,159.571,160.743,159.208,159.647,32143672
2019-02-04,159.704,161.630,159.532,161.630,26718781
2019-02-05,161.840,163.251,161.782,163.060,28156368
2019-02-06,163.089,163.384,161.840,162.574,27970006
2019-02-07,161.153,161.554,159.170,160.390,42036193
2019-02-08,158.960,160.734,158.808,160.705,29020747
2019-02-11,161.258,161.678,160.152,160.553,21434088
2019-02-12,161.687,163.165,161.439,162.927,29722073
2019-02-13,163.623,164.137,162.860,163.041,26094136
2019-02-14,162.440,163.823,161.916,163.241,30326830
2019-02-15,164.471,164.521,163.164,163.928,32521685
2019-02-19,163.403,164.748,163.394,164.252,19487679
2019-02-20,164.395,165.014,163.336,164.223,32592995
2019-02-21,163.766,164.233,162.755,163.623,25207401
2019-02-22,163.966,164.948,163.889,164.833,27735358
2019-02-25,166.082,166.521,165.320,165.434,32608754
2019-02-26,164.976,166.130,164.757,165.606,21939717
2019-02-27,164.862,165.701,163.756,165.501,25162014
2019-02-28,164.976,165.710,164.652,165.119,25085470
2019-03-01,166.282,166.511,165.110,166.263,31431156
2019-03-04,167.198,167.598,164.433,166.292,38063458
2019-03-05,166.387,166.926,165.591,166.416,22319863
2019-03-06,166.540,166.607,165.205,165.472,27194581
2019-03-07,165.024,165.110,162.831,163.441,39407443
2019-03-08,161.611,163.279,161.446,163.193,39303225
2019-03-11,163.851,166.702,163.842,166.588,30518408
2019-03-12,167.007,167.932,166.627,167.503,33953500
2019-03-13,168.370,169.638,168.132,168.761,42426135
2019-03-14,168.861,169.076,168.428,168.475,23751477
2019-03-15,169.162,170.544,169.019,170.039,38191958
2019-03-18,169.960,170.953,169.618,170.438,32935125
2019-03-19,171.116,171.918,170.285,171.011,36893341
2019-03-20,171.020,172.739,170.237,171.689,50104996
2019-03-21,171.192,174.621,171.154,174.373,42428481
2019-03-22,173.599,174.086,170.361,170.543,70794543
2019-03-25,169.931,170.810,168.986,170.218,46336524
2019-03-26,171.517,172.577,170.142,171.011,33248121
2019-03-27,171.221,171.651,168.671,169.912,37096697
2019-03-28,170.352,170.944,169.282,170.304,30368235
2019-03-29,171.565,171.756,170.571,171.593,35205511
2019-04-01,173.274,174.077,172.653,173.866,30969472
2019-04-02,174.048,174.693,173.618,174.525,22645151
2019-04-03,175.490,176.617,174.983,175.528,31633476
2019-04-04,175.557,176.216,174.449,175.461,28530828
2019-04-05,176.025,176.474,175.756,176.369,25674660
2019-04-08,176.092,176.961,175.385,176.818,22697543
2019-04-09,176.216,176.799,175.824,176.197,25631886
2019-04-10,176.455,177.200,176.235,177.142,24562958
2019-04-11,177.429,177.438,176.397,176.722,20654094
2019-04-12,177.515,177.601,176.751,177.486,24989136
2019-04-15,177.467,177.715,176.331,177.515,21073046
2019-04-16,178.136,178.518,177.582,178.126,27195709
2019-04-17,179.320,179.492,178.222,178.747,29651575
2019-04-18,179.062,179.359,177.926,178.976,28580864
2019-04-22,178.164,179.549,178.059,179.482,17936033
2019-04-23,179.912,181.985,179.683,181.765,33665561
2019-04-24,181.889,182.147,181.135,181.192,24977108
2019-04-25,182.567,182.634,180.944,181.927,29517497
2019-04-26,181.660,182.128,180.122,182.090,26359537
2019-04-29,182.061,182.730,181.794,182.443,21716242
2019-04-30,180.972,181.326,179.759,181.030,31495277
2019-05-01,182.195,182.730,180.318,180.447,34797109
2019-05-02,180.399,181.326,178.480,179.664,44110122
2019-05-03,181.173,182.663,180.829,182.529,30386180
2019-05-06,178.699,181.660,178.374,181.412,38371777
2019-05-07,179.425,180.199,176.226,177.878,58818134
2019-05-08,177.343,178.766,176.655,177.429,37165319
2019-05-09,175.509,177.087,173.914,176.474,55351668
2019-05-10,175.796,177.544,172.902,176.694,58526402
2019-05-13,172.205,173.121,170.065,170.562,67185766
2019-05-14,171.450,173.475,170.829,172.434,43360636
2019-05-15,171.335,175.309,171.259,174.869,40944547
2019-05-16,174.888,177.715,174.736,176.627,39281157
2019-05-17,174.879,177.249,174.669,174.822,44702276
2019-05-20,172.405,173.045,171.288,171.870,38608294
2019-05-21,173.351,174.143,172.797,173.666,31613790
2019-05-22,172.692,173.895,172.634,172.892,24332550
2019-05-23,170.963,170.985,169.186,170.247,45351309
2019-05-24,171.249,171.775,169.950,170.161,25903267
2019-05-28,170.648,171.593,169.502,169.521,24763823
2019-05-29,168.527,169.053,167.228,168.126,42178772
2019-05-30,168.613,169.311,167.878,168.833,30354790
2019-05-31,166.866,167.419,166.063,166.140,45446206
2019-06-03,165.729,166.140,161.670,162.482,75842290
2019-06-04,164.258,167.114,163.675,167.057,47797848
2019-06-05,168.671,168.680,166.550,168.298,34412697
2019-06-06,168.594,170.046,167.840,169.635,29913205
2019-06-07,170.485,173.605,170.323,172.911,45888345
2019-06-10,174.048,176.550,174.029,174.927,41385280
2019-06-11,176.760,177.076,174.573,175.165,41260320
2019-06-12,174.669,175.051,173.828,174.153,27758120
2019-06-13,174.898,175.614,174.535,175.184,23715829
2019-06-14,174.248,174.888,173.771,174.439,22844089
2019-06-17,174.793,175.977,174.626,175.490,20379476
2019-06-18,177.534,179.291,177.103,178.040,48177301
2019-06-19,178.346,179.110,177.238,178.709,31672855
2019-06-20,181.202,181.240,178.755,180.371,40921964
2019-06-21,180.103,181.249,179.725,180.103,39980418
2019-06-24,180.470,180.662,180.030,180.126,19375205
2019-06-25,180.030,180.106,176.765,177.033,33921112
2019-06-26,178.182,179.331,177.570,177.857,22595721
2019-06-27,178.508,178.958,178.048,178.536,19709228
2019-06-28,178.967,179.159,178.125,178.766,21179248
2019-07-01,182.174,182.433,180.336,181.179,31193393
2019-07-02,181.112,181.916,180.604,181.897,18035768
2019-07-03,182.318,183.266,182.165,183.266,15792067
2019-07-05,182.031,183.227,181.303,182.892,21415620
2019-07-08,181.753,181.763,180.863,181.609,17598826
2019-07-09,180.729,182.749,180.595,182.519,19193497
2019-07-10,183.601,184.845,183.294,184.338,28374513
2019-07-11,184.644,185.084,183.620,184.204,23736122
2019-07-12,184.405,185.276,184.232,185.266,20211883
2019-07-15,185.687,185.898,185.180,185.860,15606074
2019-07-16,185.582,185.802,184.338,184.902,20190891
2019-07-17,184.950,185.228,183.974,183.993,16765069
2019-07-18,183.131,184.558,182.548,184.204,29066336
2019-07-19,185.544,185.553,182.662,182.854,29387945
2019-07-22,183.323,184.701,183.266,184.309,18953596
2019-07-23,185.314,185.534,184.079,185.515,23786726
2019-07-24,184.826,186.827,184.788,186.817,20422872
2019-07-25,186.176,186.214,184.692,185.046,23434744
2019-07-26,186.214,187.200,186.128,186.951,20431243
2019-07-29,186.846,186.846,185.132,186.310,20451652
2019-07-30,184.912,186.233,184.749,185.506,18705006
2019-07-31,186.013,186.128,181.236,182.940,41627473
2019-08-01,183.333,186.654,181.150,182.031,63251648
2019-08-02,180.757,180.920,178.259,179.350,55214006
2019-08-05,175.674,175.674,171.548,173.013,75039971
2019-08-06,174.592,175.952,173.338,175.435,41897249
2019-08-07,173.578,176.631,172.209,176.383,49990586
2019-08-08,177.244,180.279,176.689,180.221,38418084
2019-08-09,179.321,179.972,177.129,178.527,33608926
2019-08-12,177.426,177.962,175.665,176.478,24642870
2019-08-13,176.402,181.581,176.162,180.346,40473043
2019-08-14,177.397,178.010,174.631,174.956,51000548
2019-08-15,175.291,175.751,173.424,174.755,36848178
2019-08-16,176.249,178.010,176.239,177.560,34785006
2019-08-19,180.001,180.767,179.494,180.384,22568634
2019-08-20,179.972,180.580,178.939,178.986,19939552
2019-08-21,180.604,181.150,179.934,180.575,20745478
2019-08-22,180.911,181.370,178.575,179.992,24270520
2019-08-23,178.785,180.403,173.807,174.296,55442893
2019-08-26,176.325,176.976,175.262,176.928,27689838
2019-08-27,178.134,178.460,175.866,176.555,28080093
2019-08-28,175.990,177.483,175.100,177.187,21848789
2019-08-29,179.369,180.409,178.704,179.896,25427207
2019-08-30,180.872,180.901,178.450,179.465,26332749
2019-09-03,178.307,179.187,177.129,177.723,28026617
2019-09-04,179.427,180.441,178.919,180.288,21676335
2019-09-05,182.260,184.113,182.212,183.591,34060994
2019-09-06,183.830,183.964,183.007,183.409,19487821
2019-09-09,183.974,184.060,182.093,183.026,24407580
2019-09-10,182.069,182.595,180.844,182.500,23744687
2019-09-11,182.825,184.309,182.423,184.213,25063617
2019-09-12,185.372,186.396,184.730,184.979,28689878
2019-09-13,184.711,185.142,184.079,184.319,27669795
2019-09-16,183.131,183.878,182.950,183.495,20318987
2019-09-17,183.514,184.376,183.122,184.376,21113675
2019-09-18,183.993,184.376,181.992,184.299,31173056
2019-09-19,184.625,185.750,184.252,184.606,26214873
2019-09-20,184.864,185.056,182.040,182.653,30131528
2019-09-23,182.593,183.274,181.979,182.728,22917563
2019-09-24,183.562,183.965,179.515,180.301,41096614
2019-09-25,180.128,182.804,178.613,182.325,36499191
2019-09-26,182.123,182.248,180.310,181.653,27030029
2019-09-27,181.960,182.085,178.171,179.399,40804222
2019-09-30,180.090,181.394,179.754,181.107,26559841
2019-10-01,181.807,182.814,179.327,179.629,32665025
2019-10-02,178.421,179.566,175.553,176.541,48931982
2019-10-03,176.560,178.610,174.402,178.478,39612315
2019-10-04,179.361,181.366,179.255,181.107,32752668
2019-10-07,180.550,181.999,180.243,180.560,21404580
2019-10-08,179.380,180.191,177.711,177.855,33201939
2019-10-09,179.332,180.406,178.824,179.591,20829012
2019-10-10,179.610,181.701,179.486,180.982,26693780
2019-10-11,183.015,184.771,182.939,183.313,41428907
2019-10-14,183.035,183.879,182.867,183.294,15372774
2019-10-15,183.831,186.056,183.744,185.624,23735826
2019-10-16,185.010,185.634,184.579,185.164,20689207
2019-10-17,186.257,186.564,184.943,185.653,19161821
2019-10-18,185.375,185.768,182.924,183.869,27719069
2019-10-21,184.790,185.624,184.301,185.500,15868946
2019-10-22,186.142,186.488,183.965,184.023,22988988
2019-10-23,183.620,184.414,183.351,184.377,15198327
2019-10-24,185.720,186.286,184.876,186.171,19264220
2019-10-25,185.212,187.754,185.174,187.658,21507115
2019-10-28,188.550,189.759,188.531,189.509,18842303
2019-10-29,189.193,189.476,188.013,188.042,18569675
2019-10-30,188.406,189.269,187.322,188.953,21764311
2019-10-31,189.500,189.586,187.946,189.039,26801803
2019-11-01,189.854,190.766,189.567,190.756,22131875
2019-11-04,192.022,192.344,190.752,191.936,19015855
2019-11-05,192.176,192.368,191.408,192.041,15048864
2019-11-06,191.821,191.840,190.675,191.610,19725486
2019-11-07,192.569,193.490,191.696,192.252,17832355
2019-11-08,191.859,193.039,191.399,193.020,15272516
2019-11-11,192.061,192.834,191.782,192.761,10187222
2019-11-12,192.924,193.960,192.627,193.317,14778283
2019-11-13,192.646,193.543,192.521,193.365,16110341
2019-11-14,192.636,193.336,192.051,193.212,17055686
2019-11-15,194.344,194.631,193.758,194.631,18434519
2019-11-18,194.344,195.092,193.538,194.785,18408797
2019-11-19,195.523,195.523,194.324,195.073,16997568
2019-11-20,194.574,195.149,192.435,193.902,36706275
2019-11-21,193.701,193.826,192.866,193.471,17934353
2019-11-22,193.921,194.065,192.550,193.595,17197019
2019-11-25,194.401,195.926,194.401,195.888,17794718
2019-11-26,195.984,196.511,195.725,196.262,14812921
2019-11-27,196.761,197.643,196.530,197.634,17060233
2019-11-29,197.202,197.432,196.636,196.732,9854553
2019-12-02,196.742,196.809,193.547,194.718,28121020
2019-12-03,192.147,193.269,185.879,193.192,31425404
2019-12-04,194.228,194.631,193.893,194.171,15336754
2019-12-05,194.861,194.861,193.605,194.555,15038785
2019-12-06,195.917,196.775,195.821,196.636,16562247
2019-12-09,196.281,197.206,195.658,195.744,14032175
2019-12-10,195.840,196.521,195.140,195.581,21849714
2019-12-11,196.032,196.818,195.715,196.617,18897759
2019-12-12,196.415,198.861,196.148,198.084,32704625
2019-12-13,197.941,199.427,197.557,198.737,32534393
2019-12-16,199.993,200.981,199.974,200.732,21366177
2019-12-17,200.952,201.154,200.511,200.847,16034647
2019-12-18,201.048,201.557,200.789,201.000,15490828
2019-12-19,201.087,202.324,201.068,202.257,17892062
2019-12-20,203.168,203.848,202.650,203.072,27690934
2019-12-23,203.824,203.940,203.440,203.613,23798671
2019-12-24,203.767,203.882,203.257,203.719,7089020
2019-12-26,204.046,205.536,204.017,205.516,17159310
2019-12-27,206.247,206.257,204.795,205.343,18142239
2019-12-30,205.247,205.363,202.988,203.997,21829913
2019-12-31,203.430,204.526,203.027,204.382,18201585
2020-01-02,206.103,207.795,205.699,207.795,31014904
2020-01-03,205.036,207.131,205.026,205.891,27532657
2020-01-06,204.267,207.247,204.026,207.218,21726989
2020-01-07,207.295,207.775,206.535,207.189,23120994
2020-01-08,207.131,209.698,206.833,208.746,26464212
2020-01-09,210.438,210.919,209.288,210.515,23641291
2020-01-10,211.255,211.361,209.602,209.977,21914631
2020-01-13,210.823,212.428,210.505,212.399,22846102
2020-01-14,212.207,212.649,211.236,211.563,24573340
2020-01-15,211.659,212.640,210.957,211.649,25742084
2020-01-16,212.678,213.716,212.255,213.678,18804959
2020-01-17,214.601,214.908,213.526,214.735,24325167
2020-01-21,214.110,215.177,214.043,214.639,21146264
2020-01-22,215.696,216.437,214.937,215.206,20736403
2020-01-23,215.052,215.994,214.082,215.898,26658979
2020-01-24,216.889,217.138,213.091,214.082,37436483
2020-01-27,209.294,210.799,208.775,209.660,42264418
2020-01-28,211.101,213.370,210.582,212.880,26731876
2020-01-29,214.043,214.303,212.284,213.226,29063128
2020-01-30,211.842,214.082,211.187,213.985,39568093
2020-01-31,214.851,214.908,209.837,210.592,52015832
2020-02-03,211.621,214.259,211.476,213.774,25468307
2020-02-04,216.667,219.042,215.958,218.667,30691211
2020-02-05,221.310,221.339,218.071,219.388,38534817
2020-02-06,219.917,221.339,219.157,221.282,22467077
2020-02-07,220.292,221.522,219.696,220.330,25884933
2020-02-10,219.590,223.002,219.542,222.993,21478925
2020-02-11,224.185,224.963,222.445,223.031,30197983
2020-02-12,224.310,225.309,223.791,225.204,24471275
2020-02-13,223.618,225.838,223.368,224.915,22773159
2020-02-14,225.213,225.771,224.512,225.559,23438530
2020-02-18,224.435,226.069,224.223,225.646,24521242
2020-02-19,226.934,228.280,226.723,227.809,22230464
2020-02-20,227.309,227.780,222.906,225.694,42604016
2020-02-21,224.598,224.954,220.446,221.359,66058611
2020-02-24,213.255,215.572,211.736,212.822,84522551
2020-02-25,214.553,215.320,206.430,207.035,97742982
2020-02-26,208.285,211.755,206.583,208.102,80400053
2020-02-27,202.882,208.048,197.547,197.682,121822562
2020-02-28,191.222,199.153,190.501,197.836,149247073
2020-03-02,200.796,208.189,197.970,208.045,112933945
2020-03-03,208.708,211.111,199.585,201.373,131953546
2020-03-04,205.065,209.881,203.190,209.775,73086209
2020-03-05,204.459,207.987,201.969,203.401,78705458
2020-03-06,196.749,201.056,195.057,199.970,89828392
2020-03-09,185.992,193.375,184.675,186.079,116423986
2020-03-10,193.327,196.394,186.185,196.211,100599233
2020-03-11,191.635,192.981,185.271,187.665,89168783
2020-03-12,175.043,183.397,170.092,170.458,137820698
2020-03-13,179.830,186.954,171.236,184.896,137114131
2020-03-16,167.410,177.533,162.614,162.748,92054386
2020-03-17,168.679,177.254,163.210,175.091,121257108
2020-03-18,164.964,172.284,160.345,169.766,114156320
2020-03-19,168.891,176.389,164.988,170.785,120896481
2020-03-20,174.707,175.793,163.517,164.094,118983891
2020-03-23,164.647,167.816,158.877,164.204,124639782
2020-03-24,173.307,177.083,171.419,176.920,94881785
2020-03-25,177.652,182.555,173.375,175.610,88754909
2020-03-26,177.122,185.647,176.872,184.857,79887564
2020-03-27,180.070,183.523,177.883,178.499,58844975
2020-03-30,180.233,185.426,179.502,184.992,49356936
2020-03-31,184.501,188.084,182.256,183.412,62659265
2020-04-01,178.027,180.773,174.222,175.619,53715375
2020-04-02,174.926,183.123,174.328,179.183,56465348
2020-04-03,178.692,180.206,174.637,176.640,47487621
2020-04-06,183.393,190.396,182.247,189.269,64763518
2020-04-07,194.721,195.222,188.807,189.192,69904478
2020-04-08,190.814,193.787,188.973,193.209,45940439
2020-04-09,194.847,195.762,191.724,193.488,68323929
2020-04-13,192.583,195.954,191.456,195.579,42853948
2020-04-14,199.567,204.701,198.844,204.085,63959563
2020-04-15,200.829,204.060,199.519,201.744,47035953
2020-04-16,204.008,206.502,201.994,205.424,64657362
2020-04-17,208.034,208.564,204.297,207.389,62863223
2020-04-20,205.443,207.957,204.769,204.932,38249128
2020-04-21,202.900,203.410,196.157,197.371,72932771
2020-04-22,201.465,204.557,200.684,203.227,40188772
2020-04-23,204.027,206.565,202.385,202.794,43278542
2020-04-24,203.199,206.435,201.811,205.992,34303365
2020-04-27,208.246,208.680,206.628,207.649,36451698
2020-04-28,209.296,209.344,203.459,203.738,46862816
2020-04-29,208.275,211.897,207.244,210.963,48716406
2020-04-30,211.936,211.965,209.373,210.876,43359476
2020-05-01,206.666,208.718,203.911,204.932,48794968
2020-05-04,203.844,207.543,203.372,207.321,32841020
2020-05-05,209.421,212.061,208.892,209.672,37783075
2020-05-06,211.319,212.928,210.105,210.963,36455218
2020-05-07,213.612,214.556,212.331,213.679,38624836
2020-05-08,215.346,216.743,214.315,216.608,31964416
2020-05-11,215.298,219.565,215.057,218.544,35714128
2020-05-12,219.131,219.724,213.939,213.968,41054123
2020-05-13,214.479,216.367,208.757,211.290,65521208
2020-05-14,210.115,213.727,208.063,213.689,51549345
2020-05-15,210.741,215.134,210.317,215.076,55747208
2020-05-18,217.976,220.287,217.195,219.083,42597551
2020-05-19,219.305,221.415,218.390,218.534,36237303
2020-05-20,221.058,223.254,221.058,222.898,37417000
2020-05-21,222.994,223.616,219.960,220.470,43642908
2020-05-22,220.076,221.434,219.151,221.231,28762389
2020-05-26,224.873,224.998,220.393,220.634,33055346
2020-05-27,220.124,221.954,215.721,221.838,55665565
2020-05-28,220.644,224.902,220.644,221.549,43008478
2020-05-29,221.973,225.027,220.365,224.796,50878596
2020-06-01,223.871,225.846,223.486,225.470,26140125
2020-06-02,225.817,227.040,223.495,226.982,33383415
2020-06-03,227.560,228.755,226.713,228.003,37228701
2020-06-04,227.647,229.063,225.104,226.404,38716097
2020-06-05,227.397,231.478,226.982,230.893,47365569
2020-06-08,230.749,232.810,229.179,232.685,32937305
2020-06-09,231.828,235.219,231.645,234.371,35046254
2020-06-10,236.009,238.720,235.536,237.184,58084410
2020-06-11,233.398,234.650,225.374,225.431,72919442
2020-06-12,230.315,231.577,223.235,227.223,72034787
2020-06-15,223.909,230.662,222.975,229.988,45307371
2020-06-16,234.833,235.421,230.325,233.937,48890095
2020-06-17,235.431,236.490,233.822,234.679,34749268
2020-06-18,234.361,235.556,233.591,235.315,30578648
2020-06-19,237.685,237.935,233.552,235.276,49422112
2020-06-22,235.238,238.230,234.862,238.104,24068676
2020-06-23,239.696,242.360,239.146,240.131,32767370
2020-06-24,239.310,240.599,233.684,235.180,46032376
2020-06-25,235.373,237.718,232.700,237.419,36940811
2020-06-26,237.149,237.351,231.291,231.812,52824554
2020-06-29,231.581,234.350,229.043,234.341,34377800
2020-06-30,234.273,239.474,234.090,238.934,38909219
2020-07-01,238.992,242.717,238.432,241.723,34689213
2020-07-02,244.116,245.371,242.900,243.363,31956497
2020-07-06,246.519,249.866,246.490,249.346,34589049
2020-07-07,249.067,251.749,247.330,247.629,36578191
2020-07-08,248.970,250.919,247.523,250.890,30426273
2020-07-09,252.724,253.670,248.613,253.004,40312906
2020-07-10,252.830,254.982,250.186,254.731,32885298
2020-07-13,257.530,260.347,248.671,249.491,64108090
2020-07-14,247.108,251.662,243.913,251.257,72230512
2020-07-15,252.521,253.496,248.478,251.769,54523869
2020-07-16,248.941,250.688,246.673,250.051,47594111
2020-07-17,250.620,251.199,248.169,250.340,35137871
2020-07-20,251.016,258.070,249.732,257.443,40610128
2020-07-21,259.016,259.016,253.916,254.760,43442967
2020-07-22,255.204,256.584,253.361,255.657,29865519
2020-07-23,255.291,255.957,247.571,248.980,51363538
2020-07-24,245.226,247.937,242.524,246.615,54054536
2020-07-27,248.352,251.402,247.469,251.016,36445741
2020-07-28,250.253,250.755,247.532,247.822,31302390
2020-07-29,249.288,251.537,248.883,250.678,27556884
2020-07-30,248.758,252.550,247.571,251.990,41774456
2020-07-31,256.526,256.642,251.720,256.487,53756159
2020-08-03,258.668,260.695,258.495,259.952,32081566
2020-08-04,259.334,261.013,258.707,260.917,24911286
2020-08-05,261.351,262.017,260.511,261.563,21685921
2020-08-06,261.303,265.356,260.733,265.028,28048224
2020-08-07,264.449,265.261,259.821,261.969,44969356
2020-08-10,262.229,262.461,257.337,260.849,35088373
2020-08-11,259.682,260.975,255.368,255.908,43104323
2020-08-12,258.012,263.291,258.012,262.345,38894272
2020-08-13,263.098,265.211,262.007,262.943,31895717
2020-08-14,263.455,263.831,261.245,262.634,30799494
2020-08-17,264.323,266.186,262.671,265.684,24802966
2020-08-18,266.736,268.719,265.288,268.241,23529498
2020-08-19,268.202,269.254,265.925,266.437,31999630
2020-08-20,265.665,270.615,265.240,270.132,27723379
2020-08-21,270.268,272.458,269.680,272.005,34748934
2020-08-24,275.083,275.990,271.426,273.703,36418533
2020-08-25,272.883,276.048,272.487,275.855,34866586
2020-08-26,277.061,281.992,275.825,281.741,42216690
2020-08-27,282.822,283.566,278.600,280.863,49482715
2020-08-28,282.041,282.919,280.747,282.291,28021022
2020-08-31,282.899,286.359,282.378,284.559,36321027
2020-09-01,287.184,289.539,285.437,289.423,36395774
2020-09-02,292.646,292.878,286.499,292.163,50836767
2020-09-03,287.763,288.168,274.456,277.351,110083282
2020-09-04,275.758,278.817,262.287,273.655,123958978
2020-09-08,262.741,268.482,260.222,260.502,99568645
2020-09-09,265.896,270.243,263.445,268.154,64837872
2020-09-10,271.136,272.318,261.090,262.808,69667462
2020-09-11,264.728,265.587,257.559,260.984,71809014
2020-09-14,264.680,267.517,263.406,265.529,38525194
2020-09-15,269.139,270.634,265.503,269.293,41849926
2020-09-16,269.978,270.547,264.651,264.999,42435626
2020-09-17,258.157,264.792,257.346,260.859,81570844
2020-09-18,262.113,262.567,253.438,257.530,86251117
2020-09-21,253.699,258.657,251.370,258.522,57168570
2020-09-22,260.976,263.905,257.584,263.325,41128886
2020-09-23,263.006,263.189,254.405,255.284,48837270
2020-09-24,252.791,259.672,252.443,256.473,70631704
2020-09-25,256.888,263.243,255.420,262.436,55242376
2020-09-28,267.321,267.886,262.546,267.886,58438286
2020-09-29,267.422,268.379,266.120,266.678,27178921
2020-09-30,266.813,271.645,266.603,268.505,49380802
2020-10-01,272.322,273.374,270.437,272.766,50020223
2020-10-02,266.736,272.758,264.252,265.093,75497391
2020-10-05,267.055,271.066,266.949,270.747,28184581
2020-10-06,269.906,271.742,265.035,265.915,49704236
2020-10-07,268.495,271.307,267.963,270.515,27539663
2020-10-08,272.834,272.979,270.892,271.955,25443287
2020-10-09,273.578,276.187,273.211,276.110,30201144
2020-10-12,280.836,287.465,279.744,284.634,79370657
2020-10-13,286.383,287.069,283.262,284.624,64240031
2020-10-14,285.397,286.393,280.507,282.247,37181227
2020-10-15,277.598,280.942,276.912,280.353,42514177
2020-10-16,281.996,283.415,278.468,278.816,40570702
2020-10-19,280.730,281.686,273.288,274.264,36756754
2020-10-20,274.999,277.956,273.443,274.854,32195361
2020-10-21,275.105,277.666,274.158,274.641,29306137
2020-10-22,275.472,276.371,271.384,274.632,32196162
2020-10-23,275.221,275.337,272.314,275.173,24658542
2020-10-26,272.834,275.714,267.461,271.046,38421094
2020-10-27,271.964,273.979,270.785,273.163,30559572
2020-10-28,268.785,269.278,262.262,262.513,53413953
2020-10-29,263.866,270.099,263.363,267.103,43246872
2020-10-30,265.156,265.992,258.096,260.329,65936493
2020-11-02,262.600,264.330,258.000,260.909,39987409
2020-11-03,262.726,267.519,261.740,265.422,43604145
2020-11-04,274.032,279.067,272.399,277.270,75728206
2020-11-05,283.551,285.465,282.189,284.498,52054936
2020-11-06,283.716,285.436,280.092,284.711,40959764
2020-11-09,287.320,289.089,278.439,278.893,86538327
2020-11-10,275.675,277.028,271.191,273.897,69024878
2020-11-11,276.313,280.498,273.858,280.024,36103321
2020-11-12,280.952,282.260,277.598,278.710,34516826
2020-11-13,280.266,281.773,278.198,281.155,24880679
2020-11-16,280.913,283.648,280.246,283.348,30168361
2020-11-17,283.542,283.870,281.812,282.450,21843463
2020-11-18,281.899,283.513,280.275,280.362,28069619
2020-11-19,279.753,282.865,279.145,282.556,22718422
2020-11-20,282.479,283.218,280.536,280.623,25907308
2020-11-23,281.619,282.914,278.391,280.633,26875588
2020-11-24,281.696,285.069,279.898,284.576,24516791
2020-11-25,285.513,286.963,284.692,286.325,23326826
2020-11-27,288.267,290.084,287.891,288.963,17163115
2020-11-30,289.244,289.891,284.875,289.553,27836332
2020-12-01,291.727,294.887,290.722,293.264,27642640
2020-12-02,292.065,293.974,290.258,293.641,23620003
2020-12-03,293.853,295.602,293.332,294.056,22828727
2020-12-04,294.105,295.399,293.428,295.255,19332081
2020-12-07,295.438,297.294,295.255,296.926,20850969
2020-12-08,296.453,298.231,294.704,297.931,18341464
2020-12-09,297.719,297.999,290.123,291.186,48839306
2020-12-10,289.157,293.476,288.074,292.355,27519544
2020-12-11,290.703,291.833,288.441,291.708,26760416
2020-12-14,292.897,295.767,292.829,293.824,28804832
2020-12-15,296.076,296.965,293.892,296.965,25790455
2020-12-16,297.361,299.376,296.319,298.598,25461890
2020-12-17,300.193,300.782,298.994,300.550,23730524
2020-12-18,301.188,301.497,297.274,299.642,41173392
2020-12-21,296.684,299.598,293.915,299.065,37096804
2020-12-22,299.966,300.799,297.057,299.879,26378343
2020-12-23,299.927,300.285,298.209,298.368,21201280
2020-12-24,298.630,300.130,298.552,299.685,16784997
2020-12-28,302.289,303.180,300.460,302.706,22497745
2020-12-29,304.032,304.647,302.076,302.977,25871925
2020-12-30,304.138,304.458,302.367,302.986,18138071
2020-12-31,302.889,304.216,301.815,303.732,21611412
2021-01-04,305.058,305.232,295.445,299.443,45305898
2021-01-05,298.456,302.183,298.456,301.912,29323409
2021-01-06,297.207,301.931,296.219,297.729,52809622
2021-01-07,300.382,305.765,300.353,304.932,30394826
2021-01-08,307.217,309.201,305.030,308.853,33955847
2021-01-11,305.900,307.072,303.741,304.390,32869095
2021-01-12,304.429,305.513,301.273,303.906,29266762
2021-01-13,304.167,306.752,303.567,305.958,22898417
2021-01-14,306.404,307.401,303.850,304.322,23500129
2021-01-15,304.109,305.068,300.672,301.912,35118718
2021-01-19,304.225,306.820,303.131,306.317,24537049
2021-01-20,309.928,314.381,306.412,313.442,30728096
2021-01-21,314.778,316.695,313.403,315.949,25316935
2021-01-22,314.913,316.046,314.352,315.039,21609444
2021-01-25,318.418,319.783,311.157,317.643,39080644
2021-01-26,318.360,319.241,316.782,318.108,25498112
2021-01-27,315.852,315.862,307.236,309.240,55263985
2021-01-28,310.441,316.007,309.821,311.070,42836324
2021-01-29,309.385,310.488,302.783,304.526,55259018
2021-02-01,307.962,313.219,305.939,312.135,35646008
2021-02-02,315.097,318.379,314.933,317.227,33930844
2021-02-03,319.299,319.662,315.910,315.968,24824518
2021-02-04,317.363,319.792,316.046,319.705,22350947
2021-02-05,320.654,321.799,319.018,320.790,22731960
2021-02-08,322.474,323.094,320.838,322.939,20462812
2021-02-09,322.009,324.130,322.000,322.871,17597478
2021-02-10,324.304,324.759,318.989,322.135,28068700
2021-02-11,323.665,324.314,321.525,323.907,22046071
2021-02-12,323.065,325.882,322.019,325.717,20346819
2021-02-16,326.511,327.402,323.675,324.836,27080777
2021-02-17,321.864,324.950,319.638,323.278,31467456
2021-02-18,319.696,323.216,317.885,321.864,32236240
2021-02-19,323.210,323.336,319.444,320.460,39157677
2021-02-22,316.085,317.343,311.951,312.154,47256944
2021-02-23,306.888,312.890,301.079,311.225,97241936
2021-02-24,308.572,314.100,305.881,313.790,58206272
2021-02-25,311.138,313.693,301.311,302.851,110182582
2021-02-26,305.774,308.930,300.963,304.119,104740131
2021-03-01,309.085,313.606,307.793,313.267,49164518
2021-03-02,313.906,313.984,307.991,308.243,48370034
2021-03-03,307.149,308.088,299.240,299.298,86301073
2021-03-04,298.930,302.086,290.536,294.399,139131582
2021-03-05,297.008,299.732,287.961,298.833,121523726
2021-03-08,298.291,300.169,289.956,290.372,88409781
2021-03-09,297.662,303.722,297.129,301.825,80391795
2021-03-10,306.074,306.375,300.276,300.963,76798065
2021-03-11,305.697,309.656,304.806,307.895,53484906
2021-03-12,303.848,308.078,301.458,305.397,69316014
2021-03-15,305.716,308.824,304.075,308.659,43123176
2021-03-16,310.847,313.858,308.921,310.353,54925896
2021-03-17,307.323,313.519,305.610,311.631,78258729
2021-03-18,306.762,307.740,301.631,302.086,82942269
2021-03-19,301.921,304.690,299.782,303.151,78446204
2021-03-22,305.565,310.925,305.565,308.861,56194755
2021-03-23,309.946,311.265,306.694,307.513,53460107
2021-03-24,308.880,308.919,302.181,302.327,64803729
2021-03-25,300.483,303.311,297.984,301.803,78729008
2021-03-26,301.590,306.650,300.194,306.330,63521634
2021-03-29,305.797,307.290,302.908,306.243,54608469
2021-03-30,304.285,305.274,302.007,304.702,44635777
2021-03-31,306.486,310.925,306.146,309.365,55026991
2021-04-01,313.184,314.774,312.932,314.638,55686853
2021-04-05,317.120,321.686,314.704,320.920,42172475
2021-04-06,320.610,322.645,319.921,320.697,33534459
2021-04-07,320.222,322.306,319.291,321.472,32046025
2021-04-08,324.322,325.011,323.528,324.827,29939418
2021-04-09,323.469,326.998,322.733,326.794,36664974
2021-04-12,325.757,326.785,324.487,326.368,25832313
2021-04-13,327.890,330.643,327.677,330.178,30373546
2021-04-14,330.420,330.546,325.398,326.213,42560590
2021-04-15,329.082,331.544,325.927,331.157,36337742
2021-04-16,331.680,331.758,329.674,331.544,40859649
2021-04-19,329.974,331.128,326.593,328.510,34524150
2021-04-20,327.851,329.131,324.150,326.116,38077411
2021-04-21,324.836,329.092,323.751,328.908,36596720
2021-04-22,328.520,329.499,323.789,324.943,45928129
2021-04-23,325.573,330.340,325.573,329.034,36408683
2021-04-26,329.276,331.457,328.530,331.176,30811618
2021-04-27,331.467,331.680,328.791,329.741,33174607
2021-04-28,329.412,330.420,327.977,328.627,33615696
2021-04-29,331.893,332.310,326.591,329.809,37709550
2021-04-30,327.366,329.848,326.736,327.648,38261137
2021-05-03,328.850,329.596,325.457,325.903,29729301
2021-05-04,323.353,323.673,316.228,320.038,65144686
2021-05-05,322.083,322.946,318.186,318.962,46219359
2021-05-06,318.700,321.521,316.461,321.366,46814288
2021-05-07,324.138,326.349,321.541,323.973,53324953
2021-05-10,322.597,322.771,315.588,315.792,60703055
2021-05-11,309.917,316.150,309.258,315.356,71960329
2021-05-12,310.431,312.748,306.330,307.193,91172860
2021-05-13,310.130,312.535,307.203,309.568,69877260
2021-05-14,312.728,317.314,312.224,316.402,44369943
2021-05-17,314.696,316.385,311.614,314.483,39394873
2021-05-18,315.433,316.655,312.089,312.360,36528454
2021-05-19,306.970,313.019,306.621,312.719,66319083
2021-05-20,314.202,319.621,313.979,318.768,46466135
2021-05-21,320.319,320.736,316.645,317.003,50329949
2021-05-24,319.291,323.460,316.900,322.335,32474961
2021-05-25,323.847,324.565,321.603,322.781,31279922
2021-05-26,323.450,324.371,322.762,323.906,25444932
2021-05-27,323.460,324.303,322.490,322.694,27931747
2021-05-28,323.896,325.302,323.392,323.712,29927449
2021-06-01,325.040,325.510,321.288,322.636,31145407
2021-06-02,323.053,324.109,321.545,323.266,22046313
2021-06-03,320.435,321.705,318.235,319.902,37057715
2021-06-04,321.695,325.775,321.628,325.331,38736545
2021-06-07,324.797,326.358,324.109,326.300,32611511
2021-06-08,328.040,328.908,324.778,326.455,27282518
2021-06-09,327.822,328.598,326.349,326.533,21484237
2021-06-10,326.872,330.042,326.426,329.935,33700241
2021-06-11,329.945,330.808,329.295,330.798,21220328
2021-06-14,331.225,333.978,330.042,333.968,27827716
2021-06-15,333.619,333.929,331.069,331.787,35963729
2021-06-16,332.252,333.318,327.124,330.575,55399448
2021-06-17,329.567,335.781,329.518,334.773,59722282
2021-06-18,333.115,334.257,331.399,332.146,55413440
2021-06-21,332.328,334.522,330.116,334.201,32992649
2021-06-22,333.998,337.763,333.697,337.317,28941626
2021-06-23,337.258,338.627,336.647,337.482,27187755
2021-06-24,339.413,341.092,338.869,339.568,32581503
2021-06-25,340.131,340.374,338.549,339.151,28682801
2021-06-28,340.432,343.411,340.374,343.276,39127775
2021-06-29,343.101,344.547,342.266,344.518,29426034
2021-06-30,344.363,344.751,343.392,343.974,32723553
2021-07-01,343.625,344.615,342.276,344.110,29289978
2021-07-02,346.003,348.380,345.770,348.060,32727140
2021-07-06,348.662,349.846,345.974,349.564,38842397
2021-07-07,351.758,352.059,348.351,350.302,35263422
2021-07-08,345.246,349.040,343.965,348.186,50890001
2021-07-09,347.604,350.836,347.022,350.360,35184003
2021-07-12,351.758,352.185,350.186,351.729,25717672
2021-07-13,351.350,354.684,350.875,351.729,39723015
2021-07-14,354.068,354.708,351.535,352.359,35334734
2021-07-15,352.272,352.476,347.885,349.885,53391534
2021-07-16,350.739,351.719,346.701,347.051,47260960
2021-07-19,343.606,344.702,341.655,344.207,64404523
2021-07-20,345.139,349.652,343.363,348.206,42183701
2021-07-21,347.779,350.894,347.555,350.894,30257350
2021-07-22,351.098,353.223,351.098,353.213,30252240
2021-07-23,354.533,357.615,353.180,357.338,31960337
2021-07-26,356.649,358.008,355.786,357.620,28438126
2021-07-27,357.358,357.358,349.535,353.679,57932973
2021-07-28,354.815,356.610,352.524,355.038,42065097
2021-07-29,354.475,356.832,354.475,355.669,25672508
2021-07-30,351.748,354.397,351.719,353.815,36484322
2021-08-02,355.475,356.057,353.136,353.844,27333791
2021-08-03,354.504,356.106,351.321,355.989,35558243
2021-08-04,355.950,357.455,354.844,356.503,29600135
2021-08-05,357.319,358.998,356.610,358.765,21441380
2021-08-06,357.503,358.474,356.081,357.193,33331968
2021-08-09,357.649,358.377,356.552,357.852,25960245
2021-08-10,358.367,358.658,354.834,356.018,35130794
2021-08-11,357.280,357.775,354.077,355.407,34249712
2021-08-12,354.902,357.047,353.548,356.688,26003244
2021-08-13,357.037,358.270,356.542,357.940,19335474
2021-08-16,356.824,358.134,352.971,358.095,35042877
2021-08-17,355.349,356.319,352.515,354.941,44793902
2021-08-18,354.407,355.805,351.190,351.525,38541418
2021-08-19,349.594,354.892,349.341,353.223,48499268
2021-08-20,354.291,357.280,353.980,356.882,39485596
2021-08-23,357.920,362.904,357.911,362.220,34034371
2021-08-24,362.812,363.928,362.346,363.326,21732212
2021-08-25,363.578,364.316,362.826,363.743,20440480
2021-08-26,362.889,363.569,360.997,361.434,29132886
2021-08-27,362.064,365.451,361.579,364.947,27104749
2021-08-30,365.733,369.528,365.714,369.042,27294413
2021-08-31,369.285,369.352,367.198,368.741,29622439
2021-09-01,369.799,371.420,369.149,369.353,28137392
2021-09-02,370.702,371.032,367.965,369.178,25503485
2021-09-03,368.033,370.712,368.014,370.314,24623987
2021-09-07,370.420,371.486,369.264,370.838,23970033
2021-09-08,370.663,370.663,367.286,369.547,32949031
2021-09-09,369.770,370.877,368.033,368.276,29398751
2021-09-10,370.042,370.702,365.146,365.481,40249168
2021-09-13,367.810,368.237,363.181,365.228,48741780
2021-09-14,366.713,367.441,363.239,364.190,41825870
2021-09-15,364.646,367.247,362.356,366.898,34097010
2021-09-16,365.568,367.722,363.641,367.150,35192458
2021-09-17,366.674,366.723,361.764,362.802,60912266
2021-09-20,357.024,358.763,350.680,355.314,76201202
2021-09-21,357.141,358.336,354.624,355.751,41927283
2021-09-22,356.665,360.532,355.565,359.074,46972520
2021-09-23,360.230,363.417,359.588,362.387,44652002
2021-09-24,360.124,363.145,359.754,362.727,36054680
2021-09-27,359.686,360.708,357.286,359.832,43337447
2021-09-28,355.285,359.785,349.144,349.650,97701632
2021-09-29,350.913,353.050,348.450,349.076,58075589
2021-09-30,350.718,352.380,346.958,347.794,61384622
2021-10-01,348.416,350.991,344.316,349.951,56375805
2021-10-04,348.338,348.668,340.371,342.606,76766261
2021-10-05,343.665,349.475,343.441,347.230,47232195
2021-10-06,344.024,349.727,343.121,349.455,56803799
2021-10-07,352.496,355.304,351.962,352.662,39413072
2021-10-08,353.740,353.970,350.369,350.903,41822207
2021-10-11,349.368,352.885,348.124,348.212,34847182
2021-10-12,349.659,350.097,346.356,346.997,43904600
2021-10-13,349.300,350.446,347.279,349.776,40118489
2021-10-14,353.361,356.431,352.701,356.218,43434026
2021-10-15,357.432,358.579,356.402,358.462,40419495
2021-10-18,357.170,362.280,356.567,362.067,34515066
2021-10-19,363.136,364.855,362.112,364.807,29090951
2021-10-20,365.263,365.871,362.854,364.331,31389454
2021-10-21,363.534,366.750,363.233,366.556,25469781
2021-10-22,365.302,366.264,361.809,363.476,36276761
2021-10-25,364.894,368.110,362.951,367.197,32601788
2021-10-26,369.431,371.841,367.172,368.353,47184169
2021-10-27,368.800,372.269,368.538,369.208,45761733
2021-10-28,371.103,373.561,370.330,373.308,38005860
2021-10-29,370.238,375.310,369.888,375.144,37310182
2021-11-01,375.582,376.553,373.502,376.427,30765388
2021-11-02,375.815,378.477,375.766,378.001,25135292
2021-11-03,378.487,382.431,377.447,382.014,33748901
2021-11-04,383.277,387.863,382.733,386.911,40266735
2021-11-05,388.679,389.602,385.881,387.280,43383824
2021-11-08,387.251,388.271,386.114,386.755,29256524
2021-11-09,387.824,388.222,382.733,384.093,50491390
2021-11-10,381.324,384.132,376.524,378.448,54936185
2021-11-11,381.421,381.596,379.157,379.497,32242097
2021-11-12,380.644,384.025,379.050,383.491,34729510
2021-11-15,384.666,384.987,380.960,383.403,33716940
2021-11-16,382.674,386.629,382.480,386.133,27871822
2021-11-17,386.454,388.368,385.375,386.337,28704372
2021-11-18,388.378,390.846,386.162,390.340,45721430
2021-11-19,391.973,393.789,391.147,392.517,45191186
2021-11-22,394.052,397.103,387.853,387.960,61715370
2021-11-23,386.804,388.863,381.761,386.192,70098736
2021-11-24,383.714,387.717,381.392,387.435,46954060
2021-11-26,384.860,386.250,378.701,380.090,51530129
2021-11-29,384.647,389.349,383.918,388.339,54446226
2021-11-30,387.455,389.796,380.624,382.636,81336987
2021-12-01,386.969,389.106,375.659,376.126,78379244
2021-12-02,374.843,380.615,373.425,378.837,84416593
2021-12-03,380.197,381.198,368.139,372.249,105348959
2021-12-06,372.735,376.592,368.528,375.232,67591701
2021-12-07,381.868,387.144,381.829,386.532,56005457
2021-12-08,386.862,388.465,384.967,388.261,39204025
2021-12-09,387.037,388.834,382.354,382.548,49973604
2021-12-10,385.356,386.969,382.189,386.707,52768659
2021-12-13,386.697,387.013,380.751,381.120,50164010
2021-12-14,376.301,379.011,372.735,377.175,75198981
2021-12-15,376.923,386.133,372.978,385.774,73858989
2021-12-16,386.736,387.158,374.270,375.854,82591368
2021-12-17,372.443,378.137,370.928,373.979,81643533
2021-12-20,369.241,371.123,367.203,370.335,65336184
2021-12-21,373.604,378.935,369.860,378.623,48900502
2021-12-22,378.332,383.439,377.670,383.235,37042200
2021-12-23,383.585,387.588,383.419,386.124,29598121
2021-12-27,387.418,392.505,387.387,392.505,32820705
2021-12-28,393.400,393.575,389.811,390.686,33113428
2021-12-29,390.822,392.087,388.254,390.628,32247484
2021-12-30,390.414,392.593,388.877,389.460,23850065
2021-12-31,388.789,390.150,386.532,387.028,34752884
2022-01-03,388.196,391.007,386.085,390.754,40575664
2022-01-04,391.299,391.338,382.591,385.686,58026702
2022-01-05,384.003,385.122,373.584,373.837,75740041
2022-01-06,372.018,376.814,369.790,373.575,70816134
2022-01-07,373.584,375.267,367.757,369.528,72652184
2022-01-10,364.625,370.287,359.265,369.771,91770525
2022-01-11,369.037,375.491,366.958,375.326,68295098
2022-01-12,377.894,379.587,374.538,376.814,54576476
2022-01-13,378.195,378.876,366.454,367.388,77994265
2022-01-14,364.868,370.004,364.664,369.674,80121220
2022-01-18,363.866,365.987,359.712,360.471,75812294
2022-01-19,362.028,364.498,356.249,356.512,81790358
2022-01-20,359.732,363.701,351.346,351.881,88610680
2022-01-21,349.692,352.329,341.842,342.124,143388870
2022-01-24,336.496,344.352,325.061,343.690,199448109
2022-01-25,337.241,341.482,332.386,335.723,124397480
2022-01-26,343.311,347.173,331.511,335.198,146559368
2022-01-27,339.896,341.715,330.801,331.822,95255416
2022-01-28,333.700,342.445,328.758,342.231,108167822
2022-01-31,343.593,353.759,341.959,353.175,94326389
2022-02-01,354.518,356.230,349.371,355.578,74433023
2022-02-02,359.703,360.033,354.376,358.467,78777135
2022-02-03,348.778,352.086,342.873,343.933,95384456
2022-02-04,344.449,351.570,342.396,348.272,86316444
2022-02-07,348.866,351.229,344.216,345.470,58198087
2022-02-08,344.332,350.441,343.204,349.352,64719999
2022-02-09,353.866,356.833,352.270,356.755,55766422
2022-02-10,349.741,356.520,346.842,348.681,112468480
2022-02-11,348.681,350.276,336.394,337.620,101569102
2022-02-14,337.065,341.433,334.536,338.038,80253369
2022-02-15,343.311,346.677,342.250,346.443,55390805
2022-02-16,344.196,347.377,341.171,346.356,58947043
2022-02-17,343.145,343.846,335.635,336.054,61800353
2022-02-18,336.988,337.377,329.915,332.221,80001513
2022-02-22,329.283,334.682,325.256,328.884,85967095
2022-02-23,332.036,332.876,320.148,320.460,86215168
2022-02-24,310.168,331.764,309.603,331.229,130613473
2022-02-25,332.026,336.569,328.213,336.365,78842088
2022-02-28,333.194,339.060,332.036,337.367,77512010
2022-03-01,336.346,338.610,329.682,332.201,67407000
2022-03-02,333.748,339.108,330.985,337.776,70605926
2022-03-03,340.412,340.519,331.092,332.951,71087785
2022-03-04,330.596,332.026,325.810,328.125,77009763
2022-03-07,328.116,329.273,315.820,316.024,89933746
2022-03-08,315.236,324.147,311.238,314.555,116152969
2022-03-09,322.726,327.230,320.139,325.878,64723361
2022-03-10,321.822,323.466,317.823,322.259,69362450
2022-03-11,325.226,325.538,315.090,315.576,66228432
2022-03-14,314.341,317.707,308.815,309.516,79802106
2022-03-15,312.152,320.003,310.547,319.224,76470981
2022-03-16,323.135,331.180,319.468,331.063,105240929
2022-03-17,329.166,335.130,327.873,335.071,67809951
2022-03-18,333.417,342.221,332.260,341.929,85494772
2022-03-21,341.095,343.316,336.590,340.978,73799022
2022-03-22,341.475,348.546,341.095,347.679,63345881
2022-03-23,344.806,348.361,342.624,342.682,70615427
2022-03-24,344.601,350.348,342.453,350.299,53550284
2022-03-25,350.241,351.293,345.715,350.007,57584058
2022-03-28,349.997,355.520,348.760,355.422,56833861
2022-03-29,359.309,362.162,356.542,361.539,68072455
2022-03-30,359.674,361.335,356.065,357.546,68757507
2022-03-31,357.692,358.042,352.276,353.114,67011315
2022-04-01,353.377,354.156,349.267,352.442,54527461
2022-04-04,353.280,359.708,353.017,359.698,45949861
2022-04-05,358.247,358.958,350.572,351.711,62735747
2022-04-06,346.403,347.504,341.445,344.075,90076561
2022-04-07,343.082,347.085,339.624,344.893,63777373
2022-04-08,343.160,343.910,339.439,340.072,61956094
2022-04-11,335.845,336.761,331.681,332.027,66107398
2022-04-12,336.770,338.650,329.246,330.624,72789915
2022-04-13,330.965,338.397,330.244,337.345,61367755
2022-04-14,337.433,337.949,329.417,329.631,73517800
2022-04-18,328.579,332.173,327.060,329.884,58560555
2022-04-19,329.241,337.832,328.219,337.257,56513639
2022-04-20,338.066,338.523,331.121,332.339,65499722
2022-04-21,336.215,338.825,324.537,325.462,75800308
2022-04-22,325.618,326.835,316.511,316.940,82562145
2022-04-25,315.313,321.323,314.047,321.011,101755856
2022-04-26,318.956,319.141,308.617,308.894,105818679
2022-04-27,308.992,314.485,306.810,308.524,111204144
2022-04-28,313.482,321.313,309.264,319.482,99448920
2022-04-29,315.284,318.717,304.472,305.106,91977859
2022-05-02,304.696,310.433,301.594,310.200,115511770
2022-05-03,310.219,312.820,307.765,310.531,78185317
2022-05-04,311.008,321.702,305.730,321.030,116083395
2022-05-05,316.716,316.794,301.570,304.862,154603887
2022-05-06,302.865,306.898,297.172,301.210,139572599
2022-05-09,295.590,301.306,288.031,289.424,113387205
2022-05-10,296.593,297.810,288.859,292.940,124123136
2022-05-11,290.681,296.184,283.385,284.252,140326145
2022-05-12,279.976,288.061,277.532,283.580,120910819
2022-05-13,288.031,295.121,286.437,294.090,83684931
2022-05-16,292.346,294.401,289.405,290.681,59190432
2022-05-17,296.534,298.589,292.736,298.210,62713247
2022-05-18,293.700,294.392,282.314,283.570,79477109
2022-05-19,281.768,286.736,280.103,282.051,79920709
2022-05-20,285.509,286.161,272.925,281.174,91760571
2022-05-23,282.217,286.229,279.820,285.850,63646665
2022-05-24,280.634,281.350,274.912,279.772,73491024
2022-05-25,278.282,285.762,278.077,283.687,67145998
2022-05-26,282.889,293.096,282.606,291.547,59462231
2022-05-27,294.674,301.210,294.557,301.063,66985446
2022-05-31,301.034,303.235,296.417,300.265,60970240
2022-06-01,302.398,304.521,295.833,298.044,65340903
2022-06-02,296.924,306.381,295.512,306.206,59288259
2022-06-03,300.995,302.398,296.992,298.239,60914289
2022-06-06,302.671,304.229,297.674,299.232,51785013
2022-06-07,295.911,302.593,294.819,301.813,44900722
2022-06-08,301.015,303.615,298.794,299.641,38342062
2022-06-09,297.956,301.015,291.450,291.616,55898062
2022-06-10,286.015,287.203,280.886,281.330,85963459
2022-06-13,272.477,274.999,267.392,268.249,94441990
2022-06-14,270.441,271.415,266.231,268.736,64697521
2022-06-15,272.150,279.372,269.418,275.447,86050846
2022-06-16,268.425,268.882,262.279,264.334,81910146
2022-06-17,265.103,269.983,263.479,267.548,82703154
2022-06-21,272.032,276.619,271.925,274.306,51633666
2022-06-22,271.808,278.307,271.212,273.906,67472145
2022-06-23,276.385,278.834,273.555,277.985,57457196
2022-06-24,280.805,287.930,280.571,287.510,58422262
2022-06-27,288.866,289.432,284.270,285.402,54148952
2022-06-28,285.939,288.525,276.521,276.707,61866489
2022-06-29,276.570,278.463,274.072,276.960,57302183
2022-06-30,273.984,277.101,269.134,273.525,79313580
2022-07-01,272.227,275.721,270.354,275.331,56675093
2022-07-05,271.603,280.161,270.080,280.044,61829272
2022-07-06,280.425,283.938,278.707,281.840,63193125
2022-07-07,282.650,288.574,282.650,287.871,56620114
2022-07-08,285.041,289.598,284.104,288.232,59895178
2022-07-11,285.822,286.046,281.196,282.074,55273920
2022-07-12,283.323,285.236,277.751,279.342,55796578
2022-07-13,273.838,281.108,273.272,278.766,73939398
2022-07-14,276.170,280.630,273.057,279.761,63741537
2022-07-15,282.748,284.943,281.137,284.836,63817934
2022-07-18,287.617,289.023,281.254,282.425,59519581
2022-07-19,286.046,291.404,284.446,291.111,55172602
2022-07-20,291.531,296.908,290.753,295.727,67768431
2022-07-21,296.186,300.026,293.531,299.972,55049117
2022-07-22,299.045,301.114,292.882,294.712,57127612
2022-07-25,294.741,295.210,291.033,293.033,40580569
2022-07-26,291.335,291.589,286.466,287.276,50074122
2022-07-27,291.833,301.104,291.267,299.416,69303720
2022-07-28,299.201,302.916,295.449,302.344,55139819
2022-07-29,303.881,308.765,302.462,307.857,57499753
2022-08-01,306.091,311.127,304.998,307.672,46355308
2022-08-02,305.379,310.868,304.325,306.755,48675898
2022-08-03,308.433,315.927,308.375,315.108,53735729
2022-08-04,315.186,316.894,313.039,316.582,38973638
2022-08-05,311.498,316.026,310.717,313.996,53893972
2022-08-08,314.913,318.602,311.517,312.981,44066197
2022-08-09,311.088,311.341,307.818,309.438,39763820
2022-08-10,316.767,318.368,314.298,318.075,51459564
2022-08-11,320.393,322.398,315.567,316.270,45897350
2022-08-12,318.314,322.618,317.265,322.428,40925406
2022-08-15,321.481,325.526,321.461,325.033,38266614
2022-08-16,324.052,326.361,321.227,324.272,41186163
2022-08-17,321.139,323.443,318.495,320.573,47839194
2022-08-18,320.525,322.525,318.914,321.344,41937167
2022-08-19,318.309,318.963,314.318,315.079,51768969
2022-08-22,310.824,311.058,305.974,306.784,51097388
2022-08-23,306.550,309.360,305.779,306.530,39497074
2022-08-24,306.052,309.233,305.447,307.418,38057059
2022-08-25,309.194,312.874,308.148,312.854,38098235
2022-08-26,312.561,313.762,299.943,300.031,69047640
2022-08-29,297.279,299.816,295.971,297.074,48321851
2022-08-30,298.723,299.338,291.248,293.765,51180740
2022-08-31,296.664,297.562,291.950,292.058,50043441
2022-09-01,289.569,292.555,285.890,292.184,57990745
2022-09-02,295.054,296.430,286.446,288.056,64666611
2022-09-06,288.535,289.452,283.860,285.987,57005310
2022-09-07,286.466,292.760,286.202,291.765,49260380
2022-09-08,289.696,294.595,288.330,293.277,55646979
2022-09-09,295.532,300.187,293.278,299.689,56124575
2022-09-12,301.065,303.583,300.753,303.251,45905737
2022-09-13,294.527,295.717,285.729,286.622,79561672
2022-09-14,287.759,289.774,285.997,288.896,54906696
2022-09-15,286.983,289.384,282.484,284.084,65298911
2022-09-16,280.786,282.738,278.737,282.347,79920368
2022-09-19,279.691,284.687,279.633,284.530,52612918
2022-09-20,282.028,284.550,279.965,282.262,51271117
2022-09-21,283.103,287.366,277.071,277.208,82930963
2022-09-22,275.683,276.690,272.570,273.796,62757073
2022-09-23,271.333,271.626,265.927,269.339,74815189
2022-09-26,268.869,273.229,267.432,268.224,71176694
2022-09-27,271.587,273.933,266.015,268.332,69780115
2022-09-28,268.312,274.950,266.831,273.669,79652140
2022-09-29,269.681,270.062,262.818,265.780,81215957
2022-09-30,264.959,269.026,261.117,261.273,78482378
2022-10-03,263.043,268.996,261.537,267.403,61267449
2022-10-04,272.741,276.514,272.741,275.810,66696931
2022-10-05,272.047,277.453,269.251,275.664,55766318
2022-10-06,274.666,277.814,273.171,273.493,53489411
2022-10-07,268.860,268.987,261.743,263.072,71354674
2022-10-10,263.268,263.659,257.734,260.442,60392990
2022-10-11,258.771,261.635,255.183,256.864,66522509
2022-10-12,257.500,259.416,256.082,256.776,50580179
2022-10-13,249.444,264.118,248.565,262.798,112894068
2022-10-14,265.125,265.721,254.313,254.899,77244302
2022-10-17,260.863,264.187,260.765,263.317,64576452
2022-10-18,270.336,271.000,262.720,265.399,69780995
2022-10-19,263.884,267.550,262.065,264.431,53115405
2022-10-20,263.541,268.684,261.919,263.082,60605496
2022-10-21,261.977,269.787,260.847,269.251,77897440
2022-10-24,269.515,273.141,265.878,272.213,63963569
2022-10-25,273.151,278.225,271.675,277.844,59014494
2022-10-26,272.222,277.619,271.216,271.704,63898246
2022-10-27,270.590,272.047,266.240,266.758,57760302
2022-10-28,266.132,275.388,265.966,274.921,62651312
2022-10-31,272.672,273.493,269.808,271.724,47741952
2022-11-01,275.190,275.752,268.586,268.948,45895897
2022-11-02,268.918,271.978,259.660,259.729,79803142
2022-11-03,257.119,258.575,254.274,254.655,70038903
2022-11-04,259.582,260.638,253.277,258.751,78313213
2022-11-07,259.797,262.134,257.666,261.596,47333828
2022-11-08,263.111,266.738,259.572,263.502,63213785
2022-11-09,261.762,262.544,257.138,257.422,64862129
2022-11-10,269.827,276.710,267.716,276.416,99256693
2022-11-11,276.231,282.174,274.891,281.510,66961751
2022-11-14,279.457,282.737,278.069,279.046,55322656
2022-11-15,285.664,286.691,279.564,282.908,73985372
2022-11-16,280.952,283.000,278.225,279.046,48859804
2022-11-17,274.588,279.905,274.432,278.430,55462076
2022-11-18,281.441,281.539,275.997,278.440,53588631
2022-11-21,277.052,278.205,274.745,275.576,40083527
2022-11-22,276.309,279.701,274.178,279.545,41873444
2022-11-23,279.564,282.976,279.388,282.350,46389967
2022-11-25,280.757,281.461,280.004,280.493,15498797
2022-11-28,278.518,280.532,275.449,276.377,38877045
2022-11-29,276.602,277.003,272.917,274.285,35618878
2022-11-30,274.549,286.896,273.699,286.789,74718088
2022-12-01,287.111,289.125,284.364,287.141,51547332
2022-12-02,282.077,286.877,281.901,285.997,53583172
2022-12-05,283.875,285.146,279.740,281.197,41482121
2022-12-06,281.040,281.177,273.977,275.370,53937605
2022-12-07,274.187,276.240,272.535,274.246,45614254
2022-12-08,275.595,278.460,273.523,277.492,42594913
2022-12-09,276.475,279.242,275.282,275.722,47860487
2022-12-12,275.898,279.242,274.862,279.183,35732518
2022-12-13,290.005,290.225,279.506,282.184,80667675
2022-12-14,281.598,284.882,276.847,280.092,64984432
2022-12-15,276.006,276.671,269.495,270.688,60554119
2022-12-16,270.013,271.548,266.504,268.107,68300351
2022-12-19,268.393,268.481,263.120,264.355,44167920
2022-12-20,263.189,265.894,261.611,264.149,51064199
2022-12-21,265.188,269.284,264.345,267.981,46394694
2022-12-22,264.972,265.105,257.206,261.425,60278377
2022-12-23,260.161,262.679,258.259,262.013,39373584
2022-12-27,261.405,261.513,257.769,258.308,38009005
2022-12-28,257.907,260.161,254.535,254.898,47139043
2022-12-29,257.701,262.057,257.005,261.111,45893567
2022-12-30,258.348,261.082,257.044,260.954,37858277
2023-01-03,263.277,264.752,256.887,259.190,42335325
2023-01-04,261.307,262.101,257.279,260.425,47754861
2023-01-05,258.759,258.926,256.035,256.348,45396744
2023-01-06,258.083,264.541,255.133,263.424,54659739
2023-01-09,265.413,269.784,264.522,265.129,45568676
2023-01-10,264.100,267.481,263.591,267.373,35247763
2023-01-11,268.442,272.107,267.658,271.999,44077036
2023-01-12,272.558,274.498,268.265,273.469,60599953
2023-01-13,270.970,275.595,270.637,275.351,44802936
2023-01-17,275.155,277.193,273.989,275.909,36269738
2023-01-18,277.448,278.996,272.117,272.322,47754549
2023-01-19,270.696,271.828,268.412,269.647,44150436
2023-01-20,271.254,277.360,270.196,277.026,60613606
2023-01-23,277.869,284.406,277.075,283.181,52799905
2023-01-24,281.564,283.759,281.044,282.603,44875146
2023-01-25,278.095,282.593,275.556,281.975,50872022
2023-01-26,285.396,287.650,282.749,287.473,51596335
2023-01-27,286.160,292.295,286.042,290.335,56441939
2023-01-30,287.071,288.492,284.092,284.465,49405833
2023-01-31,284.504,288.826,284.396,288.728,46705106
2023-02-01,288.522,297.361,286.454,294.902,67562173
2023-02-02,301.419,307.406,300.595,305.486,83070628
2023-02-03,298.841,306.142,298.449,300.056,76575060
2023-02-06,297.440,299.792,296.176,297.518,40802348
2023-02-07,297.391,304.809,296.274,303.682,67583981
2023-02-08,302.369,303.310,297.597,298.283,56720860
2023-02-09,302.663,302.810,294.196,295.646,49137818
2023-02-10,293.490,295.539,291.305,293.706,50050104
2023-02-13,295.107,298.998,293.931,298.410,39636720
2023-02-14,296.832,301.566,294.892,300.615,64079057
2023-02-15,298.802,303.085,298.116,302.918,43427298
2023-02-16,298.292,302.261,297.087,297.234,59498630
2023-02-17,295.049,295.891,292.138,295.137,58230729
2023-02-21,291.315,292.755,288.012,288.149,46526708
2023-02-22,288.728,290.433,286.709,288.365,51389237
2023-02-23,292.011,292.167,286.699,290.884,69294443
2023-02-24,285.925,287.111,284.249,286.013,74331958
2023-02-27,289.169,290.560,287.473,288.061,48995009
2023-02-28,287.434,290.202,287.101,287.689,48243141
2023-03-01,287.395,288.051,284.396,285.376,58286972
2023-03-02,282.887,288.541,282.603,287.738,53738557
2023-03-03,289.482,293.922,288.973,293.686,60511540
2023-03-06,294.921,297.920,293.824,294.020,56736294
2023-03-07,294.069,294.990,289.806,290.413,65955756
2023-03-08,290.835,292.461,288.982,291.864,50876265
2023-03-09,292.363,294.960,285.993,286.807,71456691
2023-03-10,286.973,288.463,281.632,282.779,98593561
2023-03-13,280.995,288.581,279.486,284.876,97123603
2023-03-14,288.424,291.971,287.581,291.423,73602545
2023-03-15,288.816,293.285,287.375,292.951,83631535
2023-03-16,292.040,301.036,291.246,300.674,98556824
2023-03-17,300.586,302.967,297.303,299.253,89923732
2023-03-20,298.631,300.633,296.423,300.310,56359491
2023-03-21,302.243,305.050,300.727,304.599,49757048
2023-03-22,304.530,309.418,300.290,300.457,75791914
2023-03-23,304.186,308.338,301.330,304.020,74575981
2023-03-24,303.598,305.237,301.271,305.139,57245803
2023-03-27,305.835,306.915,302.194,303.048,50287407
2023-03-28,302.469,302.498,299.136,301.438,48585917
2023-03-29,305.129,307.553,304.314,306.935,53274266
2023-03-30,309.408,310.468,307.022,309.840,58354808
2023-03-31,310.066,315.228,309.761,314.993,62138097
2023-04-03,312.873,314.492,311.548,314.227,47126839
2023-04-04,314.669,315.680,311.945,313.167,45875384
2023-04-05,312.215,313.157,308.260,310.075,62795706
2023-04-06,308.427,312.657,307.033,312.166,46916496
2023-04-10,309.241,312.038,307.455,311.989,45134736
2023-04-11,311.950,312.009,309.477,309.987,40113594
2023-04-12,311.940,312.529,306.783,307.249,62813305
2023-04-13,309.006,313.736,307.828,313.265,54613792
2023-04-14,311.715,314.433,309.771,312.676,56278284
2023-04-17,312.264,313.295,310.193,312.941,43007023
2023-04-18,315.052,315.474,311.764,312.961,46746940
2023-04-19,310.556,313.874,310.429,312.814,38960127
2023-04-20,309.850,313.364,309.143,310.429,62462142
2023-04-21,310.066,311.528,308.289,310.753,59002285
2023-04-24,310.527,311.861,307.936,310.105,44043063
2023-04-25,308.476,309.143,304.157,304.255,57121644
2023-04-26,307.641,309.109,305.580,306.100,55400496
2023-04-27,309.860,314.924,309.222,314.424,65430392
2023-04-28,314.188,316.681,313.059,316.593,59712635
2023-05-01,316.131,317.643,315.150,316.229,41013386
2023-05-02,316.161,316.485,311.734,313.471,56519407
2023-05-03,313.835,316.504,311.312,311.420,59882070
2023-05-04,311.194,312.343,309.285,310.321,50224520
2023-05-05,312.578,317.770,310.362,316.917,51806098
2023-05-08,316.455,318.045,315.371,317.702,36465796
2023-05-09,316.043,316.907,315.376,315.690,31768800
2023-05-10,318.124,319.979,315.650,319.125,60446623
2023-05-11,319.675,320.705,318.124,320.165,44278548
2023-05-12,320.695,321.117,316.966,319.017,48432836
2023-05-15,319.488,320.980,317.967,320.744,33375559
2023-05-16,320.028,322.818,319.989,321.108,40019151
2023-05-17,322.168,325.573,320.990,324.994,47486124
2023-05-18,325.387,331.246,325.367,331.031,64213466
2023-05-19,331.246,331.948,329.225,330.285,61554926
2023-05-22,330.029,332.405,330.020,331.394,43015948
2023-05-23,329.676,330.824,326.840,327.193,48216663
2023-05-24,325.240,326.746,323.463,325.514,62891169
2023-05-25,332.866,334.701,330.437,333.435,66862773
2023-05-26,334.456,342.784,334.358,341.955,63006952
2023-05-30,346.185,347.382,342.082,343.505,72652156
2023-05-31,341.925,344.114,340.100,341.552,65105378
2023-06-01,341.297,346.823,340.247,345.498,50488601
2023-06-02,347.255,349.247,345.498,348.089,53372113
2023-06-05,347.873,350.881,347.304,348.334,47266228
2023-06-06,347.726,349.237,346.401,348.275,41390400
2023-06-07,348.560,350.513,341.739,342.367,69225936
2023-06-08,342.661,347.078,342.436,346.617,47153922
2023-06-09,348.069,351.043,346.499,347.942,53196927
2023-06-12,349.600,353.919,348.629,353.821,44817646
2023-06-13,356.569,357.374,353.369,356.540,57097804
2023-06-14,356.550,359.415,353.752,359.131,69525642
2023-06-15,357.865,364.892,357.246,363.410,71138823
2023-06-16,365.825,365.952,360.682,361.123,80931971
2023-06-20,359.656,361.985,357.631,360.589,49204722
2023-06-21,359.449,359.882,354.751,355.675,53378256
2023-06-22,354.427,360.029,354.024,359.872,47603043
2023-06-23,355.980,358.604,354.617,356.304,48922911
2023-06-26,355.774,358.565,351.439,351.528,52685478
2023-06-27,353.071,358.299,352.344,357.572,49428091
2023-06-28,355.754,360.216,355.679,358.270,46498031
2023-06-29,357.975,358.614,355.911,357.552,46150967
2023-06-30,361.228,364.118,360.914,363.066,58712501
2023-07-03,363.705,364.550,362.624,363.921,19432862
2023-07-05,362.353,365.611,362.319,363.911,34460883
2023-07-06,360.206,361.582,358.250,361.140,49374728
2023-07-07,360.914,364.108,359.715,359.941,47133749
2023-07-10,359.665,360.737,357.159,360.059,48498800
2023-07-11,360.481,362.292,358.349,361.837,38214146
2023-07-12,365.936,367.754,363.931,366.407,62257353
2023-07-13,369.582,373.454,369.002,372.629,46960012
2023-07-14,373.056,376.275,371.675,372.550,55148500
2023-07-17,373.267,376.904,372.786,376.029,40868915
2023-07-18,375.390,380.471,373.464,379.105,55343438
2023-07-19,380.167,381.307,377.690,379.017,54092958
2023-07-20,376.029,377.489,369.258,370.280,71941674
2023-07-21,372.658,373.385,368.738,369.169,60499643
2023-07-24,370.142,371.086,367.901,369.759,40380056
2023-07-25,370.466,373.926,370.447,372.265,38894384
2023-07-26,371.223,372.717,368.727,371.027,47075710
2023-07-27,376.481,378.093,368.855,370.142,63940225
2023-07-28,374.191,377.906,373.680,376.884,56902926
2023-07-31,377.189,378.260,375.764,377.081,44019905
2023-08-01,375.734,376.963,374.142,376.206,41308457
2023-08-02,372.737,372.737,366.712,367.950,72687107
2023-08-03,365.543,369.484,365.376,367.361,47855381
2023-08-04,369.287,371.597,365.140,365.641,61702759
2023-08-07,367.449,368.835,365.120,368.737,37230444
2023-08-08,366.231,366.250,362.476,365.602,44726453
2023-08-09,365.887,366.044,360.825,361.582,51150900
2023-08-10,364.589,367.921,360.722,362.250,72035265
2023-08-11,359.695,361.670,358.417,359.941,48707187
2023-08-14,359.145,364.098,358.427,363.980,42130802
2023-08-15,363.007,363.802,359.449,360.118,45539891
2023-08-16,359.577,361.110,356.206,356.304,53190525
2023-08-17,357.700,358.044,352.000,352.412,62604338
2023-08-18,349.150,353.228,348.609,351.970,61191389
2023-08-21,353.435,358.319,352.973,357.641,50696518
2023-08-22,360.245,360.255,356.442,357.130,44613509
2023-08-23,358.309,363.852,358.093,362.761,51770603
2023-08-24,366.231,366.329,354.801,355.007,66842491
2023-08-25,355.842,359.449,352.412,357.759,69960465
2023-08-28,360.678,361.385,357.985,360.452,40910019
2023-08-29,360.255,368.678,359.932,368.324,58492371
2023-08-30,368.432,370.955,367.430,370.378,41731511
2023-08-31,370.457,373.188,370.388,371.489,35730701
2023-09-01,373.857,374.280,369.611,371.095,39801177
2023-09-05,370.290,372.785,369.366,371.567,32344222
2023-09-06,370.791,371.135,366.290,368.294,42998735
2023-09-07,363.842,366.437,362.801,365.661,52060716
2023-09-08,365.611,368.403,365.208,366.172,35847359
2023-09-11,369.199,370.997,367.233,370.486,39936634
2023-09-12,368.815,370.468,366.093,366.378,41391024
2023-09-13,366.614,369.376,365.484,367.774,46300677
2023-09-14,369.523,371.764,367.459,370.781,48039388
2023-09-15,369.444,369.847,363.498,364.432,69811206
2023-09-18,363.522,365.953,363.236,364.841,36903545
2023-09-19,363.522,364.863,361.041,364.063,37652432
2023-09-20,365.126,365.480,358.738,358.817,45514189
2023-09-21,355.135,355.923,352.074,352.242,69734845
2023-09-22,353.984,356.120,351.976,352.291,51589689
2023-09-25,351.326,354.053,350.342,353.964,39167985
2023-09-26,351.385,351.927,347.665,348.649,53657748
2023-09-27,349.801,351.375,345.844,349.466,56065972
2023-09-28,348.550,354.515,347.694,352.389,56453312
2023-09-29,355.864,357.252,351.415,352.645,64829616
2023-10-02,352.911,356.986,352.301,355.588,51625054
2023-10-03,353.147,355.342,347.729,349.348,60478489
2023-10-04,350.184,354.948,349.722,354.102,54786686
2023-10-05,354.092,354.496,349.564,353.059,45897390
2023-10-06,350.066,360.165,349.279,358.974,75049119
2023-10-09,356.612,361.346,355.116,360.805,45304766
2023-10-10,361.140,365.451,360.638,362.803,46968806
2023-10-11,364.132,365.581,362.409,365.392,38215088
2023-10-12,365.894,367.872,361.730,364.122,49587942
2023-10-13,364.752,365.333,358.147,359.545,52519876
2023-10-16,360.864,364.663,360.716,363.610,44201059
2023-10-17,360.067,364.112,357.951,362.419,50999102
2023-10-18,359.929,362.134,356.336,357.665,54280490
2023-10-19,359.082,360.273,353.521,354.318,72274238
2023-10-20,353.816,354.387,348.806,349.033,72559723
2023-10-23,347.714,353.620,345.607,350.086,60665185
2023-10-24,351.897,354.259,350.204,353.492,47082078
2023-10-25,351.100,351.277,344.259,344.840,71190536
2023-10-26,343.639,344.574,336.975,338.265,78621425
2023-10-27,340.991,343.363,338.678,339.889,63476707
2023-10-30,342.369,345.037,341.011,343.718,55298536
2023-10-31,343.747,345.735,341.178,345.361,47671906
2023-11-01,346.198,351.917,346.100,351.356,58992666
2023-11-02,355.864,357.970,354.643,357.734,58162442
2023-11-03,359.023,363.226,358.797,361.937,53280457
2023-11-06,362.705,363.974,361.150,363.413,39164458
2023-11-07,364.457,367.715,363.251,366.849,50777398
2023-11-08,367.223,367.921,364.801,367.085,35663373
2023-11-09,367.774,368.916,363.768,364.260,53859421
2023-11-10,365.982,372.597,365.451,372.449,58368439
2023-11-13,370.874,372.341,369.349,371.288,40733505
2023-11-14,377.686,380.196,377.164,379.280,67792634
2023-11-15,381.170,381.662,378.203,379.566,54141385
2023-11-16,378.798,380.127,377.538,379.891,45343544
2023-11-17,379.162,380.993,378.257,379.979,46622745
2023-11-20,379.989,385.265,379.989,384.605,44536669
2023-11-21,382.903,383.119,380.629,382.371,43336989
2023-11-22,384.438,386.899,382.932,383.936,44178572
2023-11-24,383.532,384.123,382.401,383.395,15718832
2023-11-27,382.903,385.009,382.184,383.060,34139656
2023-11-28,382.312,384.645,381.958,384.064,35491123
2023-11-29,386.525,387.952,383.345,383.690,38811745
2023-11-30,383.956,384.418,379.763,382.725,52834381
2023-12-01,381.662,384.409,380.012,383.818,40490068
2023-12-04,380.028,380.525,376.652,380.255,51186944
2023-12-05,378.355,382.401,378.178,381.210,42932956
2023-12-06,384.143,384.241,378.660,379.005,41994072
2023-12-07,381.977,385.127,380.885,384.300,49593545
2023-12-08,382.568,386.456,382.381,386.013,46687525
2023-12-11,385.590,389.576,385.383,389.310,41198021
2023-12-12,389.350,392.529,388.218,392.411,39221152
2023-12-13,393.346,398.012,392.578,397.401,55408129
2023-12-14,398.622,399.921,394.055,397.057,55447808
2023-12-15,397.834,400.157,397.234,398.976,62896645
2023-12-18,399.342,402.360,399.017,401.462,46609985
2023-12-19,401.916,403.632,401.724,403.514,35711855
2023-12-20,402.715,404.806,397.340,397.517,54042443
2023-12-21,401.443,402.508,398.888,402.143,45568914
2023-12-22,403.356,404.312,400.870,402.744,34447033
2023-12-26,403.602,405.880,403.504,405.210,22722545
2023-12-27,405.484,406.311,404.626,406.027,31980481
2023-12-28,407.181,407.428,405.474,405.830,27029152
2023-12-29,405.810,406.165,402.159,404.073,42662120
2024-01-02,400.442,400.689,394.917,397.236,58026946
2024-01-03,394.611,395.667,392.598,393.032,47002803
2024-01-04,391.167,394.275,390.792,391.009,39432797
2024-01-05,391.177,394.246,390.082,391.473,44922810
2024-01-08,392.697,399.850,392.549,399.564,42473796
2024-01-09,396.565,401.281,396.367,400.354,39132860
2024-01-10,400.669,404.068,399.781,403.067,33962774
2024-01-11,404.340,405.731,398.866,403.906,54536198
2024-01-12,404.942,405.780,402.722,404.113,39594952
2024-01-16,402.879,405.652,401.419,404.073,43903027
2024-01-17,400.768,402.164,397.561,401.794,54385974
2024-01-18,405.060,408.074,403.718,407.497,59562505
2024-01-19,409.698,415.736,409.110,415.578,70325123
2024-01-22,417.779,419.079,415.519,416.121,44880639
2024-01-23,416.812,418.065,414.976,417.848,33003806
2024-01-24,421.755,424.133,419.673,420.166,46948016
2024-01-25,422.663,423.334,418.341,420.680,44367205
2024-01-26,418.795,420.541,417.522,418.173,37137028
2024-01-29,418.627,422.653,417.976,422.456,38694724
2024-01-30,421.420,421.992,418.736,419.644,36738956
2024-01-31,415.253,417.246,411.247,411.424,64010649
2024-02-01,413.220,416.757,412.253,416.269,51008622
2024-02-02,418.163,424.518,417.167,423.304,59602435
2024-02-05,423.363,423.896,419.348,422.752,39889209
2024-02-06,423.896,424.498,419.565,421.903,35846134
2024-02-07,424.686,427.073,423.383,426.245,37712661
2024-02-08,426.363,427.794,425.682,427.034,29889892
2024-02-09,428.169,432.022,427.379,431.237,36943905
2024-02-12,431.129,433.299,428.869,429.550,33203305
2024-02-13,421.597,425.534,419.674,422.850,64491669
2024-02-14,425.524,427.882,423.176,427.458,45092722
2024-02-15,428.149,429.195,425.593,428.731,38796137
2024-02-16,429.106,429.205,424.133,424.843,53716475
2024-02-20,422.850,424.360,417.867,421.637,53999452
2024-02-21,418.903,420.038,416.022,419.949,50179697
2024-02-22,428.711,433.280,427.942,432.244,53887751
2024-02-23,433.803,434.730,429.994,430.971,39853861
2024-02-26,431.780,432.767,430.551,430.744,33043238
2024-02-27,431.849,432.165,429.239,431.780,33713220
2024-02-28,429.639,430.862,428.524,429.481,32938821
2024-02-29,432.402,434.237,429.234,433.161,42495152
2024-03-01,434.049,440.640,433.990,439.683,43853029
2024-03-04,439.683,440.108,437.868,438.115,34325687
2024-03-05,435.075,435.085,427.882,430.251,57917135
2024-03-06,434.464,436.112,431.079,432.954,46234460
2024-03-07,436.536,440.779,434.997,439.526,44526666
2024-03-08,439.881,442.673,432.510,433.181,72095957
2024-03-11,431.691,432.826,429.649,431.573,45859992
2024-03-12,433.882,438.115,430.655,437.759,55300909
2024-03-13,436.763,436.782,433.280,434.395,37928691
2024-03-14,435.628,436.151,430.586,433.299,52195208
2024-03-15,430.270,433.036,426.987,428.149,73069824
2024-03-18,433.509,435.792,432.037,432.274,47323802
2024-03-19,430.268,433.756,428.173,433.351,43004105
2024-03-20,434.547,438.825,432.847,438.489,43653490
2024-03-21,443.538,443.993,440.367,440.564,39345652
2024-03-22,440.050,442.165,439.201,441.068,28328895
2024-03-25,438.272,440.950,437.274,439.467,27789154
2024-03-26,440.989,441.903,437.817,438.044,34142043
2024-03-27,441.127,441.226,436.671,439.537,41359240
2024-03-28,439.487,440.337,438.371,438.726,36839641
2024-04-01,439.675,442.204,437.748,439.655,38728951
2024-04-02,434.843,436.177,432.817,435.861,44259665
2024-04-03,433.736,438.716,433.726,436.839,39949750
2024-04-04,441.019,441.631,429.932,430.159,57267660
2024-04-05,431.582,437.896,430.772,435.228,54744634
2024-04-08,436.157,437.234,433.974,435.357,28144944
2024-04-09,437.689,437.965,432.234,436.967,39521568
2024-04-10,431.800,434.013,431.088,433.153,61502191
2024-04-11,435.021,441.019,432.748,440.070,45474550
2024-04-12,435.851,436.977,431.681,433.055,53664995
2024-04-15,436.799,436.888,425.091,425.930,63453622
2024-04-16,425.772,428.598,424.587,425.970,47618961
2024-04-17,427.946,427.966,419.844,420.773,56880536
2024-04-18,421.415,423.144,417.798,418.371,46549363
2024-04-19,417.196,417.719,408.154,409.716,75230990
2024-04-22,412.344,416.168,409.014,413.836,47807663
2024-04-23,415.763,421.207,413.887,420.012,44384741
2024-04-24,423.104,424.616,419.152,421.435,48440305
2024-04-25,414.251,420.259,413.164,419.399,57392169
2024-04-26,422.531,427.403,421.840,425.871,41874907
2024-04-29,427.976,428.598,424.863,427.600,30022161
2024-04-30,426.019,427.413,419.458,419.537,43665934
2024-05-01,418.115,425.021,415.654,416.504,52251707
2024-05-02,420.239,422.719,415.625,421.820,36559007
2024-05-03,429.270,431.286,427.472,430.298,48515252
2024-05-06,432.096,435.100,431.325,435.011,30227200
2024-05-07,435.456,436.711,434.349,435.080,30996094
2024-05-08,432.462,436.226,432.343,434.823,24896723
2024-05-09,435.090,436.345,433.242,435.772,24580121
2024-05-10,437.274,439.023,435.257,436.799,27116566
2024-05-13,438.707,438.805,436.394,437.807,22994192
2024-05-14,437.382,441.152,437.195,440.623,34478321
2024-05-15,443.094,447.758,441.582,447.510,41464651
2024-05-16,447.323,449.279,446.433,446.601,34780412
2024-05-17,446.730,447.333,444.190,446.384,35803719
2024-05-20,446.601,450.159,446.409,449.497,24474226
2024-05-21,447.649,450.564,447.451,450.376,23167720
2024-05-22,450.633,451.384,447.688,450.287,25120040
2024-05-23,455.069,455.099,446.473,448.261,40899230
2024-05-24,449.872,453.765,448.170,452.500,29669461
2024-05-28,453.716,454.269,451.255,454.210,26216815
2024-05-29,450.060,452.787,449.921,451.008,29739238
2024-05-30,450.080,450.218,444.853,446.177,30714121
2024-05-31,446.404,447.095,437.783,445.347,55941301
2024-06-03,449.161,450.159,442.570,447.738,32997467
2024-06-04,447.481,450.154,445.763,448.963,23767436
2024-06-05,452.530,458.093,449.001,458.014,33817409
2024-06-06,458.696,459.012,456.690,457.856,21966820
2024-06-07,457.490,460.198,456.344,457.451,25829720
2024-06-10,456.324,459.654,456.038,459.299,20719771
2024-06-11,458.024,462.569,456.532,462.451,22053281
2024-06-12,466.373,470.830,465.682,468.508,34532585
2024-06-13,472.035,472.697,468.774,471.047,25859014
2024-06-14,470.849,473.557,470.385,473.488,23372620
2024-06-17,473.754,481.066,472.450,479.288,37054504
2024-06-18,479.238,480.118,477.677,479.436,24438565
2024-06-20,480.632,481.046,473.913,475.741,33918683
2024-06-21,475.464,476.793,472.974,474.466,39432913
2024-06-24,473.207,474.939,468.892,469.031,37750969
2024-06-25,471.119,474.691,470.179,474.394,29250209
2024-06-26,473.573,475.918,473.157,475.374,22737105
2024-06-27,475.127,478.076,474.315,476.601,26222135
2024-06-28,477.393,482.133,473.484,474.127,34881581
2024-07-01,475.048,477.472,471.302,476.908,24898336
2024-07-02,475.414,481.975,475.285,481.915,26723559
2024-07-03,481.163,486.062,481.163,485.933,18064880
2024-07-05,486.774,491.435,486.477,491.000,28495936
2024-07-08,491.366,492.717,490.347,492.168,22109420
2024-07-09,493.682,494.800,491.079,492.593,25701253
2024-07-10,494.513,498.283,493.207,497.729,28046901
2024-07-11,497.838,498.046,485.621,486.814,49966590
2024-07-12,487.388,494.424,486.923,489.674,37109399
2024-07-15,491.445,495.799,488.951,490.990,31151386
2024-07-16,492.445,493.256,488.021,491.178,25950622
2024-07-17,483.202,483.715,476.690,476.760,56268768
2024-07-18,480.480,480.659,471.317,474.503,49347361
2024-07-19,474.167,476.680,469.011,470.298,42042856
2024-07-22,476.156,478.323,472.739,477.304,40299999
2024-07-23,476.403,479.392,475.147,475.622,23282454
2024-07-24,468.892,469.258,457.700,458.561,58818629
2024-07-25,458.897,463.073,450.891,453.504,59256759
2024-07-26,457.838,461.084,454.988,458.155,39992132
2024-07-29,460.867,463.044,456.814,459.075,28218476
2024-07-30,461.005,461.709,449.427,452.772,41317210
2024-07-31,463.004,467.873,461.559,466.171,44552134
2024-08-01,466.854,470.604,451.238,454.880,56653900
2024-08-02,446.201,448.853,439.848,444.083,66323244
2024-08-05,420.293,437.690,419.046,430.842,87483452
2024-08-06,432.683,442.420,430.041,434.959,63164429
2024-08-07,441.847,444.330,429.853,430.248,54929163
2024-08-08,436.473,444.321,432.604,443.410,47890071
2024-08-09,442.094,447.359,440.976,445.726,33573976
2024-08-12,446.696,449.645,443.890,446.686,27795006
2024-08-13,451.079,458.036,450.941,457.769,40084457
2024-08-14,458.689,460.272,453.633,457.918,34733746
2024-08-15,463.885,469.882,463.509,469.486,38280565
2024-08-16,467.705,471.455,466.745,470.090,38383623
2024-08-19,470.228,476.304,468.447,476.265,23737674
2024-08-20,475.354,477.917,473.573,475.265,29209340
2024-08-21,476.047,479.333,474.335,477.482,25658787
2024-08-22,479.798,480.490,468.882,469.912,37739576
2024-08-23,474.256,477.720,470.337,475.008,36061508
2024-08-26,474.464,475.384,468.318,470.396,27452641
2024-08-27,468.764,472.870,466.804,471.802,27510003
2024-08-28,471.337,472.059,463.024,466.448,37372436
2024-08-29,468.358,472.960,464.491,465.765,41081465
2024-08-30,470.100,471.940,465.617,471.317,33466473
2024-09-03,468.279,468.407,454.632,457.007,44985219
2024-09-04,453.900,459.620,452.970,455.820,32505102
2024-09-05,454.197,460.520,453.176,456.245,34452385
2024-09-06,455.543,456.423,443.529,444.024,50624385
2024-09-09,448.348,450.723,445.145,449.734,32981169
2024-09-10,451.495,454.395,447.527,453.890,29680319
2024-09-11,455.127,464.489,446.587,463.746,57842992
2024-09-12,463.776,469.110,461.994,468.299,40175456
2024-09-13,467.566,471.574,467.339,470.396,29111849
2024-09-16,468.269,468.932,465.003,468.318,22585596
2024-09-17,471.337,472.633,466.072,468.566,30084438
2024-09-18,469.763,473.850,465.933,466.537,39909215
2024-09-19,477.591,481.173,475.493,478.333,52782523
2024-09-20,477.472,478.660,473.326,477.423,34577663
2024-09-23,478.603,479.783,477.266,478.693,24842972
2024-09-24,480.100,481.953,475.848,481.002,25952637
2024-09-25,480.377,483.400,480.199,481.448,26549866
2024-09-26,488.930,489.257,481.428,485.065,32020206
2024-09-27,486.086,486.224,481.190,482.369,22851120
2024-09-30,481.408,484.014,478.574,483.677,30330605
2024-10-01,483.311,483.608,473.103,476.939,42735424
2024-10-02,476.037,479.525,473.421,477.612,23744049
2024-10-03,475.422,480.184,474.679,477.256,25337220
2024-10-04,483.063,483.489,478.044,482.934,30744909
2024-10-07,481.021,482.191,476.542,477.761,24975119
2024-10-08,480.298,485.580,479.490,484.896,28272017
2024-10-09,484.599,489.286,483.558,488.712,24994950
2024-10-10,486.432,490.020,485.124,488.157,25750446
2024-10-11,486.323,489.940,485.758,488.920,20644497
2024-10-14,491.308,494.341,490.803,493.023,26060145
2024-10-15,493.350,494.014,484.282,486.432,34784506
2024-10-16,486.759,487.265,483.182,486.492,22996776
2024-10-17,491.972,492.022,486.769,486.829,27210658
2024-10-18,489.613,491.110,488.860,490.020,25335030
2024-10-21,488.811,491.764,486.888,490.961,30336549
2024-10-22,488.295,492.968,487.542,491.496,26685841
2024-10-23,489.148,489.802,480.685,483.965,39346565
2024-10-24,487.681,488.563,485.035,487.889,22024930
2024-10-25,490.684,495.777,489.980,490.862,38762143
2024-10-28,493.974,494.033,490.644,490.941,20477778
2024-10-29,491.259,496.838,489.405,495.659,28014059
2024-10-30,494.895,495.847,491.427,491.913,29755960
2024-10-31,487.949,487.998,479.396,479.495,41245248
2024-11-01,481.131,486.334,480.833,483.043,33655757
2024-11-04,482.439,484.976,479.897,481.636,23291580
2024-11-05,483.222,488.444,483.132,487.780,24353615
2024-11-06,496.055,501.852,495.104,501.030,43082198
2024-11-07,503.824,509.701,503.765,508.918,32853120
2024-11-08,508.418,510.284,507.798,509.513,22924483
2024-11-11,510.732,510.940,506.322,509.215,24167479
2024-11-12,509.146,510.028,505.242,508.294,25835288
2024-11-13,507.788,510.345,505.360,507.640,24567416
2024-11-14,507.303,508.175,503.200,504.112,28679519
2024-11-15,498.414,498.800,490.040,492.101,51461054
2024-11-18,493.647,497.621,492.259,495.520,27192662
2024-11-19,492.943,499.418,492.606,498.929,24523020
2024-11-20,498.632,498.949,492.086,498.641,29565491
2024-11-21,501.684,502.397,493.082,500.435,34526738
2024-11-22,499.880,501.971,498.255,501.238,23826644
2024-11-25,505.311,506.850,499.725,502.031,26375166
2024-11-26,503.507,505.549,502.665,504.726,26557061
2024-11-27,503.596,503.666,497.413,500.752,24957441
2024-11-29,501.377,505.747,500.762,505.152,15333968
2024-12-02,506.411,511.614,506.024,510.652,25147165
2024-12-03,509.324,512.496,508.750,512.218,18597900
2024-12-04,515.637,518.808,514.924,518.551,26086222
2024-12-05,518.600,519.324,516.727,517.114,18169632
2024-12-06,517.778,521.980,517.649,521.742,23762611
2024-12-09,520.820,521.613,516.529,517.679,20674405
2024-12-10,518.907,520.652,514.488,515.915,24350040
2024-12-11,520.275,525.835,519.869,525.151,32168579
2024-12-12,522.931,524.199,521.286,521.762,23577504
2024-12-13,525.686,528.368,522.554,525.755,28780405
2024-12-16,528.282,534.298,528.203,533.326,31979863
2024-12-17,531.533,532.643,529.323,530.978,28579070
2024-12-18,530.334,532.048,510.375,511.822,54703155
2024-12-19,516.499,517.064,509.206,509.542,46441754
2024-12-20,505.846,520.097,504.706,513.992,60529961
2024-12-23,515.705,519.378,512.311,519.001,29672800
2024-12-24,520.946,526.128,520.311,526.038,17558215
2024-12-26,524.410,527.309,522.415,525.681,19141494
2024-12-27,522.118,522.554,514.028,518.693,33839555
2024-12-30,511.695,515.517,508.042,511.794,34584028
2024-12-31,513.075,513.829,506.484,507.447,29117028
2025-01-02,510.494,512.817,501.968,506.454,36389783
2025-01-03,509.551,515.800,508.737,514.743,29059520
2025-01-06,520.142,524.013,518.167,520.658,36109734
2025-01-07,521.701,522.098,509.482,511.368,36690272
2025-01-08,511.268,513.095,506.792,511.457,30777777
2025-01-10,507.695,507.794,500.191,503.437,40532495
2025-01-13,497.491,502.275,496.002,501.819,31694210
2025-01-14,504.975,506.380,497.878,501.342,33737237
2025-01-15,509.234,514.018,507.675,512.876,34957554
2025-01-16,515.140,515.219,509.154,509.283,28229037
2025-01-17,518.981,520.195,509.312,517.879,51837941
2025-01-21,520.599,522.078,516.212,520.916,23627971
2025-01-22,525.651,529.870,525.343,527.577,33592988
2025-01-23,525.125,528.818,524.539,528.698,23096588
2025-01-24,529.076,529.840,524.242,525.711,19878251
2025-01-27,507.219,514.157,506.375,510.405,60771695
2025-01-28,511.407,519.130,507.993,517.949,33194214
2025-01-29,518.594,518.723,513.074,516.976,26649011
2025-01-30,519.835,522.202,514.375,519.179,27431302
2025-01-31,523.021,527.585,517.333,518.425,38845467
2025-02-03,509.670,516.996,507.268,514.276,40580835
2025-02-04,514.792,521.224,514.395,520.589,26046753
2025-02-05,517.959,523.110,516.767,522.951,21134070
2025-02-06,523.458,525.889,521.851,525.681,19434454
2025-02-07,526.217,528.162,518.326,519.050,29605470
2025-02-10,523.319,526.432,522.852,525.334,20852784
2025-02-11,522.068,525.999,521.939,524.083,19325500
2025-02-12,518.435,525.274,518.088,524.391,25009362
2025-02-13,526.058,532.252,525.274,531.934,28714799
2025-02-14,532.039,534.853,531.706,534.168,17862572
2025-02-18,535.736,536.004,532.073,535.379,20565028
2025-02-19,534.585,536.808,532.490,535.528,19666861
2025-02-20,534.743,535.111,528.520,533.254,26550753
2025-02-21,534.396,534.416,521.820,522.187,47093750
2025-02-24,523.974,525.154,515.685,516.023,39268392
2025-02-25,515.398,515.477,505.670,509.521,48940025
2025-02-26,511.715,515.815,507.586,510.752,34457618
2025-02-27,514.296,515.229,496.350,496.568,52447966
2025-02-28,496.429,505.015,493.253,504.410,47654043
2025-03-03,507.735,509.244,489.928,493.372,44587204
2025-03-04,490.523,500.012,484.126,491.883,67875402
2025-03-05,492.528,499.903,487.625,498.295,46323725
2025-03-06,490.037,494.891,482.602,484.587,57574332
2025-03-07,483.555,489.630,476.974,488.151,54714726
2025-03-10,479.872,480.389,465.192,469.232,76668029
2025-03-11,468.855,475.262,463.554,468.110,68760771
2025-03-12,475.614,477.500,468.299,473.391,46971082
2025-03-13,472.726,472.756,462.978,464.874,46563349
2025-03-14,470.224,477.004,469.619,476.111,43563010
2025-03-17,476.061,482.245,474.264,479.198,41744354
2025-03-18,475.862,476.061,468.914,471.028,39072265
2025-03-19,473.282,481.739,471.356,477.331,40430334
2025-03-20,473.351,480.964,472.656,475.713,36780549
2025-03-21,470.572,478.046,469.406,477.282,42234874
2025-03-24,484.862,488.610,481.542,487.765,34567186
2025-03-25,488.491,490.708,487.527,490.549,26035241
2025-03-26,489.395,490.250,479.971,481.522,35043357
2025-03-27,479.564,483.709,477.417,478.778,33469817
2025-03-28,476.979,477.685,465.289,466.173,46363797
2025-03-31,459.195,467.088,454.632,466.153,53000303
2025-04-01,464.543,470.836,461.680,469.911,41156226
2025-04-02,463.370,476.731,463.111,473.341,49894489
2025-04-03,453.747,457.356,447.484,448.001,70456338
2025-04-04,435.555,437.772,420.176,420.176,117088441
2025-04-07,406.249,440.525,400.016,421.190,161556970
2025-04-08,435.575,440.523,407.372,413.605,101248060
2025-04-09,413.118,465.070,412.979,463.251,142876878
2025-04-10,450.884,452.902,430.077,443.548,108384092
2025-04-11,442.027,453.101,438.726,451.719,52483779
2025-04-14,461.720,462.306,449.959,454.781,43941179
2025-04-15,455.835,459.652,453.459,455.288,35404210
2025-04-16,446.381,449.950,435.177,441.559,48980552
2025-04-17,444.532,445.108,438.756,441.480,44837047
2025-04-21,435.644,436.489,425.405,430.555,44149313
2025-04-22,436.231,444.939,435.038,441.858,52304388
2025-04-23,455.467,460.646,450.208,451.878,55801136
2025-04-24,453.787,464.901,453.141,464.593,45956136
2025-04-25,464.215,470.299,462.644,469.772,38697063
2025-04-28,470.239,472.007,463.280,469.623,33550778
2025-04-29,467.396,473.613,466.819,472.724,30613120
2025-04-30,464.374,474.385,459.702,472.665,46810610
2025-05-01,480.558,484.306,477.904,478.838,43316539
2025-05-02,483.669,488.014,481.970,485.946,39218082
2025-05-05,481.741,486.145,481.244,483.063,28309490
2025-05-06,476.731,482.188,475.369,478.570,32786310
2025-05-07,479.236,482.934,473.969,480.449,38109864
2025-05-08,485.648,489.793,481.313,485.409,39577592
2025-05-09,487.318,488.640,483.326,485.091,27767416
2025-05-12,503.999,504.893,498.521,504.854,45090616
2025-05-13,506.156,514.337,505.420,512.548,53269573
2025-05-14,513.721,516.165,512.707,515.620,47014516
2025-05-15,513.473,518.851,512.130,516.186,50153275
2025-05-16,517.588,518.622,514.049,518.433,48394603
2025-05-19,511.206,519.447,511.206,518.930,52536154
2025-05-20,516.405,517.857,513.612,517.200,42517561
2025-05-21,513.224,519.914,508.224,510.013,71292831
2025-05-22,510.629,514.656,509.277,510.967,55607169
2025-05-23,503.194,508.820,502.597,506.235,58368075
2025-05-27,513.105,518.632,511.554,518.145,47226323
2025-05-28,519.099,520.590,515.331,515.848,46637175
2025-05-29,523.225,523.374,514.268,516.862,58724069
2025-05-30,516.375,517.608,508.910,516.047,67662836
2025-06-02,514.188,520.362,512.926,520.123,44762817
2025-06-03,520.471,525.620,519.606,524.189,44070330
2025-06-04,524.895,526.714,522.866,525.650,41359322
2025-06-05,527.052,529.905,519.576,521.694,61286623
2025-06-06,526.873,528.662,525.094,526.793,42467021
2025-06-09,527.012,529.209,525.889,527.569,33688671
2025-06-10,528.036,531.744,525.770,531.058,40664795
2025-06-11,532.460,533.613,526.982,529.269,53701033
2025-06-12,527.957,531.490,527.708,530.511,34104887
2025-06-13,524.567,528.732,522.628,523.851,55814443
2025-06-16,527.370,532.211,527.320,531.138,37622051
2025-06-17,528.573,530.178,524.795,525.958,42180866
2025-06-18,526.972,529.408,524.288,525.869,43983522
2025-06-20,529.120,530.412,521.783,523.722,61643519
2025-06-23,524.281,529.616,521.136,529.098,50666146
2025-06-24,534.313,538.105,533.696,537.189,45441982
2025-06-25,539.458,540.702,536.791,538.562,44804168
2025-06-26,540.742,544.046,538.921,543.598,43811432
2025-06-27,544.633,547.350,541.931,545.459,57577147
2025-06-30,548.614,550.147,546.375,548.992,45548742
2025-07-01,547.091,548.067,542.046,544.364,56166736
2025-07-02,543.538,548.355,543.499,548.156,36538281
2025-07-03,550.525,554.525,550.525,553.550,26443524
2025-07-07,550.863,551.679,546.942,549.380,45349323
2025-07-08,550.724,551.351,548.455,549.689,36153258
2025-07-09,551.818,554.953,550.445,553.580,43045534
2025-07-10,554.217,554.625,550.097,552.784,34710913
2025-07-11,550.644,553.122,549.400,551.540,39618635
2025-07-14,551.331,554.272,548.982,553.540,36453314
2025-07-15,557.561,558.108,553.988,554.048,43277661
2025-07-16,554.605,557.521,548.913,554.615,52314711
2025-07-17,555.342,559.611,554.535,559.103,40423778
2025-07-18,560.417,562.015,557.292,558.566,50484704
2025-07-21,559.392,563.343,559.362,561.462,39595214
2025-07-22,561.591,561.641,555.929,558.556,43270647
2025-07-23,559.641,561.144,556.894,561.104,40215259
2025-07-24,562.417,563.522,560.591,562.298,42275541
2025-07-25,562.218,564.970,561.562,563.651,30630813
2025-07-28,565.015,566.309,564.149,565.413,31498739
2025-07-29,568.020,569.364,563.811,564.537,45463317
2025-07-30,565.453,567.881,562.338,565.294,43433777
2025-07-31,571.782,571.872,561.163,562.298,64613590
2025-08-01,556.148,556.337,549.032,551.221,69400789
2025-08-04,556.367,561.606,556.267,561.392,47669751
2025-08-05,562.676,563.842,557.043,557.581,48666640
2025-08-06,558.417,565.035,557.939,564.597,41823677
2025-08-07,568.926,570.568,562.397,566.508,44462972
2025-08-08,567.712,572.011,567.413,571.792,35255472
2025-08-11,571.931,574.031,568.826,570.100,33112917
2025-08-12,572.399,577.564,569.737,577.266,42271441
2025-08-13,579.963,580.520,576.161,577.554,41209294
2025-08-14,575.504,579.087,575.136,577.107,45425043
2025-08-15,577.017,577.057,572.811,574.569,49480161
2025-08-18,573.673,574.992,572.480,574.340,29830957
2025-08-19,573.623,573.793,565.522,566.547,53752635
2025-08-20,565.602,565.721,556.158,563.184,76781087
2025-08-21,561.641,563.771,558.287,560.576,46436899
2025-08-22,561.960,571.235,560.566,569.225,51502129
2025-08-25,567.662,570.535,566.428,567.582,34044749
2025-08-26,567.095,570.170,566.070,569.861,34103014
2025-08-27,568.846,571.648,567.632,570.737,36927144
2025-08-28,571.354,575.226,569.712,574.310,46787857
2025-08-29,571.897,572.270,565.811,567.662,56030409
2025-09-02,558.616,563.248,556.849,562.905,65876765
2025-09-03,566.498,568.951,564.005,567.334,54230213
2025-09-04,568.000,572.837,566.294,572.469,47526280
2025-09-05,577.704,578.331,568.787,573.295,68342532
2025-09-08,575.594,578.052,574.997,576.091,46371354
2025-09-09,576.888,578.151,574.270,577.724,44007592
2025-09-10,580.938,580.968,575.773,577.913,49307959
2025-09-11,580.440,582.073,578.828,581.276,44745766
2025-09-12,582.232,585.038,581.296,583.844,50745886
2025-09-15,585.615,588.949,585.471,588.840,44360315
2025-09-16,589.765,590.014,587.656,588.342,36942130
2025-09-17,588.263,588.910,581.560,587.168,69384820
2025-09-18,592.054,595.269,590.114,592.462,61069294
2025-09-19,594.463,597.170,592.990,596.473,58196109
2025-09-22,595.588,600.700,595.568,600.032,57154769
2025-09-23,600.201,600.401,594.831,596.046,64635486
2025-09-24,597.422,597.740,591.224,593.954,49850301
2025-09-25,590.068,592.973,586.381,591.393,70920209
2025-09-26,592.210,594.153,588.932,593.825,54337416
2025-09-29,596.953,599.883,595.259,596.575,48332934
2025-09-30,596.276,598.547,593.954,598.209,46876012
2025-10-01,595.020,601.616,594.193,601.078,46899612
2025-10-02,604.875,604.974,600.759,603.549,43765410
2025-10-03,604.327,605.140,599.220,601.009,46482098
2025-10-06,606.260,607.166,603.789,605.522,41962115
2025-10-07,606.828,607.515,600.859,602.334,58209463
2025-10-08,603.231,609.548,603.081,609.239,50629754
2025-10-09,609.279,609.408,605.293,608.501,45550958
2025-10-10,609.199,610.973,586.929,587.378,97614783
2025-10-13,597.521,600.779,595.080,599.843,65872584
2025-10-14,593.167,600.520,588.006,595.847,69203187
2025-10-15,601.836,604.516,593.785,600.052,62805456
2025-10-16,602.932,606.120,593.356,597.830,70981963
2025-10-17,595.797,603.330,594.223,601.756,72024872
2025-10-20,604.954,610.594,604.880,609.338,45761697
2025-10-21,609.438,610.515,607.126,609.179,44538161
2025-10-22,608.621,609.209,597.581,603.310,61478802
2025-10-23,602.732,609.169,602.344,608.382,42844298
2025-10-24,613.772,616.194,612.916,614.878,47632473
2025-10-27,622.272,626.287,621.783,625.829,54098611
2025-10-28,628.091,632.395,626.985,630.641,61195733
2025-10-29,633.302,634.717,627.981,633.481,67422806
2025-10-30,629.894,631.219,623.687,623.796,61628621
2025-10-31,631.887,631.917,624.434,626.805,66305147
2025-11-03,632.824,633.531,627.583,629.805,37154307
2025-11-04,621.036,624.693,616.229,617.021,63830768
2025-11-05,616.263,624.344,614.988,621.036,48688484
2025-11-06,619.552,619.801,608.103,609.468,72115128
2025-11-07,606.120,607.754,596.515,607.545,81835388
2025-11-10,616.692,622.062,614.669,620.986,55919931
2025-11-11,618.336,620.478,615.297,619.332,44868841
2025-11-12,622.591,622.611,615.586,618.844,47444384
2025-11-13,615.317,615.895,603.898,606.210,71333634
2025-11-14,597.392,611.142,595.020,606.668,80087291
2025-11-17,604.117,610.275,597.710,601.487,63850367
2025-11-18,597.461,600.142,589.211,594.163,83327279
2025-11-19,594.921,603.978,592.449,597.710,73111487
2025-11-20,609.418,611.819,582.645,583.562,117743195
2025-11-21,585.355,594.831,578.649,587.946,103344155
2025-11-24,593.137,604.496,593.017,602.981,60168149
2025-11-25,601.337,608.063,595.170,606.698,57560867
2025-11-26,610.305,613.972,608.193,612.059,42393598
2025-11-28,613.892,617.090,613.201,617.021,23034394
2025-12-01,611.421,617.210,610.315,614.948,40957588
2025-12-02,617.230,621.505,615.367,619.761,54541834
2025-12-03,617.389,621.973,615.805,621.275,47841627
2025-12-04,622.680,622.690,617.310,620.697,47067751
2025-12-05,622.132,626.656,621.465,623.228,53614169
2025-12-08,624.952,626.576,619.452,622.033,43462406
2025-12-09,620.767,623.617,618.764,622.800,37155999
2025-12-10,621.604,626.945,618.754,625.351,55031384
2025-12-11,621.574,623.527,615.496,623.328,58272844
2025-12-12,619.841,621.295,609.159,611.411,75158726
2025-12-15,616.144,616.194,607.126,608.342,49538197
2025-12-16,606.070,611.301,604.725,609.548,55152819
2025-12-17,610.853,611.441,598.119,598.249,70654327
2025-12-18,607.605,610.723,604.735,606.917,78875824
2025-12-19,609.747,615.397,609.667,614.829,60369829
2025-12-22,619.859,620.158,616.287,617.724,43703101
2025-12-23,616.716,620.916,616.297,620.617,41120445
2025-12-24,620.497,622.782,620.228,622.433,18468707
2025-12-26,623.161,624.014,621.644,622.393,28959778
2025-12-29,618.612,621.285,617.245,619.380,32458308
2025-12-30,618.352,620.687,617.729,617.943,31226754
2025-12-31,618.163,618.472,612.576,612.836,40746527
2026-01-02,618.572,621.355,608.686,611.649,61859163
2026-01-05,617.834,619.320,615.240,616.507,46828359
2026-01-06,617.744,622.523,617.056,621.924,43137520
2026-01-07,621.545,626.433,621.066,622.522,44880339
2026-01-08,621.535,621.924,616.317,618.981,50435941
2026-01-09,619.919,626.383,617.574,625.146,49688734
2026-01-12,620.816,627.336,620.767,625.665,37388651
2026-01-13,625.765,627.959,622.198,624.737,44481380
2026-01-14,620.747,621.954,613.085,618.063,72598700
2026-01-15,625.096,628.488,619.260,620.288,53934892
2026-01-16,623.999,624.577,617.395,619.769,61058094
2026-01-20,609.065,613.579,605.593,606.601,81988898
2026-01-21,608.007,618.931,606.405,614.801,79837881
2026-01-22,620.856,620.966,616.297,619.270,42254757
2026-01-23,618.243,623.899,617.165,621.225,43645825
2026-01-26,621.714,626.104,620.627,623.959,35983008
2026-01-27,627.401,630.526,625.834,629.615,38997212
2026-01-28,633.935,635.072,630.294,631.700,50691691
2026-01-29,631.132,632.149,616.786,627.919,79944047
2026-01-30,624.208,626.748,617.812,620.378,65650714
2026-02-02,617.215,626.982,617.175,624.637,49020292
2026-02-03,626.792,628.468,609.494,615.040,81233969
2026-02-04,613.544,613.624,599.029,604.296,81850748
2026-02-05,598.769,603.358,593.333,595.597,89354492
2026-02-06,598.750,609.943,597.333,608.187,78019338
2026-02-09,606.082,614.980,603.618,612.846,56797557
2026-02-10,613.828,615.539,609.544,610.002,53938859
2026-02-11,614.901,616.038,606.232,611.639,58575101
2026-02-12,613.235,614.332,598.131,599.198,81378903
2026-02-13,598.989,605.024,594.989,600.475,69237547
2026-02-17,596.939,602.501,591.916,599.857,69013763
2026-02-18,600.665,608.308,599.278,604.336,64250668
2026-02-19,601.363,604.361,599.308,602.022,60960839
2026-02-20,598.680,608.885,597.792,607.349,74127323
2026-02-23,605.149,606.551,597.612,599.967,63859111
2026-02-24,600.954,607.528,598.291,606.411,55023732
2026-02-25,609.603,615.350,609.534,615.200,55710653
2026-02-26,614.113,614.113,602.530,607.778,96178870
2026-02-27,601.533,606.860,600.745,605.833,68125196
2026-03-02,597.423,608.456,596.555,606.631,75264644
2026-03-03,594.899,602.510,590.450,600.136,97015532
2026-03-04,602.710,611.409,601.982,609.284,70943888
2026-03-05,605.942,611.289,600.815,607.449,89602407
2026-03-06,598.869,604.546,596.894,598.311,86302307
2026-03-09,592.799,607.808,589.911,606.301,93068170
2026-03-10,606.321,611.818,603.967,606.311,64078867
2026-03-11,607.489,610.960,603.578,606.232,60114800
2026-03-12,601.313,602.690,595.617,595.827,71836629
2026-03-13,598.291,602.151,591.148,592.295,63145490
2026-03-16,598.600,602.411,597.672,598.939,49077155
2026-03-17,601.692,604.446,600.426,601.862,47106607
2026-03-18,600.046,601.712,593.133,593.472,56127962
2026-03-19,588.095,594.370,585.671,591.597,75597578
2026-03-20,589.641,589.751,577.152,580.663,91964677
2026-03-23,589.870,594.425,585.315,587.353,89936118
2026-03-24,584.167,587.283,581.290,583.338,57750895
2026-03-25,588.492,590.719,585.046,587.173,60475491
2026-03-26,581.959,583.987,572.799,573.159,81492124
2026-03-27,570.182,570.392,560.952,561.961,82702240
2026-03-30,566.756,567.425,554.989,557.666,70602622
2026-03-31,563.669,578.003,563.589,576.545,95877997
2026-04-01,580.840,587.092,579.782,583.667,79435132
2026-04-02,573.339,585.405,571.291,584.337,50941709
2026-04-06,585.585,589.960,584.047,587.853,35108496
2026-04-07,584.996,588.332,577.764,587.943,49948195
2026-04-08,608.040,609.229,601.458,605.423,63085996
2026-04-09,605.263,609.828,602.367,609.519,37837538
2026-04-10,611.167,612.995,608.909,610.398,34038533
2026-04-13,608.810,626.051,607.441,616.711,32972110
2026-04-14,619.538,627.909,619.418,627.909,49921081
2026-04-15,628.388,637.128,627.509,636.699,50102386
2026-04-16,638.507,641.474,634.556,639.765,42320581
2026-04-17,644.880,649.285,643.362,648.136,53488871
2026-04-20,647.327,648.046,641.813,646.079,37138511
2026-04-21,647.697,649.485,641.504,643.621,39580523
2026-04-22,649.435,654.609,647.807,654.389,37368402
2026-04-23,652.831,656.197,644.810,650.703,40099827
2026-04-24,657.786,663.779,655.808,663.150,45563050
2026-04-27,662.670,663.699,659.963,663.499,32717030
2026-04-28,656.687,658.914,653.091,656.827,34147916
2026-04-29,657.906,660.992,655.868,660.842,31724860
2026-04-30,664.618,668.164,656.837,667.005,40622226
2026-05-01,668.424,675.226,668.064,673.408,39172607
2026-05-04,673.918,675.986,668.164,672.140,34541990
2026-05-05,677.214,682.022,676.765,680.860,37101063
2026-05-06,687.023,695.164,685.725,695.005,38778492
2026-05-07,695.814,700.469,691.009,694.176,43779087
2026-05-08,699.150,710.448,698.731,710.448,44320421
2026-05-11,709.579,713.804,708.130,712.505,36019146
2026-05-12,707.441,709.399,695.874,706.462,45873009
2026-05-13,709.179,715.862,704.055,713.924,40012526
2026-05-14,713.834,721.236,713.434,718.998,33327545
2026-05-15,709.359,714.343,704.774,708.150,51792656
2026-05-18,710.757,711.287,698.081,705.104,49834549
2026-05-19,699.040,705.713,694.485,700.758,46827529
2026-05-20,704.514,712.366,703.016,712.366,36779222
2026-05-21,708.210,716.331,705.993,713.724,36415360
2026-05-22,717.280,721.326,715.162,716.751,33118575
2026-05-26,725.161,730.366,723.363,729.477,34254692
2026-05-27,732.154,732.513,724.642,728.648,35148674
2026-05-28,728.927,735.790,725.611,734.791,32839952
2026-05-29,737.028,740.814,734.441,737.498,38815025
2026-06-01,736.229,744.830,735.180,741.923,33890559
2026-06-02,741.583,745.619,738.417,745.339,30085237
2026-06-03,746.488,747.826,740.195,743.391,40270198
2026-06-04,734.671,742.681,731.814,739.795,40782580
2026-06-05,729.257,730.885,703.545,704.284,99606571
2026-06-08,717.020,722.235,712.286,715.282,47401451
2026-06-09,722.185,724.862,685.615,707.051,91932171
2026-06-10,700.888,710.498,692.168,692.927,65334283
2026-06-11,698.521,717.582,694.236,716.331,71798857
2026-06-12,716.821,723.214,710.498,720.547,51236021
2026-06-15,737.288,743.941,736.569,743.182,46710216
2026-06-16,741.434,743.401,728.837,729.057,45348675
2026-06-17,734.381,734.871,720.057,721.715,51669322
2026-06-18,736.389,741.004,731.704,739.805,50154595
2026-06-22,742.020,745.450,734.390,737.950,43518595
2026-06-23,715.740,723.610,712.110,713.650,53354151
2026-06-24,715.370,719.930,704.450,710.620,52480437
2026-06-25,725.900,726.830,705.300,716.380,50144089
2026-06-26,707.130,715.555,702.810,706.520,47081821
2026-06-29,713.990,724.580,705.172,724.080,44939090
2026-06-30,724.180,737.620,723.910,736.400,42121829
2026-07-01,729.190,731.920,724.600,725.170,40803791
2026-07-02,725.580,730.830,707.560,712.600,51086080
2026-07-06,719.930,726.080,718.450,722.820,30220428
2026-07-07,714.170,716.350,704.900,709.430,42483079
2026-07-08,704.950,712.260,700.910,711.440,35603179
2026-07-09,718.330,724.230,715.125,723.280,33654712
2026-07-10,720.700,726.390,717.000,725.510,26415898
2026-07-13,717.720,718.740,710.080,711.740,36552362
2026-07-14,720.220,722.290,714.340,719.690,29448117
2026-07-15,723.850,724.360,710.230,717.740,32627583
2026-07-16,712.010,713.599,702.610,705.940,39402024
2026-07-17,691.650,702.300,686.760,695.330,54109267
2026-07-20,702.160,705.800,695.510,696.060,29687558
2026-07-21,706.570,710.050,702.800,708.970,33728341
2026-07-22,703.620,709.650,703.620,705.350,23692181
2026-07-23,694.670,698.660,687.790,691.960,44028575
2026-07-24,690.410,692.630,682.480,684.230,42876658
2026-07-27,691.680,692.300,675.945,682.120,42681473
2026-07-28,676.230,679.400,667.880,675.490,51398741
2026-07-29,675.505,680.050,661.140,661.730,57233269
2026-07-30,674.760,685.120,673.300,683.550,66753681
2026-07-31,692.110,695.770,680.051,687.990,50540483
2026-08-03,688.300,701.590,685.820,700.070,44965071
2026-08-04,708.160,725.660,707.530,723.850,59778624
2026-08-05,726.250,728.540,716.920,717.300,33540176
2026-08-06,710.820,719.320,708.500,714.650,33035860
2026-08-07,720.150,723.630,716.510,723.030,31070371
2026-08-10,722.390,724.670,720.330,720.870,26243183
2026-08-11,723.290,723.350,715.500,718.450,29286144
2026-08-12,727.080,727.250,722.920,723.700,29065976
2026-08-13,725.150,733.960,724.030,732.070,31599737
2026-08-14,733.410,734.390,728.320,731.070,23790607
2026-08-17,732.950,734.580,729.270,729.870,26452580
