date,open,high,low,close,volume
2012-01-03,99.666,100.149,99.408,99.459,193697825
2012-01-04,99.229,99.705,98.846,99.619,127186456
2012-01-05,99.081,100.032,98.628,99.884,173894933
2012-01-06,100.009,100.024,99.299,99.627,148049929
2012-01-09,99.853,99.993,99.393,99.868,99530109
2012-01-10,100.937,101.140,100.594,100.734,115281921
2012-01-11,100.422,100.922,100.258,100.789,111540673
2012-01-12,101.078,101.179,100.274,101.031,118983646
2012-01-13,100.352,100.672,99.634,100.508,179836140
2012-01-17,101.475,101.663,100.552,100.898,132209191
2012-01-18,100.875,102.068,100.695,102.014,163395122
2012-01-19,102.365,102.638,102.037,102.552,126328814
2012-01-20,102.380,102.934,102.131,102.614,138230146
2012-01-23,102.591,103.168,102.177,102.669,129295759
2012-01-24,102.037,102.583,101.881,102.552,103083260
2012-01-25,102.396,103.652,101.998,103.410,198613161
2012-01-26,103.870,104.065,102.474,102.880,184880478
2012-01-27,102.380,103.012,102.310,102.833,135259033
2012-01-30,101.811,102.536,101.460,102.482,147311730
2012-01-31,102.989,103.114,101.943,102.443,157211918
2012-02-01,103.199,103.863,103.075,103.340,166234457
2012-02-02,103.543,103.769,103.137,103.504,113090345
2012-02-03,104.533,105.017,104.354,104.955,160598487
2012-02-06,104.518,104.934,104.401,104.884,107694459
2012-02-07,104.666,105.329,104.253,105.150,135528071
2012-02-08,105.204,105.485,104.775,105.462,139361385
2012-02-09,105.633,105.774,104.970,105.594,148602826
2012-02-10,104.658,104.900,104.409,104.815,167907482
2012-02-13,105.563,105.719,105.111,105.594,115841819
2012-02-14,105.314,105.524,104.728,105.462,165996154
2012-02-15,105.805,105.961,104.760,104.970,195195094
2012-02-16,104.978,106.226,104.791,106.132,186567742
2012-02-17,106.499,106.583,106.062,106.413,129869401
2012-02-21,106.663,106.913,106.133,106.460,134042271
2012-02-22,106.296,106.523,105.930,106.119,124455245
2012-02-23,106.062,106.663,105.704,106.586,137704236
2012-02-24,106.819,107.030,106.585,106.819,105539083
2012-02-27,106.109,107.287,105.938,106.999,145728833
2012-02-28,107.030,107.435,106.819,107.310,129355808
2012-02-29,107.467,107.802,106.515,106.889,185934689
2012-03-01,107.116,107.646,106.820,107.443,145026117
2012-03-02,107.373,107.513,106.874,107.117,120638224
2012-03-05,106.952,107.030,106.312,106.679,140764992
2012-03-06,105.587,105.649,104.814,105.118,202129838
2012-03-07,105.360,106.023,105.259,105.852,143692128
2012-03-08,106.499,107.123,106.281,106.905,116968812
2012-03-09,107.108,107.599,106.975,107.318,122836765
2012-03-12,107.303,107.467,106.944,107.326,104003471
2012-03-13,107.903,109.315,107.724,109.262,184090417
2012-03-14,109.292,109.561,108.808,109.144,145163502
2012-03-15,109.308,109.822,109.027,109.776,165118448
2012-03-16,109.972,110.066,109.690,109.925,152893405
2012-03-19,109.855,110.693,109.776,110.356,125291026
2012-03-20,109.729,110.168,109.408,110.035,121729639
2012-03-21,110.097,110.199,109.627,109.855,122388401
2012-03-22,109.048,109.337,108.703,109.063,135216691
2012-03-23,109.157,109.541,108.554,109.416,120520956
2012-03-26,110.199,110.951,110.160,110.951,120163949
2012-03-27,111.053,111.124,110.536,110.607,119868421
2012-03-28,110.552,110.724,109.408,110.058,148562025
2012-03-29,109.408,110.077,108.977,109.870,164963645
2012-03-30,110.411,110.513,109.729,110.325,135486715
2012-04-02,110.191,111.422,109.972,111.132,151741045
2012-04-03,110.975,111.165,110.027,110.677,155806609
2012-04-04,109.862,109.956,109.173,109.580,146895936
2012-04-05,109.204,109.847,109.110,109.525,137439344
2012-04-09,108.147,109.568,107.998,108.295,127555857
2012-04-10,108.084,108.389,106.368,106.478,235360256
2012-04-11,107.567,107.763,107.144,107.340,154132907
2012-04-12,107.441,108.828,107.363,108.742,154321489
2012-04-13,108.491,108.763,107.347,107.449,169246612
2012-04-16,107.998,108.154,107.010,107.379,147825217
2012-04-17,107.998,109.189,107.886,108.971,147877575
2012-04-18,108.483,108.969,108.421,108.601,123884187
2012-04-19,108.617,109.024,107.394,107.904,198666751
2012-04-20,108.382,108.773,108.021,108.084,143199560
2012-04-23,106.979,107.269,106.509,107.175,171844860
2012-04-24,107.269,107.857,107.183,107.582,137484192
2012-04-25,108.632,109.102,108.538,109.055,150254995
2012-04-26,108.820,109.941,108.758,109.815,136292712
2012-04-27,110.144,110.309,109.533,109.996,130724989
2012-04-30,109.776,109.855,109.290,109.588,115092198
2012-05-01,109.525,110.991,109.400,110.270,138837314
2012-05-02,109.627,110.050,109.267,109.945,121080935
2012-05-03,109.956,110.043,108.899,109.102,143762703
2012-05-04,108.527,109.142,107.277,107.340,193931300
2012-05-07,106.956,107.778,106.916,107.418,127765875
2012-05-08,106.775,107.159,105.710,106.987,213383873
2012-05-09,105.851,107.034,105.373,106.352,220778190
2012-05-10,107.089,107.222,106.329,106.572,150600916
2012-05-11,105.906,107.238,105.859,106.250,153032360
2012-05-14,105.232,106.254,104.918,105.075,163909908
2012-05-15,105.005,105.624,104.307,104.472,207629260
2012-05-16,104.942,105.420,104.049,104.072,207265560
2012-05-17,104.096,104.221,102.474,102.529,247992908
2012-05-18,102.928,103.109,101.502,101.651,319631058
2012-05-21,101.980,103.438,101.816,103.398,177861071
2012-05-22,103.665,104.386,102.905,103.579,197531138
2012-05-23,102.834,103.782,101.847,103.634,204958303
2012-05-24,103.916,104.080,102.968,103.837,167357599
2012-05-25,103.798,104.088,103.250,103.500,135465568
2012-05-29,104.331,104.934,102.772,104.754,152883408
2012-05-30,103.861,104.748,103.022,103.234,162370365
2012-05-31,103.195,103.775,102.121,103.007,196186175
2012-06-01,101.393,103.034,100.413,100.413,253244993
2012-06-04,100.594,100.868,99.610,100.366,202548253
2012-06-05,100.170,101.275,100.116,101.126,164149384
2012-06-06,101.831,103.446,101.800,103.398,184202757
2012-06-07,104.574,104.621,103.250,103.461,184772672
2012-06-08,103.195,104.303,102.866,104.284,143915630
2012-06-11,105.122,105.185,102.858,102.964,169756044
2012-06-12,103.257,104.213,102.764,104.143,181931736
2012-06-13,103.837,104.488,103.124,103.477,172223884
2012-06-14,103.688,104.989,103.406,104.574,230616235
2012-06-15,105.050,105.743,104.830,105.649,169444421
2012-06-18,105.208,106.113,104.971,105.853,131365459
2012-06-19,106.389,107.311,105.831,106.877,137382532
2012-06-20,106.885,107.192,105.751,106.704,206466600
2012-06-21,106.830,106.940,104.223,104.310,205272317
2012-06-22,104.853,105.310,104.452,105.113,130029174
2012-06-25,104.003,104.042,103.057,103.428,146375688
2012-06-26,103.727,104.262,103.120,103.947,141633945
2012-06-27,104.294,105.089,103.937,104.887,108087938
2012-06-28,104.192,104.743,103.396,104.585,169242658
2012-06-29,106.484,107.326,106.208,107.196,212251060
2012-07-02,107.492,107.626,106.736,107.515,129524407
2012-07-03,107.492,108.303,107.381,108.226,80450171
2012-07-05,107.822,108.531,107.342,107.736,126177419
2012-07-06,106.696,106.932,106.208,106.712,151192025
2012-07-09,106.625,106.775,106.090,106.578,103780468
2012-07-10,107.121,107.295,105.286,105.649,167884796
2012-07-11,105.704,106.011,105.050,105.664,141734024
2012-07-12,105.050,105.717,104.436,105.152,143583154
2012-07-13,105.428,107.027,105.412,106.917,129644147
2012-07-16,106.673,106.980,106.247,106.665,97525191
2012-07-17,107.090,107.618,105.972,107.397,138860218
2012-07-18,107.145,108.405,107.082,108.193,113349636
2012-07-19,108.413,108.831,108.067,108.476,129847218
2012-07-20,107.862,108.027,107.366,107.484,142904464
2012-07-23,105.909,107.417,105.412,106.397,145210831
2012-07-24,106.476,106.523,104.774,105.479,173301102
2012-07-25,105.704,105.979,104.948,105.507,129122265
2012-07-26,107.027,107.476,106.531,107.247,156526464
2012-07-27,107.815,109.532,107.221,109.220,236768882
2012-07-30,109.098,109.743,108.901,109.224,106781926
2012-07-31,109.075,109.374,108.460,108.460,120575835
2012-08-01,109.240,109.264,108.216,108.366,138293740
2012-08-02,107.547,108.350,106.783,107.618,199556580
2012-08-03,109.130,109.980,107.649,109.751,157824975
2012-08-06,110.043,110.398,109.917,109.965,86327738
2012-08-07,110.406,110.989,110.288,110.516,109545089
2012-08-08,110.146,110.776,110.114,110.650,89754633
2012-08-09,110.492,110.965,110.382,110.744,90291642
2012-08-10,110.296,110.965,110.114,110.926,99792622
2012-08-13,110.737,110.926,110.296,110.870,79426869
2012-08-14,111.280,111.351,110.555,110.886,102379363
2012-08-15,110.768,111.201,110.697,111.012,71085811
2012-08-16,111.170,111.965,110.894,111.831,112014164
2012-08-17,112.020,112.075,111.729,111.981,90813666
2012-08-20,111.823,112.012,111.516,111.989,78255657
2012-08-21,112.265,112.698,111.406,111.650,105581009
2012-08-22,111.367,111.879,111.107,111.697,133243431
2012-08-23,111.422,111.430,110.611,110.788,111466361
2012-08-24,110.508,111.705,110.437,111.453,99481192
2012-08-27,111.753,111.902,111.319,111.477,68785850
2012-08-28,111.193,111.713,111.028,111.367,75689536
2012-08-29,111.461,111.753,111.146,111.453,65421300
2012-08-30,110.973,111.004,110.414,110.650,96589830
2012-08-31,111.280,111.697,110.548,111.178,151970364
2012-09-04,111.083,111.414,110.366,111.075,120226199
2012-09-05,111.122,111.422,110.760,110.981,100660254
2012-09-06,111.650,113.241,111.642,113.233,158272434
2012-09-07,113.422,113.722,113.320,113.674,107272023
2012-09-10,113.564,113.761,112.989,113.028,86458407
2012-09-11,113.099,113.706,113.068,113.344,88759995
2012-09-12,113.722,113.848,113.336,113.722,87640880
2012-09-13,113.706,115.809,113.407,115.454,225470102
2012-09-14,115.683,116.651,115.588,115.966,169776992
2012-09-17,115.730,115.927,115.281,115.572,119427726
2012-09-18,115.376,115.628,115.187,115.478,98326520
2012-09-19,115.612,115.911,115.313,115.541,128318257
2012-09-20,115.013,115.612,114.698,115.549,154009764
2012-09-21,116.110,116.133,115.452,115.500,108737426
2012-09-24,114.930,115.587,114.843,115.322,95681978
2012-09-25,115.571,115.793,114.067,114.098,133165138
2012-09-26,114.071,114.106,113.188,113.461,146502136
2012-09-27,113.932,114.787,113.631,114.526,111830276
2012-09-28,114.090,114.463,113.592,113.995,150696066
2012-10-01,114.431,115.357,114.026,114.292,135911137
2012-10-02,114.748,114.930,113.885,114.415,113422151
2012-10-03,114.724,115.151,114.122,114.882,121283027
2012-10-04,115.318,115.872,115.159,115.702,124311599
2012-10-05,116.323,116.521,115.365,115.714,124842048
2012-10-08,115.286,115.700,115.056,115.319,78415562
2012-10-09,115.231,115.326,114.138,114.178,148872811
2012-10-10,114.162,114.273,113.299,113.449,124247412
2012-10-11,114.241,114.407,113.486,113.512,123601455
2012-10-12,113.592,113.980,112.895,113.140,124181900
2012-10-15,113.410,114.201,113.045,114.083,107689051
2012-10-16,114.621,115.318,114.542,115.239,108815410
2012-10-17,115.318,115.856,115.144,115.761,128834057
2012-10-18,115.460,116.015,115.072,115.460,148108412
2012-10-19,115.246,115.254,113.267,113.536,185645112
2012-10-22,113.346,113.758,112.657,113.552,125578601
2012-10-23,112.325,112.483,111.509,111.976,192056293
2012-10-24,112.380,112.515,111.485,111.660,120179305
2012-10-25,112.451,112.657,111.303,111.984,134457331
2012-10-26,111.881,112.309,111.161,111.921,146023428
2012-10-31,112.317,112.459,111.390,111.921,103438492
2012-11-01,112.158,113.235,112.056,113.093,100995566
2012-11-02,113.766,113.797,111.968,112.087,137702120
2012-11-05,111.921,112.570,111.588,112.316,98378432
2012-11-06,112.657,113.639,112.539,113.196,107068091
2012-11-07,112.166,112.182,110.108,110.630,264304430
2012-11-08,110.614,111.177,109.213,109.300,181517243
2012-11-09,108.968,110.409,108.912,109.395,201055214
2012-11-12,109.736,109.910,109.237,109.478,97677409
2012-11-13,108.904,110.258,108.762,109.102,123018209
2012-11-14,109.435,109.609,107.384,107.629,191504916
2012-11-15,107.669,108.073,107.036,107.447,178128354
2012-11-16,107.606,108.192,106.655,107.978,239483819
2012-11-19,109.189,110.179,108.006,110.163,151495731
2012-11-20,109.989,110.393,109.332,110.211,119807381
2012-11-21,110.306,110.512,110.084,110.417,81710736
2012-11-23,110.955,111.961,110.884,111.921,65409145
2012-11-26,111.367,111.926,111.002,111.683,100124325
2012-11-27,111.573,111.953,111.042,111.113,128646177
2012-11-28,110.662,112.071,110.060,112.008,177086443
2012-11-29,112.428,112.839,111.937,112.531,151085880
2012-11-30,112.546,112.768,112.166,112.558,136568288
2012-12-03,113.069,113.164,111.913,112.000,124656283
2012-12-04,111.992,112.333,111.541,111.842,127622507
2012-12-05,111.937,112.562,111.145,112.040,147300444
2012-12-06,111.937,112.467,111.770,112.420,103220533
2012-12-07,112.855,112.982,112.174,112.764,108726325
2012-12-10,112.602,113.077,112.554,112.810,98840667
2012-12-11,113.275,114.106,113.219,113.576,152570378
2012-12-12,114.019,114.455,113.473,113.631,145880026
2012-12-13,113.560,113.885,112.653,112.934,135714940
2012-12-14,112.689,112.895,112.341,112.519,137701692
2012-12-17,112.808,113.900,112.776,113.837,143735755
2012-12-18,114.019,115.207,113.853,115.104,177762727
2012-12-19,115.231,115.270,114.209,114.249,150895322
2012-12-20,114.320,114.922,114.003,114.906,168486930
2012-12-21,113.366,114.896,113.183,113.861,245883785
2012-12-24,113.614,113.677,113.382,113.510,53874548
2012-12-26,113.741,113.797,112.712,113.031,106947663
2012-12-27,113.063,113.295,111.572,112.881,167920546
2012-12-28,112.146,112.768,111.532,111.660,148806608
2012-12-31,111.365,113.677,111.269,113.558,243952162
2013-01-02,115.711,116.540,115.408,116.468,192058911
2013-01-03,116.412,116.715,115.894,116.208,144761781
2013-01-04,116.396,116.907,116.157,116.715,116817675
2013-01-07,116.301,116.775,115.966,116.396,110002444
2013-01-08,116.189,116.349,115.607,116.061,121265078
2013-01-09,116.317,116.676,116.133,116.357,90745581
2013-01-10,117.003,117.290,116.396,117.282,130735372
2013-01-11,117.250,117.337,116.907,117.274,113917286
2013-01-14,117.130,117.274,116.763,117.194,89567104
2013-01-15,116.652,117.385,116.580,117.274,93172559
2013-01-16,117.034,117.441,116.907,117.258,104849487
2013-01-17,117.776,118.350,117.333,118.015,133833420
2013-01-18,117.991,118.406,117.561,118.278,169905915
2013-01-22,118.278,118.916,117.999,118.916,111797291
2013-01-23,118.916,119.211,118.701,119.108,104596066
2013-01-24,118.932,119.722,118.821,119.140,146426315
2013-01-25,119.514,119.809,119.110,119.809,147211558
2013-01-28,119.841,119.873,119.219,119.666,113357611
2013-01-29,119.427,120.288,119.347,120.136,105694364
2013-01-30,120.120,120.360,119.554,119.666,137447625
2013-01-31,119.522,119.913,119.291,119.371,108975801
2013-02-01,120.128,120.742,119.921,120.599,131172997
2013-02-04,119.865,120.621,119.155,119.239,159073559
2013-02-05,119.889,120.790,119.841,120.447,113912334
2013-02-06,120.025,120.615,119.937,120.535,138762719
2013-02-07,120.571,120.686,119.498,120.376,162489974
2013-02-08,120.583,121.117,120.583,121.045,103133681
2013-02-11,120.997,121.125,120.721,121.021,73774925
2013-02-12,121.029,121.444,120.894,121.221,65392613
2013-02-13,121.468,121.691,120.982,121.325,82322561
2013-02-14,120.958,121.580,120.822,121.436,80834206
2013-02-15,121.548,121.675,120.846,121.293,215226408
2013-02-19,121.500,122.225,121.335,122.202,95105396
2013-02-20,122.114,122.154,120.615,120.679,160574782
2013-02-21,120.376,120.744,119.562,119.945,183256921
2013-02-22,120.527,121.117,120.002,121.117,106356525
2013-02-25,121.707,121.891,118.813,118.813,245824757
2013-02-26,119.387,119.769,118.597,119.626,186596178
2013-02-27,119.522,121.468,119.419,121.133,150781872
2013-02-28,121.125,121.899,120.734,120.894,126865910
2013-03-01,120.479,121.476,119.937,121.293,170634729
2013-03-04,121.013,121.938,120.822,121.938,99010157
2013-03-05,122.528,123.358,122.513,123.031,121663035
2013-03-06,123.469,123.533,122.927,123.198,94469849
2013-03-07,123.358,123.581,123.214,123.418,86101309
2013-03-08,123.964,124.115,123.326,123.948,123487628
2013-03-11,123.856,124.426,123.701,124.418,83746703
2013-03-12,124.331,124.474,123.764,124.139,105755706
2013-03-13,124.203,124.490,123.780,124.319,92550856
2013-03-14,124.642,125.032,124.321,124.977,126329853
2013-03-15,124.836,124.988,124.403,124.820,138601089
2013-03-18,123.626,124.668,123.514,124.131,126704266
2013-03-19,124.395,124.564,123.026,123.843,167567263
2013-03-20,124.572,124.916,124.363,124.708,113759222
2013-03-21,123.963,124.667,123.434,123.642,128604916
2013-03-22,124.035,124.636,123.939,124.636,111163530
2013-03-25,124.964,125.172,123.634,124.115,151322280
2013-03-26,124.628,125.140,124.491,125.108,86856545
2013-03-27,124.363,125.152,124.155,125.108,99950532
2013-03-28,125.028,125.637,124.756,125.493,102932783
2013-04-01,125.429,125.685,124.692,124.996,99194043
2013-04-02,125.445,125.925,125.252,125.613,101504286
2013-04-03,125.685,125.781,124.011,124.339,154167332
2013-04-04,124.499,125.092,124.227,124.844,131884920
2013-04-05,123.314,124.435,123.170,124.282,159665917
2013-04-08,124.371,125.132,123.955,125.124,86571104
2013-04-09,125.357,126.013,124.940,125.557,101922102
2013-04-10,125.893,127.255,125.861,127.095,135711015
2013-04-11,127.119,127.928,126.991,127.511,110142479
2013-04-12,127.103,127.391,126.494,127.199,116359817
2013-04-15,126.558,126.662,124.235,124.250,217258928
2013-04-16,125.188,126.149,124.884,126.085,147507796
2013-04-17,125.188,125.212,123.578,124.243,226834743
2013-04-18,124.451,124.483,122.994,123.466,167583106
2013-04-19,123.755,124.596,123.450,124.539,149687552
2013-04-22,124.780,125.389,123.955,125.092,106553422
2013-04-23,125.717,126.502,125.092,126.382,166141269
2013-04-24,126.422,126.798,126.190,126.462,96781189
2013-04-25,126.830,127.575,126.638,126.975,131060567
2013-04-26,126.822,127.039,126.342,126.750,95918776
2013-04-29,127.095,127.880,126.894,127.599,88572702
2013-04-30,127.575,127.936,127.047,127.904,116010614
2013-05-01,127.623,127.687,126.638,126.782,138874120
2013-05-02,127.103,128.072,126.983,127.960,96407564
2013-05-03,129.073,129.666,127.985,129.256,144202220
2013-05-06,129.353,129.770,129.297,129.586,66882091
2013-05-07,129.866,130.283,129.498,130.243,90359178
2013-05-08,130.098,130.875,130.026,130.835,97419172
2013-05-09,130.779,131.124,130.138,130.468,106738550
2013-05-10,130.555,131.003,130.171,130.891,103202902
2013-05-13,130.723,131.212,130.419,130.996,81843160
2013-05-14,131.100,132.445,131.100,132.349,119000837
2013-05-15,132.133,133.326,132.093,133.058,120718433
2013-05-16,132.790,133.254,132.237,132.437,109913544
2013-05-17,132.926,133.799,132.750,133.719,129801000
2013-05-20,133.591,134.232,133.455,133.711,85071182
2013-05-21,133.831,134.408,133.367,133.903,95804190
2013-05-22,134.039,135.425,132.301,132.910,244031724
2013-05-23,131.492,132.894,131.316,132.525,211064320
2013-05-24,131.740,132.470,131.348,132.412,151573867
2013-05-28,133.799,134.392,132.814,133.206,143679738
2013-05-29,132.501,132.806,131.636,132.341,160363334
2013-05-30,132.445,133.439,132.341,132.830,107793730
2013-05-31,132.461,133.214,130.667,130.919,176850020
2013-06-03,131.228,131.732,130.291,131.644,168390676
2013-06-04,131.716,132.245,130.347,131.012,157631425
2013-06-05,130.635,130.899,129.065,129.179,211737712
2013-06-06,129.121,130.355,128.360,130.347,200225418
2013-06-07,131.244,132.125,130.675,132.005,188337725
2013-06-10,132.413,132.485,131.660,132.005,105667060
2013-06-11,130.803,131.797,130.354,130.641,159505378
2013-06-12,131.540,131.676,129.442,129.562,177363530
2013-06-13,129.490,131.765,129.201,131.532,163587777
2013-06-14,131.388,131.901,130.491,130.703,141197468
2013-06-17,131.596,132.341,130.739,131.716,136295578
2013-06-18,131.789,132.958,131.781,132.754,114695519
2013-06-19,132.646,132.878,130.867,130.923,206149463
2013-06-20,129.650,130.937,127.343,127.679,321255850
2013-06-21,128.542,128.639,126.795,128.083,271956728
2013-06-24,126.747,127.568,125.394,126.465,222334758
2013-06-25,127.608,128.913,126.755,127.685,162262138
2013-06-26,128.727,129.235,128.228,128.945,134847909
2013-06-27,129.718,130.297,129.597,129.702,129483673
2013-06-28,129.339,129.959,128.719,129.170,160402823
2013-07-01,129.847,130.829,129.702,129.927,131954792
2013-07-02,129.734,130.684,129.235,129.806,154863617
2013-07-03,129.218,130.257,129.009,129.863,75216341
2013-07-05,130.821,131.312,129.879,131.264,122416847
2013-07-08,131.940,132.367,131.315,132.009,108092440
2013-07-09,132.842,133.124,132.270,132.963,119297903
2013-07-10,132.834,133.462,132.560,133.013,121410362
2013-07-11,134.557,134.960,133.001,134.823,135592163
2013-07-12,134.782,135.220,134.573,134.879,104212650
2013-07-15,135.249,135.588,135.016,135.398,69450551
2013-07-16,135.483,135.563,134.525,134.891,88702093
2013-07-17,135.402,135.660,135.056,135.233,92873880
2013-07-18,135.523,136.296,135.435,135.974,103620266
2013-07-19,135.692,136.264,135.523,136.216,103831633
2013-07-22,136.409,136.675,136.087,136.481,79428559
2013-07-23,136.723,136.747,136.119,136.192,80829656
2013-07-24,136.715,136.771,135.419,135.692,112913979
2013-07-25,135.451,136.143,135.225,136.022,111156540
2013-07-26,135.451,136.208,134.887,136.167,107814531
2013-07-29,135.821,136.127,135.362,135.749,79845115
2013-07-30,136.159,136.304,135.427,135.747,85216968
2013-07-31,136.030,136.763,135.668,135.845,142388621
2013-08-01,136.876,137.536,136.803,137.415,110438393
2013-08-02,137.109,137.667,136.924,137.649,91116603
2013-08-05,137.343,137.657,137.166,137.448,54072643
2013-08-06,137.182,137.480,136.361,136.667,87494967
2013-08-07,136.232,136.425,135.716,136.224,84854618
2013-08-08,136.868,137.029,136.022,136.723,102181229
2013-08-09,136.546,136.965,135.853,136.328,91856453
2013-08-12,135.644,136.328,135.580,136.168,68593204
2013-08-13,136.409,136.803,135.604,136.570,80806030
2013-08-14,136.506,136.723,135.837,135.869,79829169
2013-08-15,134.799,134.815,133.736,133.969,152931740
2013-08-16,133.712,134.170,133.261,133.526,130868145
2013-08-19,133.373,133.832,132.665,132.673,96437569
2013-08-20,132.890,133.824,132.745,133.325,89294374
2013-08-21,132.955,133.687,132.206,132.504,159530482
2013-08-22,132.777,133.905,132.769,133.712,101471352
2013-08-23,134.106,134.332,133.478,134.162,90893581
2013-08-26,134.299,134.710,133.575,133.663,89705051
2013-08-27,132.343,133.665,131.417,131.513,158621736
2013-08-28,131.457,132.447,131.288,131.980,108112952
2013-08-29,131.690,132.890,131.570,132.190,119200461
2013-08-30,132.463,132.480,131.384,131.771,134928918
2013-09-03,133.043,133.325,131.811,132.367,142375036
2013-09-04,132.399,133.687,132.162,133.462,97389357
2013-09-05,133.542,133.985,133.446,133.631,63090428
2013-09-06,134.074,134.452,132.439,133.695,159756439
2013-09-09,134.026,135.056,134.026,134.979,87559246
2013-09-10,135.789,135.998,135.483,135.974,105847733
2013-09-11,135.789,136.401,135.555,136.401,94545837
2013-09-12,136.353,136.530,135.853,136.039,83208998
2013-09-13,136.183,136.449,135.869,136.345,72727764
2013-09-16,137.818,137.882,136.916,137.134,126187482
2013-09-17,137.254,137.778,137.254,137.746,82523205
2013-09-18,137.697,139.718,137.351,139.341,203460601
2013-09-19,139.718,139.783,138.965,139.106,146616842
2013-09-20,139.432,139.432,138.016,138.130,132867912
2013-09-23,137.943,138.073,137.053,137.490,104616418
2013-09-24,137.466,137.976,136.908,137.167,106333010
2013-09-25,137.256,137.531,136.649,136.770,117306473
2013-09-26,136.997,137.685,136.778,137.296,77146878
2013-09-27,136.608,136.851,136.309,136.664,99141710
2013-09-30,135.508,136.366,135.241,135.937,143937398
2013-10-01,136.042,137.142,135.902,137.013,127160442
2013-10-02,136.212,137.015,135.791,136.884,113349748
2013-10-03,136.568,136.689,134.990,135.621,176698430
2013-10-04,135.727,136.786,135.549,136.649,96878377
2013-10-07,135.460,136.293,135.322,135.468,96295115
2013-10-08,135.443,135.621,133.793,133.890,178014932
2013-10-09,134.149,134.472,133.121,133.987,168972837
2013-10-10,135.354,136.948,135.306,136.875,195954729
2013-10-11,136.665,137.806,136.552,137.757,105039740
2013-10-14,136.908,138.421,136.803,138.308,112106394
2013-10-15,137.960,138.477,137.118,137.304,155484509
2013-10-16,138.130,139.295,138.061,139.222,161676079
2013-10-17,138.655,140.233,138.631,140.152,129389185
2013-10-18,140.670,141.196,140.387,141.097,138315691
2013-10-21,141.147,141.390,140.791,141.107,104103543
2013-10-22,141.520,142.345,141.128,141.924,126663233
2013-10-23,141.439,141.503,140.751,141.245,105484397
2013-10-24,141.528,141.892,141.196,141.714,70350456
2013-10-25,142.005,142.402,141.730,142.361,93625090
2013-10-28,142.313,142.782,142.159,142.588,84979018
2013-10-29,142.911,143.405,142.709,143.348,87401344
2013-10-30,143.518,143.623,142.127,142.636,140001834
2013-10-31,142.523,143.122,142.021,142.232,133795417
2013-11-01,142.418,142.895,141.771,142.572,142805050
2013-11-04,142.960,143.130,142.387,143.073,85676773
2013-11-05,142.515,143.008,142.054,142.620,85824778
2013-11-06,143.235,143.615,142.839,143.348,87347728
2013-11-07,143.615,143.729,141.398,141.536,157000422
2013-11-08,141.487,143.462,141.471,143.445,136712623
2013-11-11,143.308,143.640,143.138,143.470,62614326
2013-11-12,143.162,143.502,142.701,143.178,83989617
2013-11-13,142.474,144.365,142.474,144.327,103844266
2013-11-14,144.457,145.169,144.222,145.047,103435238
2013-11-15,145.282,145.735,145.096,145.678,102818190
2013-11-18,145.921,146.043,144.845,145.169,104796009
2013-11-19,145.096,145.533,144.602,144.853,93891416
2013-11-20,145.144,145.581,144.004,144.400,124908601
2013-11-21,144.805,145.678,144.716,145.565,92841271
2013-11-22,145.622,146.310,145.452,146.293,81295887
2013-11-25,146.552,146.585,145.937,146.148,79485709
2013-11-26,146.221,146.625,145.966,146.188,86993560
2013-11-27,146.342,146.641,146.164,146.544,58800056
2013-11-29,146.706,147.054,146.285,146.447,55870903
2013-12-02,146.520,146.795,145.840,146.067,99725781
2013-12-03,145.589,145.954,144.966,145.436,116563302
2013-12-04,144.910,146.026,144.303,145.420,123032637
2013-12-05,145.161,145.428,144.643,144.780,106934067
2013-12-06,146.180,146.536,145.759,146.399,127727518
2013-12-09,146.827,146.989,146.577,146.771,70123608
2013-12-10,146.431,146.738,146.152,146.245,80976207
2013-12-11,146.293,146.326,144.424,144.602,130590810
2013-12-12,144.538,144.716,143.826,144.125,115564840
2013-12-13,144.424,144.554,143.834,144.109,107807610
2013-12-16,144.788,145.484,144.748,145.004,96194790
2013-12-17,145.120,145.161,144.222,144.546,89886224
2013-12-18,144.764,147.038,143.470,147.013,234906482
2013-12-19,146.601,147.013,146.212,146.844,136298872
2013-12-20,146.975,148.049,146.892,147.699,197086908
2013-12-23,148.391,148.578,148.110,148.488,85597541
2013-12-24,148.496,148.879,148.488,148.814,45368841
2013-12-26,149.147,149.651,149.131,149.566,63365227
2013-12-27,149.765,149.830,149.407,149.558,61813841
2013-12-30,149.578,149.700,149.342,149.538,56857458
2013-12-31,149.741,150.245,149.627,150.245,86247638
2014-01-02,149.668,149.741,148.447,148.805,119636836
2014-01-03,149.041,149.359,148.570,148.777,81390502
2014-01-06,149.253,149.326,148.122,148.350,108028139
2014-01-07,148.944,149.513,148.830,149.261,86144169
2014-01-08,149.237,149.546,148.781,149.294,96582234
2014-01-09,149.765,149.790,148.704,149.391,90683302
2014-01-10,149.643,149.863,148.879,149.798,102026318
2014-01-13,149.448,149.830,147.520,147.801,149891938
2014-01-14,148.285,149.497,148.016,149.416,105016055
2014-01-15,149.765,150.449,149.448,150.221,98525721
2014-01-16,149.912,150.222,149.546,150.026,72290520
2014-01-17,149.765,150.050,149.131,149.387,107848616
2014-01-21,150.253,150.310,148.911,149.830,88621138
2014-01-22,150.083,150.148,149.611,149.928,61270816
2014-01-23,149.163,149.196,147.911,148.700,132496880
2014-01-24,147.732,147.780,145.478,145.527,208677093
2014-01-27,145.665,146.040,144.087,144.811,180843004
2014-01-28,144.917,145.861,144.901,145.673,110463152
2014-01-29,144.445,145.250,143.892,144.274,216597269
2014-01-30,145.503,146.275,145.015,145.804,118938051
2014-01-31,144.006,145.852,143.924,144.949,194677861
2014-02-03,144.762,145.104,141.411,141.687,254837004
2014-02-04,142.322,143.046,141.635,142.676,165012351
2014-02-05,142.192,142.818,141.313,142.501,164230470
2014-02-06,142.834,144.380,142.542,144.380,132877526
2014-02-07,145.055,146.324,144.583,146.170,170787197
2014-02-10,146.186,146.487,145.787,146.438,92218729
2014-02-11,146.560,148.414,146.462,148.041,117814009
2014-02-12,148.236,148.732,147.817,148.114,94717638
2014-02-13,147.113,149.033,147.105,148.879,100542155
2014-02-14,148.740,149.977,148.602,149.700,96498305
2014-02-18,149.839,150.083,149.399,149.879,80460878
2014-02-19,149.489,150.457,148.765,148.887,126524261
2014-02-20,149.090,150.107,148.545,149.765,104998099
2014-02-21,150.083,150.408,149.521,149.595,118116359
2014-02-24,149.912,151.433,149.847,150.424,114063868
2014-02-25,150.522,150.977,149.871,150.367,117084901
2014-02-26,150.587,150.986,149.952,150.375,98677144
2014-02-27,150.164,151.205,149.985,151.165,93880780
2014-02-28,151.140,152.247,150.538,151.547,150842000
2014-03-03,150.245,150.864,149.481,150.481,167748455
2014-03-04,151.921,152.922,151.921,152.596,167545852
2014-03-05,152.710,152.995,152.491,152.735,88376859
2014-03-06,153.109,153.434,152.759,153.084,82516500
2014-03-07,153.646,153.719,152.474,153.150,114513432
2014-03-10,152.889,153.125,152.190,153.068,74939176
2014-03-11,153.296,153.516,151.962,152.312,99009013
2014-03-12,151.571,152.409,151.230,152.352,104824323
2014-03-13,152.808,152.930,150.221,150.644,155014237
2014-03-14,150.335,151.148,150.042,150.221,153919598
2014-03-17,150.977,151.937,150.912,151.579,98359454
2014-03-18,151.889,152.865,151.726,152.661,101804519
2014-03-19,152.694,152.889,150.880,151.848,176267253
2014-03-20,151.514,152.849,151.246,152.732,117240972
2014-03-21,153.386,154.451,152.005,152.144,163127905
2014-03-24,152.651,152.855,150.853,151.515,121411145
2014-03-25,152.283,152.749,151.384,152.234,103851737
2014-03-26,152.822,153.076,151.098,151.139,119842897
2014-03-27,150.976,151.441,150.265,150.820,142382757
2014-03-28,151.249,152.324,151.164,151.564,101641547
2014-03-31,152.512,153.043,151.590,152.806,99744911
2014-04-01,153.304,153.909,152.799,153.819,89193125
2014-04-02,154.023,154.538,153.729,154.334,78773818
2014-04-03,154.571,154.612,153.656,154.130,77435320
2014-04-04,154.955,155.004,152.062,152.307,169380705
2014-04-07,151.899,152.193,150.314,150.624,140802699
2014-04-08,150.518,151.490,150.011,151.245,112659755
2014-04-09,151.654,152.920,151.213,152.871,100253612
2014-04-10,152.871,152.937,149.472,149.656,172959331
2014-04-11,148.851,149.872,148.148,148.312,167250792
2014-04-14,149.472,149.832,148.255,149.480,132381601
2014-04-15,149.791,150.616,148.312,150.510,157092533
2014-04-16,151.548,152.095,150.878,152.083,105196633
2014-04-17,151.883,152.724,151.621,152.299,105254649
2014-04-21,152.340,152.879,152.152,152.830,68329343
2014-04-22,152.986,153.942,152.904,153.525,85790307
2014-04-23,153.460,153.549,153.043,153.165,73869384
2014-04-24,153.917,153.933,152.741,153.476,88169916
2014-04-25,152.969,153.067,151.874,152.218,100380205
2014-04-28,152.839,153.361,151.131,152.696,135121094
2014-04-29,153.190,153.647,152.863,153.411,84097551
2014-04-30,153.157,154.023,152.945,153.868,101507717
2014-05-01,153.795,154.301,153.394,153.880,93019095
2014-05-02,153.868,154.546,153.435,153.664,98121662
2014-05-05,152.912,154.064,152.487,153.958,75882739
2014-05-06,153.615,153.721,152.585,152.618,85454226
2014-05-07,153.149,153.590,151.989,153.517,106500480
2014-05-08,153.345,154.473,152.863,153.349,93617513
2014-05-09,153.361,153.647,152.659,153.582,83678568
2014-05-12,154.236,155.151,153.614,155.073,86940045
2014-05-13,155.274,155.592,155.061,155.216,66453965
2014-05-14,155.077,155.151,154.260,154.481,72366848
2014-05-15,154.162,154.203,152.373,153.125,154956399
2014-05-16,153.214,153.721,152.569,153.656,97457678
2014-05-19,153.361,154.342,153.223,154.219,63839398
2014-05-20,154.142,154.162,152.855,153.247,111644478
2014-05-21,153.697,154.612,153.664,154.538,89093285
2014-05-22,154.579,155.233,154.318,154.914,61549345
2014-05-23,155.045,155.641,154.911,155.535,60156088
2014-05-27,156.107,156.540,156.025,156.491,72010355
2014-05-28,156.491,156.736,156.115,156.377,66722865
2014-05-29,156.736,157.210,156.336,157.186,64376573
2014-05-30,157.038,157.537,156.908,157.439,76315640
2014-06-02,157.659,157.692,156.859,157.615,64655648
2014-06-03,157.210,157.619,157.087,157.537,65047193
2014-06-04,157.267,157.945,157.100,157.856,55529372
2014-06-05,158.035,159.049,157.455,158.885,92102592
2014-06-06,159.228,159.686,159.155,159.641,78696219
2014-06-09,159.620,160.192,159.473,159.808,65118828
2014-06-10,159.604,159.857,159.269,159.825,57129440
2014-06-11,159.253,159.433,158.910,159.269,68772479
2014-06-12,159.049,159.171,157.790,158.142,106350200
2014-06-13,158.436,158.779,157.945,158.624,82017278
2014-06-16,158.428,159.089,158.240,158.754,87424332
2014-06-17,158.534,159.310,158.362,159.196,84833876
2014-06-18,159.196,160.454,158.844,160.360,105266767
2014-06-19,160.503,160.642,159.988,160.544,85928920
2014-06-20,160.941,161.001,160.670,160.867,100587108
2014-06-23,160.891,160.957,160.522,160.817,70611486
2014-06-24,160.530,161.327,159.668,159.849,96236917
2014-06-25,159.479,160.736,159.479,160.571,82781912
2014-06-26,160.596,160.612,159.381,160.456,84311822
2014-06-27,160.079,160.817,160.001,160.768,71453616
2014-06-30,160.670,161.051,160.530,160.686,70504228
2014-07-01,161.072,162.254,161.023,161.762,90470121
2014-07-02,161.778,162.131,161.704,161.926,52474832
2014-07-03,162.386,162.796,162.262,162.722,52938832
2014-07-07,162.410,162.542,161.918,162.156,61696447
2014-07-08,161.860,161.918,160.719,161.113,108142552
2014-07-09,161.515,161.979,161.171,161.836,72992322
2014-07-10,160.276,161.622,160.144,161.195,99040407
2014-07-11,161.097,161.532,160.735,161.417,64243410
2014-07-14,162.238,162.443,162.098,162.230,58657919
2014-07-15,162.328,162.640,161.212,161.926,111346230
2014-07-16,162.648,162.771,162.082,162.525,80073242
2014-07-17,162.024,162.640,160.448,160.678,145398459
2014-07-18,161.203,162.484,161.113,162.320,124330419
2014-07-21,161.811,162.148,161.269,162.016,67591618
2014-07-22,162.566,163.018,162.451,162.722,67677602
2014-07-23,162.964,163.256,162.640,163.083,65611830
2014-07-24,163.239,163.428,162.927,163.092,56888093
2014-07-25,162.632,162.771,162.008,162.328,76837257
2014-07-28,162.361,162.632,161.425,162.394,69258785
2014-07-29,162.698,162.927,161.671,161.696,80466351
2014-07-30,162.271,162.484,161.047,161.721,104222452
2014-07-31,160.596,160.735,158.428,158.527,183479441
2014-08-01,158.092,159.077,157.279,158.043,189260864
2014-08-04,158.346,159.520,157.673,159.184,91340487
2014-08-05,158.535,158.946,157.066,157.640,152690379
2014-08-06,156.901,158.363,156.877,157.689,94818317
2014-08-07,158.400,158.560,156.442,156.836,135733421
2014-08-08,157.189,158.757,156.770,158.650,117014384
2014-08-11,159.245,159.816,159.036,159.106,74543691
2014-08-12,158.954,159.397,158.404,158.888,73631640
2014-08-13,159.512,160.144,159.241,159.964,69046544
2014-08-14,160.226,160.719,160.079,160.719,57370793
2014-08-15,161.302,161.450,159.529,160.686,139950669
2014-08-18,161.573,162.106,161.482,162.033,75424360
2014-08-19,162.427,163.001,162.100,162.878,59134709
2014-08-20,162.657,163.510,162.624,163.313,72762541
2014-08-21,163.453,164.003,163.322,163.790,67790690
2014-08-22,163.658,163.945,163.166,163.535,76107359
2014-08-25,164.315,164.688,163.502,164.364,63855022
2014-08-26,164.471,164.873,164.430,164.471,47298324
2014-08-27,164.553,164.668,164.151,164.405,47873708
2014-08-28,163.863,164.422,163.699,164.315,58330373
2014-08-29,164.569,164.799,164.052,164.783,65906598
2014-09-02,164.996,165.017,164.085,164.701,72425793
2014-09-03,165.333,165.358,164.381,164.611,57461742
2014-09-04,164.890,165.497,163.921,164.372,85236442
2014-09-05,164.340,165.177,163.716,165.111,102176784
2014-09-08,164.955,165.193,164.200,164.684,64145745
2014-09-09,164.537,164.652,163.305,163.642,88590876
2014-09-10,163.732,164.364,163.190,164.257,67251103
2014-09-11,163.601,164.471,163.478,164.446,66823558
2014-09-12,164.282,164.299,163.018,163.486,117478516
2014-09-15,163.510,163.642,162.870,163.363,76401421
2014-09-16,163.059,164.890,162.969,164.594,116200722
2014-09-17,164.832,165.579,163.995,164.816,151265896
2014-09-18,165.317,165.719,165.103,165.694,94990300
2014-09-19,166.234,166.546,165.219,165.557,121649147
2014-09-22,165.269,165.293,163.932,164.279,125552758
2014-09-23,163.685,164.370,163.289,163.338,111393319
2014-09-24,163.363,164.724,162.934,164.617,107275635
2014-09-25,164.188,164.196,161.903,161.961,150300028
2014-09-26,162.258,163.652,162.027,163.248,103546740
2014-09-29,161.845,163.239,161.722,162.951,95111605
2014-09-30,163.074,163.578,162.184,162.522,131302082
2014-10-01,162.258,162.316,159.956,160.319,177797862
2014-10-02,160.179,160.901,158.670,160.344,157285182
2014-10-03,161.416,162.456,160.921,162.109,121568769
2014-10-06,162.786,163.000,161.336,161.920,104778335
2014-10-07,161.086,161.449,159.387,159.420,147913498
2014-10-08,159.511,162.439,158.678,162.208,186461453
2014-10-09,161.953,162.175,158.859,158.991,210704601
2014-10-10,158.950,159.742,157.135,157.176,221908954
2014-10-13,157.110,157.680,154.504,154.594,230938833
2014-10-14,155.428,156.583,154.289,154.834,215846527
2014-10-15,152.738,154.829,150.066,153.786,380714598
2014-10-16,151.006,154.735,150.866,153.654,270391488
2014-10-17,155.428,156.525,154.768,155.469,214624921
2014-10-20,155.188,157.102,155.139,156.978,130010813
2014-10-21,158.117,160.196,157.952,160.088,154948579
2014-10-22,160.369,160.781,158.884,158.950,151822409
2014-10-23,160.542,161.845,160.245,160.798,154944169
2014-10-24,161.062,162.085,160.435,162.035,117927286
2014-10-27,161.458,162.052,160.880,161.812,82953689
2014-10-28,162.357,163.677,162.283,163.668,106735936
2014-10-29,163.784,164.254,162.340,163.421,142557417
2014-10-30,162.984,164.939,162.835,164.469,113329976
2014-10-31,166.448,166.481,165.615,166.349,146902554
2014-11-03,166.564,167.001,166.056,166.440,93734143
2014-11-04,165.995,166.300,165.029,165.863,93342777
2014-11-05,167.075,167.116,166.176,166.910,91708574
2014-11-06,166.952,167.669,166.333,167.578,107089076
2014-11-07,167.595,167.950,167.133,167.735,89539712
2014-11-10,167.768,168.313,167.562,168.263,66318964
2014-11-11,168.325,168.535,167.991,168.424,54499375
2014-11-12,167.743,168.478,167.710,168.247,90120295
2014-11-13,168.412,168.964,167.628,168.436,85357918
2014-11-14,168.362,168.684,168.049,168.478,80417514
2014-11-17,168.156,168.758,167.991,168.585,80440954
2014-11-18,168.643,169.863,168.643,169.558,76068107
2014-11-19,169.360,169.558,168.527,169.286,82373009
2014-11-20,168.494,169.690,168.428,169.583,72840326
2014-11-21,171.282,171.451,169.913,170.490,142327285
2014-11-24,170.895,171.076,170.680,170.969,65880759
2014-11-25,171.200,171.406,170.589,170.845,79108301
2014-11-26,170.994,171.381,170.779,171.282,62167832
2014-11-28,171.159,171.472,170.680,170.919,57890088
2014-12-01,170.259,170.375,169.418,169.731,103968354
2014-12-02,169.773,171.035,169.750,170.824,74507192
2014-12-03,171.002,171.703,170.837,171.488,68951968
2014-12-04,171.200,171.798,170.507,171.299,91316591
2014-12-05,171.472,171.967,171.208,171.579,91025470
2014-12-08,171.183,171.678,169.872,170.433,108588152
2014-12-09,168.585,170.424,168.205,170.317,125180054
2014-12-10,169.855,169.913,167.397,167.587,159856394
2014-12-11,168.181,170.086,168.040,168.436,159012805
2014-12-12,167.158,168.130,165.681,165.714,202330191
2014-12-15,166.613,167.067,163.974,164.576,189965750
2014-12-16,163.809,166.956,163.215,163.256,259543848
2014-12-17,163.693,166.910,163.569,166.457,253910092
2014-12-18,168.890,175.679,168.214,170.573,257633887
2014-12-19,171.213,171.960,170.534,171.288,245084590
2014-12-22,171.478,172.076,171.238,172.076,148318934
2014-12-23,172.656,172.706,172.017,172.308,122167931
2014-12-24,172.532,172.797,172.283,172.324,42963399
2014-12-26,172.772,173.220,172.723,172.880,57326703
2014-12-29,172.698,173.320,172.631,173.112,79643948
2014-12-30,172.689,172.822,172.109,172.183,73540761
2014-12-31,172.507,172.673,170.350,170.475,130333829
2015-01-02,171.172,171.586,169.347,170.384,121465865
2015-01-05,169.339,169.504,167.000,167.307,169632646
2015-01-06,167.613,168.136,164.930,165.731,209151408
2015-01-07,167.058,168.136,166.610,167.796,125346709
2015-01-08,169.206,170.989,169.189,170.773,147217784
2015-01-09,171.188,171.205,168.791,169.405,158567288
2015-01-12,169.538,169.695,167.472,168.078,144396067
2015-01-13,169.297,170.425,166.303,167.605,214553306
2015-01-14,165.590,166.792,164.694,166.593,192991092
2015-01-15,167.232,167.547,164.951,165.067,176613906
2015-01-16,164.860,167.390,164.677,167.232,211879605
2015-01-20,167.871,168.136,166.021,167.584,130991069
2015-01-21,167.124,168.916,166.660,168.435,122942707
2015-01-22,169.189,171.072,167.813,170.939,174356029
2015-01-23,170.682,170.939,169.869,170.002,117516753
2015-01-26,169.786,170.491,169.073,170.400,92009711
2015-01-27,168.343,169.297,167.323,168.153,134044598
2015-01-28,169.339,169.438,165.805,165.996,168514312
2015-01-29,166.195,167.788,164.785,167.531,173585424
2015-01-30,166.353,167.680,165.158,165.424,197729724
2015-02-02,165.921,167.564,164.105,167.472,163106969
2015-02-03,168.368,169.903,167.995,169.894,124212881
2015-02-04,169.131,170.342,168.791,169.247,134306728
2015-02-05,169.911,171.105,169.836,170.956,97953181
2015-02-06,171.321,171.885,169.961,170.483,125672026
2015-02-09,169.836,170.558,169.310,169.720,87219016
2015-02-10,170.757,171.785,169.762,171.528,96164183
2015-02-11,171.362,172.059,170.715,171.628,91087785
2015-02-12,172.424,173.336,171.663,173.278,97545949
2015-02-13,173.403,174.041,173.146,173.992,93670430
2015-02-17,173.676,174.439,173.428,174.265,76968199
2015-02-18,173.892,174.356,173.627,174.282,80652941
2015-02-19,173.685,174.522,173.544,174.157,91462491
2015-02-20,173.743,175.277,173.121,175.202,140896392
2015-02-23,174.954,175.178,174.572,175.177,74411054
2015-02-24,175.103,175.874,174.804,175.675,72472263
2015-02-25,175.551,176.032,175.186,175.526,73061687
2015-02-26,175.435,175.592,174.713,175.319,72697868
2015-02-27,175.219,175.484,174.672,174.721,108075972
2015-03-02,174.821,175.883,174.771,175.825,87491428
2015-03-03,175.393,175.878,174.240,175.103,110325809
2015-03-04,174.506,174.580,173.394,174.365,114497192
2015-03-05,174.688,174.838,174.050,174.556,76872957
2015-03-06,173.693,174.124,171.769,172.101,188127982
2015-03-09,172.300,173.170,172.139,172.814,89818893
2015-03-10,171.445,171.528,169.969,170.010,157121263
2015-03-11,170.268,170.442,169.529,169.612,110145718
2015-03-12,170.243,171.831,170.193,171.769,93993523
2015-03-13,171.495,172.460,169.679,170.713,162410893
2015-03-16,171.445,173.087,170.744,172.996,136099192
2015-03-17,172.258,172.864,171.669,172.482,94510422
2015-03-18,172.009,175.227,171.371,174.556,228808524
2015-03-19,174.141,174.564,173.369,173.759,117917302
2015-03-20,174.709,175.801,174.526,175.293,177715081
2015-03-23,175.301,175.876,174.951,174.951,71784536
2015-03-24,174.826,175.284,173.901,173.968,77805321
2015-03-25,174.176,174.409,171.377,171.419,159521708
2015-03-26,170.752,171.927,170.052,171.010,153067241
2015-03-27,170.894,171.577,170.702,171.402,118938966
2015-03-30,172.435,173.793,172.418,173.493,96180365
2015-03-31,172.668,173.368,171.919,171.977,126768703
2015-04-01,171.944,171.969,170.377,171.369,137303584
2015-04-02,171.302,172.435,171.119,171.981,86900906
2015-04-06,171.094,173.660,170.960,173.143,114368155
2015-04-07,173.164,173.918,172.652,172.685,81236337
2015-04-08,172.910,173.710,172.518,173.264,89351939
2015-04-09,173.102,174.268,172.610,174.035,85548854
2015-04-10,174.285,175.026,174.085,174.984,72722915
2015-04-13,174.843,175.476,174.143,174.193,74436594
2015-04-14,173.993,174.709,173.368,174.526,75099866
2015-04-15,174.993,175.817,174.909,175.309,99529320
2015-04-16,174.976,175.767,174.778,175.259,68934864
2015-04-17,174.068,174.310,172.460,173.243,191113230
2015-04-20,174.168,175.159,174.085,174.826,92189481
2015-04-21,175.509,175.667,174.318,174.618,72559831
2015-04-22,174.959,175.659,174.035,175.476,78264616
2015-04-23,175.076,176.567,174.959,175.917,102585942
2015-04-24,176.334,176.592,175.876,176.326,61327387
2015-04-27,176.892,177.017,175.401,175.592,79358126
2015-04-28,175.567,176.201,174.393,176.151,86863531
2015-04-29,175.259,176.026,174.618,175.426,125684903
2015-04-30,174.851,175.243,172.968,173.668,161304890
2015-05-01,174.451,175.592,174.351,175.551,103399711
2015-05-04,175.976,176.634,175.867,176.051,70927235
2015-05-05,175.809,176.167,173.893,174.035,113326156
2015-05-06,174.584,174.893,172.252,173.318,135060151
2015-05-07,173.218,174.434,172.885,174.010,88244940
2015-05-08,175.684,176.501,175.601,176.301,155877260
2015-05-11,176.259,176.526,175.384,175.455,75708065
2015-05-12,174.626,175.476,173.801,174.934,119727592
2015-05-13,175.343,175.967,174.734,174.968,94667943
2015-05-14,175.984,176.884,175.709,176.792,95934006
2015-05-15,176.984,177.125,176.501,176.984,76510099
2015-05-18,176.817,177.784,176.750,177.534,74549685
2015-05-19,177.650,177.925,177.192,177.475,72114610
2015-05-20,177.575,178.100,177.037,177.350,76857530
2015-05-21,177.209,178.075,177.042,177.867,64764585
2015-05-22,177.484,177.900,177.375,177.442,57433495
2015-05-26,176.950,177.374,175.118,175.534,124308584
2015-05-27,175.992,177.434,175.585,177.200,93213981
2015-05-28,176.892,177.109,176.309,177.000,74974560
2015-05-29,176.934,176.975,175.634,175.901,124919611
2015-06-01,176.567,176.900,175.468,176.259,93338750
2015-06-02,175.801,176.775,175.176,176.084,91531012
2015-06-03,176.617,177.175,176.059,176.551,87820909
2015-06-04,175.842,176.500,174.743,175.059,151882820
2015-06-05,174.909,175.434,174.101,174.759,121704676
2015-06-08,174.651,174.801,173.610,173.685,89063330
2015-06-09,173.660,174.201,173.027,173.660,105034690
2015-06-10,174.426,176.126,174.367,175.742,134551285
2015-06-11,176.184,176.692,175.951,176.309,73876447
2015-06-12,175.484,176.186,174.684,174.959,135382369
2015-06-15,173.818,174.493,173.110,174.210,124384184
2015-06-16,174.060,175.243,173.885,175.159,85308227
2015-06-17,175.443,176.051,174.418,175.443,126708635
2015-06-18,176.042,177.734,175.477,177.267,165867949
2015-06-19,177.034,177.110,176.113,176.490,130478689
2015-06-22,177.407,177.980,177.185,177.394,70696027
2015-06-23,177.604,177.855,177.126,177.520,68476797
2015-06-24,177.252,177.629,176.205,176.231,92307318
2015-06-25,176.733,176.859,175.619,175.695,97107361
2015-06-26,176.055,176.298,175.109,175.661,104174840
2015-06-29,174.175,175.668,171.902,171.978,202621332
2015-06-30,173.518,173.568,171.860,172.338,182925106
2015-07-01,173.912,174.163,172.932,173.719,135979873
2015-07-02,174.196,174.364,173.141,173.560,104373652
2015-07-06,172.271,173.845,172.070,173.066,117975369
2015-07-07,173.267,174.280,170.881,174.154,173820249
2015-07-08,172.840,173.103,170.998,171.233,164020059
2015-07-09,173.334,173.593,171.433,171.542,144113107
2015-07-10,173.543,174.121,171.586,173.702,129456890
2015-07-13,174.966,175.728,174.925,175.619,106069400
2015-07-14,175.578,176.691,175.519,176.381,81709575
2015-07-15,176.423,176.884,175.845,176.323,97914141
2015-07-16,177.378,177.738,177.135,177.738,106683266
2015-07-17,177.729,177.947,177.319,177.888,89029973
2015-07-20,178.114,178.474,177.662,177.980,70446821
2015-07-21,177.846,178.106,176.976,177.277,77965048
2015-07-22,176.591,177.294,176.557,176.959,88667920
2015-07-23,177.093,177.193,175.603,175.963,90509128
2015-07-24,176.063,176.122,173.803,174.138,117754979
2015-07-27,173.250,173.761,172.681,173.125,132361082
2015-07-28,173.962,175.393,173.133,175.251,123544845
2015-07-29,175.377,176.683,175.234,176.457,105791255
2015-07-30,175.946,176.666,175.326,176.499,91304374
2015-07-31,177.001,177.026,175.946,176.231,103266857
2015-08-03,176.197,176.256,174.682,175.636,113965728
2015-08-04,175.561,176.020,174.807,175.293,81820823
2015-08-05,176.189,176.909,175.586,175.871,85786817
2015-08-06,176.055,176.159,173.845,174.431,116030803
2015-08-07,174.272,174.422,173.192,174.096,117857956
2015-08-10,175.209,176.373,175.209,176.289,80270676
2015-08-11,174.950,175.368,173.937,174.699,126081377
2015-08-12,173.392,175.092,171.927,174.908,172123672
2015-08-13,174.749,175.435,174.146,174.690,89383253
2015-08-14,174.498,175.401,174.355,175.326,72786528
2015-08-17,174.732,176.306,174.272,176.306,79072643
2015-08-18,176.030,176.381,175.560,175.795,71692678
2015-08-19,175.050,175.820,173.593,174.406,172945975
2015-08-20,172.890,174.377,170.705,170.764,194327884
2015-08-21,168.888,170.739,165.364,165.456,346588469
2015-08-24,156.967,165.328,152.705,158.691,507244333
2015-08-25,163.614,163.631,156.489,156.782,369833071
2015-08-26,160.809,163.078,157.703,162.802,339256986
2015-08-27,164.945,166.954,163.430,166.829,274143906
2015-08-28,166.184,167.302,165.699,166.837,160414352
2015-08-31,165.858,166.707,164.937,165.489,163298816
2015-09-01,161.680,163.061,159.679,160.550,256000392
2015-09-02,162.936,163.639,161.094,163.597,160269331
2015-09-03,164.309,165.807,163.221,163.714,152087836
2015-09-04,161.454,162.300,160.416,161.236,207080961
2015-09-08,164.041,165.439,163.396,165.288,116025739
2015-09-09,166.871,166.996,162.710,163.078,149347735
2015-09-10,162.886,165.113,162.626,163.966,158611063
2015-09-11,163.568,164.778,162.861,164.711,119691212
2015-09-14,164.887,164.937,163.614,164.100,79451983
2015-09-15,164.602,166.594,164.059,166.151,113806176
2015-09-16,166.452,167.783,166.109,167.591,99581557
2015-09-17,167.457,169.860,166.837,167.214,276046618
2015-09-18,164.690,167.193,164.059,164.471,223657456
2015-09-21,165.304,166.348,164.269,165.321,105726209
2015-09-22,163.150,163.638,162.039,163.175,153890876
2015-09-23,163.344,163.815,162.334,162.914,92790620
2015-09-24,161.694,162.788,160.356,162.325,159378840
2015-09-25,163.790,164.093,161.408,162.283,155054777
2015-09-28,161.383,161.492,157.899,158.210,178515871
2015-09-29,158.429,159.666,157.302,158.303,159045572
2015-09-30,160.196,161.421,159.414,161.257,163452044
2015-10-01,161.635,161.980,159.734,161.677,131078964
2015-10-02,159.691,164.118,159.144,164.093,211003342
2015-10-05,165.321,167.240,165.212,167.013,126320842
2015-10-06,166.878,167.442,165.776,166.440,110274530
2015-10-07,167.374,168.153,166.179,167.804,124307295
2015-10-08,167.416,169.604,167.113,169.318,153055231
2015-10-09,169.461,169.899,168.788,169.419,107069240
2015-10-12,169.495,169.781,169.066,169.579,56395585
2015-10-13,168.847,170.118,168.342,168.510,88038718
2015-10-14,168.451,169.032,167.408,167.703,99106161
2015-10-15,168.367,170.286,167.997,170.278,134142195
2015-10-16,170.681,171.069,169.916,171.052,114580052
2015-10-19,170.404,171.136,170.092,171.136,76523897
2015-10-20,170.698,171.531,170.443,170.900,78448484
2015-10-21,171.338,171.489,169.688,169.857,102038033
2015-10-22,170.808,172.937,169.857,172.726,174911723
2015-10-23,174.401,174.990,173.601,174.620,144442340
2015-10-26,174.443,174.502,173.820,174.191,69032965
2015-10-27,173.517,174.191,173.172,173.854,77905770
2015-10-28,174.191,175.857,173.526,175.831,135906725
2015-10-29,175.327,176.101,175.209,175.730,90525498
2015-10-30,175.924,176.244,174.813,174.973,131076942
2015-11-02,175.301,177.237,175.175,177.043,86270811
2015-11-03,176.690,178.112,176.463,177.557,95246052
2015-11-04,177.851,177.977,176.479,177.018,96224477
2015-11-05,177.077,177.540,175.949,176.841,78408744
2015-11-06,176.496,176.984,175.419,176.749,110471473
2015-11-09,176.134,176.286,174.148,175.099,131008660
2015-11-10,174.620,175.537,174.350,175.503,75874602
2015-11-11,175.773,175.823,174.746,174.813,67845971
2015-11-12,173.770,174.241,172.356,172.373,121315200
2015-11-13,171.961,172.230,170.349,170.437,153577050
2015-11-16,170.252,173.088,170.134,173.029,117645231
2015-11-17,173.341,174.224,172.407,172.903,121123744
2015-11-18,173.383,175.789,173.341,175.646,121342544
2015-11-19,175.528,175.916,175.200,175.495,88220465
2015-11-20,176.252,176.816,175.756,176.135,94011519
2015-11-23,176.193,176.698,175.470,175.932,64931172
2015-11-24,174.923,176.572,174.536,176.168,98874365
2015-11-25,176.294,176.496,175.882,176.143,51980062
2015-11-27,176.235,176.547,175.756,176.345,37317779
2015-11-30,176.505,176.622,175.503,175.613,112822700
2015-12-01,176.244,177.405,175.966,177.287,97858418
2015-12-02,177.233,177.557,175.226,175.477,108441259
2015-12-03,175.730,176.000,172.298,173.021,166224154
2015-12-04,173.416,176.690,173.290,176.395,192913879
2015-12-07,176.067,176.487,174.359,175.327,102027111
2015-12-08,173.761,175.275,173.164,174.148,103372367
2015-12-09,173.509,175.604,171.817,172.794,162401537
2015-12-10,172.861,174.552,172.625,173.240,116128884
2015-12-11,171.119,171.784,169.571,169.882,211173305
2015-12-14,170.042,170.867,168.258,170.741,182385177
2015-12-15,172.255,173.442,170.712,172.533,154069569
2015-12-16,173.656,175.360,172.339,175.057,197017008
2015-12-17,175.369,175.436,172.373,172.390,173092476
2015-12-18,171.645,171.780,169.156,169.318,251393535
2015-12-21,170.494,170.891,169.376,170.714,99094290
2015-12-22,171.598,172.559,170.612,172.263,111026246
2015-12-23,173.270,174.438,173.177,174.396,110987228
2015-12-24,174.142,174.658,173.888,174.108,48542150
2015-12-28,173.414,173.753,172.635,173.710,65899939
2015-12-29,174.811,175.894,174.777,175.564,92640672
2015-12-30,175.319,175.403,174.176,174.320,63317679
2015-12-31,173.643,174.286,172.576,172.576,114877859
2016-01-04,169.715,170.172,168.106,170.163,222353534
2016-01-05,170.485,170.908,169.342,170.451,110845849
2016-01-06,167.895,169.351,167.268,168.301,152112604
2016-01-07,165.347,167.133,163.874,164.263,213436073
2016-01-08,165.228,165.787,162.172,162.463,209817228
2016-01-11,163.383,163.722,160.683,162.621,187941323
2016-01-12,164.069,164.687,161.800,163.934,172330490
2016-01-13,164.602,164.949,159.464,159.845,221168886
2016-01-14,160.454,163.595,158.854,162.469,240795609
2016-01-15,158.101,159.785,157.043,158.981,324846447
2016-01-19,160.801,160.928,157.618,159.193,195244373
2016-01-20,156.628,158.715,153.233,157.153,286547839
2016-01-21,157.627,159.878,156.298,158.033,195772941
2016-01-22,160.649,161.478,159.887,161.275,168319598
2016-01-25,160.767,160.962,158.643,158.837,130371686
2016-01-26,159.498,161.284,159.159,161.004,141036757
2016-01-27,160.479,162.156,158.346,159.252,185681707
2016-01-28,160.801,161.004,158.431,160.082,143798780
2016-01-29,160.852,164.119,160.733,163.985,210529336
2016-02-01,162.977,164.712,162.393,163.925,136061564
2016-02-02,162.494,162.503,160.446,160.970,182564890
2016-02-03,162.029,162.342,158.380,161.935,205054934
2016-02-04,161.436,163.163,160.801,162.189,139531794
2016-02-05,161.673,162.248,158.465,159.100,180788308
2016-02-08,157.254,157.551,154.740,156.958,191526694
2016-02-09,155.214,158.245,155.079,156.966,184513136
2016-02-10,157.796,159.430,156.704,156.831,148214057
2016-02-11,154.351,155.841,153.293,154.791,219058885
2016-02-12,156.569,157.999,155.722,157.982,127632393
2016-02-16,159.794,160.674,158.829,160.649,120250668
2016-02-17,161.817,163.645,161.690,163.273,136009496
2016-02-18,163.544,163.603,162.291,162.604,102342997
2016-02-19,161.825,162.680,161.216,162.528,114792988
2016-02-22,164.111,165.025,164.043,164.881,103640292
2016-02-23,164.221,164.492,162.680,162.799,111455289
2016-02-24,161.368,163.823,160.259,163.544,150812152
2016-02-25,163.992,165.533,163.231,165.525,110728317
2016-02-26,166.397,166.490,164.983,165.143,129833663
2016-02-29,165.161,166.109,163.654,163.849,125918102
2016-03-01,165.076,167.785,164.605,167.700,141799687
2016-03-02,167.387,168.504,166.972,168.454,102414960
2016-03-03,168.276,169.126,167.700,169.110,95172197
2016-03-04,169.308,170.443,168.479,169.664,129293601
2016-03-07,168.741,170.206,168.665,169.799,100218998
2016-03-08,168.724,169.232,167.785,167.946,123974866
2016-03-09,168.758,169.122,167.971,168.775,94801213
2016-03-10,169.266,170.206,167.082,168.911,156838697
2016-03-11,170.367,171.679,168.892,171.636,137964528
2016-03-14,171.128,171.873,170.798,171.416,73611974
2016-03-15,170.451,171.442,170.189,171.137,93169090
2016-03-16,170.654,172.534,170.612,172.127,129303179
2016-03-17,172.043,173.727,171.645,173.219,134278505
2016-03-18,173.728,174.247,173.413,173.907,138372404
2016-03-21,173.643,174.383,173.413,174.154,72926659
2016-03-22,173.379,174.630,173.218,174.060,97471939
2016-03-23,173.677,173.864,172.741,172.911,81052455
2016-03-24,171.882,172.869,171.661,172.835,84360853
2016-03-28,173.252,173.464,172.482,172.937,62408185
2016-03-29,172.528,174.647,172.222,174.537,92922863
2016-03-30,175.541,176.026,174.937,175.302,86365310
2016-03-31,175.209,175.634,174.715,174.877,94584110
2016-04-01,173.881,176.255,173.567,176.068,114423478
2016-04-04,175.992,176.196,175.192,175.498,63496969
2016-04-05,174.154,175.510,173.490,173.745,99662158
2016-04-06,173.830,175.702,173.567,175.643,91839761
2016-04-07,174.554,174.911,172.809,173.541,113859037
2016-04-08,174.724,175.158,173.473,174.008,95040598
2016-04-11,174.647,175.345,173.507,173.601,83757486
2016-04-12,173.771,175.498,173.328,175.217,115350567
2016-04-13,176.136,177.072,176.000,176.988,96336433
2016-04-14,177.047,177.498,176.647,176.996,65212883
2016-04-15,176.996,177.134,176.477,176.800,75761615
2016-04-18,176.255,178.076,176.136,178.042,82530960
2016-04-19,178.468,178.859,177.787,178.604,88316060
2016-04-20,178.646,179.472,178.170,178.774,81100314
2016-04-21,178.791,178.902,177.540,177.813,85695041
2016-04-22,177.455,178.085,176.911,177.813,99251724
2016-04-25,177.208,177.549,176.596,177.506,66166494
2016-04-26,177.872,178.281,177.294,177.769,75864174
2016-04-27,177.387,178.527,177.030,178.136,77329437
2016-04-28,177.379,178.485,176.102,176.517,97216169
2016-04-29,175.898,176.247,174.460,175.567,142424137
2016-05-02,176.068,177.140,175.634,176.962,62188015
2016-05-03,175.728,175.966,174.673,175.421,106422142
2016-05-04,174.426,175.158,173.941,174.443,92243810
2016-05-05,174.911,175.268,173.984,174.409,67619222
2016-05-06,173.635,175.090,173.481,175.047,89315004
2016-05-09,174.920,175.626,174.741,175.191,74374922
2016-05-10,175.898,177.413,175.830,177.370,77472207
2016-05-11,176.911,177.447,175.711,175.711,81726989
2016-05-12,176.383,176.553,174.749,175.762,89586308
2016-05-13,175.464,176.017,173.907,174.230,96474630
2016-05-16,174.400,176.426,174.341,175.949,77486827
2016-05-17,175.677,175.966,173.779,174.308,114924940
2016-05-18,173.958,175.541,173.269,174.358,123493379
2016-05-19,173.635,174.043,172.546,173.754,115430507
2016-05-20,174.366,175.370,174.315,174.851,104966789
2016-05-23,174.868,175.149,174.422,174.613,58682576
2016-05-24,175.430,177.191,175.405,176.877,93537808
2016-05-25,177.557,178.493,176.876,178.076,79221525
2016-05-26,178.212,178.442,177.813,178.127,55280699
2016-05-27,178.289,178.902,178.238,178.893,64211214
2016-05-31,179.166,179.276,177.991,178.553,109879380
2016-06-01,177.940,179.097,177.745,178.919,69936215
2016-06-02,178.519,179.480,178.042,179.463,63044749
2016-06-03,178.902,179.276,177.719,178.927,101757126
2016-06-06,179.285,180.195,179.123,179.838,64887045
2016-06-07,179.987,180.680,179.965,180.119,60974761
2016-06-08,180.255,180.833,180.127,180.706,66170920
2016-06-09,179.974,180.578,179.702,180.459,73786869
2016-06-10,179.080,179.421,178.204,178.749,113829158
2016-06-13,178.144,179.004,177.285,177.369,117751153
2016-06-14,176.987,177.617,176.068,177.021,125059286
2016-06-15,177.447,178.144,176.587,176.774,109124496
2016-06-16,175.907,177.472,174.937,177.302,149533065
2016-06-17,177.193,177.218,175.978,176.637,117055748
2016-06-20,178.604,179.279,177.689,177.774,82789603
2016-06-21,178.159,178.689,177.714,178.279,72461663
2016-06-22,178.458,179.185,177.843,177.988,95560471
2016-06-23,179.450,180.357,178.989,180.306,102731356
2016-06-24,174.165,180.337,173.386,173.737,333444397
2016-06-27,172.420,172.428,169.905,170.718,248988660
2016-06-28,172.326,173.823,172.018,173.797,159382399
2016-06-29,175.200,176.987,175.097,176.756,137328614
2016-06-30,177.227,179.220,176.671,179.164,165021948
2016-07-01,179.066,180.032,179.006,179.545,106055333
2016-07-05,178.715,178.826,177.654,178.253,109803713
2016-07-06,177.757,179.442,177.098,179.322,96021491
2016-07-07,179.502,180.169,178.441,179.208,85593827
2016-07-08,180.511,182.128,180.279,181.880,133970972
2016-07-11,182.341,183.094,182.136,182.521,73633937
2016-07-12,183.488,184.146,182.547,183.847,101275629
2016-07-13,184.266,184.274,183.334,183.821,87324129
2016-07-14,185.087,185.318,184.454,184.847,91230870
2016-07-15,185.412,185.611,184.153,184.599,107155401
2016-07-18,184.719,185.258,184.463,185.095,58725918
2016-07-19,184.676,184.942,184.428,184.907,54345728
2016-07-20,185.386,185.917,184.950,185.673,58159457
2016-07-21,185.566,185.788,184.531,184.971,67777310
2016-07-22,185.095,185.857,184.830,185.805,62787477
2016-07-25,185.600,185.651,184.719,185.301,55873147
2016-07-26,185.198,185.746,184.540,185.386,70080493
2016-07-27,185.763,185.831,184.420,185.190,84083893
2016-07-28,184.993,185.694,184.531,185.403,65035718
2016-07-29,185.138,186.062,184.856,185.703,79519436
2016-08-01,185.763,186.156,185.091,185.549,73311422
2016-08-02,185.301,185.455,183.522,184.359,92295506
2016-08-03,184.300,184.954,184.001,184.899,53993626
2016-08-04,185.010,185.412,183.248,185.095,46585528
2016-08-05,185.780,186.652,185.660,186.609,71892161
2016-08-08,186.798,186.900,186.233,186.498,39906479
2016-08-09,186.567,187.105,186.284,186.609,51251728
2016-08-10,186.721,186.801,185.797,186.147,57941092
2016-08-11,186.678,187.259,186.413,187.011,72504270
2016-08-12,186.703,187.063,186.447,186.849,61313544
2016-08-15,187.217,187.738,187.208,187.388,49813482
2016-08-16,186.969,187.037,186.421,186.421,53213621
2016-08-17,186.455,186.909,185.617,186.772,75134339
2016-08-18,186.746,187.225,186.635,187.191,52989266
2016-08-19,186.721,187.097,186.233,186.917,75443004
2016-08-22,186.678,187.140,186.310,186.909,61368766
2016-08-23,187.525,187.824,187.225,187.285,53399159
2016-08-24,187.140,187.234,185.908,186.327,71728949
2016-08-25,185.942,186.618,185.788,186.199,69224776
2016-08-26,186.387,187.413,184.959,185.848,122506348
2016-08-29,185.976,187.024,185.942,186.764,70502167
2016-08-30,186.678,186.960,185.899,186.455,58114543
2016-08-31,186.122,186.242,185.143,185.925,85269453
2016-09-01,185.917,186.224,184.770,185.934,97844207
2016-09-02,186.789,187.200,186.199,186.772,79293856
2016-09-06,187.054,187.413,186.336,187.337,56702089
2016-09-07,187.174,187.499,186.712,187.319,76554855
2016-09-08,186.986,187.259,186.584,186.892,74102880
2016-09-09,185.574,185.626,182.393,182.418,221589073
2016-09-12,181.657,185.438,181.589,185.036,168110913
2016-09-13,183.753,184.018,181.751,182.376,182828839
2016-09-14,182.427,183.633,181.751,182.307,134185491
2016-09-15,182.145,184.514,181.965,184.129,145736123
2016-09-16,183.507,183.688,182.725,183.413,155236354
2016-09-19,184.066,184.711,183.121,183.447,80250490
2016-09-20,184.307,184.462,183.421,183.456,69665279
2016-09-21,184.161,185.699,183.473,185.519,110284425
2016-09-22,186.533,186.989,186.284,186.688,76678713
2016-09-23,186.293,186.430,185.570,185.665,73630921
2016-09-26,184.831,185.012,183.963,184.161,89827305
2016-09-27,183.997,185.399,183.628,185.304,78494829
2016-09-28,185.527,186.378,184.565,186.224,87411015
2016-09-29,186.017,186.421,183.989,184.539,128070615
2016-09-30,185.373,186.636,185.123,185.931,117202914
2016-10-03,185.519,185.708,184.848,185.484,83512057
2016-10-04,185.596,185.820,183.946,184.539,119948052
2016-10-05,185.166,185.785,185.098,185.356,72815963
2016-10-06,185.132,185.708,184.586,185.484,62928350
2016-10-07,185.760,185.931,184.118,184.848,89788255
2016-10-10,185.807,186.275,185.661,185.811,51855023
2016-10-11,185.381,185.450,182.734,183.464,130367373
2016-10-12,183.602,184.229,183.103,183.705,73866117
2016-10-13,182.373,183.602,181.556,183.103,101356960
2016-10-14,184.083,184.548,183.121,183.198,93346237
2016-10-17,183.172,183.430,182.381,182.562,58275674
2016-10-18,184.161,184.221,183.327,183.705,76869656
2016-10-19,183.972,184.505,183.611,184.195,66519224
2016-10-20,183.843,184.410,183.189,183.851,73639830
2016-10-21,183.060,184.023,182.888,183.937,89089092
2016-10-24,184.814,185.089,184.367,184.719,60146592
2016-10-25,184.539,184.797,183.937,184.101,66542329
2016-10-26,183.275,184.315,183.035,183.731,75705478
2016-10-27,184.453,184.487,183.164,183.241,77220213
2016-10-28,183.215,183.894,181.986,182.699,140623183
2016-10-31,183.035,183.258,182.545,182.708,61272507
2016-11-01,183.035,183.086,180.172,181.384,122781818
2016-11-02,181.075,181.462,179.854,180.293,103330806
2016-11-03,180.507,180.722,179.192,179.467,88939346
2016-11-04,179.579,180.421,179.123,179.270,109122059
2016-11-07,181.762,183.258,181.633,183.224,109794861
2016-11-08,182.828,184.616,182.562,184.049,106772138
2016-11-09,182.553,186.619,182.527,186.000,258428972
2016-11-10,186.791,187.659,185.003,186.464,172113313
2016-11-11,185.742,186.275,185.089,186.035,100552732
2016-11-14,186.559,186.765,185.433,186.181,94579982
2016-11-15,186.568,187.633,186.361,187.633,91652580
2016-11-16,187.015,187.513,186.894,187.281,65617697
2016-11-17,187.436,188.304,187.324,188.244,69797191
2016-11-18,188.313,188.484,187.642,187.823,86265751
2016-11-21,188.399,189.267,188.252,189.241,72402638
2016-11-22,189.550,189.791,188.880,189.611,67428957
2016-11-23,189.095,189.765,188.897,189.714,56620237
2016-11-25,190.058,190.453,189.980,190.419,37872255
2016-11-28,190.109,190.384,189.421,189.525,76572511
2016-11-29,189.559,190.350,189.258,189.894,69886690
2016-11-30,190.513,190.676,189.378,189.439,113291793
2016-12-01,189.740,189.740,188.381,188.742,79040487
2016-12-02,188.828,189.327,188.476,188.837,74840347
2016-12-05,189.671,190.315,189.473,189.972,67837821
2016-12-06,190.161,190.611,189.681,190.573,59877377
2016-12-07,190.419,193.126,190.298,193.066,110738050
2016-12-08,193.040,194.012,192.774,193.539,99714387
2016-12-09,193.762,194.725,193.728,194.708,88005766
2016-12-12,194.613,195.095,194.063,194.485,102016125
2016-12-13,195.146,196.281,195.129,195.782,110477485
2016-12-14,195.482,196.187,193.724,194.166,142501812
2016-12-15,194.407,195.825,194.175,194.966,124972554
2016-12-16,195.431,195.491,194.272,194.592,156420152
2016-12-19,194.774,195.439,194.627,195.016,90341147
2016-12-20,195.552,195.915,195.318,195.768,89838810
2016-12-21,195.638,195.811,195.223,195.223,67909039
2016-12-22,195.076,195.197,194.488,194.886,56219071
2016-12-23,194.929,195.180,194.739,195.171,36697822
2016-12-27,195.439,196.053,195.422,195.656,42672487
2016-12-28,195.915,195.932,193.926,194.039,64095014
2016-12-29,194.108,194.462,193.554,193.995,48696080
2016-12-30,194.324,194.411,192.595,193.286,108998328
2017-01-03,194.592,195.275,193.592,194.765,91366522
2017-01-04,195.094,196.071,195.085,195.924,78744433
2017-01-05,195.656,195.924,194.973,195.768,78379012
2017-01-06,195.880,196.935,195.336,196.468,71559922
2017-01-09,196.209,196.348,195.782,195.820,46939676
2017-01-10,195.837,196.676,195.431,195.820,63771939
2017-01-11,195.733,196.373,195.068,196.373,74650016
2017-01-12,195.855,196.071,194.519,195.880,72113181
2017-01-13,196.053,196.633,196.019,196.330,62717865
2017-01-17,195.690,196.097,195.249,195.638,61240814
2017-01-18,195.885,196.114,195.336,196.071,54793302
2017-01-19,196.149,196.287,194.912,195.344,66608787
2017-01-20,196.027,196.555,195.398,196.062,129168623
2017-01-23,195.725,196.118,194.791,195.552,75061645
2017-01-24,195.768,197.221,195.656,196.806,95555295
2017-01-25,197.757,198.509,197.593,198.509,84437712
2017-01-26,198.362,198.630,198.025,198.302,59970719
2017-01-27,198.379,198.526,197.809,197.990,59711118
2017-01-30,197.299,197.325,195.777,196.762,79737252
2017-01-31,196.270,196.806,195.699,196.745,75880805
2017-02-01,197.372,197.662,196.235,196.823,79117651
2017-02-02,196.460,197.238,196.131,196.953,69657560
2017-02-03,197.861,198.492,197.549,198.310,80563168
2017-02-06,197.904,198.298,197.619,197.956,57790108
2017-02-07,198.345,198.583,197.774,197.964,57931151
2017-02-08,197.679,198.354,197.420,198.224,51566218
2017-02-09,198.501,199.702,198.466,199.400,65955245
2017-02-10,199.746,200.412,199.418,200.187,66015892
2017-02-13,200.680,201.536,200.654,201.276,55182050
2017-02-14,201.095,202.089,200.749,202.080,71108983
2017-02-15,201.864,203.326,201.812,203.135,86785826
2017-02-16,203.170,203.339,202.210,202.962,84722437
2017-02-17,202.297,203.282,202.279,203.282,77204104
2017-02-21,203.654,204.666,203.645,204.493,88946051
2017-02-22,204.086,204.536,203.922,204.311,62115185
2017-02-23,204.830,204.847,203.689,204.450,74615902
2017-02-24,203.602,204.755,203.559,204.709,82381612
2017-02-27,204.623,205.202,204.372,205.029,56515440
2017-02-28,204.649,204.891,204.082,204.476,96961938
2017-03-01,206.136,207.805,206.119,207.338,149158170
2017-03-02,207.148,207.156,205.980,206.032,70245978
2017-03-03,205.946,206.326,205.565,206.162,81974300
2017-03-06,205.366,205.902,204.943,205.548,55391533
2017-03-07,205.245,205.600,204.726,204.934,65103737
2017-03-08,205.228,205.487,204.415,204.553,78168795
2017-03-09,204.674,205.141,203.844,204.813,90683918
2017-03-10,205.773,205.816,204.579,205.531,81991652
2017-03-13,205.470,205.678,205.141,205.634,57256824
2017-03-14,205.090,205.141,204.233,204.847,59880778
2017-03-15,205.418,207.044,205.185,206.620,96081750
2017-03-16,206.758,206.836,205.885,206.214,78343951
2017-03-17,206.486,206.677,205.861,205.861,89002111
2017-03-20,205.861,206.147,205.244,205.635,52536979
2017-03-21,206.243,206.364,202.864,202.995,131809275
2017-03-22,203.029,203.759,202.404,203.472,97569204
2017-03-23,203.229,204.393,202.882,203.255,100410277
2017-03-24,203.559,204.132,202.326,203.107,112504853
2017-03-27,201.431,203.160,201.153,202.899,87454452
2017-03-28,202.595,204.801,202.482,204.375,93483915
2017-03-29,204.089,204.801,203.859,204.566,61950354
2017-03-30,204.506,205.418,204.332,205.218,56737890
2017-03-31,204.879,205.409,204.688,204.740,73733094
2017-04-03,204.792,204.992,203.151,204.384,85546486
2017-04-04,204.098,204.601,203.711,204.514,56466195
2017-04-05,205.192,206.173,203.698,203.906,108800604
2017-04-06,204.045,205.001,203.598,204.480,69135757
2017-04-07,204.228,204.966,203.785,204.271,74412311
2017-04-10,204.410,205.187,203.863,204.393,67615302
2017-04-11,204.011,204.254,202.656,204.150,88045276
2017-04-12,203.872,204.063,203.029,203.255,81864436
2017-04-13,202.916,203.655,201.935,201.935,92880394
2017-04-17,202.456,203.724,202.256,203.724,68405367
2017-04-18,202.986,203.655,202.430,203.116,83225821
2017-04-19,203.681,204.054,202.517,202.743,68699868
2017-04-20,203.359,204.831,203.038,204.393,92572186
2017-04-21,204.315,204.367,203.342,203.741,110389847
2017-04-24,205.991,206.191,203.718,205.982,119209877
2017-04-25,206.625,207.528,206.538,207.181,76698265
2017-04-26,207.146,208.032,207.007,207.050,84702455
2017-04-27,207.372,207.528,206.686,207.224,57410326
2017-04-28,207.485,207.511,206.642,206.772,63532845
2017-05-01,207.294,207.719,206.872,207.294,66882521
2017-05-02,207.433,207.554,206.964,207.372,57375732
2017-05-03,206.955,207.465,206.442,207.120,73137731
2017-05-04,207.424,207.504,206.512,207.363,61462732
2017-05-05,207.737,208.197,207.294,208.179,62001269
2017-05-08,208.223,208.371,207.719,208.145,48385730
2017-05-09,208.405,208.605,207.606,207.954,51363200
2017-05-10,207.910,208.327,207.702,208.327,54293799
2017-05-11,207.875,208.067,206.816,207.902,62358346
2017-05-12,207.650,207.943,207.285,207.554,53912730
2017-05-15,207.980,208.822,207.962,208.701,61918937
2017-05-16,208.996,209.022,208.119,208.509,51241791
2017-05-17,206.790,207.259,204.749,204.810,172174107
2017-05-18,204.732,206.486,204.471,205.635,107047656
2017-05-19,206.121,207.641,206.069,206.972,115011373
2017-05-22,207.485,208.188,207.415,208.023,61010602
2017-05-23,208.397,208.648,208.014,208.483,48341683
2017-05-24,208.718,209.074,208.379,208.970,49181099
2017-05-25,209.482,210.246,209.274,209.969,64071661
2017-05-26,209.777,210.090,209.699,209.925,46629905
2017-05-30,209.604,209.995,209.447,209.743,35201897
2017-05-31,210.038,210.073,208.996,209.691,91796016
2017-06-01,210.151,211.376,209.864,211.358,68962024
2017-06-02,211.410,212.218,211.115,212.062,88666128
2017-06-05,211.888,212.175,211.706,211.905,44698825
2017-06-06,211.341,211.897,211.150,211.228,50375430
2017-06-07,211.567,211.845,210.898,211.619,54144311
2017-06-08,211.714,212.201,211.193,211.723,65950691
2017-06-09,211.992,212.791,210.134,211.402,132256362
2017-06-12,211.158,211.410,210.507,211.358,86108102
2017-06-13,211.897,212.444,211.549,212.392,60066953
2017-06-14,212.661,212.670,211.297,212.122,78602311
2017-06-15,210.768,211.836,210.490,211.714,66464888
2017-06-16,211.865,211.918,210.874,211.752,84553097
2017-06-19,212.581,213.576,212.485,213.515,65123802
2017-06-20,213.157,213.166,212.057,212.075,56906368
2017-06-21,212.433,212.581,211.551,212.022,55977569
2017-06-22,212.031,212.529,211.752,211.926,44148059
2017-06-23,211.988,212.511,211.604,212.180,66986801
2017-06-26,212.852,213.270,212.105,212.319,56700477
2017-06-27,212.101,212.398,210.591,210.609,82247666
2017-06-28,211.630,212.690,211.394,212.494,70042599
2017-06-29,212.642,212.694,209.409,210.626,106949719
2017-06-30,211.438,211.813,210.823,211.019,86820694
2017-07-03,211.961,212.398,211.377,211.377,39153806
2017-07-05,211.743,212.075,210.932,211.865,54427596
2017-07-06,211.097,211.220,209.745,209.928,66115317
2017-07-07,210.504,211.438,209.941,211.289,57972268
2017-07-10,211.150,211.892,210.984,211.516,36663274
2017-07-11,211.333,211.673,210.190,211.359,50354614
2017-07-12,212.328,213.113,212.328,212.948,59610405
2017-07-13,212.956,213.419,212.729,213.305,39471637
2017-07-14,213.314,214.658,213.209,214.300,60262692
2017-07-17,214.222,214.606,214.099,214.274,33531917
2017-07-18,213.864,214.440,213.524,214.387,42742498
2017-07-19,214.702,215.557,214.693,215.548,51034260
2017-07-20,215.801,215.923,215.094,215.644,47135183
2017-07-21,215.068,215.478,214.841,215.452,88711019
2017-07-24,215.374,215.539,214.929,215.400,46622256
2017-07-25,216.150,216.255,215.697,215.923,54915591
2017-07-26,216.211,216.246,215.670,215.932,47575422
2017-07-27,216.395,216.430,214.405,215.731,70766568
2017-07-28,215.251,215.609,214.798,215.478,50088359
2017-07-31,215.880,215.976,215.147,215.356,65838659
2017-08-01,215.958,215.993,215.309,215.836,55050401
2017-08-02,215.967,216.081,215.007,215.941,47211216
2017-08-03,215.827,215.854,215.243,215.522,40855997
2017-08-04,216.011,216.246,215.531,215.915,60191838
2017-08-07,215.985,216.316,215.880,216.316,31995021
2017-08-08,216.002,217.224,215.409,215.784,61719353
2017-08-09,215.094,215.827,214.737,215.775,62632619
2017-08-10,214.937,215.068,212.677,212.729,120479470
2017-08-11,212.956,213.637,212.721,213.044,74869947
2017-08-14,214.326,215.374,214.291,215.155,73291919
2017-08-15,215.539,215.557,214.824,215.129,55242746
2017-08-16,215.653,216.054,215.077,215.505,56715544
2017-08-17,214.894,215.208,212.145,212.145,128490396
2017-08-18,211.979,213.104,211.368,211.813,136747986
2017-08-21,211.752,212.241,211.045,211.979,65469736
2017-08-22,212.564,214.353,212.546,214.195,63140101
2017-08-23,213.227,213.855,213.078,213.428,50203837
2017-08-24,213.812,213.969,212.721,212.930,50741671
2017-08-25,213.724,214.344,213.279,213.428,64445912
2017-08-28,213.960,213.986,213.017,213.436,40565606
2017-08-29,212.118,213.942,212.005,213.681,51135715
2017-08-30,213.663,214.963,213.480,214.693,62030805
2017-08-31,215.313,216.229,214.725,215.985,103803880
2017-09-01,216.360,216.718,216.142,216.290,62006989
2017-09-05,215.784,216.011,213.768,214.737,91398777
2017-09-06,215.417,215.801,214.885,215.470,57916867
2017-09-07,215.775,215.793,215.033,215.443,58034730
2017-09-08,215.155,215.653,214.946,215.190,63832825
2017-09-11,216.465,217.564,216.447,217.486,71364848
2017-09-12,217.852,218.254,217.669,218.219,56896027
2017-09-13,217.931,218.358,217.817,218.323,59228002
2017-09-14,218.000,218.454,217.826,218.254,95446349
2017-09-15,218.101,218.627,217.996,218.540,95432382
2017-09-18,218.908,219.355,218.619,219.004,46235238
2017-09-19,219.250,219.311,218.899,219.224,47108148
2017-09-20,219.311,219.417,218.303,219.303,59574083
2017-09-21,219.145,219.232,218.535,218.715,48211398
2017-09-22,218.417,218.926,218.391,218.759,51214032
2017-09-25,218.505,218.858,217.566,218.312,57064357
2017-09-26,218.741,218.987,218.202,218.443,54081959
2017-09-27,219.145,219.680,218.259,219.294,81001426
2017-09-28,219.013,219.636,218.926,219.557,44778841
2017-09-29,219.548,220.408,219.364,220.329,85578002
2017-10-02,220.557,221.285,220.384,221.285,59022985
2017-10-03,221.407,221.785,221.206,221.758,66810169
2017-10-04,221.609,222.267,221.495,222.021,55953619
2017-10-05,222.355,223.354,222.053,223.337,63522757
2017-10-06,222.890,223.373,222.626,223.082,80645998
2017-10-09,223.311,223.372,222.451,222.714,35803138
2017-10-10,223.284,223.679,222.740,223.302,43057363
2017-10-11,223.205,223.653,223.039,223.653,47674325
2017-10-12,223.337,223.688,223.078,223.319,47065144
2017-10-13,223.758,223.872,223.319,223.591,54800435
2017-10-16,223.819,224.082,223.477,223.889,38221675
2017-10-17,223.837,224.091,223.617,224.047,31560964
2017-10-18,224.424,224.468,224.074,224.266,40888330
2017-10-19,223.486,224.363,223.065,224.328,61903788
2017-10-20,225.126,225.512,224.314,225.485,89176377
2017-10-23,225.810,225.836,224.530,224.608,63915306
2017-10-24,225.038,225.240,224.644,225.003,66935910
2017-10-25,224.670,224.784,222.758,223.889,103715291
2017-10-26,224.503,224.775,224.056,224.179,69797972
2017-10-27,224.924,226.170,224.183,226.012,85562544
2017-10-30,225.450,225.915,224.872,225.170,54285687
2017-10-31,225.547,225.775,225.218,225.521,60304781
2017-11-01,226.301,226.643,225.450,225.819,54202736
2017-11-02,225.749,226.047,224.679,225.906,56449535
2017-11-03,226.064,226.705,225.652,226.661,59589730
2017-11-06,226.529,227.143,226.459,227.011,49652598
2017-11-07,227.117,227.450,226.345,226.854,57502161
2017-11-08,226.678,227.336,226.398,227.239,50469579
2017-11-09,226.029,226.608,224.828,226.415,95085497
2017-11-10,226.029,226.522,225.713,226.345,59984662
2017-11-13,225.661,226.783,225.626,226.555,50228648
2017-11-14,225.749,226.134,224.968,226.029,61315152
2017-11-15,225.056,225.582,224.188,224.898,80811525
2017-11-16,225.845,227.178,225.806,226.810,67777027
2017-11-17,226.459,226.782,226.064,226.143,75756833
2017-11-20,226.389,226.726,226.143,226.529,48075514
2017-11-21,227.301,228.195,226.497,228.011,69176799
2017-11-22,228.020,228.152,227.643,227.810,45033392
2017-11-24,228.301,228.441,228.160,228.336,27856514
2017-11-27,228.380,228.678,228.020,228.222,52274922
2017-11-28,228.687,230.563,228.594,230.537,98971719
2017-11-29,230.669,231.204,229.949,230.397,77512102
2017-11-30,231.318,233.326,231.239,232.414,127894389
2017-12-01,232.195,232.677,228.687,231.931,164390902
2017-12-04,233.554,233.984,231.598,231.651,94040560
2017-12-05,231.905,232.537,230.686,230.818,77994544
2017-12-06,230.537,231.291,230.397,230.861,75898566
2017-12-07,230.730,231.905,230.598,231.589,77218569
2017-12-08,232.396,232.861,231.555,232.852,76563873
2017-12-11,232.914,233.615,232.825,233.554,83077533
2017-12-12,233.782,234.440,233.585,233.966,85195750
2017-12-13,234.212,234.650,233.852,233.940,102905409
2017-12-14,234.238,234.352,232.931,232.984,100666692
2017-12-15,233.994,235.396,233.941,234.929,144610290
2017-12-18,236.330,236.771,236.224,236.418,83653572
2017-12-19,236.665,236.709,235.440,235.510,82382876
2017-12-20,236.480,236.533,235.087,235.387,76751500
2017-12-21,236.013,236.581,235.625,235.872,67032339
2017-12-22,235.889,235.920,235.272,235.810,78720873
2017-12-26,235.405,235.747,235.259,235.528,45244433
2017-12-27,235.695,236.004,235.369,235.643,57750986
2017-12-28,236.145,236.171,235.757,236.127,45116139
2017-12-29,236.709,236.727,235.043,235.237,96007424
2018-01-02,236.101,236.956,235.713,236.921,86655749
2018-01-03,237.088,238.569,237.088,238.419,90070416
2018-01-04,239.063,239.909,238.485,239.424,80636408
2018-01-05,240.218,241.143,239.724,241.020,83523995
2018-01-08,240.923,241.619,240.632,241.460,57319192
2018-01-09,241.884,242.633,241.602,242.007,57253957
2018-01-10,241.249,241.901,240.579,241.637,69574318
2018-01-11,242.192,243.400,242.025,243.400,62361455
2018-01-12,243.664,245.154,243.366,244.986,90816076
2018-01-16,246.247,246.899,243.453,244.149,106555142
2018-01-17,245.083,246.864,244.149,246.476,113258799
2018-01-18,246.362,246.785,245.568,246.062,100728006
2018-01-19,246.644,247.181,246.062,247.181,140920098
2018-01-22,246.970,249.191,246.917,249.191,91322408
2018-01-23,249.235,250.011,248.909,249.720,97084700
2018-01-24,250.364,250.963,248.442,249.623,134816117
2018-01-25,250.487,250.584,248.940,249.729,84587313
2018-01-26,250.566,252.663,250.311,252.620,107743119
2018-01-29,252.047,252.488,250.787,250.945,90118337
2018-01-30,249.112,250.995,247.895,248.371,131796419
2018-01-31,249.226,249.729,247.419,248.495,118948131
2018-02-01,247.763,249.517,247.419,248.213,90102470
2018-02-02,246.891,247.023,242.774,242.809,173174790
2018-02-05,241.046,243.162,232.108,232.654,294681816
2018-02-06,229.137,237.741,228.044,237.238,355026782
2018-02-07,236.683,240.085,235.872,235.951,167376100
2018-02-08,236.251,236.392,227.066,227.101,246449505
2018-02-09,229.895,232.372,222.949,230.512,283565315
2018-02-12,232.566,235.369,230.657,233.897,143735976
2018-02-13,232.690,235.026,232.108,234.479,81223640
2018-02-14,232.989,238.005,232.980,237.644,120735685
2018-02-15,239.389,240.685,236.921,240.676,111200286
2018-02-16,240.050,242.695,240.006,240.746,160420135
2018-02-20,239.794,241.240,238.446,239.239,86369662
2018-02-21,239.680,242.166,237.952,238.049,98883740
2018-02-22,238.975,240.694,237.688,238.358,110511290
2018-02-23,239.583,242.157,239.107,242.157,92766428
2018-02-26,243.232,245.066,242.642,244.969,86491406
2018-02-27,245.154,245.868,241.848,241.910,99099165
2018-02-28,243.012,243.461,239.142,239.459,121907767
2018-03-01,239.248,240.799,234.479,235.978,176855077
2018-03-02,234.303,237.758,233.439,237.194,139083217
2018-03-05,236.004,240.553,235.898,239.935,97307387
2018-03-06,240.914,240.993,239.045,240.544,79213163
2018-03-07,238.375,240.808,238.181,240.456,87063502
2018-03-08,241.134,241.743,240.138,241.619,66901150
2018-03-09,243.030,245.824,242.712,245.824,113625335
2018-03-12,246.115,246.741,245.128,245.515,71924793
2018-03-13,246.679,247.181,243.320,243.929,91968937
2018-03-14,244.890,245.075,242.122,242.677,105895079
2018-03-15,243.188,243.832,241.910,242.413,83433038
2018-03-16,242.933,243.720,242.614,242.667,100343673
2018-03-19,241.915,242.840,237.729,239.384,109208442
2018-03-20,239.782,240.428,239.109,239.791,59757271
2018-03-21,239.747,241.844,239.118,239.331,78709578
2018-03-22,237.100,237.950,233.074,233.348,148785916
2018-03-23,233.790,234.543,228.180,228.374,183534751
2018-03-26,231.985,234.906,229.578,234.622,141956102
2018-03-27,235.560,236.091,229.073,230.631,129941445
2018-03-28,230.764,232.436,228.843,229.950,146452306
2018-03-29,231.091,234.755,229.958,232.888,124244790
2018-04-02,232.357,232.870,225.383,227.861,186286343
2018-04-03,229.100,231.259,227.303,230.781,119956861
2018-04-04,227.224,233.954,227.091,233.251,123715339
2018-04-05,235.012,235.976,233.923,235.091,82652618
2018-04-06,233.127,234.622,228.330,229.852,179521209
2018-04-09,231.312,234.383,230.043,230.985,105442932
2018-04-10,233.879,235.445,232.737,234.658,105573736
2018-04-11,233.171,235.091,233.100,233.428,91140243
2018-04-12,234.755,236.295,234.578,235.348,68890480
2018-04-13,236.658,236.773,233.649,234.658,85079176
2018-04-16,236.295,237.357,235.472,236.587,63405287
2018-04-17,238.357,239.720,237.844,239.118,64682036
2018-04-18,239.561,240.101,238.835,239.295,57303857
2018-04-19,238.640,238.844,236.932,237.968,77655909
2018-04-20,237.897,238.118,235.065,235.950,99953133
2018-04-23,236.525,237.083,234.835,235.914,65557954
2018-04-24,236.941,237.159,231.233,232.737,112885452
2018-04-25,232.675,233.755,230.852,233.313,103840948
2018-04-26,234.339,236.512,233.897,235.684,67731942
2018-04-27,236.295,236.596,234.968,235.906,57053647
2018-04-30,236.525,237.083,234.021,234.091,82182324
2018-05-01,233.525,234.614,231.967,234.507,74203365
2018-05-02,234.313,235.127,232.543,232.932,86368943
2018-05-03,232.100,233.074,229.259,232.419,136311479
2018-05-04,231.445,236.108,231.118,235.428,91222075
2018-05-07,236.198,237.198,235.507,236.224,55304907
2018-05-08,235.853,236.583,234.658,236.224,67499247
2018-05-09,236.897,238.831,236.375,238.508,59666143
2018-05-10,239.251,241.065,239.145,240.738,72063931
2018-05-11,240.862,241.738,240.348,241.472,59871511
2018-05-14,241.906,242.561,241.039,241.587,54790606
2018-05-15,240.357,240.375,238.977,239.924,87036036
2018-05-16,239.959,241.393,239.932,240.932,53942631
2018-05-17,240.667,241.809,239.950,240.729,56536400
2018-05-18,240.384,240.747,239.773,240.127,64367959
2018-05-21,241.614,242.472,240.146,241.932,58025875
2018-05-22,242.455,242.711,240.932,241.260,52966358
2018-05-23,239.985,241.950,239.826,241.924,64694184
2018-05-24,241.525,241.800,239.640,241.428,76043827
2018-05-25,240.853,241.481,240.348,240.853,56374755
2018-05-29,239.224,239.985,236.968,238.083,115908607
2018-05-30,239.393,241.702,239.322,241.260,69678449
2018-05-31,240.853,241.154,239.176,239.782,93519941
2018-06-01,241.083,242.437,241.012,242.136,71258411
2018-06-04,242.959,243.539,242.720,243.287,45385166
2018-06-05,243.419,243.844,242.649,243.464,51135038
2018-06-06,244.074,245.605,243.455,245.499,62732215
2018-06-07,245.986,246.278,244.561,245.472,72969402
2018-06-08,245.012,246.251,244.844,246.198,72139719
2018-06-11,246.419,247.242,246.304,246.526,58892515
2018-06-12,246.942,247.207,246.198,246.844,72329028
2018-06-13,247.083,247.340,245.853,246.057,79070610
2018-06-14,246.924,247.207,246.083,246.676,77097620
2018-06-15,245.897,246.706,244.786,246.369,120041562
2018-06-18,244.911,245.986,244.431,245.862,52917581
2018-06-19,243.586,245.142,243.168,244.920,97531510
2018-06-20,245.604,246.004,245.000,245.337,53785486
2018-06-21,245.328,245.346,243.302,243.799,71061404
2018-06-22,245.062,245.173,244.022,244.244,56612003
2018-06-25,243.088,243.245,239.230,240.919,137854162
2018-06-26,241.488,242.306,240.732,241.452,68683211
2018-06-27,242.039,243.466,239.301,239.452,105110674
2018-06-28,239.399,241.586,238.688,240.821,76650517
2018-06-29,241.915,243.284,241.051,241.168,97592499
2018-07-02,239.594,241.844,239.354,241.684,63554774
2018-07-03,242.581,242.679,240.403,240.830,42187071
2018-07-05,241.959,242.857,240.883,242.795,56925919
2018-07-06,242.821,245.222,242.444,244.848,66493696
2018-07-09,245.853,247.106,245.809,247.053,50550399
2018-07-10,247.506,248.040,247.213,247.942,51966829
2018-07-11,246.386,247.178,245.826,246.129,77054739
2018-07-12,247.391,248.413,246.786,248.360,60124687
2018-07-13,248.182,248.858,247.729,248.556,48234964
2018-07-16,248.600,248.745,247.889,248.333,48201038
2018-07-17,247.560,249.729,247.506,249.338,52315500
2018-07-18,249.418,249.969,248.973,249.862,44593465
2018-07-19,249.196,249.578,248.440,248.920,61412117
2018-07-20,248.716,249.347,248.476,248.636,82372729
2018-07-23,248.431,249.302,248.084,249.098,47047565
2018-07-24,250.511,251.196,249.480,250.351,68026935
2018-07-25,250.102,252.805,250.058,252.485,78882927
2018-07-26,251.765,252.574,251.667,251.889,57919495
2018-07-27,252.218,252.316,249.258,250.182,76783177
2018-07-30,250.262,250.422,248.351,248.876,63742508
2018-07-31,249.640,250.716,249.258,250.102,68570493
2018-08-01,250.307,250.814,249.037,249.685,53853326
2018-08-02,248.378,251.214,248.173,251.045,63426363
2018-08-03,251.169,252.172,250.991,252.120,53935386
2018-08-06,252.156,253.356,251.766,253.045,39400887
2018-08-07,253.712,254.263,253.578,253.881,43196646
2018-08-08,253.712,254.174,253.312,253.774,42114551
2018-08-09,253.836,254.227,253.289,253.427,35716976
2018-08-10,251.987,252.525,251.018,251.729,77076044
2018-08-13,252.005,252.618,250.494,250.787,65732909
2018-08-14,251.516,252.627,251.127,252.387,43842031
2018-08-15,251.036,251.178,249.062,250.502,102925355
2018-08-16,251.943,253.401,251.907,252.529,69967919
2018-08-17,252.325,253.863,251.916,253.418,65618481
2018-08-20,253.872,254.227,253.418,253.961,39807490
2018-08-21,254.476,255.419,253.999,254.556,67271983
2018-08-22,254.147,254.930,253.876,254.405,44993333
2018-08-23,254.227,255.090,253.747,254.067,49204851
2018-08-24,254.645,255.739,254.592,255.596,57487399
2018-08-27,256.797,257.721,256.637,257.614,57072377
2018-08-28,258.077,258.181,257.277,257.739,46943472
2018-08-29,257.952,259.357,257.708,259.126,61485514
2018-08-30,258.646,259.019,257.481,258.077,61229501
2018-08-31,257.668,258.530,257.179,258.086,66140838
2018-09-04,257.668,257.997,256.637,257.641,57594367
2018-09-05,257.285,257.490,255.934,256.948,72452437
2018-09-06,257.054,257.357,255.143,256.174,65909863
2018-09-07,255.125,256.654,254.885,255.676,73524824
2018-09-10,256.690,256.957,255.925,256.121,50210903
2018-09-11,255.472,257.410,255.121,256.965,50530492
2018-09-12,256.974,257.632,256.236,257.028,59810758
2018-09-13,258.094,258.733,257.806,258.548,51034222
2018-09-14,258.752,258.939,257.810,258.592,55079875
2018-09-17,258.539,258.575,256.948,257.223,68244043
2018-09-18,257.437,259.215,257.410,258.619,61930407
2018-09-19,258.672,259.312,258.543,258.895,49080562
2018-09-20,260.157,261.313,258.909,260.993,100360646
2018-09-21,261.729,261.845,260.586,260.747,105479656
2018-09-24,260.167,260.310,259.300,259.881,53409645
2018-09-25,260.336,260.443,259.401,259.640,44370037
2018-09-26,259.783,260.970,258.443,258.863,79739674
2018-09-27,259.336,260.676,259.059,259.586,59249455
2018-09-28,258.961,260.113,258.925,259.613,70091385
2018-10-01,260.854,261.586,259.845,260.515,62078937
2018-10-02,260.363,261.073,259.988,260.363,47258227
2018-10-03,261.417,261.837,260.149,260.506,64694594
2018-10-04,260.024,260.077,256.880,258.470,111545910
2018-10-05,258.693,259.211,255.594,257.023,105951698
2018-10-08,256.336,257.380,254.952,257.023,87742172
2018-10-09,256.639,257.952,256.086,256.648,74338982
2018-10-10,256.139,256.211,248.147,248.522,214731042
2018-10-11,247.432,249.058,241.431,243.048,274840491
2018-10-12,247.156,247.441,243.226,246.423,183186492
2018-10-15,246.066,247.397,244.950,245.039,102263717
2018-10-16,247.004,250.772,246.531,250.397,118255834
2018-10-17,250.433,251.067,247.861,250.442,110625987
2018-10-18,249.504,250.103,245.548,246.825,134557525
2018-10-19,247.477,249.415,245.995,246.691,139901634
2018-10-22,247.361,247.682,245.048,245.584,82415812
2018-10-23,241.958,245.459,239.869,244.334,146352719
2018-10-24,244.084,244.468,236.377,236.931,177806697
2018-10-25,238.770,242.726,237.743,241.181,138061545
2018-10-26,237.467,242.003,234.225,236.940,201574596
2018-10-29,240.038,241.333,232.046,235.627,160749101
2018-10-30,235.457,239.431,234.966,239.119,157115995
2018-10-31,241.690,243.994,241.217,241.673,128296325
2018-11-01,242.539,244.441,241.449,244.244,99495037
2018-11-02,245.352,245.780,240.744,242.798,122634107
2018-11-05,243.289,244.691,242.316,244.137,65622482
2018-11-06,244.075,245.843,244.012,245.682,60085894
2018-11-07,247.861,251.022,247.432,250.942,102752099
2018-11-08,250.138,251.129,249.343,250.487,65584886
2018-11-09,249.174,249.361,246.629,248.040,98812561
2018-11-12,247.531,247.772,242.887,243.405,99673574
2018-11-13,243.869,245.865,242.226,242.950,98176610
2018-11-14,244.825,245.227,239.726,241.289,125335931
2018-11-15,240.021,244.271,238.440,243.807,135101437
2018-11-16,242.708,245.352,242.191,244.441,126668040
2018-11-19,243.834,244.128,239.387,240.306,103061706
2018-11-20,236.966,238.431,234.993,235.859,136021311
2018-11-21,237.413,238.565,236.654,236.663,75563743
2018-11-23,235.020,236.487,234.922,235.082,42807878
2018-11-26,237.342,239.101,236.949,238.878,79981362
2018-11-27,237.842,239.681,237.234,239.681,75502441
2018-11-28,240.753,245.200,239.616,245.200,127629633
2018-11-29,244.423,246.066,243.280,244.664,82346420
2018-11-30,244.512,246.718,244.191,246.155,98204190
2018-12-03,250.290,250.397,247.812,249.415,103017719
2018-12-04,248.584,249.013,241.021,241.333,177986013
2018-12-06,237.467,241.083,234.359,240.967,204185411
2018-12-07,240.628,242.199,234.529,235.368,161018923
2018-12-10,235.189,236.789,230.948,235.815,151445885
2018-12-11,239.020,239.208,234.395,235.868,121504431
2018-12-12,238.851,240.217,236.975,237.056,97976706
2018-12-13,238.002,238.869,235.859,236.975,96662717
2018-12-14,234.823,235.779,232.046,232.600,116961071
2018-12-17,231.644,232.760,226.398,228.036,165492257
2018-12-18,229.680,230.349,226.179,227.786,134515094
2018-12-19,227.867,231.644,222.670,224.375,214992763
2018-12-20,223.125,224.697,218.472,220.723,252053377
2018-12-21,221.647,224.314,215.574,216.221,255345633
2018-12-24,214.730,216.343,210.445,210.508,147311588
2018-12-26,211.972,221.143,209.987,221.143,218485360
2018-12-27,217.901,223.039,214.658,222.841,186267342
2018-12-28,224.198,225.833,221.386,222.554,153100189
2018-12-31,224.180,224.746,222.302,224.503,144299370
2019-01-02,220.964,225.662,220.937,224.737,126925199
2019-01-03,222.985,223.290,218.889,219.374,144140692
2019-01-04,222.410,227.369,222.033,226.722,142628834
2019-01-07,226.991,229.920,226.093,228.510,103139100
2019-01-08,230.701,231.142,228.168,230.656,102512587
2019-01-09,231.366,232.579,230.135,231.734,95006554
2019-01-10,230.198,232.803,229.516,232.552,96823923
2019-01-11,231.474,232.669,230.890,232.642,73858110
2019-01-14,230.737,232.031,230.333,231.222,70908227
2019-01-15,231.600,234.187,231.591,233.872,85208271
2019-01-16,234.304,235.325,234.097,234.438,77636710
2019-01-17,233.567,237.079,233.522,236.217,96118435
2019-01-18,238.032,239.828,236.251,239.361,127900303
2019-01-22,237.888,238.103,234.510,236.127,115531183
2019-01-23,237.160,237.861,234.151,236.621,86030287
2019-01-24,236.442,237.331,235.426,236.747,59204139
2019-01-25,238.597,239.577,236.845,238.750,96883358
2019-01-28,236.603,236.998,235.166,236.936,85613655
2019-01-29,237.079,237.645,235.786,236.621,66136334
2019-01-30,238.139,241.212,237.376,240.367,92473671
2019-01-31,240.304,242.963,240.089,242.478,104012073
2019-02-01,242.676,243.619,241.804,242.595,85782524
2019-02-04,242.640,244.365,241.966,244.302,60744844
2019-02-05,244.733,245.631,244.230,245.326,79552774
2019-02-06,245.047,245.541,244.266,245.002,58347791
2019-02-07,243.385,243.933,241.005,242.667,95481961
2019-02-08,241.418,243.062,240.592,242.963,75788861
2019-02-11,243.619,243.879,242.568,243.098,68021423
2019-02-12,244.715,246.601,244.643,246.224,72270221
2019-02-13,247.059,247.868,246.637,247.024,65277204
2019-02-14,245.937,247.607,245.119,246.476,83234396
2019-02-15,248.254,249.197,248.048,249.161,97088659
2019-02-19,248.363,250.248,248.353,249.593,59120804
2019-02-20,249.557,250.554,249.054,250.096,76610767
2019-02-21,249.458,249.817,248.241,249.206,64214727
2019-02-22,249.826,250.949,249.191,250.751,78114616
2019-02-25,252.180,252.701,251.012,251.093,69030699
2019-02-26,250.742,251.793,250.536,250.913,56844101
2019-02-27,250.195,251.156,249.260,250.805,56921570
2019-02-28,250.590,251.030,250.015,250.338,69268293
2019-03-01,251.919,252.315,250.464,251.901,78880548
2019-03-04,252.961,253.204,248.685,250.985,106494637
2019-03-05,251.111,251.308,250.096,250.644,59114559
2019-03-06,250.760,250.769,248.802,249.126,75039771
2019-03-07,248.676,248.820,246.197,247.041,94885089
2019-03-08,245.182,246.718,244.715,246.547,85795799
2019-03-11,247.266,250.284,247.239,250.123,65098897
2019-03-12,250.680,251.587,250.491,251.066,79667530
2019-03-13,251.955,253.662,251.793,252.728,80639153
2019-03-14,252.755,253.177,252.122,252.566,67518366
2019-03-15,253.103,254.610,252.914,253.798,81308979
2019-03-18,254.014,255.016,253.789,254.718,62199806
2019-03-19,255.783,256.550,253.888,254.781,90268121
2019-03-20,254.565,255.774,252.905,254.014,84609210
2019-03-21,253.193,257.289,253.148,256.883,79550375
2019-03-22,255.521,256.047,251.876,251.939,122659286
2019-03-25,251.597,252.783,250.487,251.750,85575197
2019-03-26,253.509,254.583,252.219,253.626,68125920
2019-03-27,253.617,254.204,250.748,252.300,72224722
2019-03-28,252.932,253.708,251.777,253.257,56238545
2019-03-29,254.772,255.178,253.645,254.853,82186806
2019-04-01,256.856,258.174,256.586,257.876,77617945
2019-04-02,258.065,258.237,257.208,258.002,40070351
2019-04-03,259.220,259.617,257.804,258.408,68243202
2019-04-04,258.733,259.346,258.038,259.094,48997505
2019-04-05,259.761,260.402,259.473,260.348,58621729
2019-04-08,259.924,260.655,259.265,260.546,53566335
2019-04-09,259.581,259.906,258.661,259.211,66142316
2019-04-10,259.626,260.185,259.211,260.095,52601499
2019-04-11,260.582,260.591,259.453,260.023,55093100
2019-04-12,261.638,262.062,260.069,261.782,69727782
2019-04-15,261.855,261.954,260.803,261.611,49596685
2019-04-16,262.495,262.549,261.187,261.782,52153197
2019-04-17,262.901,262.924,260.727,261.142,58268295
2019-04-18,261.728,261.927,260.429,261.656,68708513
2019-04-22,260.889,262.030,260.799,261.882,40160140
2019-04-23,262.251,264.471,262.017,264.236,52246633
2019-04-24,264.155,264.489,263.506,263.650,50392914
2019-04-25,263.551,264.146,262.297,263.488,57770862
2019-04-26,263.533,264.787,262.757,264.715,50916423
2019-04-29,264.805,265.653,264.715,265.130,57197747
2019-04-30,264.787,265.554,263.370,265.265,81111733
2019-05-01,265.896,266.104,263.262,263.271,71671870
2019-05-02,263.154,264.074,261.205,262.703,65030170
2019-05-03,264.182,265.554,262.811,265.274,56543653
2019-05-06,260.961,264.624,260.646,264.182,107198069
2019-05-07,261.773,262.369,257.858,259.770,144729908
2019-05-08,259.410,261.124,258.814,259.410,91568287
2019-05-09,257.335,259.229,255.593,258.625,103471104
2019-05-10,257.686,260.682,254.691,259.924,112429293
2019-05-13,254.799,255.765,252.553,253.392,127290527
2019-05-14,254.411,257.217,254.285,255.683,77003230
2019-05-15,254.050,257.822,253.843,257.181,73956407
2019-05-16,257.885,260.925,257.813,259.563,76749643
2019-05-17,257.253,260.375,257.236,257.885,100353024
2019-05-20,256.279,257.515,255.431,256.180,62877610
2019-05-21,257.876,258.868,257.623,258.489,46847085
2019-05-22,257.533,258.652,257.217,257.695,49482472
2019-05-23,255.467,255.512,253.130,254.547,98733847
2019-05-24,255.990,256.405,254.502,255.124,55268095
2019-05-28,255.404,256.360,252.733,252.751,70029356
2019-05-29,251.633,252.039,249.648,251.055,104972927
2019-05-30,251.813,252.652,250.636,251.741,62523780
2019-05-31,249.188,250.018,248.322,248.349,86862782
2019-06-03,248.385,249.505,246.382,247.717,96427952
2019-06-04,250.018,253.229,249.567,253.094,77231889
2019-06-05,254.718,255.314,252.905,255.287,71169717
2019-06-06,255.584,257.623,254.935,256.947,69430381
2019-06-07,257.966,260.600,257.795,259.518,74272199
2019-06-10,261.070,262.378,260.621,260.709,60799053
2019-06-11,262.531,262.901,259.996,260.646,58641325
2019-06-12,260.411,260.970,259.667,260.185,47096312
2019-06-13,261.097,261.620,260.393,261.259,48945156
2019-06-14,260.970,261.575,260.204,260.970,52324716
2019-06-17,261.205,261.836,260.898,261.070,39205709
2019-06-18,262.892,264.859,262.531,263.803,85434823
2019-06-19,263.939,264.931,262.964,264.399,78674377
2019-06-20,267.087,267.330,264.457,266.925,116570017
2019-06-21,266.658,267.918,266.323,266.540,83309466
2019-06-24,266.749,267.066,266.060,266.214,47582730
2019-06-25,266.268,266.296,263.494,263.603,82028656
2019-06-26,264.501,265.008,263.227,263.340,51584902
2019-06-27,264.102,264.782,263.721,264.274,40355239
2019-06-28,265.253,266.132,264.736,265.634,59350929
2019-07-01,268.970,269.188,266.840,268.045,79107474
2019-07-02,268.000,268.798,267.157,268.743,61504544
2019-07-03,269.423,270.910,269.278,270.892,40898896
2019-07-05,269.659,270.747,268.363,270.584,51677326
2019-07-08,269.269,270.401,268.553,269.097,45841772
2019-07-09,267.937,269.732,267.882,269.432,41101279
2019-07-10,270.502,271.672,269.967,270.720,58595558
2019-07-11,271.364,271.599,270.348,271.354,50889481
2019-07-12,271.844,272.642,271.536,272.569,40354410
2019-07-15,273.004,273.004,272.152,272.660,33910261
2019-07-16,272.569,272.778,271.472,271.717,40567964
2019-07-17,271.753,271.917,269.931,269.931,44102443
2019-07-18,269.432,271.300,268.988,270.919,51701687
2019-07-19,272.016,272.043,269.224,269.414,71081238
2019-07-22,269.813,270.620,269.296,270.076,43687404
2019-07-23,271.200,272.007,270.366,272.007,44657973
2019-07-24,271.246,273.286,271.155,273.286,47213232
2019-07-25,272.832,272.887,271.173,271.980,55394092
2019-07-26,272.669,274.002,272.542,273.802,45084077
2019-07-29,273.684,273.730,272.751,273.304,38126462
2019-07-30,271.898,273.041,271.518,272.633,45849045
2019-07-31,272.878,273.068,267.628,269.650,104245162
2019-08-01,269.804,272.769,266.504,267.302,142646576
2019-08-02,266.404,266.649,263.730,265.289,116749695
2019-08-05,261.182,261.291,255.407,257.311,178745449
2019-08-06,259.206,261.137,257.728,260.919,120711682
2019-08-07,257.837,261.844,255.697,261.074,140572265
2019-08-08,262.569,266.196,262.016,266.196,87713904
2019-08-09,265.253,265.851,262.597,264.383,93729958
2019-08-12,262.878,264.369,260.212,261.164,65527632
2019-08-13,260.865,266.676,260.521,265.226,94792972
2019-08-14,261.164,265.148,257.257,257.384,135622053
2019-08-15,258.272,258.961,256.015,258.064,101929845
2019-08-16,259.723,262.307,258.122,261.871,85825286
2019-08-19,264.899,265.706,264.220,265.026,53532466
2019-08-20,264.519,265.054,262.869,262.996,51652284
2019-08-21,265.162,265.507,264.473,265.135,49723226
2019-08-22,265.842,266.477,263.277,265.054,51739292
2019-08-23,263.748,265.416,256.994,258.245,149318026
2019-08-26,260.439,261.101,258.907,261.101,72617098
2019-08-27,262.497,262.869,259.315,260.076,68260998
2019-08-28,259.415,262.071,258.608,261.908,59852324
2019-08-29,264.473,265.779,263.467,265.253,57998913
2019-08-30,266.740,266.758,264.201,265.135,62960258
2019-09-03,263.431,264.346,262.252,263.585,69231875
2019-09-04,265.761,266.590,265.008,266.577,47003357
2019-09-05,269.070,270.919,266.541,270.004,83356479
2019-09-06,270.321,270.856,269.641,270.212,49583660
2019-09-09,271.200,271.291,269.405,270.348,51258390
2019-09-10,269.587,270.348,268.326,270.285,57946311
2019-09-11,270.593,272.288,269.940,272.207,68817264
2019-09-12,273.113,274.210,272.352,273.150,72907675
2019-09-13,273.594,273.947,272.596,272.968,62098571
2019-09-16,271.835,273.012,271.481,272.125,58189274
2019-09-17,271.926,272.905,271.753,272.814,42904427
2019-09-18,272.424,273.086,270.384,272.977,74190191
2019-09-19,273.367,274.364,272.624,272.959,78099215
2019-09-20,273.568,273.850,270.881,271.673,97453296
2019-09-23,271.009,272.329,270.754,271.610,47541204
2019-09-24,272.703,273.094,268.513,269.478,97367368
2019-09-25,269.560,271.519,268.076,271.072,73433981
2019-09-26,271.081,271.291,269.096,270.508,58720407
2019-09-27,271.264,271.370,267.493,269.050,84781110
2019-09-30,269.569,271.009,269.524,270.298,52560522
2019-10-01,271.182,271.833,266.864,267.083,89897503
2019-10-02,265.498,265.507,261.072,262.365,124523574
2019-10-03,262.137,264.542,259.414,264.515,85905973
2019-10-04,265.170,268.349,264.879,268.094,66700672
2019-10-07,267.292,268.923,266.655,266.937,60645911
2019-10-08,265.079,265.817,262.757,262.793,101575270
2019-10-09,264.815,266.227,262.908,265.289,65706869
2019-10-10,265.207,267.966,265.043,267.083,57255974
2019-10-11,269.843,272.092,269.729,269.852,101224867
2019-10-14,269.533,270.207,269.205,269.551,40546568
2019-10-15,270.599,272.967,270.480,272.220,47831310
2019-10-16,271.755,272.475,271.346,271.783,50563296
2019-10-17,272.949,273.459,271.887,272.584,46784785
2019-10-18,272.047,272.689,270.498,271.391,64336901
2019-10-21,272.712,273.431,272.270,273.231,39460601
2019-10-22,273.768,274.060,272.247,272.338,49123306
2019-10-23,272.083,273.185,271.869,273.131,34990028
2019-10-24,274.069,274.215,272.748,273.577,35855262
2019-10-25,273.003,275.244,272.949,274.697,45205162
2019-10-28,275.918,276.747,275.890,276.246,42144610
2019-10-29,275.972,277.093,275.845,276.164,44279601
2019-10-30,276.364,277.384,275.052,277.011,49643128
2019-10-31,277.002,277.002,274.816,276.273,69051911
2019-11-01,277.721,278.878,277.557,278.832,71134491
2019-11-04,280.390,280.526,279.579,279.953,60606616
2019-11-05,280.153,280.454,279.351,279.643,42933069
2019-11-06,279.643,279.980,278.759,279.707,46485708
2019-11-07,281.046,282.029,280.217,280.690,54269064
2019-11-08,280.344,281.441,279.643,281.383,49068697
2019-11-11,279.998,281.018,279.862,280.845,35934809
2019-11-12,281.210,282.339,280.663,281.437,46484585
2019-11-13,280.444,281.929,280.217,281.528,54458568
2019-11-14,281.246,282.020,280.608,281.938,52001562
2019-11-15,283.277,284.024,282.585,283.978,62706035
2019-11-18,283.742,284.425,283.286,284.188,49326067
2019-11-19,284.789,284.798,283.459,284.106,67926918
2019-11-20,283.514,284.033,281.492,283.049,79693296
2019-11-21,283.159,283.268,281.792,282.594,54657924
2019-11-22,283.341,283.477,282.211,283.222,44849928
2019-11-25,284.151,285.417,284.151,285.417,48759676
2019-11-26,285.454,286.246,285.135,286.064,37726753
2019-11-27,286.547,287.339,286.328,287.339,44790204
2019-11-29,286.774,287.020,286.046,286.274,27101331
2019-12-02,286.529,286.592,283.414,283.842,76108727
2019-12-03,281.118,282.020,279.734,281.938,75169609
2019-12-04,282.986,284.279,282.639,283.678,49189232
2019-12-05,284.379,284.397,282.876,284.188,40779099
2019-12-06,286.100,287.184,286.091,286.784,48953020
2019-12-09,286.392,287.066,285.809,285.882,34903565
2019-12-10,285.827,286.492,284.907,285.563,53106133
2019-12-11,286.019,286.629,285.480,286.374,53521049
2019-12-12,286.383,289.625,286.146,288.842,96585802
2019-12-13,288.605,290.245,287.831,289.015,81545625
2019-12-16,290.746,291.593,288.955,291.001,82835621
2019-12-17,291.383,291.684,290.982,291.064,61131469
2019-12-18,291.456,291.684,291.028,291.083,48671327
2019-12-19,291.274,292.349,291.023,292.276,85387124
2019-12-20,293.317,294.703,292.335,293.564,149337494
2019-12-23,294.278,294.406,293.866,294.058,53012548
2019-12-24,294.241,294.287,293.720,294.022,20267869
2019-12-26,294.406,295.596,294.397,295.587,31021788
2019-12-27,296.319,296.374,294.983,295.514,42840835
2019-12-30,295.596,295.733,293.399,293.885,49779400
2019-12-31,293.381,294.846,293.033,294.598,57106577
2020-01-02,296.136,297.372,295.212,297.354,59253533
2020-01-03,293.958,296.228,293.903,295.102,77782721
2020-01-06,293.344,296.310,293.226,296.228,55760783
2020-01-07,295.660,296.136,294.946,295.395,42854551
2020-01-08,295.587,298.186,295.340,296.969,68425753
2020-01-09,298.534,299.056,297.948,298.983,48569476
2020-01-10,299.569,299.724,297.656,298.122,53057389
2020-01-13,298.745,300.182,298.315,300.173,47261910
2020-01-14,299.733,300.786,299.160,299.715,63035319
2020-01-15,299.623,301.152,299.541,300.392,72190565
2020-01-16,301.774,302.891,301.546,302.891,54046427
2020-01-17,303.605,304.044,302.831,303.834,95846017
2020-01-21,302.873,304.044,302.800,303.239,77742365
2020-01-22,304.099,304.749,303.120,303.276,48910125
2020-01-23,302.626,304.033,301.509,303.623,51962994
2020-01-24,304.282,304.365,299.633,300.923,87578424
2020-01-27,295.669,297.582,295.331,296.100,84061406
2020-01-28,297.527,300.081,296.195,299.202,63831040
2020-01-29,300.566,300.795,298.754,298.955,54032222
2020-01-30,296.887,300.136,296.136,299.926,75489930
2020-01-31,299.303,299.459,293.564,294.479,113845576
2020-02-03,295.962,298.534,295.843,296.667,69241993
2020-02-04,300.282,302.058,299.962,301.189,62566436
2020-02-05,304.127,304.877,302.662,304.667,65951146
2020-02-06,305.628,305.884,304.612,305.692,50357738
2020-02-07,304.630,305.705,303.513,304.063,64138686
2020-02-10,303.175,306.397,303.138,306.333,42066291
2020-02-11,307.687,308.474,306.336,306.863,54864103
2020-02-12,308.300,309.051,307.934,308.841,43992648
2020-02-13,307.414,309.481,307.138,308.511,54501262
2020-02-14,308.923,309.124,307.724,309.005,64580641
2020-02-18,308.008,309.068,306.818,308.209,57342326
2020-02-19,309.179,310.360,308.895,309.683,48814429
2020-02-20,309.135,309.957,305.419,308.410,74160617
2020-02-21,307.056,307.367,304.410,305.234,113788001
2020-02-24,295.770,305.309,294.031,295.111,161088269
2020-02-25,296.502,297.116,285.290,286.169,218912868
2020-02-26,287.569,291.166,284.384,285.116,110473324
2020-02-27,279.588,285.175,272.311,272.311,284351651
2020-02-28,264.247,272.661,261.355,271.167,385763720
2020-03-02,272.952,282.974,269.519,282.910,238702985
2020-03-03,283.285,287.258,272.366,274.810,300137689
2020-03-04,280.192,286.580,277.638,286.361,176612039
2020-03-05,279.148,282.343,274.599,276.842,186366809
2020-03-06,268.320,273.473,265.648,272.265,228665435
2020-03-09,251.982,260.119,250.289,251.003,309417074
2020-03-10,260.531,264.082,250.335,263.991,276442686
2020-03-11,256.925,258.060,247.936,251.122,256416563
2020-03-12,234.317,244.074,226.702,227.095,392220569
2020-03-13,240.806,248.481,227.474,246.509,329564674
2020-03-16,220.752,235.141,217.256,219.535,297239426
2020-03-17,224.285,234.472,216.990,231.388,262070466
2020-03-18,216.240,227.333,208.707,219.672,327596761
2020-03-19,218.986,226.427,212.551,220.139,289321735
2020-03-20,223.273,225.059,210.357,210.633,347158020
2020-03-23,210.072,211.446,200.930,205.248,326018382
2020-03-24,215.807,224.718,215.236,223.844,235494475
2020-03-25,225.427,235.996,220.714,227.195,299430255
2020-03-26,229.708,241.934,229.275,240.461,257632816
2020-03-27,233.160,240.102,231.117,233.298,224340295
2020-03-30,235.397,241.593,233.400,240.875,171759021
2020-03-31,239.872,242.422,235.876,237.285,194880860
2020-04-01,228.290,237.201,224.534,226.606,189553553
2020-04-02,225.722,232.617,225.170,231.835,177659705
2020-04-03,230.850,233.206,225.750,228.484,135552810
2020-04-06,237.368,245.800,228.465,243.830,188056936
2020-04-07,252.438,253.193,243.858,244.079,201425179
2020-04-08,246.684,254.086,244.193,252.272,153768874
2020-04-09,255.540,258.873,253.598,256.111,190279043
2020-04-13,255.135,255.476,249.860,253.773,114839053
2020-04-14,258.670,262.279,253.635,261.257,134141630
2020-04-15,255.531,261.396,253.588,255.706,121770886
2020-04-16,256.985,257.796,253.865,256.939,131796462
2020-04-17,262.721,264.488,259.977,263.881,146675475
2020-04-20,260.171,264.020,259.011,259.232,100105656
2020-04-21,254.758,255.964,250.422,251.361,126384078
2020-04-22,256.249,258.689,254.923,256.939,93524434
2020-04-23,258.219,261.395,256.617,256.921,104709693
2020-04-24,258.440,261.174,256.387,260.502,85165288
2020-04-27,262.481,265.381,262.021,264.258,77894816
2020-04-28,267.913,268.263,262.739,263.043,105268869
2020-04-29,268.383,271.467,267.351,269.929,118740612
2020-04-30,268.548,270.034,265.676,267.416,122901551
2020-05-01,262.656,267.579,259.167,260.336,125179453
2020-05-04,258.449,261.358,256.967,261.055,80871838
2020-05-05,263.881,266.284,261.186,263.467,79569138
2020-05-06,265.170,265.556,261.248,261.681,73632628
2020-05-07,264.903,266.771,264.332,264.838,75249412
2020-05-08,267.977,269.690,266.845,269.220,76835202
2020-05-11,267.287,270.656,266.864,269.276,79571025
2020-05-12,270.463,270.877,263.770,263.908,95868682
2020-05-13,263.347,264.387,256.815,259.241,144719843
2020-05-14,256.801,262.472,251.315,262.343,121977690
2020-05-15,259.950,263.595,259.002,263.549,111145276
2020-05-18,269.782,273.188,269.460,271.577,120317230
2020-05-19,270.979,272.686,268.769,268.788,95187516
2020-05-20,272.332,274.219,272.102,273.354,85857591
2020-05-21,273.225,274.035,270.370,271.467,79022310
2020-05-22,271.181,272.157,269.938,271.982,63955826
2020-05-26,277.957,278.196,272.005,275.333,88951040
2020-05-27,278.132,279.467,273.299,279.430,104815685
2020-05-28,280.461,282.477,278.242,278.914,90767511
2020-05-29,278.445,280.746,275.692,280.157,119264686
2020-06-01,279.513,281.892,278.997,281.289,56779836
2020-06-02,282.210,283.664,280.875,283.618,74267162
2020-06-03,285.607,288.350,285.331,287.393,92561017
2020-06-04,286.408,288.148,284.539,286.638,75793563
2020-06-05,292.042,295.766,291.977,293.984,150524674
2020-06-08,294.795,297.731,294.251,297.538,73641217
2020-06-09,294.868,297.616,294.003,295.319,77477643
2020-06-10,295.899,296.792,292.954,293.671,94999616
2020-06-11,286.730,287.365,276.189,276.742,209243510
2020-06-12,283.766,284.539,274.891,280.056,194678874
2020-06-15,274.357,283.803,273.179,282.670,135781552
2020-06-16,290.431,290.578,283.241,288.111,137623281
2020-06-17,289.133,289.427,286.178,286.914,83393177
2020-06-18,285.391,287.503,284.935,287.025,80825805
2020-06-19,290.513,290.707,283.448,285.399,119520978
2020-06-22,284.798,287.628,283.652,287.230,74642244
2020-06-23,289.884,290.818,288.146,288.553,68471246
2020-06-24,286.509,287.129,279.352,281.192,132810405
2020-06-25,280.619,284.475,278.594,284.207,89467968
2020-06-26,283.106,283.319,276.874,277.456,127961017
2020-06-29,278.714,281.673,276.421,281.534,79772092
2020-06-30,281.100,286.842,280.942,285.140,113394272
2020-07-01,286.259,288.405,285.797,287.138,72396042
2020-07-02,290.578,291.928,288.053,288.719,69333588
2020-07-06,292.547,293.759,291.798,293.176,61712878
2020-07-07,291.632,293.611,289.773,290.152,82908466
2020-07-08,290.920,292.483,289.154,292.372,54638596
2020-07-09,292.982,293.222,287.286,290.707,83353658
2020-07-10,290.642,293.944,289.209,293.675,57546448
2020-07-13,296.024,298.410,290.476,291.133,102934126
2020-07-14,289.709,295.682,288.506,294.905,93630881
2020-07-15,298.133,298.715,295.224,297.615,87191958
2020-07-16,295.710,297.088,295.063,296.635,54622019
2020-07-17,297.642,298.280,295.659,297.494,62774371
2020-07-20,297.226,300.648,296.477,299.899,56307026
2020-07-21,301.868,302.312,299.547,300.537,57492780
2020-07-22,300.176,302.562,300.065,302.247,57791935
2020-07-23,301.887,302.590,297.273,298.641,75735966
2020-07-24,296.782,297.744,295.207,296.718,73766122
2020-07-27,297.411,299.057,296.621,298.882,48290715
2020-07-28,298.151,299.270,296.690,296.986,57494117
2020-07-29,297.864,301.203,297.823,300.638,48454034
2020-07-30,297.661,299.982,295.571,299.566,61860690
2020-07-31,301.360,302.035,297.134,301.933,85210213
2020-08-03,303.598,304.800,303.052,304.032,53077648
2020-08-04,303.172,305.206,303.172,305.206,41916782
2020-08-05,306.510,307.361,306.242,307.102,42866154
2020-08-06,306.520,309.275,306.196,309.155,43678597
2020-08-07,308.184,309.664,307.278,309.377,57305856
2020-08-10,309.830,310.487,307.883,310.302,44855949
2020-08-11,311.485,312.123,307.010,307.740,69600575
2020-08-12,310.181,312.808,307.775,312.031,53820408
2020-08-13,311.263,312.781,310.542,311.467,41816146
2020-08-14,311.078,312.012,310.348,311.476,47260023
2020-08-17,312.493,312.863,311.487,312.465,35479697
2020-08-18,312.863,313.566,311.263,313.140,38733796
2020-08-19,313.520,314.037,311.273,311.837,68050403
2020-08-20,310.107,313.288,309.978,312.808,42206485
2020-08-21,312.475,314.139,312.132,313.917,55104088
2020-08-24,316.358,317.172,313.889,317.098,48587702
2020-08-25,317.662,318.291,316.497,318.208,38457360
2020-08-26,318.800,321.666,318.254,321.398,50785748
2020-08-27,322.267,323.553,320.436,322.101,58033960
2020-08-28,323.127,324.311,321.934,324.181,48588170
2020-08-31,323.969,324.847,322.776,323.007,66098781
2020-09-01,323.839,326.151,322.942,326.049,54995676
2020-09-02,327.963,331.736,326.817,330.765,69536982
2020-09-03,329.073,329.545,316.793,319.382,148011129
2020-09-04,320.066,321.638,309.654,316.774,139156029
2020-09-08,311.356,316.839,307.814,308.119,114465322
2020-09-09,312.132,316.673,311.263,314.204,91459320
2020-09-10,316.081,316.737,307.786,308.748,90565654
2020-09-11,310.533,311.596,306.076,308.905,84679894
2020-09-14,312.077,314.749,309.054,312.974,65599678
2020-09-15,315.434,316.266,312.981,314.555,52917027
2020-09-16,315.794,317.228,313.029,313.307,82209216
2020-09-17,308.443,312.271,307.917,310.551,91522939
2020-09-18,311.358,311.469,304.487,306.975,105874974
2020-09-21,302.380,303.707,298.694,303.559,99450742
2020-09-22,305.044,307.208,302.528,306.651,63609732
2020-09-23,307.208,307.486,299.038,299.539,93111793
2020-09-24,298.221,303.398,296.902,300.337,76675687
2020-09-25,299.483,305.982,298.611,305.193,71067971
2020-09-28,309.361,310.977,308.368,310.262,64582401
2020-09-29,310.058,310.800,307.877,308.572,51531494
2020-09-30,309.241,314.068,309.046,310.912,104081134
2020-10-01,313.511,314.486,311.023,312.908,88697545
2020-10-02,307.950,312.883,307.477,309.937,89430078
2020-10-05,311.998,315.619,311.952,315.433,45712818
2020-10-06,315.572,317.671,310.438,310.949,90128089
2020-10-07,313.911,317.169,313.883,316.362,56998737
2020-10-08,318.302,319.230,317.383,319.165,45241726
2020-10-09,320.818,322.480,320.196,322.016,59523660
2020-10-12,324.559,328.672,324.067,327.196,80387443
2020-10-13,327.057,327.229,324.095,325.061,73254459
2020-10-14,325.636,326.732,322.285,323.018,57958124
2020-10-15,319.100,323.102,318.562,322.619,60354508
2020-10-16,323.974,325.636,322.248,322.424,89500792
2020-10-19,323.761,324.309,316.631,317.633,68426017
2020-10-20,318.868,322.043,318.107,318.794,61276848
2020-10-21,318.748,323.719,317.884,318.191,63574979
2020-10-22,318.404,320.521,316.259,319.936,55398842
2020-10-23,321.161,321.217,318.562,321.022,49141220
2020-10-26,317.633,318.423,311.590,315.090,91471902
2020-10-27,315.433,315.767,313.790,314.003,65994656
2020-10-28,308.322,314.029,302.779,303.271,127095176
2020-10-29,303.503,309.524,301.814,306.353,90597608
2020-10-30,304.775,306.084,299.502,303.160,120447074
2020-11-02,306.558,308.563,303.810,306.558,86066749
2020-11-03,309.798,314.031,306.645,311.970,93293690
2020-11-04,316.454,323.027,315.275,318.943,126959670
2020-11-05,324.234,326.973,323.882,325.163,82038599
2020-11-06,324.875,326.342,322.758,325.089,74971917
2020-11-09,337.910,338.290,328.709,329.174,172304403
2020-11-10,328.180,329.749,325.413,328.691,85551822
2020-11-11,330.882,331.959,329.638,331.132,58649022
2020-11-12,330.120,331.177,326.110,327.920,68116759
2020-11-13,329.833,333.203,329.313,332.460,62959392
2020-11-16,335.134,336.805,333.843,336.610,74541138
2020-11-17,334.196,336.007,332.683,334.800,66111309
2020-11-18,335.069,331.318,330.055,330.770,70591246
2020-11-19,330.139,332.534,328.793,332.163,58624456
2020-11-20,331.903,332.107,329.814,329.888,70419271
2020-11-23,331.699,333.128,329.457,331.866,63230088
2020-11-24,334.419,337.761,333.565,337.213,62415770
2020-11-25,337.130,337.158,335.598,336.694,47679598
2020-11-27,337.789,338.105,336.619,337.631,28513210
2020-11-30,336.851,337.121,333.453,336.137,83872708
2020-12-01,339.395,341.354,338.801,339.813,74504969
2020-12-02,338.699,340.686,338.123,340.528,45922539
2020-12-03,340.426,341.828,339.330,340.435,62880963
2020-12-04,341.020,343.369,340.927,343.369,50668903
2020-12-07,342.598,343.155,341.391,342.663,48944769
2020-12-08,341.391,344.232,341.345,343.666,42457204
2020-12-09,344.325,344.483,339.748,340.584,74096424
2020-12-10,339.210,341.521,338.337,340.472,57733845
2020-12-11,338.773,340.481,337.251,340.073,57697397
2020-12-14,342.245,343.322,338.374,338.550,69212973
2020-12-15,341.094,343.127,339.720,343.127,64071099
2020-12-16,343.341,344.585,342.457,343.666,58418757
2020-12-17,345.309,345.792,344.483,345.588,64118644
2020-12-18,345.855,346.023,342.173,344.187,137159836
2020-12-21,340.262,352.838,337.521,342.956,96382606
2020-12-22,343.282,343.396,341.250,342.378,48388762
2020-12-23,343.347,344.597,342.356,342.686,46200462
2020-12-24,343.161,344.047,342.574,344.019,26456123
2020-12-28,346.573,347.366,345.949,346.974,38996887
2020-12-29,348.503,348.680,345.725,346.312,53679132
2020-12-30,347.133,347.841,346.415,346.806,49453560
2020-12-31,346.610,349.296,346.100,348.568,78520702
2021-01-04,349.902,350.032,340.122,343.823,110210285
2021-01-05,343.180,347.282,343.133,346.191,66435060
2021-01-06,344.681,351.458,344.131,348.261,107996780
2021-01-07,350.638,354.181,350.461,353.435,68766805
2021-01-08,354.824,355.663,351.570,355.449,71677215
2021-01-11,352.270,354.815,352.147,353.053,51176219
2021-01-12,353.239,354.143,350.880,353.127,52547007
2021-01-13,353.053,355.076,352.270,354.078,45303896
2021-01-14,354.824,355.327,352.503,352.838,49988168
2021-01-15,351.216,352.018,348.401,350.265,107159807
2021-01-19,352.726,353.556,351.244,353.015,51233250
2021-01-20,355.309,358.740,354.917,357.901,61835119
2021-01-21,358.460,358.889,357.304,358.227,47955784
2021-01-22,356.372,358.121,355.985,356.959,53023298
2021-01-25,357.696,358.721,352.838,358.367,70394733
2021-01-26,359.318,359.728,357.574,357.807,42665131
2021-01-27,354.479,354.572,346.825,349.062,123353489
2021-01-28,350.880,356.073,350.442,352.064,94193523
2021-01-29,350.200,351.169,343.338,345.016,126764062
2021-02-01,348.419,351.794,345.302,350.759,75815916
2021-02-02,353.948,357.276,350.841,355.719,64448833
2021-02-03,356.544,357.724,354.722,355.999,52422087
2021-02-04,357.034,360.092,356.107,360.045,47142078
2021-02-05,361.919,362.171,360.002,361.462,48667808
2021-02-08,362.916,364.119,362.059,364.072,38462955
2021-02-09,363.233,364.427,362.823,363.830,35550959
2021-02-10,365.573,365.723,361.266,363.672,59154321
2021-02-11,364.753,365.173,361.826,364.259,42912863
2021-02-12,363.457,366.301,363.383,366.058,50615037
2021-02-16,367.289,367.485,365.023,365.741,51002140
2021-02-17,363.989,366.077,362.972,365.825,52805539
2021-02-18,363.215,365.009,361.490,364.268,59714549
2021-02-19,365.527,365.816,363.177,363.625,83298729
2021-02-22,360.856,363.243,360.558,360.828,67431741
2021-02-23,358.619,362.613,354.460,361.266,107286693
2021-02-24,360.175,365.676,359.187,365.247,72433517
2021-02-25,363.979,365.350,355.000,356.446,146669470
2021-02-26,358.330,359.476,352.624,354.610,152704180
2021-03-01,359.486,364.455,354.807,363.205,105344846
2021-03-02,363.429,363.662,359.868,360.371,79612308
2021-03-03,359.672,360.642,355.495,355.598,119939109
2021-03-04,355.411,358.003,346.704,351.197,183432396
2021-03-05,354.703,358.712,347.412,357.658,152040213
2021-03-08,358.619,361.434,355.598,355.878,123148306
2021-03-09,359.728,363.513,355.887,360.959,113635232
2021-03-10,363.308,364.902,361.891,363.205,109899129
2021-03-11,365.676,368.864,365.219,366.888,86245840
2021-03-12,365.527,367.522,364.716,367.382,64652883
2021-03-15,367.634,369.829,365.490,369.573,73590351
2021-03-16,370.188,370.897,368.333,369.107,73722448
2021-03-17,367.820,371.167,366.674,370.365,97966340
2021-03-18,367.769,369.862,364.296,364.977,115374165
2021-03-19,364.694,366.274,362.140,364.320,113624129
2021-03-22,364.834,368.613,364.778,367.229,73777829
2021-03-23,366.593,368.042,363.553,364.338,90688257
2021-03-24,365.741,367.378,362.439,362.486,97587063
2021-03-25,361.046,365.320,359.100,364.525,116137772
2021-03-26,365.676,370.802,365.077,370.400,114409554
2021-03-29,368.922,371.120,367.434,370.213,108118226
2021-03-30,368.940,369.904,367.631,369.230,76343403
2021-03-31,369.801,372.289,369.773,370.727,112735797
2021-04-01,372.663,374.787,372.458,374.731,99713517
2021-04-05,377.396,380.652,377.322,380.109,91809607
2021-04-06,379.548,380.932,379.211,379.885,62021453
2021-04-07,379.716,380.670,379.258,380.324,55836260
2021-04-08,381.578,382.186,380.642,382.130,57858351
2021-04-09,382.008,385.076,381.886,384.908,61199965
2021-04-12,384.309,385.319,383.701,385.048,56943340
2021-04-13,384.945,386.815,384.562,386.189,56551553
2021-04-14,386.161,387.218,384.328,384.870,61786039
2021-04-15,387.012,389.276,386.966,389.005,60229616
2021-04-16,390.296,390.913,388.874,390.305,82036273
2021-04-19,389.370,389.819,387.059,388.387,78669629
2021-04-20,387.171,388.271,384.066,385.544,82068333
2021-04-21,384.926,389.398,384.786,389.192,66797766
2021-04-22,389.024,389.856,384.571,385.637,97629967
2021-04-23,386.199,391.231,386.124,389.819,73275073
2021-04-26,390.473,391.203,389.885,390.632,52181497
2021-04-27,390.932,391.128,389.407,390.548,51478227
2021-04-28,390.819,391.942,389.968,390.436,51244131
2021-04-29,393.167,393.541,389.538,392.924,78674629
2021-04-30,390.651,391.502,389.444,390.342,85628534
2021-05-03,392.335,392.718,390.684,391.184,68128961
2021-05-04,389.192,389.688,385.076,388.771,101666735
2021-05-05,390.417,390.651,388.331,388.893,60208546
2021-05-06,388.967,392.129,386.952,391.998,74322663
2021-05-07,392.765,395.501,392.082,394.851,67738777
2021-05-10,395.207,395.431,390.819,390.941,81856374
2021-05-11,386.414,388.444,383.570,387.452,116890355
2021-05-12,384.665,385.937,377.902,379.221,134813035
2021-05-13,380.773,385.712,380.727,383.776,106390084
2021-05-14,386.517,390.520,386.489,389.669,82194141
2021-05-17,388.556,389.491,386.657,388.677,65127200
2021-05-18,388.939,389.183,385.170,385.329,59810238
2021-05-19,380.633,384.496,379.146,384.318,106467042
2021-05-20,385.198,389.711,385.076,388.453,78017413
2021-05-21,389.940,391.184,387.677,388.135,76578262
2021-05-24,390.380,393.167,390.137,392.092,51376152
2021-05-25,393.195,393.527,390.642,391.306,57446611
2021-05-26,391.811,392.503,390.773,391.998,43088418
2021-05-27,393.027,393.541,391.919,392.204,56703799
2021-05-28,393.775,394.037,392.672,392.905,58519664
2021-06-01,395.272,395.412,392.120,392.559,54216463
2021-06-02,393.214,394.019,392.204,393.177,49126886
2021-06-03,390.857,392.859,389.388,391.717,58136884
2021-06-04,393.570,395.599,391.785,395.300,55938788
2021-06-07,395.291,395.468,393.981,394.917,51553864
2021-06-08,395.777,395.871,393.167,395.001,47133179
2021-06-09,395.843,395.917,394.187,394.411,48435504
2021-06-10,395.637,397.199,394.318,396.245,51018434
2021-06-11,396.797,397.012,395.506,396.900,45570828
2021-06-14,397.012,397.891,395.768,397.788,42358478
2021-06-15,397.938,397.975,396.179,397.059,51505607
2021-06-16,397.199,397.423,392.793,394.842,80379082
2021-06-17,394.430,395.693,392.232,394.711,90944451
2021-06-18,391.439,392.132,389.196,389.402,118675282
2021-06-21,391.167,395.165,390.350,394.977,72821162
2021-06-22,394.968,397.924,394.245,397.089,57700187
2021-06-23,397.164,397.971,396.526,396.610,49438464
2021-06-24,398.759,399.379,398.506,398.956,45107744
2021-06-25,399.707,400.828,399.379,400.373,58127679
2021-06-28,400.899,401.350,399.698,401.181,53157829
2021-06-29,401.565,402.204,400.862,401.396,35970350
2021-06-30,400.937,402.410,400.908,401.734,64826958
2021-07-01,402.494,404.118,402.429,403.959,53441027
2021-07-02,405.122,407.403,404.045,407.046,57693285
2021-07-06,407.103,407.318,403.564,406.305,68709689
2021-07-07,406.990,408.022,404.972,407.741,63548756
2021-07-08,402.410,405.179,401.228,404.418,97594290
2021-07-09,405.929,409.036,404.225,408.736,76238482
2021-07-12,408.651,410.453,408.219,410.200,52887725
2021-07-13,409.411,410.913,408.538,408.801,52911305
2021-07-14,410.500,410.988,408.163,409.411,64130254
2021-07-15,408.069,408.745,406.108,408.013,55125246
2021-07-16,409.195,409.242,404.418,404.813,75874642
2021-07-19,399.979,404.877,396.019,398.834,147986995
2021-07-20,399.501,405.826,398.703,404.550,99607899
2021-07-21,405.751,407.966,404.504,407.825,64723468
2021-07-22,408.003,408.923,407.018,408.679,47878038
2021-07-23,410.613,413.222,409.927,412.884,63764348
2021-07-26,412.292,413.907,412.246,413.897,43718787
2021-07-27,412.856,412.884,409.177,412.011,67397133
2021-07-28,412.640,413.222,410.415,411.842,52471858
2021-07-29,412.766,414.629,412.762,413.550,47435142
2021-07-30,410.979,412.996,410.847,411.542,68950339
2021-08-02,413.259,413.813,410.322,410.678,58782647
2021-08-03,411.476,414.141,409.280,414.019,58053887
2021-08-04,412.734,413.995,411.748,411.983,46732212
2021-08-05,413.146,414.676,412.827,414.592,38969649
2021-08-06,414.911,415.699,414.629,415.277,46929151
2021-08-09,415.249,415.563,414.169,414.939,41217518
2021-08-10,415.389,416.168,414.704,415.455,43338875
2021-08-11,416.525,416.583,415.399,416.488,44034086
2021-08-12,416.337,417.874,415.436,417.736,38938683
2021-08-13,418.186,418.515,417.698,418.496,39469610
2021-08-16,417.191,419.613,415.633,419.481,73930864
2021-08-17,416.919,417.595,413.738,416.732,92673207
2021-08-18,415.718,417.281,411.926,412.170,89351906
2021-08-19,409.439,414.010,409.299,412.809,92809590
2021-08-20,413.156,416.422,412.668,416.093,72008669
2021-08-23,417.783,420.664,416.165,419.754,54971849
2021-08-24,420.420,420.955,419.904,420.420,38743814
2021-08-25,420.608,421.815,420.232,421.302,40528327
2021-08-26,421.020,421.255,418.721,418.815,57824015
2021-08-27,419.622,422.935,419.566,422.560,77235113
2021-08-30,423.235,425.206,422.991,424.418,48354506
2021-08-31,424.324,424.662,423.188,423.789,59300213
2021-09-01,424.728,425.244,423.775,424.014,48741943
2021-09-02,425.441,426.126,424.118,425.319,42830467
2021-09-03,424.183,425.732,423.780,425.216,47234364
2021-09-07,424.868,424.962,423.021,423.695,51671484
2021-09-08,423.160,423.892,421.255,423.179,56181020
2021-09-09,422.982,424.737,421.124,421.368,57970382
2021-09-10,423.353,423.723,417.923,418.045,89946103
2021-09-13,421.049,421.311,416.797,419.115,83738649
2021-09-14,420.561,420.767,415.962,416.854,78195636
2021-09-15,417.276,420.833,416.168,420.335,78792222
2021-09-16,419.810,420.786,416.713,419.669,77786335
2021-09-17,418.892,419.316,415.220,415.578,118418877
2021-09-20,409.440,411.021,403.772,408.649,166443133
2021-09-21,410.993,412.292,407.735,408.263,92525992
2021-09-22,410.541,414.288,408.373,412.245,102349257
2021-09-23,414.119,418.864,413.883,417.254,76395981
2021-09-24,415.616,418.657,415.399,417.941,62093562
2021-09-27,416.906,418.073,416.049,416.746,61370878
2021-09-28,413.968,414.298,407.613,408.347,130434536
2021-09-29,409.731,411.473,408.470,409.035,82328935
2021-09-30,410.513,411.219,403.696,404.035,140509640
2021-10-01,405.768,410.525,402.237,408.837,129241091
2021-10-04,407.670,408.573,401.418,403.565,128571655
2021-10-05,405.071,410.014,404.271,407.764,90682419
2021-10-06,404.158,409.665,402.529,409.458,113032450
2021-10-07,412.744,415.842,412.565,412.998,72437263
2021-10-08,413.770,414.156,411.614,412.245,74557404
2021-10-11,411.586,414.505,409.195,409.261,65230513
2021-10-12,410.183,410.588,407.462,408.253,71179238
2021-10-13,409.279,410.541,406.295,409.722,72971902
2021-10-14,413.394,416.764,412.923,416.614,70239438
2021-10-15,418.732,420.154,418.111,419.787,66252498
2021-10-18,417.998,421.368,417.339,421.029,62212663
2021-10-19,422.658,424.343,422.046,424.278,46995927
2021-10-20,424.739,426.247,424.626,425.944,49570613
2021-10-21,425.341,427.280,424.908,427.055,41305639
2021-10-22,426.622,428.072,424.664,426.612,58845058
2021-10-25,427.705,429.230,425.925,428.900,45215586
2021-10-26,430.454,431.668,428.910,429.286,56074556
2021-10-27,429.748,430.416,427.309,427.385,72437132
2021-10-28,428.816,431.584,428.806,431.508,51436690
2021-10-29,429.202,432.676,428.910,432.384,70243645
2021-11-01,433.372,433.751,431.395,433.128,48432536
2021-11-02,433.297,435.190,433.165,434.879,48907497
2021-11-03,434.314,437.939,433.871,437.534,52509091
2021-11-04,438.136,439.681,437.788,439.596,52846275
2021-11-05,441.827,443.117,439.605,441.121,66501397
2021-11-08,442.223,442.722,440.813,441.498,50404203
2021-11-09,441.865,442.100,438.626,440.038,51148275
2021-11-10,438.344,440.038,435.011,436.498,69429648
2021-11-11,437.995,438.071,436.621,436.639,34847734
2021-11-12,437.910,440.490,436.960,439.935,53468154
2021-11-15,441.225,441.385,438.956,440.085,46983012
2021-11-16,439.822,442.962,439.746,441.827,48857502
2021-11-17,441.564,441.742,440.132,440.754,47860988
2021-11-18,441.789,442.514,439.059,442.251,50626807
2021-11-19,442.138,443.390,441.093,441.460,57316898
2021-11-22,443.343,445.838,440.010,440.217,72761954
2021-11-23,439.888,441.653,437.280,440.801,73206538
2021-11-24,438.795,442.100,437.976,441.978,61858875
2021-11-26,435.293,436.762,430.990,432.120,112669596
2021-11-29,436.922,439.266,434.719,437.421,86268818
2021-11-30,434.973,436.884,428.665,428.910,148561598
2021-12-01,434.634,437.487,423.948,424.146,132485812
2021-12-02,424.362,432.214,423.967,430.642,127637763
2021-12-03,432.309,433.372,422.658,426.895,137331377
2021-12-06,429.446,433.834,427.027,431.951,98984031
2021-12-07,437.242,441.451,431.824,440.886,95485390
2021-12-08,441.281,442.505,439.520,442.053,72236398
2021-12-09,440.763,442.156,438.871,439.069,61270743
2021-12-10,441.780,443.352,439.219,443.202,77165506
2021-12-13,442.684,443.032,438.993,439.276,87725247
2021-12-14,435.999,438.494,433.325,436.253,97263528
2021-12-15,436.310,443.315,433.787,443.070,116902273
2021-12-16,444.925,445.207,437.609,439.163,116567641
2021-12-17,436.072,439.086,432.775,434.485,135631972
2021-12-20,429.393,430.262,426.237,429.865,107129356
2021-12-21,433.295,437.641,431.122,437.499,69806760
2021-12-22,437.244,441.987,437.046,441.874,58889337
2021-12-23,442.875,446.125,442.771,444.623,56442362
2021-12-27,446.002,450.962,445.955,450.915,56807246
2021-12-28,451.350,452.380,449.781,450.547,47274403
2021-12-29,450.651,452.143,449.649,451.123,54503064
2021-12-30,451.548,452.559,449.413,449.876,55319979
2021-12-31,449.385,450.537,448.468,448.742,65237425
2022-01-03,450.008,451.473,447.693,451.340,72667768
2022-01-04,452.767,453.485,449.328,451.189,71178142
2022-01-05,450.821,451.596,442.431,442.525,104539378
2022-01-06,442.062,444.831,439.738,442.110,86860025
2022-01-07,442.119,443.300,439.001,440.362,85112826
2022-01-10,437.159,440.031,431.393,439.814,119361929
2022-01-11,439.549,443.914,436.545,443.820,74303003
2022-01-12,445.558,447.079,443.055,445.020,67602639
2022-01-13,446.125,446.777,437.858,438.888,91172717
2022-01-14,435.732,439.417,434.514,439.067,95890974
2022-01-18,434.362,434.570,430.177,431.292,109872176
2022-01-19,432.841,434.241,426.539,426.813,109357554
2022-01-20,428.703,433.418,419.964,422.089,122379696
2022-01-21,420.965,423.327,413.775,413.804,202271034
2022-01-24,408.182,416.071,397.534,415.561,252496594
2022-01-25,409.155,415.447,403.571,410.487,167997233
2022-01-26,416.392,419.529,405.187,409.457,186391088
2022-01-27,414.068,417.214,405.744,407.436,149878207
2022-01-28,408.796,417.602,404.204,417.554,164455365
2022-01-31,416.884,425.425,415.532,425.075,152250683
2022-02-01,425.802,428.590,422.267,427.947,123155322
2022-02-02,430.356,432.832,428.042,432.104,117359594
2022-02-03,426.058,427.966,421.107,421.948,118023234
2022-02-04,421.711,427.787,419.331,423.932,118454352
2022-02-07,424.697,426.095,421.239,422.571,84472193
2022-02-08,422.071,426.974,420.644,426.048,81012036
2022-02-09,430.092,432.605,429.889,432.284,92585459
2022-02-10,426.426,432.444,422.515,424.518,140102612
2022-02-11,424.603,426.676,414.711,416.147,153214597
2022-02-14,415.636,417.224,411.309,414.786,123006059
2022-02-15,419.236,421.645,418.716,421.475,88659303
2022-02-16,419.425,423.322,417.545,421.948,84863465
2022-02-17,418.754,421.915,412.330,412.934,102259008
2022-02-18,413.189,414.446,407.984,410.261,132642896
2022-02-22,408.050,411.460,402.353,405.858,124391830
2022-02-23,408.777,409.344,398.091,398.658,132578005
2022-02-24,388.332,405.092,387.973,404.658,213942504
2022-02-25,405.896,413.671,404.242,413.586,121804459
2022-02-28,408.182,414.011,406.925,412.528,145613829
2022-03-01,411.026,413.038,403.534,406.245,137785908
2022-03-02,408.503,415.447,407.747,413.718,117725206
2022-03-03,416.156,416.761,409.854,411.659,105501145
2022-03-04,407.917,409.448,404.261,408.314,114083236
2022-03-07,407.728,408.439,396.211,396.277,137896534
2022-03-08,396.457,403.628,392.205,393.273,164772744
2022-03-09,401.672,405.801,399.480,403.817,116990740
2022-03-10,399.197,402.891,397.232,401.994,93971667
2022-03-11,404.488,405.102,396.372,396.882,95636277
2022-03-14,397.657,401.115,392.838,393.982,95728688
2022-03-15,396.599,403.278,395.323,402.645,106218397
2022-03-16,406.160,411.630,401.351,411.574,144954780
2022-03-17,409.656,416.723,409.278,416.723,102676869
2022-03-18,415.093,421.594,414.353,421.272,106345544
2022-03-21,421.101,423.110,417.632,421.148,88349031
2022-03-22,422.542,427.015,422.542,426.076,74650104
2022-03-23,423.537,425.034,420.504,420.589,79423728
2022-03-24,422.617,426.939,421.499,426.929,64736579
2022-03-25,427.564,429.289,424.977,429.014,77101169
2022-03-28,428.417,432.066,426.522,432.066,68528999
2022-03-29,435.961,437.904,433.269,437.411,86579599
2022-03-30,436.264,437.075,432.592,434.710,79663141
2022-03-31,433.942,434.767,427.564,428.019,121699934
2022-04-01,429.602,429.744,425.650,429.232,89048536
2022-04-04,429.431,433.014,428.607,432.909,59599600
2022-04-05,431.412,433.885,426.294,427.441,74214501
2022-04-06,423.518,425.451,420.277,423.167,106897870
2022-04-07,422.286,427.119,420.333,425.299,78097194
2022-04-08,424.541,427.062,422.617,424.162,79272511
2022-04-11,420.883,421.727,416.410,416.912,89769577
2022-04-12,419.907,422.437,413.813,415.367,84362788
2022-04-13,415.121,420.883,414.941,420.125,74070094
2022-04-14,420.352,421.471,414.789,414.894,97867968
2022-04-18,413.965,416.751,412.828,415.064,66002255
2022-04-19,414.960,422.485,414.789,421.764,77821013
2022-04-20,423.546,424.162,420.286,421.452,65223079
2022-04-21,425.081,426.474,414.240,415.149,85417157
2022-04-22,414.060,415.171,403.189,403.758,132471772
2022-04-25,401.512,406.270,396.935,406.099,119640839
2022-04-26,403.559,403.758,394.310,394.338,103995562
2022-04-27,395.418,400.801,393.305,395.447,122029989
2022-04-28,400.204,407.170,395.760,405.436,105448743
2022-04-29,401.436,403.597,389.704,390.452,145488374
2022-05-02,390.519,394.167,383.837,392.803,158312331
2022-05-03,393.305,397.020,391.741,394.603,100028190
2022-05-04,395.267,407.189,392.073,406.620,144247895
2022-05-05,402.346,402.773,388.026,392.168,172929106
2022-05-06,389.599,393.106,384.510,389.827,151770506
2022-05-09,383.913,385.155,375.763,377.346,155586066
2022-05-10,383.335,384.842,374.171,378.218,132497171
2022-05-11,377.251,382.909,371.460,372.209,142359689
2022-05-12,369.006,375.100,365.007,371.821,125090248
2022-05-13,375.962,382.094,374.920,380.710,104174421
2022-05-16,379.061,382.842,376.806,379.165,78622044
2022-05-17,385.268,387.202,381.527,386.965,83029710
2022-05-18,382.397,382.681,370.124,371.366,117674544
2022-05-19,368.295,373.526,366.864,369.091,98725910
2022-05-20,372.683,376.265,360.638,369.252,131432087
2022-05-23,372.285,376.929,369.963,376.161,76414373
2022-05-24,372.029,374.484,366.722,373.290,91449096
2022-05-25,371.792,378.559,371.394,376.588,91472966
2022-05-26,377.820,385.752,377.611,384.112,82168639
2022-05-27,386.576,393.656,386.377,393.542,84767146
2022-05-31,391.921,394.679,388.585,391.334,95939990
2022-06-01,393.457,394.471,385.648,388.168,86585813
2022-06-02,388.007,395.608,385.752,395.561,79609233
2022-06-03,390.831,392.386,388.093,389.069,71874281
2022-06-06,393.087,394.820,389.080,390.253,57508868
2022-06-07,386.756,394.452,386.292,393.997,59272203
2022-06-08,392.281,394.073,388.917,389.713,64349966
2022-06-09,387.932,390.206,380.445,380.445,86287154
2022-06-10,374.228,375.079,369.366,369.413,132893178
2022-06-13,359.984,361.841,353.776,355.388,170004861
2022-06-14,357.141,358.174,351.208,354.317,104011831
2022-06-15,357.624,363.822,352.658,359.368,125669702
2022-06-16,351.132,351.540,345.039,347.474,134470686
2022-06-17,347.892,351.576,344.713,348.226,111113782
2022-06-21,353.965,358.376,353.889,356.992,76810261
2022-06-22,352.756,360.466,352.337,356.344,90058752
2022-06-23,358.486,360.570,354.917,359.838,79291766
2022-06-24,363.017,371.288,362.983,371.278,98101257
2022-06-27,372.201,372.496,368.765,369.860,66009582
2022-06-28,371.421,374.210,362.188,362.303,86689225
2022-06-29,362.855,363.845,360.180,362.008,65669574
2022-06-30,358.105,362.310,354.603,359.067,112507973
2022-07-01,358.410,363.302,355.783,362.864,74838575
2022-07-05,357.763,363.569,354.926,363.550,81437211
2022-07-06,363.692,367.271,361.303,364.777,70426244
2022-07-07,366.557,371.040,364.794,370.241,64525343
2022-07-08,368.604,371.811,367.071,369.936,72397730
2022-07-11,367.252,368.223,365.015,365.710,58366645
2022-07-12,365.158,367.547,360.723,362.474,62219178
2022-07-13,357.020,363.511,356.599,360.570,84223909
2022-07-14,355.602,360.780,353.156,359.695,89704819
2022-07-15,364.111,366.681,362.198,366.567,79060383
2022-07-18,369.660,370.336,362.312,363.540,63203606
2022-07-19,367.471,373.934,366.814,373.363,78503152
2022-07-20,373.553,377.160,372.182,375.742,71843369
2022-07-21,375.161,379.616,372.753,379.568,64903836
2022-07-22,379.692,380.891,373.819,376.047,72196721
2022-07-25,376.675,377.360,374.257,376.504,53630120
2022-07-26,374.857,375.066,371.154,372.049,52946392
2022-07-27,375.352,383.461,375.057,381.710,82341914
2022-07-28,382.519,387.192,378.959,386.497,73966563
2022-07-29,387.935,393.122,387.164,392.132,87003499
2022-08-01,389.429,393.484,388.715,390.971,69997471
2022-08-02,389.400,393.093,387.211,388.392,63435418
2022-08-03,390.524,395.644,390.238,394.474,67820555
2022-08-04,394.397,395.083,392.560,394.207,45655674
2022-08-05,389.914,394.188,389.857,393.541,56814928
2022-08-08,395.235,397.491,391.980,393.084,54025630
2022-08-09,392.351,392.855,390.447,391.523,44929910
2022-08-10,398.595,399.889,396.634,399.746,68665712
2022-08-11,402.602,404.467,399.004,399.746,59488744
2022-08-12,401.688,406.618,400.736,406.514,61694538
2022-08-15,404.291,408.712,404.239,408.189,54048280
2022-08-16,407.113,410.921,406.304,408.988,59289039
2022-08-17,405.381,408.798,404.077,406.085,63562933
2022-08-18,406.285,407.951,404.991,407.266,49023206
2022-08-19,404.496,404.762,400.917,401.793,68016751
2022-08-22,396.948,397.120,392.522,393.427,77693760
2022-08-23,392.998,395.397,391.923,392.475,49105249
2022-08-24,392.246,395.102,391.561,393.731,49177699
2022-08-25,395.225,399.337,394.131,399.290,50941234
2022-08-26,399.175,399.718,385.717,385.774,103086775
2022-08-29,382.814,386.279,381.862,383.223,65370597
2022-08-30,384.384,384.622,376.913,379.016,85651243
2022-08-31,380.653,381.900,375.999,376.132,76029671
2022-09-01,373.953,377.655,371.240,377.313,78740082
2022-09-02,380.987,382.200,371.516,373.334,99632149
2022-09-06,374.181,375.123,369.698,371.925,76637322
2022-09-07,371.611,379.378,371.392,378.607,70964194
2022-09-08,376.332,381.539,375.123,381.082,80821578
2022-09-09,383.328,387.868,383.061,387.002,76706754
2022-09-12,389.077,391.885,388.772,391.161,69254478
2022-09-13,382.462,383.671,373.029,374.153,122945981
2022-09-14,375.457,377.103,372.268,375.580,85021926
2022-09-15,374.019,376.875,370.041,371.316,87633540
2022-09-16,365.624,367.633,363.692,366.976,103084752
2022-09-19,363.835,369.822,363.757,369.822,73278370
2022-09-20,366.500,367.509,362.821,365.577,77274464
2022-09-21,367.499,370.545,359.190,359.200,106746554
2022-09-22,358.429,360.066,355.440,356.183,89472641
2022-09-23,352.718,352.756,345.779,350.215,122346933
2022-09-26,348.749,352.366,345.532,346.750,92581244
2022-09-27,350.281,352.547,343.476,345.865,108294074
2022-09-28,346.817,354.355,345.123,352.670,110802217
2022-09-29,349.130,349.415,342.362,345.304,112952315
2022-09-30,344.361,348.273,339.831,339.964,153711243
2022-10-03,343.676,350.786,341.896,348.939,89756479
2022-10-04,354.450,359.780,348.899,359.752,103602775
2022-10-05,355.393,361.170,353.070,358.914,88065669
2022-10-06,357.515,360.466,354.717,355.212,82333543
2022-10-07,351.186,355.300,343.543,345.304,107789498
2022-10-10,346.417,346.655,340.430,342.667,76042765
2022-10-11,340.968,345.532,338.565,340.497,92482785
2022-10-12,340.906,342.475,339.126,339.374,76991799
2022-10-13,332.373,349.796,331.331,348.330,147254518
2022-10-14,350.786,352.413,339.755,340.392,123737013
2022-10-17,346.465,350.243,340.060,349.139,93168231
2022-10-18,357.049,357.353,349.806,353.242,97162850
2022-10-19,351.205,353.927,347.930,350.738,79746863
2022-10-20,350.291,354.707,347.036,347.797,88283087
2022-10-21,347.521,356.735,346.017,356.249,131037965
2022-10-24,357.772,361.741,355.126,360.608,85436907
2022-10-25,360.532,366.681,360.419,366.367,78846348
2022-10-26,363.226,368.899,362.969,363.607,104087348
2022-10-27,364.606,366.443,361.046,361.665,81971756
2022-10-28,361.560,370.745,361.379,370.269,100360042
2022-10-31,367.814,369.679,366.690,367.595,96631258
2022-11-01,371.335,371.573,364.815,365.986,85407598
2022-11-02,365.396,369.898,356.697,356.801,126990356
2022-11-03,353.560,356.164,351.014,353.127,87100115
2022-11-04,358.829,360.608,352.166,358.210,103505182
2022-11-07,359.504,362.227,357.429,361.636,68286947
2022-11-08,362.740,366.557,359.514,363.588,84641062
2022-11-09,361.617,362.769,355.602,356.097,78495470
2022-11-10,369.346,375.999,367.054,375.666,141455847
2022-11-11,376.523,380.101,374.638,379.302,93839872
2022-11-14,377.541,380.891,375.799,376.075,71948706
2022-11-15,381.815,382.919,375.476,379.283,93194452
2022-11-16,377.655,378.607,375.761,376.389,68508454
2022-11-17,371.640,375.913,371.335,375.238,74496255
2022-11-18,378.569,378.636,374.095,376.941,92922451
2022-11-21,375.618,376.741,373.734,375.571,51243189
2022-11-22,377.512,380.787,376.107,380.625,60429025
2022-11-23,380.292,383.509,380.063,383.023,68261628
2022-11-25,382.462,383.490,382.181,382.938,30545434
2022-11-28,379.854,381.491,376.066,376.827,68021749
2022-11-29,376.960,378.150,374.343,376.180,52310039
2022-11-30,376.427,388.030,374.514,388.030,144566653
2022-12-01,389.067,390.238,385.241,387.744,76398170
2022-12-02,382.862,388.201,382.757,387.297,85342731
2022-12-05,384.480,385.412,378.978,380.330,77289815
2022-12-06,380.168,380.710,372.763,374.847,77972217
2022-12-07,374.000,376.570,373.077,374.210,65927896
2022-12-08,376.094,378.207,374.312,377.141,60737912
2022-12-09,375.904,378.455,374.200,374.324,81447733
2022-12-12,375.114,379.721,374.450,379.721,75405835
2022-12-13,390.447,390.704,379.835,382.595,123782534
2022-12-14,382.252,385.955,377.208,380.149,108111349
2022-12-15,375.295,376.199,369.189,370.850,117705889
2022-12-16,368.309,369.643,364.350,366.483,119857952
2022-12-19,366.674,367.009,361.711,363.375,79878103
2022-12-20,362.620,365.488,361.300,363.872,74427240
2022-12-21,366.464,370.441,365.928,369.313,78167369
2022-12-22,366.272,369.297,358.355,364.044,100120855
2022-12-23,363.021,366.282,361.472,366.139,59857329
2022-12-27,366.024,366.368,363.021,364.695,51638180
2022-12-28,364.628,366.598,359.933,360.162,70911520
2022-12-29,363.002,367.515,362.476,366.645,66970877
2022-12-30,363.968,365.823,361.855,365.680,84022205
2023-01-03,367.535,369.504,361.282,364.140,74850731
2023-01-04,366.397,368.978,363.356,366.951,85934098
2023-01-05,365.001,365.115,362.170,362.763,76970456
2023-01-06,365.852,372.201,362.795,371.082,104189603
2023-01-09,373.272,376.456,370.690,370.872,73978071
2023-01-10,370.288,373.540,369.351,373.473,65358094
2023-01-11,375.050,378.273,374.238,378.196,68881080
2023-01-12,379.296,381.031,375.232,379.573,90157699
2023-01-13,376.379,381.619,376.112,381.046,63903932
2023-01-17,381.027,382.700,379.669,380.348,62677281
2023-01-18,381.533,382.595,374.142,374.343,99632262
2023-01-19,372.306,373.951,370.298,371.618,86958919
2023-01-20,373.014,378.693,371.369,378.540,91806356
2023-01-23,379.344,385.009,378.387,383.082,84178797
2023-01-24,381.409,383.580,380.223,382.671,59524911
2023-01-25,378.607,383.149,376.322,382.815,84800251
2023-01-26,385.473,387.185,382.509,387.022,72287425
2023-01-27,385.975,390.283,385.769,387.911,68346180
2023-01-30,385.157,387.385,382.748,383.044,74202018
2023-01-31,383.561,388.724,383.216,388.676,86811786
2023-02-01,387.463,395.551,384.727,392.807,101459155
2023-02-02,396.689,399.988,394.796,398.525,101654463
2023-02-03,393.562,398.707,393.084,394.289,94736781
2023-02-06,391.841,393.275,390.225,391.879,60295325
2023-02-07,390.961,398.248,389.718,397.005,90990745
2023-02-08,395.035,396.374,391.975,392.664,76227462
2023-02-09,396.259,396.412,388.036,389.259,78694859
2023-02-10,388.083,390.550,387.271,390.168,70769715
2023-02-13,390.818,394.882,390.359,394.748,64913539
2023-02-14,393.228,396.871,390.618,394.566,88389313
2023-02-15,392.377,395.924,391.535,395.848,61685279
2023-02-16,390.885,394.825,390.263,390.397,76431469
2023-02-17,388.275,389.661,386.353,389.422,89257815
2023-02-21,385.406,386.458,381.352,381.610,82655924
2023-02-22,382.021,383.561,379.631,381.084,83742293
2023-02-23,383.972,384.584,378.894,383.111,96242399
2023-02-24,378.101,379.850,376.399,379.019,108194413
2023-02-27,382.356,383.713,379.372,380.309,80444736
2023-02-28,379.831,381.792,378.799,378.904,96438567
2023-03-01,378.091,379.315,376.150,377.450,99706823
2023-03-02,375.481,381.227,375.146,380.386,85404726
2023-03-03,382.203,386.735,381.552,386.486,90119952
2023-03-06,387.309,389.604,386.314,386.754,72795946
2023-03-07,386.706,386.945,380.209,380.826,108310596
2023-03-08,380.941,382.203,379.219,381.447,74746632
2023-03-09,382.231,383.895,373.425,374.410,111945322
2023-03-10,373.865,375.940,367.487,369.007,189252996
2023-03-13,365.087,373.291,363.978,368.481,157789967
2023-03-14,373.396,376.217,370.097,374.572,149752357
2023-03-15,368.988,372.430,366.904,372.230,172996933
2023-03-16,369.877,379.105,369.370,378.760,143753940
2023-03-17,377.413,378.545,372.930,374.312,140874509
2023-03-20,375.090,378.324,374.389,377.912,93055783
2023-03-21,381.271,383.354,379.678,382.874,91524248
2023-03-22,382.701,386.310,376.309,376.347,111746583
2023-03-23,379.207,383.239,374.658,377.365,119351319
2023-03-24,376.089,379.927,373.746,379.841,107770124
2023-03-27,382.116,382.883,379.658,380.551,74010408
2023-03-28,379.860,380.551,377.864,379.697,62871680
2023-03-29,383.848,385.456,382.653,385.216,77497876
2023-03-30,387.846,388.095,385.609,387.471,69840049
2023-03-31,388.393,393.230,388.287,392.933,112062624
2023-04-03,392.414,394.833,392.021,394.430,67391097
2023-04-04,395.073,395.361,390.869,392.241,66601534
2023-04-05,391.512,392.270,389.564,391.214,65200243
2023-04-06,390.418,393.019,389.370,392.741,63743345
2023-04-10,390.264,393.220,389.650,393.144,63681042
2023-04-11,393.768,394.651,392.481,393.249,59297945
2023-04-12,395.313,395.601,391.061,391.646,86420379
2023-04-13,392.731,397.204,391.591,396.849,85814754
2023-04-14,396.215,398.403,393.576,395.879,78161500
2023-04-17,395.793,397.319,394.559,397.300,66436399
2023-04-18,398.874,399.008,396.186,397.559,63559997
2023-04-19,395.649,398.394,395.591,397.492,55227330
2023-04-20,394.679,397.069,393.777,395.322,75840359
2023-04-21,395.620,396.090,393.681,395.630,73622799
2023-04-24,395.428,396.465,394.094,396.042,64332095
2023-04-25,394.075,394.631,389.698,389.756,97766721
2023-04-26,390.370,391.445,387.548,388.105,80447049
2023-04-27,390.639,396.100,390.389,395.831,92968369
2023-04-28,394.948,399.219,394.891,399.210,89433137
2023-05-01,398.768,400.832,398.571,398.806,62122254
2023-05-02,398.096,398.144,391.426,394.324,103998484
2023-05-03,394.823,397.232,391.378,391.618,91531769
2023-05-04,390.571,390.898,387.510,388.844,94901863
2023-05-05,392.472,397.088,392.213,396.042,87891791
2023-05-08,396.369,396.628,394.747,396.148,50046768
2023-05-09,394.603,395.524,394.179,394.411,49220119
2023-05-10,397.242,397.871,392.433,396.253,96142922
2023-05-11,395.390,395.850,393.489,395.562,70157064
2023-05-12,396.801,397.012,392.625,395.044,70481548
2023-05-15,395.649,396.810,393.739,396.407,54289383
2023-05-16,395.303,396.220,393.748,393.758,57705495
2023-05-17,395.774,399.138,394.127,398.538,87286957
2023-05-18,398.221,402.799,398.000,402.377,97177195
2023-05-19,403.279,403.807,400.573,401.791,103793317
2023-05-22,401.811,403.490,400.573,401.955,60745399
2023-05-23,400.313,401.889,397.050,397.444,86383493
2023-05-24,395.841,396.225,393.403,394.564,89213678
2023-05-25,398.067,399.430,395.831,397.981,90961606
2023-05-26,398.634,403.855,398.557,403.135,93829975
2023-05-30,405.064,405.592,401.902,403.289,72215960
2023-05-31,401.465,402.367,399.488,401.052,110811780
2023-06-01,401.283,405.919,400.035,404.863,88865018
2023-06-02,407.435,411.505,406.907,410.718,91426171
2023-06-05,411.063,412.349,409.230,409.931,70215931
2023-06-06,409.518,411.348,408.865,410.823,64022175
2023-06-07,411.217,412.349,408.980,409.403,85373275
2023-06-08,409.470,412.330,408.702,411.879,61952842
2023-06-09,412.676,414.624,411.629,412.618,85743210
2023-06-12,413.597,416.438,412.877,416.361,76256703
2023-06-13,417.820,419.749,417.158,419.106,95899704
2023-06-14,419.442,421.411,416.160,419.605,100612080
2023-06-15,418.790,426.055,418.694,424.807,110303091
2023-06-16,426.805,427.372,422.904,423.376,114165849
2023-06-20,421.439,422.326,419.108,421.179,76160359
2023-06-21,420.197,420.996,418.434,419.021,76982251
2023-06-22,418.067,420.640,417.730,420.534,70637175
2023-06-23,417.085,419.137,416.642,417.355,92074537
2023-06-26,416.786,418.703,415.408,415.649,72823560
2023-06-27,416.526,420.823,416.073,420.206,72813699
2023-06-28,419.127,421.430,418.511,420.418,75635976
2023-06-29,420.004,422.239,419.599,422.075,67882304
2023-06-30,425.283,428.039,424.965,427.056,104964019
2023-07-03,426.709,427.827,426.430,427.547,32793378
2023-07-05,425.736,427.643,425.726,426.911,58418432
2023-07-06,423.337,423.992,421.064,423.568,80658302
2023-07-07,422.576,426.439,422.258,422.499,86134178
2023-07-10,422.143,423.742,421.569,423.568,62443501
2023-07-11,424.330,426.757,423.356,426.266,64463752
2023-07-12,430.052,431.102,428.626,429.696,91924527
2023-07-13,431.507,433.896,431.073,433.106,72425241
2023-07-14,433.988,434.840,432.075,432.836,69815823
2023-07-17,432.692,435.389,432.644,434.339,52680221
2023-07-18,434.012,438.212,433.576,437.567,80744448
2023-07-19,438.357,439.725,437.492,438.540,65891688
2023-07-20,437.547,438.443,434.917,435.630,70591642
2023-07-21,437.345,437.543,435.621,435.630,71275618
2023-07-24,436.777,438.386,435.744,437.576,54023382
2023-07-25,437.307,440.018,437.258,438.771,55191240
2023-07-26,437.836,440.264,436.786,438.838,71052885
2023-07-27,442.220,442.624,435.023,435.929,92194375
2023-07-28,439.195,441.025,435.931,440.197,80011790
2023-07-31,440.669,441.391,439.354,441.035,62040449
2023-08-01,439.571,440.515,438.819,439.773,55502199
2023-08-02,436.661,436.921,432.904,433.655,93933369
2023-08-03,431.642,434.291,430.996,432.412,64419692
2023-08-04,434.224,436.319,429.937,430.457,101533771
2023-08-07,432.287,434.363,431.594,434.214,58357464
2023-08-08,431.680,434.200,428.974,432.326,71361324
2023-08-09,432.596,432.759,428.674,429.436,78789575
2023-08-10,431.786,435.168,428.424,429.590,93005495
2023-08-11,427.721,430.352,427.119,429.339,68690902
2023-08-14,428.424,431.709,428.116,431.709,47867441
2023-08-15,429.937,430.293,426.112,426.680,75707534
2023-08-16,426.266,427.923,423.443,423.549,80107206
2023-08-17,425.014,425.274,419.802,420.322,95711315
2023-08-18,417.509,421.555,417.162,420.524,98851960
2023-08-21,421.536,424.002,419.387,423.260,68718957
2023-08-22,425.033,425.033,421.555,422.114,65062861
2023-08-23,423.173,427.432,423.029,426.815,68441021
2023-08-24,428.414,428.925,420.866,420.900,88517272
2023-08-25,422.624,425.148,419.079,423.867,102325103
2023-08-28,426.054,427.172,423.870,426.555,61595393
2023-08-29,426.449,433.000,426.266,432.721,83081916
2023-08-30,433.058,435.139,432.355,434.503,69053911
2023-08-31,435.120,436.256,433.684,433.867,66084563
2023-09-01,436.584,437.066,433.222,434.676,58944098
2023-09-05,434.233,434.551,432.730,432.798,55166210
2023-09-06,431.989,432.095,427.567,429.888,70758512
2023-09-07,426.892,429.243,426.545,428.568,70355426
2023-09-08,428.617,430.746,428.260,429.214,62068437
2023-09-11,431.834,432.345,430.129,432.037,60180118
2023-09-12,430.592,432.114,429.089,429.667,67565422
2023-09-13,429.888,431.324,428.789,430.168,60199272
2023-09-14,432.634,434.570,431.329,433.877,83430814
2023-09-15,432.295,432.624,428.215,428.650,111848859
2023-09-18,428.341,430.197,427.867,428.901,55752213
2023-09-19,427.983,428.573,425.334,428.012,66514648
2023-09-20,429.269,429.680,423.874,424.077,82562602
2023-09-21,421.235,421.496,416.913,417.068,104095826
2023-09-22,418.093,419.688,415.714,416.130,100829684
2023-09-25,414.922,417.919,414.486,417.880,70874534
2023-09-26,414.844,415.550,410.909,411.741,96168436
2023-09-27,412.911,413.471,408.270,411.905,104705847
2023-09-28,411.354,415.966,410.764,414.293,92258308
2023-09-29,417.339,417.513,411.770,413.288,115257975
2023-10-02,412.456,414.370,410.368,413.123,83798599
2023-10-03,410.948,413.184,406.230,407.593,103760607
2023-10-04,408.057,411.306,406.597,410.561,87452968
2023-10-05,410.271,411.248,407.187,410.407,70142744
2023-10-06,407.961,416.812,406.636,415.279,113273309
2023-10-09,413.384,418.508,412.833,417.938,80374362
2023-10-10,418.566,422.704,418.170,420.113,78607268
2023-10-11,421.177,422.086,418.798,421.834,62451736
2023-10-12,422.443,422.815,416.913,419.262,81154230
2023-10-13,420.761,421.960,415.608,417.174,95201132
2023-10-16,419.417,422.627,419.175,421.563,75433194
2023-10-17,418.441,423.594,418.093,421.544,75324708
2023-10-18,419.775,420.732,414.844,415.927,93559798
2023-10-19,416.642,418.450,411.591,412.273,121322957
2023-10-20,411.837,412.379,407.100,407.206,123919874
2023-10-23,405.679,410.358,403.929,406.501,92035095
2023-10-24,408.618,410.716,406.771,409.565,78564239
2023-10-25,407.883,407.912,403.170,403.687,94223198
2023-10-26,402.624,403.470,397.935,398.853,115156761
2023-10-27,400.439,400.835,395.624,397.045,107367671
2023-10-30,399.830,402.846,398.534,401.792,86562675
2023-10-31,402.363,404.635,400.458,404.316,79665150
2023-11-01,405.283,409.440,404.751,408.628,98068115
2023-11-02,412.418,416.609,412.398,416.459,94938909
2023-11-03,418.760,421.805,418.634,420.258,100167775
2023-11-06,421.012,421.670,419.282,421.225,67831660
2023-11-07,421.225,423.057,420.084,422.424,64256114
2023-11-08,423.023,423.545,420.432,422.733,61746027
2023-11-09,423.874,423.913,419.011,419.437,83174417
2023-11-10,421.505,426.291,419.431,425.982,89558054
2023-11-13,424.648,426.678,423.864,425.576,52236068
2023-11-14,431.502,435.118,431.280,433.832,97176935
2023-11-15,435.166,436.394,433.900,434.751,77327573
2023-11-16,434.306,435.601,433.242,435.282,66665797
2023-11-17,435.292,436.433,434.374,435.824,83193902
2023-11-20,435.572,440.015,435.563,439.179,70055633
2023-11-21,438.138,439.054,436.955,438.221,49244639
2023-11-22,439.875,441.228,438.821,439.913,59446573
2023-11-24,439.962,440.377,439.633,440.184,29737375
2023-11-27,439.556,440.368,439.005,439.391,50505985
2023-11-28,439.005,441.122,438.444,439.826,62115011
2023-11-29,441.973,443.104,439.121,439.517,63145992
2023-11-30,440.358,441.596,438.289,441.248,79752700
2023-12-01,440.638,444.390,440.049,443.858,89183400
2023-12-04,440.474,443.878,439.256,441.528,72430888
2023-12-05,440.145,442.398,439.768,441.441,69793469
2023-12-06,443.578,443.607,439.227,439.662,69124685
2023-12-07,441.741,443.665,441.141,443.017,66995446
2023-12-08,442.272,445.448,442.031,444.921,83194404
2023-12-11,444.428,446.826,444.216,446.652,65002247
2023-12-12,446.304,448.789,445.308,448.692,68327617
2023-12-13,449.069,455.131,448.711,454.879,93277960
2023-12-14,456.813,458.002,453.671,456.339,119026049
2023-12-15,455.734,456.908,453.730,455.579,141553673
2023-12-18,457.180,459.122,456.125,458.141,70375285
2023-12-19,458.685,461.005,458.607,460.927,55761805
2023-12-20,460.073,461.951,454.113,454.540,102920959
2023-12-21,457.520,459.117,455.103,458.850,86667465
2023-12-22,459.976,461.451,457.879,459.772,67160419
2023-12-26,460.180,462.616,460.102,461.713,55386952
2023-12-27,461.510,462.694,460.976,462.548,68000311
2023-12-28,462.907,463.558,462.306,462.723,77158116
2023-12-29,462.529,463.053,459.432,461.383,122283149
2024-01-02,458.326,459.791,456.705,458.801,123646753
2024-01-03,456.646,457.384,454.453,455.054,103585866
2024-01-04,454.579,457.161,453.365,453.589,84232169
2024-01-05,453.793,456.656,452.764,454.210,86118913
2024-01-08,454.705,460.840,454.579,460.694,74879074
2024-01-09,458.044,461.015,457.539,459.995,65931439
2024-01-10,460.267,463.459,459.986,462.597,67310640
2024-01-11,463.597,464.111,458.423,462.393,77940723
2024-01-12,463.839,464.577,461.306,462.713,58026420
2024-01-16,461.335,462.645,459.199,461.015,85014870
2024-01-17,457.996,458.937,456.103,458.452,68843871
2024-01-18,460.122,463.082,458.578,462.529,91856248
2024-01-19,463.655,468.576,462.574,468.295,110834483
2024-01-22,469.829,471.003,468.635,469.285,75844931
2024-01-23,469.829,470.891,468.741,470.654,49945297
2024-01-24,473.517,474.449,470.675,471.168,81765039
2024-01-25,473.289,473.998,471.168,473.731,72524989
2024-01-26,473.304,474.789,472.284,473.129,76641609
2024-01-29,473.440,477.017,472.896,476.876,61322751
2024-01-30,476.187,477.216,475.750,476.507,58618386
2024-01-31,474.303,474.751,468.712,468.732,126011062
2024-02-01,470.430,474.896,469.625,474.866,91891637
2024-02-02,475.303,481.516,474.964,479.866,99228192
2024-02-05,479.230,479.893,475.866,478.118,75757102
2024-02-06,479.060,479.836,477.633,479.506,55918602
2024-02-07,481.749,483.923,480.846,483.506,70556506
2024-02-08,483.506,484.098,482.690,483.719,52343636
2024-02-09,484.224,486.952,483.884,486.515,63979375
2024-02-12,486.486,488.747,485.583,486.301,56502283
2024-02-13,480.040,482.525,476.337,479.603,113099199
2024-02-14,482.234,484.447,479.914,483.962,68387827
2024-02-15,484.661,487.486,484.180,487.301,61682960
2024-02-16,487.000,488.136,484.137,484.874,75532928
2024-02-20,483.137,483.807,479.963,482.205,71736740
2024-02-21,480.904,482.797,479.099,482.642,59603771
2024-02-22,489.243,493.591,488.282,492.630,76402535
2024-02-23,494.348,495.183,492.242,492.970,61321818
2024-02-26,493.407,493.844,491.038,491.164,50386738
2024-02-27,491.854,492.300,489.961,492.077,48854528
2024-02-28,490.524,492.004,490.165,491.427,56506634
2024-02-29,493.184,494.805,490.543,493.193,83924795
2024-03-01,494.067,498.251,493.659,497.823,76844844
2024-03-04,497.028,499.134,496.998,497.290,49799257
2024-03-05,495.290,495.736,490.116,492.320,72855623
2024-03-06,495.591,497.065,493.523,494.814,68382367
2024-03-07,498.105,500.774,494.868,499.726,58652085
2024-03-08,500.357,503.036,496.154,496.727,86532535
2024-03-11,495.523,496.882,493.601,496.299,62557183
2024-03-12,498.406,502.221,495.892,501.638,73114439
2024-03-13,501.959,502.133,499.415,500.852,55104088
2024-03-14,501.823,501.973,496.824,499.862,110171820
2024-03-15,496.791,498.242,494.758,496.421,107646297
2024-03-18,500.482,501.923,498.963,499.372,88893331
2024-03-19,498.680,502.424,497.678,502.147,60755263
2024-03-20,502.205,506.928,501.533,506.791,69594574
2024-03-21,509.625,510.326,508.184,508.466,60256112
2024-03-22,508.379,508.860,507.268,507.502,79070842
2024-03-25,506.129,507.249,505.944,506.100,48512108
2024-03-26,507.522,507.862,504.766,505.165,65463744
2024-03-27,507.989,509.450,505.823,509.411,82999777
2024-03-28,509.450,510.813,509.031,509.313,96294886
2024-04-01,510.053,510.589,507.268,508.427,62477540
2024-04-02,504.610,505.331,502.897,505.195,74230308
2024-04-03,504.104,507.249,504.050,505.750,59155759
2024-04-04,509.751,510.089,499.270,499.576,96858074
2024-04-05,500.930,506.752,500.492,504.795,74546483
2024-04-08,505.496,506.499,504.269,505.078,48401752
2024-04-09,506.811,507.054,500.823,505.662,68124385
2024-04-10,499.975,502.585,498.622,500.599,82652806
2024-04-11,502.118,505.818,498.612,504.377,70099007
2024-04-12,500.842,502.249,495.691,497.415,92561094
2024-04-15,501.582,501.748,490.336,491.183,92101447
2024-04-16,491.660,493.179,489.002,490.287,73484020
2024-04-17,492.741,492.906,485.993,487.386,75910305
2024-04-18,488.778,490.871,485.448,486.383,74548085
2024-04-19,486.305,487.293,480.871,482.137,102212587
2024-04-22,484.737,489.167,482.400,486.577,67961048
2024-04-23,488.583,492.780,486.395,492.351,64633620
2024-04-24,493.237,494.026,489.898,492.118,55928076
2024-04-25,486.052,491.008,484.406,490.248,69122368
2024-04-26,493.033,496.470,492.400,494.893,64306118
2024-04-29,496.675,497.317,493.909,496.645,46415449
2024-04-30,495.185,496.159,488.778,488.778,77483566
2024-05-01,488.194,494.825,486.719,487.191,80242839
2024-05-02,490.891,492.585,486.412,491.748,62550179
2024-05-03,497.716,499.070,495.185,497.843,72756709
2024-05-06,500.238,503.023,499.800,502.984,47264703
2024-05-07,503.948,504.932,502.867,503.539,52561299
2024-05-08,501.709,504.123,501.592,503.588,42047214
2024-05-09,503.773,506.526,503.116,506.490,43643668
2024-05-10,508.086,508.890,505.925,507.142,52233171
2024-05-13,508.817,508.924,506.071,507.210,36716361
2024-05-14,507.405,510.053,506.869,509.537,57535867
2024-05-15,512.001,516.139,511.368,515.847,59504897
2024-05-16,515.944,517.543,514.639,514.785,50244827
2024-05-17,514.902,515.594,513.451,515.525,59187585
2024-05-20,515.642,517.580,515.253,516.119,37764206
2024-05-21,515.360,517.541,515.155,517.385,33437001
2024-05-22,516.694,517.405,513.724,515.895,48389968
2024-05-23,518.943,519.050,510.920,512.127,57211197
2024-05-24,513.968,516.324,513.024,515.516,41291076
2024-05-28,516.324,516.558,513.247,515.876,36269602
2024-05-29,511.855,513.442,511.553,512.264,45190323
2024-05-30,510.725,511.387,507.619,508.865,46468510
2024-05-31,509.820,513.627,504.727,513.500,90785755
2024-06-03,515.107,515.389,508.856,513.919,46835702
2024-06-04,512.614,515.233,511.154,514.493,34632661
2024-06-05,516.811,520.628,514.820,520.608,47610365
2024-06-06,520.910,521.338,518.671,520.598,30808530
2024-06-07,519.625,522.770,518.529,519.966,43224525
2024-06-10,519.157,521.893,518.563,521.572,35729252
2024-06-11,520.024,522.887,518.057,522.828,36383411
2024-06-12,527.385,529.810,526.090,527.122,63251305
2024-06-13,528.865,529.036,525.399,528.184,44760949
2024-06-14,526.655,528.534,525.652,528.505,40089895
2024-06-17,527.823,534.104,527.363,532.711,55839457
2024-06-18,532.770,534.191,532.351,534.065,41376417
2024-06-20,534.990,535.652,530.842,532.614,70328226
2024-06-21,531.824,533.045,530.476,531.932,64513859
2024-06-24,531.756,534.315,530.085,530.203,45528654
2024-06-25,531.424,532.606,529.910,532.244,38273346
2024-06-26,531.131,533.622,530.486,532.909,38550637
2024-06-27,532.772,534.325,532.030,533.749,35041480
2024-06-28,534.521,537.569,530.408,531.649,76144535
2024-07-01,533.026,533.270,529.988,532.743,40297810
2024-07-02,531.141,536.328,531.092,536.328,40434792
2024-07-03,536.015,539.083,535.976,538.721,32789911
2024-07-05,539.024,542.228,538.389,541.828,41488389
2024-07-08,542.609,543.401,541.388,542.453,36110451
2024-07-09,543.410,544.309,542.687,542.981,27314125
2024-07-10,544.202,548.695,543.909,548.354,38701220
2024-07-11,548.471,549.340,542.990,543.625,53054184
2024-07-12,544.749,550.649,544.280,547.054,53084405
2024-07-15,549.047,551.789,546.703,548.559,40584293
2024-07-16,549.863,552.105,549.115,551.812,36475260
2024-07-17,545.892,547.562,543.752,544.075,57118956
2024-07-18,545.608,546.595,537.715,539.894,56270392
2024-07-19,539.659,541.281,535.253,536.308,65509081
2024-07-22,540.226,542.443,538.291,541.838,43346720
2024-07-23,541.730,543.874,540.494,540.988,34439561
2024-07-24,536.181,536.484,527.809,528.728,74515266
2024-07-25,528.845,534.809,525.035,525.973,61158288
2024-07-26,529.753,534.550,528.982,531.863,53763788
2024-07-29,533.407,534.413,530.183,532.176,39515824
2024-07-30,533.641,534.696,526.075,529.480,46853632
2024-07-31,536.299,540.714,534.931,538.086,65663388
2024-08-01,539.806,542.052,526.969,530.466,76428732
2024-08-02,523.374,524.586,516.389,520.590,82789070
2024-08-05,499.821,511.485,498.483,505.429,146267391
2024-08-06,507.226,517.513,505.907,510.088,84826312
2024-08-07,516.262,519.310,506.085,506.679,70698340
2024-08-08,511.808,519.017,509.785,518.392,63276589
2024-08-09,517.571,522.163,516.350,520.678,45619558
2024-08-12,521.870,523.355,518.685,520.951,42542069
2024-08-13,524.136,529.753,523.892,529.519,52333073
2024-08-14,530.310,532.371,527.643,531.189,42446929
2024-08-15,536.807,540.577,536.201,540.294,60846812
2024-08-16,538.682,542.199,538.526,541.505,44430728
2024-08-19,541.916,546.683,541.066,546.683,39121793
2024-08-20,546.234,547.885,544.451,545.794,33732264
2024-08-21,546.839,549.125,541.916,547.670,41514600
2024-08-22,549.565,550.171,542.160,543.371,56121456
2024-08-23,546.605,550.083,544.417,549.145,50639393
2024-08-26,550.171,550.884,546.136,547.836,35788609
2024-08-27,546.566,549.076,545.423,548.588,32693898
2024-08-28,548.246,548.676,542.219,545.403,41066024
2024-08-29,547.367,550.659,544.309,545.452,38715176
2024-08-30,547.816,551.167,544.270,550.659,62700110
2024-09-03,547.523,547.855,536.816,539.327,60600113
2024-09-04,537.490,541.623,536.767,538.223,47224939
2024-09-05,538.164,541.007,534.462,536.914,44264258
2024-09-06,537.236,538.858,526.979,527.878,68493805
2024-09-09,532.069,535.058,530.144,533.788,40445822
2024-09-10,535.693,536.465,530.828,536.113,36394579
2024-09-11,536.025,542.531,527.487,541.613,75248608
2024-09-12,542.189,546.478,539.972,546.175,51892735
2024-09-13,546.781,550.024,546.527,549.028,39310501
2024-09-16,548.764,550.102,546.966,549.838,36656122
2024-09-17,552.046,553.492,547.841,550.063,49320970
2024-09-18,550.718,555.553,547.875,548.432,59044937
2024-09-19,557.820,559.646,554.957,557.790,75315470
2024-09-20,556.426,557.867,553.810,556.828,77503110
2024-09-23,557.896,558.869,556.681,558.220,44116922
2024-09-24,559.013,559.876,556.191,559.817,46805672
2024-09-25,559.660,560.395,557.475,558.582,38428587
2024-09-26,562.835,563.158,558.445,560.797,48336004
2024-09-27,561.865,562.678,558.955,559.983,42100928
2024-09-30,558.955,562.835,556.662,562.227,63655448
2024-10-01,561.875,562.523,554.623,557.191,72668778
2024-10-02,556.299,558.445,553.908,557.426,38097798
2024-10-03,555.956,558.350,554.124,556.407,40846466
2024-10-04,560.846,561.835,556.681,561.463,43005186
2024-10-07,559.817,560.464,555.241,556.387,49964690
2024-10-08,558.955,562.247,558.082,561.649,37398693
2024-10-09,561.639,566.098,561.042,565.539,37912244
2024-10-10,564.197,565.971,562.943,564.550,44138060
2024-10-11,564.471,568.665,564.334,567.930,42267994
2024-10-14,569.537,573.506,569.057,572.575,36217215
2024-10-15,572.840,573.144,566.916,568.126,54203636
2024-10-16,568.126,571.115,567.323,570.596,30725436
2024-10-17,574.133,574.339,570.459,570.645,34393714
2024-10-18,572.330,573.624,570.870,572.840,37416801
2024-10-21,572.115,573.095,568.930,571.899,36439010
2024-10-22,569.371,572.752,568.714,571.595,34183835
2024-10-23,569.577,570.017,562.869,566.372,49314574
2024-10-24,568.322,568.401,564.981,567.597,34979860
2024-10-25,569.822,572.712,566.461,567.401,47268176
2024-10-28,570.870,570.998,568.852,569.155,30174704
2024-10-29,568.195,571.191,566.804,570.076,42899661
2024-10-30,569.606,571.595,567.646,568.352,41435839
2024-10-31,563.991,564.060,557.014,557.210,60182451
2024-11-01,559.836,563.981,559.151,559.562,45667533
2024-11-04,559.699,560.993,556.475,558.357,38216975
2024-11-05,559.268,565.148,559.053,565.108,39478322
2024-11-06,577.357,580.032,573.624,579.160,68181968
2024-11-07,581.159,584.657,581.081,583.638,47233212
2024-11-08,584.187,587.587,584.182,586.166,46444893
2024-11-11,587.754,588.107,585.000,586.725,37586773
2024-11-12,586.647,587.244,582.423,584.902,43006128
2024-11-13,585.363,587.185,583.001,585.186,47388640
2024-11-14,585.314,585.794,580.738,581.424,38904109
2024-11-15,577.867,578.337,572.124,573.976,75988766
2024-11-18,574.437,577.641,573.575,576.328,37084081
2024-11-19,572.957,579.165,572.291,578.435,49412046
2024-11-20,578.513,578.915,572.879,578.631,50032576
2024-11-21,581.473,583.158,575.642,581.737,46750285
2024-11-22,581.727,584.167,581.231,583.540,38226390
2024-11-25,587.470,588.783,583.236,585.520,42441393
2024-11-26,586.764,589.243,586.049,588.577,45621288
2024-11-27,588.391,588.773,585.275,586.794,34000163
2024-11-29,587.607,591.223,587.333,590.439,30177351
2024-12-02,590.850,592.173,590.360,591.497,31745989
2024-12-03,591.262,592.016,590.234,591.771,26906629
2024-12-04,593.457,595.691,592.791,595.446,42787561
2024-12-05,595.446,596.250,594.118,594.466,28762183
2024-12-06,595.230,596.828,594.819,595.593,31241549
2024-12-09,595.475,595.642,591.938,592.526,34742738
2024-12-10,593.202,593.623,590.027,590.684,37234515
2024-12-11,593.604,596.205,593.329,595.250,28677723
2024-12-12,594.388,594.956,592.183,592.183,31543812
2024-12-13,594.211,594.927,590.694,592.065,35904730
2024-12-16,593.819,595.564,593.045,594.594,43695179
2024-12-17,592.046,593.006,590.767,592.144,55773545
2024-12-18,591.840,594.216,574.114,574.496,108248729
2024-12-19,579.474,581.081,574.074,574.319,85919452
2024-12-20,571.996,585.741,571.151,581.219,125716674
2024-12-23,580.963,585.299,577.788,584.699,57635828
2024-12-24,586.046,591.237,585.466,591.198,33160097
2024-12-26,589.428,592.358,588.035,591.237,41338891
2024-12-27,587.501,587.733,580.840,585.014,64969310
2024-12-30,578.013,581.799,574.592,578.338,56578757
2024-12-31,579.995,580.717,574.602,576.234,57052654
2025-01-02,579.488,581.199,570.748,574.818,50392115
2025-01-03,577.659,582.644,576.578,582.005,37888459
2025-01-06,586.253,589.625,583.628,585.358,47679442
2025-01-07,587.383,587.708,576.922,578.741,60570164
2025-01-08,578.810,580.658,575.364,579.587,47304672
2025-01-10,576.037,576.106,568.830,570.738,73105046
2025-01-13,566.097,571.977,565.684,571.623,47910060
2025-01-14,574.543,575.172,568.634,572.409,48420580
2025-01-15,580.408,583.962,579.297,582.821,56900159
2025-01-16,584.193,584.365,581.002,581.700,44083171
2025-01-17,586.931,589.291,585.604,587.541,58070628
2025-01-21,590.579,592.929,588.612,592.919,42532853
2025-01-22,595.741,597.609,595.190,596.252,48195973
2025-01-23,595.623,599.506,595.347,599.506,41152102
2025-01-24,599.565,600.519,596.606,597.756,34604693
2025-01-27,584.817,589.615,584.650,589.301,70361125
2025-01-28,590.530,595.200,587.216,594.364,44433322
2025-01-29,593.578,593.981,589.153,591.700,37177429
2025-01-30,593.813,596.409,590.623,594.875,39281255
2025-01-31,597.294,599.713,590.952,591.709,66671471
2025-02-03,582.713,590.205,580.570,587.727,65857248
2025-02-04,587.786,592.181,587.246,591.670,33457815
2025-02-05,590.549,594.217,588.524,594.069,30653149
2025-02-06,595.809,596.265,592.506,596.134,35771503
2025-02-07,596.694,597.913,589.969,590.677,50788516
2025-02-10,593.882,595.328,592.614,594.689,26048714
2025-02-11,592.427,595.682,592.309,595.141,30056740
2025-02-12,589.133,594.394,588.455,593.224,45076076
2025-02-13,594.325,599.693,593.066,599.487,40921297
2025-02-14,599.693,600.725,598.838,599.457,26910448
2025-02-18,600.617,601.217,598.159,601.217,26749030
2025-02-19,599.831,602.928,599.319,602.633,31011072
2025-02-20,601.266,601.408,596.822,600.126,36554002
2025-02-21,599.909,600.047,589.399,589.861,76519818
2025-02-24,591.906,592.899,586.469,587.177,50737213
2025-02-25,587.118,587.845,579.655,584.257,58266472
2025-02-26,585.918,589.507,581.913,584.552,43321578
2025-02-27,586.823,587.973,574.828,575.221,74196664
2025-02-28,575.723,584.729,572.655,584.198,89008223
2025-03-03,586.164,587.305,570.158,573.963,74249199
2025-03-04,569.971,575.555,562.636,567.169,109648212
2025-03-05,567.002,575.054,563.452,573.265,71230528
2025-03-06,565.812,570.427,560.542,563.088,80094868
2025-03-07,561.309,567.690,556.127,566.245,81158816
2025-03-10,558.054,559.972,546.256,551.162,99326624
2025-03-11,550.002,554.544,542.746,546.581,88102109
2025-03-12,552.726,553.650,544.388,549.481,69588167
2025-03-13,549.107,549.712,540.445,542.156,74079414
2025-03-14,546.767,554.358,542.227,553.355,62660321
2025-03-17,553.335,560.139,552.903,557.622,49008709
2025-03-18,555.311,555.528,549.668,551.595,66041422
2025-03-19,553.374,561.358,552.195,557.602,66555985
2025-03-20,553.866,560.984,553.149,555.990,62958195
2025-03-21,551.506,557.038,550.273,556.141,83762964
2025-03-24,562.866,567.155,562.274,566.100,58766795
2025-03-25,567.303,568.398,565.716,567.461,38355735
2025-03-26,567.195,568.319,559.306,560.687,52228898
2025-03-27,559.296,562.964,557.087,559.198,42164248
2025-03-28,557.669,558.397,547.355,547.936,71662653
2025-03-31,542.187,552.917,539.269,551.614,95328213
2025-04-01,549.701,555.115,545.984,553.173,54609641
2025-04-02,547.335,559.533,547.098,556.673,76014544
2025-04-03,537.533,540.353,529.240,529.240,125985998
2025-04-04,516.391,518.560,498.040,498.257,217965131
2025-04-07,482.390,515.898,475.103,497.369,256611355
2025-04-08,514.606,517.683,482.361,489.579,165816581
2025-04-09,486.581,540.994,486.197,540.994,241867317
2025-04-10,524.773,526.079,502.240,517.288,162331225
2025-04-11,515.740,528.974,512.841,526.518,97866334
2025-04-14,536.488,536.715,526.439,531.626,68033993
2025-04-15,532.174,535.679,529.348,530.137,56892874
2025-04-16,524.290,530.408,513.058,518.353,83484814
2025-04-17,520.306,523.782,516.628,519.093,79868083
2025-04-21,513.916,514.448,501.392,506.737,69368129
2025-04-22,512.910,521.948,511.976,519.921,75948117
2025-04-23,532.918,537.849,526.459,527.978,90590658
2025-04-24,529.255,539.821,528.007,539.091,64150418
2025-04-25,539.052,543.390,536.133,542.986,61119590
2025-04-28,543.726,545.856,537.444,543.193,47613755
2025-04-29,541.280,547.729,540.925,546.615,47775121
2025-04-30,539.959,548.784,533.993,546.832,93101463
2025-05-01,552.581,556.229,550.106,550.707,63186146
2025-05-02,556.880,560.480,554.563,558.882,60717270
2025-05-05,554.750,558.774,553.892,555.677,38659222
2025-05-06,550.175,555.517,549.218,551.033,48264708
2025-05-07,552.364,555.983,548.311,553.350,55733229
2025-05-08,557.383,562.383,553.892,557.206,65130787
2025-05-09,558.606,559.612,554.942,556.496,37603427
2025-05-12,573.388,574.896,569.019,574.886,78993570
2025-05-13,575.301,580.892,574.739,578.683,67986436
2025-05-14,579.639,580.793,577.396,579.422,66283531
2025-05-15,577.421,582.756,576.964,582.253,71268145
2025-05-16,583.032,586.236,581.089,585.941,76052101
2025-05-19,579.925,587.262,579.925,586.582,68168509
2025-05-20,584.846,585.793,581.405,584.609,60614492
2025-05-21,580.261,584.343,573.733,574.758,95197657
2025-05-22,574.561,578.466,573.323,574.985,70860417
2025-05-23,567.974,573.723,567.599,571.060,76029046
2025-05-27,577.924,583.091,570.390,582.933,72588475
2025-05-28,583.337,584.530,578.826,579.561,68445512
2025-05-29,584.816,584.955,577.924,581.848,70073758
2025-05-30,580.744,582.913,575.128,581.197,90601242
2025-06-02,579.590,584.550,576.928,584.471,61630502
2025-06-03,584.106,588.781,583.623,587.804,63606204
2025-06-04,588.662,589.638,587.213,587.647,57314199
2025-06-05,589.323,590.674,582.834,584.807,92436397
2025-06-06,590.339,592.478,588.564,590.812,66588743
2025-06-09,591.384,592.893,590.171,591.344,53016418
2025-06-10,591.877,595.082,590.763,594.697,66246973
2025-06-11,595.792,596.650,590.940,593.001,73658225
2025-06-12,591.670,595.358,591.187,595.358,64129003
2025-06-13,590.181,593.484,587.203,588.702,89505996
2025-06-16,592.054,596.048,591.877,594.303,79984125
2025-06-17,591.867,593.386,588.465,589.224,82209365
2025-06-18,590.122,592.863,588.179,589.136,76605029
2025-06-20,591.798,592.866,586.339,587.743,94051374
2025-06-23,588.495,593.934,585.379,593.548,87426039
2025-06-24,597.682,601.164,596.772,600.105,67735293
2025-06-25,601.223,601.915,598.879,600.442,62114767
2025-06-26,602.291,605.575,601.678,605.139,78548361
2025-06-27,606.138,609.610,604.111,608.146,86258398
2025-06-30,610.589,612.409,608.275,611.054,92502541
2025-07-01,609.580,612.023,608.749,610.856,70030140
2025-07-02,610.450,613.665,609.827,613.625,66510374
2025-07-03,615.603,619.391,615.583,618.461,51065789
2025-07-07,616.503,617.166,611.073,613.853,74814505
2025-07-08,614.515,615.267,612.705,613.516,59024585
2025-07-09,615.920,617.848,614.081,617.195,66113326
2025-07-10,617.334,619.974,616.157,618.936,57528960
2025-07-11,615.890,617.987,614.693,616.760,63670226
2025-07-14,616.305,618.281,614.960,617.937,51898518
2025-07-15,620.617,620.954,615.217,615.296,74317260
2025-07-16,616.879,617.858,611.251,617.354,88987511
2025-07-17,617.532,621.493,617.314,621.132,68885683
2025-07-18,622.378,622.546,619.569,620.677,65621645
2025-07-21,621.854,624.593,621.428,621.854,63374984
2025-07-22,622.180,622.803,619.302,621.943,60046288
2025-07-23,624.603,627.234,622.803,627.234,70511036
2025-07-24,627.619,629.152,627.016,627.441,71307134
2025-07-25,628.104,630.567,627.857,630.092,56865364
2025-07-28,630.468,631.022,628.549,629.934,55247554
2025-07-29,631.328,631.645,627.357,628.272,60556278
2025-07-30,628.925,630.666,624.593,627.481,80418851
2025-07-31,632.421,632.812,623.827,625.127,103385246
2025-08-01,619.411,619.450,612.478,614.881,140103572
2025-08-04,618.788,624.272,618.699,624.227,73218015
2025-08-05,624.840,625.646,620.143,621.062,68051401
2025-08-06,622.130,626.472,621.221,625.819,64357525
2025-08-07,629.241,629.973,622.190,625.295,74205791
2025-08-08,627.085,630.631,626.769,630.171,64051626
2025-08-11,630.448,631.922,627.679,628.925,58742300
2025-08-12,631.269,635.779,629.785,635.620,64821798
2025-08-13,637.816,639.082,635.611,637.796,60092790
2025-08-14,635.719,638.518,635.274,637.856,59327466
2025-08-15,638.884,638.983,635.447,636.362,68592507
2025-08-18,635.789,636.916,635.116,636.224,43804914
2025-08-19,636.046,637.020,631.457,632.772,69750731
2025-08-20,632.367,632.624,625.988,631.091,88890298
2025-08-21,629.281,630.952,626.838,628.559,54805775
2025-08-22,630.745,639.389,630.240,638.212,84083214
2025-08-25,636.956,638.192,635.284,635.403,51274332
2025-08-26,635.136,638.409,634.513,638.063,51581565
2025-08-27,637.480,640.249,637.331,639.517,48341069
2025-08-28,640.120,642.336,638.241,641.782,61519461
2025-08-29,640.348,640.714,636.065,637.954,74522192
2025-09-02,630.488,633.445,627.936,633.227,81983545
2025-09-03,635.601,637.124,633.415,636.659,70820898
2025-09-04,637.331,642.009,636.431,641.980,65219228
2025-09-05,644.314,645.036,636.253,640.120,85178935
2025-09-08,641.485,642.692,640.110,641.693,63133104
2025-09-09,641.831,643.701,640.101,643.176,66133856
2025-09-10,646.430,647.350,643.473,645.036,78034529
2025-09-11,646.984,651.088,646.401,650.396,69934360
2025-09-12,650.366,651.860,649.674,650.178,72780135
2025-09-15,652.384,653.769,652.087,653.640,63772412
2025-09-16,654.194,654.500,651.959,652.740,61168953
2025-09-17,652.750,654.441,647.103,651.929,101952244
2025-09-18,654.609,657.576,653.007,654.975,90459242
2025-09-19,656.899,659.101,654.955,658.258,97945620
2025-09-22,656.770,661.818,656.740,661.372,69452201
2025-09-23,661.253,661.868,656.552,657.772,81708872
2025-09-24,659.061,659.160,654.261,655.679,68082229
2025-09-25,652.545,653.999,649.039,652.654,89622067
2025-09-26,654.102,656.939,652.485,656.393,69179209
2025-09-29,658.912,659.825,656.433,658.238,73499015
2025-09-30,657.494,661.183,656.185,660.717,94180100
2025-10-01,657.732,663.881,657.623,662.969,72545369
2025-10-02,664.952,665.066,661.312,663.732,56895993
2025-10-03,664.496,667.159,662.681,663.722,70494350
2025-10-06,666.113,666.995,663.965,666.103,54623260
2025-10-07,667.025,667.471,662.195,663.633,72020067
2025-10-08,664.754,667.686,663.931,667.590,60702241
2025-10-09,668.007,668.414,663.722,665.656,66501941
2025-10-10,666.619,668.424,647.487,647.665,159422589
2025-10-13,655.233,659.676,654.358,657.603,79560517
2025-10-14,651.781,660.370,647.814,656.800,88779560
2025-10-15,661.352,664.734,653.527,659.716,81702555
2025-10-16,661.352,663.227,651.722,655.223,110563346
2025-10-17,654.092,660.296,652.743,658.942,96500870
2025-10-20,661.848,666.698,661.798,665.795,60493350
2025-10-21,665.934,667.471,664.487,665.785,56249034
2025-10-22,666.490,666.490,657.861,662.324,80564006
2025-10-23,662.641,667.194,662.324,666.252,65604461
2025-10-24,670.913,672.907,670.110,671.697,74356527
2025-10-27,677.132,679.919,676.522,679.621,63339790
2025-10-28,681.416,683.256,679.214,681.426,61738073
2025-10-29,683.072,684.044,677.270,681.753,86074308
2025-10-30,678.292,680.315,674.255,674.255,76335751
2025-10-31,679.423,679.462,673.670,676.467,87164122
2025-11-03,680.048,680.176,674.364,677.737,57315025
2025-11-04,670.566,674.384,669.048,669.703,78426969
2025-11-05,669.445,675.277,668.642,672.024,74402376
2025-11-06,670.923,671.825,663.236,664.813,85035298
2025-11-07,662.433,665.577,655.783,665.468,100592443
2025-11-10,671.682,676.586,669.495,675.852,75842888
2025-11-11,674.374,677.965,673.164,677.399,58953385
2025-11-12,679.175,679.343,675.361,677.776,62312484
2025-11-13,674.920,675.277,665.022,666.529,103457788
2025-11-14,659.924,670.120,657.826,666.420,96846672
2025-11-17,664.208,668.186,656.740,660.212,90456105
2025-11-18,656.666,659.666,650.482,654.667,114467488
2025-11-19,655.362,661.868,653.343,657.196,94702955
2025-11-20,667.392,670.020,646.545,647.179,165293521
2025-11-21,649.679,659.101,645.513,653.626,123956203
2025-11-24,657.256,664.566,656.165,663.246,80437940
2025-11-25,663.147,670.665,659.031,669.485,81077088
2025-11-26,672.073,676.110,671.171,674.107,71879597
2025-11-28,675.277,678.059,674.920,677.786,49973521
2025-12-01,673.244,677.389,673.174,674.692,61201193
2025-12-02,676.328,678.213,673.758,675.941,62953844
2025-12-03,674.989,679.294,674.117,678.282,57238481
2025-12-04,679.681,679.750,675.753,678.778,61970336
2025-12-05,679.849,682.745,678.966,680.067,79241045
2025-12-08,680.960,681.010,675.981,678.024,55231462
2025-12-09,677.548,679.765,676.993,677.439,58310055
2025-12-10,676.963,683.320,675.723,681.932,85671334
2025-12-11,679.522,683.598,676.571,683.519,86173678
2025-12-12,682.527,683.231,673.605,676.170,113160347
2025-12-15,680.117,680.137,673.680,675.148,90810952
2025-12-16,673.660,675.495,669.445,673.303,122030631
2025-12-17,674.315,674.855,665.691,665.895,110625198
2025-12-18,672.044,675.158,669.366,670.923,108650128
2025-12-19,673.004,677.480,672.885,676.983,103599543
2025-12-22,680.315,681.728,676.980,681.200,69617353
2025-12-23,680.295,684.553,680.245,684.314,64839951
2025-12-24,684.304,687.169,684.155,686.721,39445560
2025-12-26,686.980,687.994,685.617,686.651,41613347
2025-12-29,683.896,685.547,682.434,684.204,62559503
2025-12-30,683.802,684.906,682.941,683.369,47160671
2025-12-31,683.498,683.717,678.097,678.306,74167514
2026-01-02,682.076,683.230,676.217,679.549,89377203
2026-01-05,682.901,685.776,682.737,684.075,71927191
2026-01-06,684.284,688.646,684.135,688.143,69273827
2026-01-07,688.521,690.282,685.667,685.925,75588337
2026-01-08,685.169,686.955,683.846,685.856,64019200
2026-01-09,686.970,691.625,685.527,690.391,80125467
2026-01-12,687.019,692.401,686.970,691.476,63976002
2026-01-13,691.804,692.401,687.686,690.093,78309726
2026-01-14,687.338,688.054,682.404,686.701,94676684
2026-01-15,690.889,691.764,687.586,688.571,77861974
2026-01-16,689.984,690.570,686.442,687.994,79289200
2026-01-20,677.878,681.141,672.984,673.989,111623277
2026-01-21,676.048,685.085,674.536,681.767,127844467
2026-01-22,686.194,687.462,683.279,685.328,77112243
2026-01-23,684.503,687.298,683.518,685.577,63059578
2026-01-26,686.830,690.451,686.263,689.059,60473813
2026-01-27,690.501,692.838,689.894,691.804,55506147
2026-01-28,693.356,694.141,690.262,691.734,61172165
2026-01-29,692.699,693.366,681.200,690.362,97486198
2026-01-30,688.124,690.531,683.478,688.303,101882811
2026-02-02,685.925,693.236,685.771,691.724,79286521
2026-02-03,692.520,693.266,680.405,685.875,107904611
2026-02-04,686.691,687.785,678.147,682.553,105204600
2026-02-05,677.331,680.066,672.208,674.029,113610812
2026-02-06,677.848,688.641,677.241,686.960,89127566
2026-02-09,685.766,692.182,684.692,690.272,73885192
2026-02-10,691.267,692.848,687.994,688.452,65185725
2026-02-11,692.699,693.445,685.527,688.293,76353872
2026-02-12,690.561,691.665,676.764,677.659,118828963
2026-02-13,678.077,682.643,673.929,678.137,96267487
2026-02-17,676.535,681.310,672.198,679.231,81354660
2026-02-18,680.395,685.498,679.211,682.653,73570341
2026-02-19,680.216,682.543,677.936,680.852,58649363
2026-02-20,678.704,686.403,678.117,685.776,100033986
2026-02-23,684.185,686.343,676.765,678.773,90558087
2026-02-24,678.286,684.702,676.396,683.707,73798727
2026-02-25,686.522,690.003,686.442,689.476,56369479
2026-02-26,689.606,689.626,680.723,685.647,71670990
2026-02-27,679.470,683.220,678.027,682.354,83308868
2026-03-02,675.103,684.970,674.426,682.742,87477198
2026-03-03,671.482,678.992,666.111,676.724,105003113
2026-03-04,678.017,683.448,676.018,681.499,79182244
2026-03-05,678.465,681.897,672.029,677.699,106606464
2026-03-06,669.841,672.527,666.210,668.816,100686951
2026-03-09,662.858,676.316,658.879,674.675,102667711
2026-03-10,674.128,679.738,671.184,673.591,81505315
2026-03-11,673.989,676.476,669.771,672.745,68441672
2026-03-12,667.603,668.090,662.341,662.530,108882246
2026-03-13,665.723,668.772,657.855,658.780,97200242
2026-03-16,664.838,668.508,663.584,665.484,82023130
2026-03-17,668.826,670.865,666.151,667.235,87128044
2026-03-18,664.818,666.170,657.686,657.924,82062576
2026-03-19,653.488,659.466,651.698,656.303,111272539
2026-03-20,654.803,654.983,643.044,646.884,163617522
2026-03-23,656.359,660.892,652.240,653.676,134802732
2026-03-24,649.627,655.322,648.190,651.482,96457478
2026-03-25,656.957,659.172,652.539,655.112,90653787
2026-03-26,650.365,653.147,643.143,643.413,96494375
2026-03-27,640.830,640.989,631.459,632.441,103649368
2026-03-30,638.446,638.705,627.644,630.327,99275851
2026-03-31,637.279,649.846,636.321,648.649,152534102
2026-04-01,652.200,656.808,651.302,653.536,97841472
2026-04-02,644.739,656.489,643.433,654.125,68358713
2026-04-06,654.155,658.005,653.816,657.217,39105758
2026-04-07,654.943,657.895,649.367,657.506,69980362
2026-04-08,674.631,675.320,669.714,674.252,93606114
2026-04-09,673.085,679.389,672.018,678.142,57134445
2026-04-10,679.549,680.257,676.686,677.693,42253456
2026-04-13,675.649,684.516,674.821,684.316,54185819
2026-04-14,685.902,692.774,685.872,692.654,63480529
2026-04-15,693.452,698.459,692.395,698.120,58240384
2026-04-16,699.237,700.953,696.714,699.836,49972363
2026-04-17,704.304,710.538,703.925,708.294,70661926
2026-04-20,706.937,708.064,704.304,706.877,43546812
2026-04-21,708.433,709.426,700.813,702.249,58941384
2026-04-22,707.306,709.600,706.379,709.361,42518498
2026-04-23,707.655,710.508,700.454,706.608,56173990
2026-04-24,708.902,712.612,707.167,712.084,45181957
2026-04-27,711.316,713.769,710.443,713.311,33135943
2026-04-28,709.964,711.027,707.406,709.840,43117436
2026-04-29,709.151,710.348,706.528,709.730,41859227
2026-04-30,712.772,717.919,708.598,716.791,67240949
2026-05-01,719.375,722.985,718.597,718.776,43049849
2026-05-04,718.198,720.242,713.131,716.143,51950558
2026-05-05,719.893,723.155,719.614,721.888,36933226
2026-05-06,726.267,732.680,725.928,731.922,53288940
2026-05-07,733.139,734.216,727.853,729.678,51724642
2026-05-08,733.019,736.161,732.660,735.702,47227085
2026-05-11,734.535,738.864,734.535,737.378,44023951
2026-05-12,734.974,736.919,729.927,736.261,54185273
2026-05-13,736.550,741.976,733.558,740.380,44200203
2026-05-14,741.717,747.581,741.627,746.225,45307603
2026-05-15,739.861,741.527,736.041,737.248,60410771
2026-05-18,737.906,739.487,731.483,736.730,47843865
2026-05-19,732.870,735.732,729.628,731.822,54255913
2026-05-20,733.797,739.941,731.982,739.323,45768035
2026-05-21,736.720,742.933,735.114,740.789,43332225
2026-05-22,744.300,746.993,742.544,743.701,41762006
2026-05-26,748.060,750.174,746.424,748.638,41123621
2026-05-27,748.928,749.426,746.275,748.509,42106285
2026-05-28,748.299,753.187,747.282,752.638,41562563
2026-05-29,753.935,756.109,752.728,754.513,55075739
2026-06-01,753.396,758.303,752.728,756.568,43634933
2026-06-02,755.062,758.423,754.782,757.595,31581852
2026-06-03,756.179,756.827,751.611,752.279,51402518
2026-06-04,750.145,756.338,749.516,755.122,49923036
2026-06-05,750.354,750.863,733.613,735.632,93989416
2026-06-08,741.427,743.402,736.271,737.298,49319144
2026-06-09,741.697,744.958,720.711,735.134,87683517
2026-06-10,731.483,736.460,723.444,723.544,60341349
2026-06-11,726.865,738.076,722.522,735.842,86330522
2026-06-12,738.784,742.504,733.119,739.821,57079533
2026-06-15,749.895,754.713,749.805,752.867,60176425
2026-06-16,752.588,753.476,747.930,748.379,67093142
2026-06-17,749.337,750.194,737.298,739.034,85945227
2026-06-18,747.760,748.230,743.860,746.740,80875657
2026-06-22,747.700,750.180,743.130,744.390,46628074
2026-06-23,733.810,739.630,732.300,733.580,66846780
2026-06-24,735.170,739.945,730.840,733.240,57439507
2026-06-25,738.910,739.370,729.600,734.300,54128065
2026-06-26,728.945,736.530,716.580,728.990,71033969
2026-06-29,736.525,741.560,732.090,741.000,58035228
2026-06-30,741.290,748.020,740.890,746.770,55626035
2026-07-01,745.000,749.435,742.375,745.760,47100878
2026-07-02,747.400,751.310,740.030,744.780,57505953
2026-07-06,748.740,752.410,747.410,751.280,50673310
2026-07-07,750.220,750.960,745.210,747.710,43721494
2026-07-08,743.160,746.150,739.510,745.400,43767393
2026-07-09,747.350,751.970,745.590,751.710,41441718
2026-07-10,752.050,755.420,748.100,754.950,42191313
2026-07-13,752.470,753.911,748.000,749.170,44013628
2026-07-14,750.910,753.340,748.660,751.830,35143138
2026-07-15,754.240,755.580,750.200,754.810,43844769
2026-07-16,752.760,754.570,747.880,750.720,46409814
2026-07-17,742.080,747.290,740.800,743.290,62650961
2026-07-20,747.060,748.730,741.510,742.090,50422324
2026-07-21,746.290,749.040,744.180,748.280,34324262
2026-07-22,746.620,750.020,746.370,747.410,32836200
2026-07-23,739.370,742.560,735.210,738.180,55437332
2026-07-24,738.510,743.720,737.290,738.930,44781983
2026-07-27,744.910,745.530,735.870,739.090,41461194
2026-07-28,739.190,742.790,735.980,740.860,47322247
2026-07-29,739.970,742.680,729.100,729.460,70697215
2026-07-30,736.050,742.450,734.590,741.690,66811268
2026-07-31,744.680,748.895,737.680,747.030,62445899
2026-08-03,749.440,758.580,748.800,757.670,59927538
2026-08-04,760.630,773.410,760.520,771.330,69154788
2026-08-05,775.850,776.850,769.510,769.790,44689081
2026-08-06,770.210,771.820,767.460,768.560,38416896
2026-08-07,771.020,773.915,769.610,773.260,43586333
2026-08-10,772.600,775.050,771.620,773.030,39249478
2026-08-11,774.530,774.610,769.200,770.560,36740555
2026-08-12,774.710,774.900,771.280,772.490,33179126
2026-08-13,774.870,779.370,774.111,777.880,35634483
2026-08-14,778.540,778.800,775.430,776.340,31367913
2026-08-17,776.180,776.775,772.510,772.670,34356577
