date,open,high,low,close,volume
2016-01-04,17.336,17.393,17.147,17.344,28860380
2016-01-05,17.417,17.417,17.206,17.336,18997916
2016-01-06,17.100,17.117,16.786,16.881,18614764
2016-01-07,16.573,16.737,16.333,16.423,25159348
2016-01-08,16.581,16.597,16.212,16.256,17400352
2016-01-11,16.342,16.346,15.855,15.980,20131306
2016-01-12,16.216,16.216,15.806,16.005,14540518
2016-01-13,16.122,16.155,15.615,15.635,21619168
2016-01-14,15.696,15.962,15.506,15.846,20745186
2016-01-15,15.522,15.627,15.319,15.522,18717792
2016-01-19,15.664,15.717,15.132,15.331,19731146
2016-01-20,14.990,15.347,14.728,15.218,25650774
2016-01-21,15.291,15.465,15.086,15.351,23401304
2016-01-22,15.640,15.859,15.481,15.627,19075210
2016-01-25,15.477,15.510,15.104,15.128,22283462
2016-01-26,15.291,15.429,15.130,15.388,15175614
2016-01-27,15.360,15.623,15.226,15.266,15628692
2016-01-28,15.404,15.429,15.154,15.291,13311004
2016-01-29,15.416,15.745,15.299,15.733,16002018
2016-02-01,15.644,15.838,15.453,15.798,27190800
2016-02-02,15.737,15.773,15.510,15.692,23018776
2016-02-03,15.879,16.220,15.676,16.220,28828450
2016-02-04,16.285,16.780,16.273,16.670,29180814
2016-02-05,16.544,16.714,16.423,16.480,22863734
2016-02-08,16.232,16.362,15.812,16.045,23207440
2016-02-09,15.891,16.325,15.891,16.244,20513592
2016-02-10,16.313,16.480,16.049,16.090,22744718
2016-02-11,15.761,15.968,15.611,15.741,27070090
2016-02-12,15.964,16.208,15.786,16.208,17192782
2016-02-16,16.370,16.475,16.163,16.455,13573648
2016-02-17,16.589,16.873,16.585,16.780,14988440
2016-02-18,16.800,16.804,16.609,16.731,10820316
2016-02-19,16.642,16.654,16.467,16.536,11860946
2016-02-22,16.723,16.910,16.699,16.853,10720940
2016-02-23,16.719,16.727,16.411,16.439,13067472
2016-02-24,16.273,16.630,16.195,16.609,20284886
2016-02-25,16.650,16.837,16.502,16.824,10271320
2016-02-26,16.962,17.161,16.962,17.068,13506160
2016-02-29,17.100,17.271,16.954,16.962,13677984
2016-03-01,17.165,17.441,17.056,17.397,24185084
2016-03-02,17.202,17.364,17.150,17.328,19728698
2016-03-03,17.291,17.478,17.259,17.433,17211376
2016-03-04,17.453,17.750,17.395,17.636,19815508
2016-03-07,17.644,17.880,17.640,17.839,15768786
2016-03-08,17.693,17.697,17.389,17.490,12577700
2016-03-09,17.583,17.685,17.478,17.600,11225616
2016-03-10,17.644,17.798,17.490,17.693,15158158
2016-03-11,17.867,18.066,17.867,18.018,10039918
2016-03-14,17.904,17.993,17.827,17.896,10943934
2016-03-15,17.733,17.936,17.628,17.936,9968654
2016-03-16,17.652,18.087,17.652,18.087,14579466
2016-03-17,18.054,18.476,18.054,18.419,15562238
2016-03-18,18.532,18.625,18.393,18.495,15260388
2016-03-21,18.454,18.581,18.226,18.581,10149492
2016-03-22,18.222,18.438,18.194,18.369,8192250
2016-03-23,18.214,18.271,18.108,18.141,11327224
2016-03-24,17.990,18.149,17.913,18.141,7524144
2016-03-28,18.120,18.283,18.104,18.218,7898676
2016-03-29,18.092,18.324,18.031,18.320,8191110
2016-03-30,18.401,18.480,18.324,18.401,8072658
2016-03-31,18.422,18.446,18.186,18.247,11115528
2016-04-01,18.116,18.422,17.982,18.422,17181092
2016-04-04,18.304,18.410,18.149,18.181,11321110
2016-04-05,18.047,18.157,18.023,18.067,10966322
2016-04-06,18.023,18.275,17.905,18.275,11345476
2016-04-07,18.137,18.165,17.933,18.010,10134162
2016-04-08,18.108,18.332,18.108,18.129,8811534
2016-04-11,18.291,18.401,18.210,18.210,7691376
2016-04-12,18.320,18.495,18.218,18.462,9409768
2016-04-13,18.581,18.707,18.564,18.646,9651806
2016-04-14,18.727,18.760,18.617,18.658,7076610
2016-04-15,18.707,18.756,18.587,18.743,6874854
2016-04-18,18.650,18.831,18.581,18.829,8931374
2016-04-19,18.902,19.244,18.874,19.232,12652160
2016-04-20,19.256,19.269,19.126,19.175,13013350
2016-04-21,19.232,19.305,19.085,19.090,12141278
2016-04-22,19.151,19.284,19.118,19.224,10859522
2016-04-25,19.204,19.204,19.012,19.159,9203784
2016-04-26,19.175,19.338,19.159,19.313,10080042
2016-04-27,19.362,19.497,19.276,19.476,11411574
2016-04-28,19.330,19.509,19.212,19.293,11328200
2016-04-29,19.228,19.358,19.049,19.179,12743830
2016-05-02,19.256,19.261,19.061,19.248,12408002
2016-05-03,19.069,19.081,18.849,18.931,18644428
2016-05-04,18.764,18.882,18.617,18.739,16141276
2016-05-05,18.857,18.886,18.613,18.646,13941986
2016-05-06,18.605,18.813,18.544,18.796,13554530
2016-05-09,18.654,18.682,18.544,18.568,13138172
2016-05-10,18.662,18.894,18.625,18.878,13576320
2016-05-11,18.910,18.976,18.800,18.813,11365012
2016-05-12,19.155,19.216,18.829,18.894,19875250
2016-05-13,18.886,18.984,18.642,18.711,11247898
2016-05-16,18.752,19.053,18.743,19.033,11674286
2016-05-17,18.939,19.126,18.894,18.935,12844898
2016-05-18,18.829,18.967,18.560,18.646,19189512
2016-05-19,18.609,18.735,18.494,18.711,12529768
2016-05-20,18.788,18.923,18.776,18.845,9825244
2016-05-23,18.935,19.151,18.927,19.065,8569452
2016-05-24,19.126,19.236,19.094,19.191,9029342
2016-05-25,19.554,19.554,19.301,19.428,11248078
2016-05-26,19.489,19.619,19.208,19.220,6667262
2016-05-27,19.138,19.281,19.138,19.212,8625610
2016-05-31,19.301,19.301,19.083,19.114,8903772
2016-06-01,19.077,19.175,18.882,19.138,9823626
2016-06-02,19.118,19.256,19.033,19.244,6764094
2016-06-03,19.330,19.452,19.208,19.407,9948354
2016-06-06,19.493,19.627,19.460,19.607,13869474
2016-06-07,19.623,19.680,19.529,19.615,7281344
2016-06-08,19.741,19.790,19.660,19.729,7884446
2016-06-09,19.627,19.634,19.497,19.586,7931146
2016-06-10,19.464,19.554,19.391,19.440,9617766
2016-06-13,19.448,19.517,19.220,19.224,10637736
2016-06-14,19.167,19.228,18.953,19.081,15125040
2016-06-15,19.155,19.301,19.122,19.167,8335786
2016-06-16,19.085,19.240,18.919,19.232,11745328
2016-06-17,19.191,19.355,19.146,19.314,11854178
2016-06-20,19.498,19.666,19.412,19.425,11931944
2016-06-21,19.441,19.470,19.300,19.372,6126764
2016-06-22,19.388,19.462,19.359,19.392,6083480
2016-06-23,19.584,19.699,19.560,19.691,7116460
2016-06-24,19.020,19.261,18.782,18.831,24895014
2016-06-27,18.688,18.688,18.095,18.197,18118650
2016-06-28,18.344,18.463,18.160,18.353,20741122
2016-06-29,18.578,18.725,18.533,18.664,13310922
2016-06-30,18.717,18.971,18.615,18.962,11955566
2016-07-01,18.962,19.092,18.909,18.971,9928238
2016-07-05,18.872,18.946,18.561,18.627,11140226
2016-07-06,18.561,18.725,18.419,18.700,11675850
2016-07-07,18.635,18.901,18.635,18.750,8517248
2016-07-08,18.880,19.253,18.880,19.216,10482958
2016-07-11,19.282,19.363,19.232,19.310,9244508
2016-07-12,19.457,19.768,19.445,19.662,13508484
2016-07-13,19.695,19.744,19.597,19.715,7860838
2016-07-14,19.793,19.928,19.771,19.891,9951054
2016-07-15,19.961,20.018,19.908,19.961,7262284
2016-07-18,19.961,20.112,19.834,20.092,5910986
2016-07-19,19.985,20.059,19.891,19.973,7029514
2016-07-20,19.924,20.034,19.834,19.981,8024450
2016-07-21,19.994,19.998,19.785,19.858,7250554
2016-07-22,19.879,19.957,19.826,19.912,7778774
2016-07-25,19.891,19.891,19.744,19.879,9678332
2016-07-26,19.875,20.043,19.858,20.030,8344250
2016-07-27,20.047,20.124,19.908,20.055,8514142
2016-07-28,20.010,20.092,19.910,20.026,7331296
2016-07-29,19.969,19.985,19.785,19.924,8545624
2016-08-01,19.928,19.928,19.733,19.813,7131674
2016-08-02,19.797,19.856,19.629,19.760,12103198
2016-08-03,19.793,19.887,19.666,19.809,6950744
2016-08-04,19.809,19.944,19.768,19.891,7105026
2016-08-05,19.920,19.998,19.885,19.957,6312016
2016-08-08,19.977,20.055,19.949,19.998,9463530
2016-08-09,20.006,20.075,19.895,19.936,7983760
2016-08-10,19.973,20.028,19.912,19.940,4511488
2016-08-11,20.039,20.063,19.920,20.026,5391438
2016-08-12,20.026,20.047,19.773,19.813,6764376
2016-08-15,19.883,20.063,19.871,20.014,4634148
2016-08-16,20.047,20.124,19.899,19.908,6769286
2016-08-17,19.891,19.934,19.725,19.891,6152760
2016-08-18,19.899,20.018,19.891,20.018,6755848
2016-08-19,19.969,20.075,19.850,20.047,9812206
2016-08-22,19.973,20.047,19.867,20.018,6099970
2016-08-23,20.194,20.284,20.145,20.190,8259448
2016-08-24,20.161,20.161,19.932,19.957,7807832
2016-08-25,19.936,20.079,19.932,20.055,6776304
2016-08-26,20.133,20.264,19.858,19.940,11969650
2016-08-29,19.912,20.165,19.908,20.120,5967546
2016-08-30,20.112,20.219,20.034,20.071,7531690
2016-08-31,19.969,20.002,19.826,19.871,8380338
2016-09-01,19.932,19.977,19.805,19.953,9463696
2016-09-02,20.104,20.153,20.043,20.153,6608966
2016-09-06,20.174,20.227,20.022,20.108,6408586
2016-09-07,20.063,20.137,19.953,20.079,11484106
2016-09-08,20.043,20.088,19.932,19.994,5730246
2016-09-09,19.846,19.858,19.392,19.412,17347320
2016-09-12,19.298,19.650,19.261,19.597,13025540
2016-09-13,19.396,19.474,19.106,19.232,20947936
2016-09-14,19.232,19.306,19.130,19.187,15579506
2016-09-15,19.159,19.351,19.114,19.310,12250048
2016-09-16,19.184,19.270,19.151,19.237,17158004
2016-09-19,19.323,19.391,19.233,19.266,7353042
2016-09-20,19.410,19.435,19.204,19.208,7998774
2016-09-21,19.315,19.525,19.278,19.500,11192468
2016-09-22,19.640,19.731,19.513,19.562,5991382
2016-09-23,19.496,19.591,19.459,19.463,8620414
2016-09-26,19.476,19.504,19.348,19.373,7515626
2016-09-27,19.307,19.447,19.274,19.430,6643504
2016-09-28,19.476,19.673,19.385,19.653,9133218
2016-09-29,19.574,19.706,19.439,19.500,9322702
2016-09-30,19.620,19.714,19.558,19.644,9390540
2016-10-03,19.657,19.710,19.595,19.620,16199472
2016-10-04,19.648,19.685,19.319,19.352,11833584
2016-10-05,19.389,19.570,19.389,19.484,13485574
2016-10-06,19.439,19.655,19.410,19.644,10459550
2016-10-07,19.669,19.669,19.212,19.278,11781702
2016-10-10,19.393,19.533,19.352,19.393,6183884
2016-10-11,19.258,19.278,19.007,19.130,22701078
2016-10-12,19.147,19.163,18.999,19.093,8116312
2016-10-13,18.887,19.040,18.743,18.994,9894102
2016-10-14,19.077,19.192,19.035,19.056,9537412
2016-10-17,19.064,19.142,19.035,19.073,6538158
2016-10-18,19.262,19.303,19.179,19.245,5839698
2016-10-19,19.291,19.418,19.216,19.385,5369586
2016-10-20,19.360,19.432,19.235,19.369,5456394
2016-10-21,19.212,19.373,19.171,19.360,7725792
2016-10-24,19.435,19.467,19.356,19.406,6041430
2016-10-25,19.319,19.398,19.186,19.229,6744044
2016-10-26,19.204,19.233,19.112,19.200,6690220
2016-10-27,19.249,19.282,19.089,19.175,9517124
2016-10-28,19.233,19.383,19.122,19.225,10611496
2016-10-31,19.229,19.291,19.194,19.233,14324200
2016-11-01,19.274,19.352,19.015,19.122,28453894
2016-11-02,19.151,19.188,19.019,19.019,11679670
2016-11-03,19.007,19.120,18.974,19.023,8482738
2016-11-04,19.023,19.192,18.994,19.089,8831320
2016-11-07,19.311,19.381,19.249,19.381,14197092
2016-11-08,19.332,19.504,19.291,19.443,10583698
2016-11-09,19.430,19.899,19.274,19.854,29530294
2016-11-10,19.945,20.183,19.936,20.085,40670714
2016-11-11,20.056,20.076,19.685,19.809,13428078
2016-11-14,19.899,19.920,19.731,19.854,16677906
2016-11-15,19.842,19.941,19.702,19.936,13921380
2016-11-16,19.891,19.969,19.832,19.899,7432976
2016-11-17,19.961,19.978,19.805,19.908,8271732
2016-11-18,19.904,19.904,19.819,19.879,7788324
2016-11-21,19.908,20.122,19.908,20.113,7598218
2016-11-22,20.167,20.278,20.109,20.237,10270108
2016-11-23,20.200,20.340,20.142,20.327,6997646
2016-11-25,20.348,20.401,20.313,20.389,3205178
2016-11-28,20.401,20.401,20.261,20.307,9059382
2016-11-29,20.237,20.410,20.159,20.327,6861388
2016-11-30,20.434,20.595,20.368,20.545,14855452
2016-12-01,20.615,20.706,20.492,20.554,16413434
2016-12-02,20.537,20.626,20.442,20.562,12528264
2016-12-05,20.644,20.792,20.595,20.722,10625800
2016-12-06,20.722,20.751,20.591,20.747,13429622
2016-12-07,20.788,21.055,20.747,21.043,14901424
2016-12-08,21.068,21.265,21.060,21.183,14014218
2016-12-09,21.236,21.236,21.080,21.187,8984836
2016-12-12,21.216,21.265,21.080,21.092,9474972
2016-12-13,21.171,21.183,20.930,21.060,9274570
2016-12-14,21.055,21.088,20.772,20.809,18738332
2016-12-15,20.735,20.998,20.698,20.944,12862078
2016-12-16,21.032,21.032,20.825,20.879,10354676
2016-12-19,20.817,20.895,20.759,20.838,6404530
2016-12-20,20.813,20.871,20.742,20.854,8852834
2016-12-21,20.933,20.948,20.829,20.862,6560270
2016-12-22,20.842,20.866,20.713,20.775,6630878
2016-12-23,20.833,20.833,20.693,20.817,4314796
2016-12-27,20.875,20.954,20.792,20.929,7773054
2016-12-28,21.007,21.107,20.701,20.717,6155620
2016-12-29,20.709,20.804,20.685,20.717,5727236
2016-12-30,20.746,20.780,20.498,20.581,9859816
2017-01-03,20.635,20.817,20.552,20.701,15474932
2017-01-04,20.784,21.040,20.784,21.003,9084690
2017-01-05,20.978,21.057,20.871,20.941,7806034
2017-01-06,20.941,20.978,20.843,20.962,5894164
2017-01-09,20.945,21.156,20.924,20.958,14201192
2017-01-10,20.970,21.049,20.879,20.970,5688322
2017-01-11,20.933,21.150,20.933,21.140,13199806
2017-01-12,21.140,21.140,20.966,21.098,6312002
2017-01-13,21.103,21.123,21.011,21.065,4896898
2017-01-17,21.011,21.061,20.904,20.970,7363314
2017-01-18,21.028,21.123,20.958,21.103,6073380
2017-01-19,21.127,21.173,20.891,20.970,6606400
2017-01-20,21.045,21.192,21.028,21.156,10013722
2017-01-23,21.156,21.231,21.076,21.198,8322182
2017-01-24,21.276,21.794,21.276,21.744,15961950
2017-01-25,21.835,21.910,21.699,21.889,16441878
2017-01-26,21.893,22.055,21.840,21.947,10641176
2017-01-27,21.893,21.935,21.823,21.869,9305138
2017-01-30,21.790,21.790,21.553,21.645,12086132
2017-01-31,21.637,21.653,21.430,21.517,11053348
2017-02-01,21.508,21.666,21.444,21.624,20149720
2017-02-02,21.616,21.616,21.455,21.529,10131418
2017-02-03,21.562,21.598,21.496,21.566,11083692
2017-02-06,21.517,21.537,21.417,21.508,5445266
2017-02-07,21.450,21.484,21.307,21.339,8401600
2017-02-08,21.326,21.397,21.256,21.388,9378386
2017-02-09,21.397,21.446,21.334,21.380,16234862
2017-02-10,21.475,21.608,21.463,21.575,6954962
2017-02-13,21.657,21.811,21.657,21.753,7428136
2017-02-14,21.715,21.759,21.606,21.749,7324564
2017-02-15,21.691,21.790,21.678,21.720,6209808
2017-02-16,21.740,21.846,21.649,21.720,6408880
2017-02-17,21.678,21.707,21.579,21.657,7928274
2017-02-21,21.645,21.790,21.608,21.728,14751866
2017-02-22,21.641,21.906,21.628,21.786,10228866
2017-02-23,21.831,21.910,21.645,21.666,7070524
2017-02-24,21.575,21.728,21.541,21.711,9624660
2017-02-27,21.711,21.835,21.624,21.657,12595664
2017-02-28,21.641,21.740,21.604,21.637,7724490
2017-03-01,21.835,22.130,21.835,22.059,11802190
2017-03-02,22.043,22.052,21.823,21.823,9149368
2017-03-03,21.823,21.893,21.749,21.807,5924256
2017-03-06,21.728,21.786,21.633,21.666,7113428
2017-03-07,21.678,21.699,21.535,21.546,7676284
2017-03-08,21.562,21.769,21.512,21.546,10178268
2017-03-09,21.575,21.602,21.376,21.479,9039680
2017-03-10,21.595,21.647,21.479,21.579,9538182
2017-03-13,21.604,21.645,21.546,21.641,7070374
2017-03-14,21.554,21.570,21.430,21.455,11313020
2017-03-15,21.546,21.835,21.527,21.798,11398090
2017-03-16,21.848,21.877,21.616,21.649,13080158
2017-03-17,21.750,21.821,21.721,21.742,10261176
2017-03-20,21.759,21.873,21.676,21.859,5510400
2017-03-21,21.879,21.925,21.464,21.497,14679362
2017-03-22,21.480,21.576,21.339,21.559,11302792
2017-03-23,21.526,21.717,21.476,21.651,9532754
2017-03-24,21.638,21.696,21.368,21.460,12040590
2017-03-27,21.256,21.547,21.202,21.505,8577770
2017-03-28,21.534,21.829,21.480,21.754,7867170
2017-03-29,21.721,21.829,21.696,21.771,6022724
2017-03-30,21.759,21.892,21.750,21.775,5983172
2017-03-31,21.792,21.892,21.750,21.771,7425392
2017-04-03,21.779,21.868,21.514,21.688,9030934
2017-04-04,21.671,21.773,21.613,21.767,6526668
2017-04-05,21.833,22.011,21.730,21.750,10009762
2017-04-06,21.771,21.950,21.700,21.867,6163998
2017-04-07,21.804,21.921,21.779,21.846,5061812
2017-04-10,21.846,21.910,21.767,21.850,6923014
2017-04-11,21.784,21.833,21.667,21.792,7831446
2017-04-12,21.763,21.800,21.507,21.522,7779618
2017-04-13,21.480,21.522,21.298,21.314,8386956
2017-04-17,21.372,21.476,21.331,21.468,7701942
2017-04-18,21.372,21.509,21.347,21.443,5073808
2017-04-19,21.518,21.580,21.435,21.472,6260448
2017-04-20,21.568,21.796,21.551,21.709,8138784
2017-04-21,21.692,21.740,21.624,21.684,7183290
2017-04-24,21.921,21.991,21.883,21.933,11133592
2017-04-25,22.124,22.315,22.112,22.286,15884514
2017-04-26,22.253,22.357,22.199,22.282,6333890
2017-04-27,22.253,22.299,22.087,22.232,9209970
2017-04-28,22.187,22.253,22.045,22.045,8080004
2017-05-01,22.149,22.149,21.995,22.058,7949564
2017-05-02,22.066,22.128,21.995,22.095,6931638
2017-05-03,22.004,22.054,21.815,21.879,13197718
2017-05-04,21.941,21.958,21.833,21.904,7487602
2017-05-05,21.946,22.232,21.946,22.216,11447440
2017-05-08,22.166,22.195,21.991,22.037,10216258
2017-05-09,22.016,22.058,21.842,21.871,9386460
2017-05-10,21.904,21.971,21.850,21.941,6388034
2017-05-11,21.883,21.958,21.709,21.908,6680580
2017-05-12,21.892,21.921,21.838,21.854,4718348
2017-05-15,21.921,22.112,21.921,22.045,6526156
2017-05-16,22.054,22.103,22.018,22.049,6068816
2017-05-17,21.896,21.912,21.580,21.584,16264872
2017-05-18,21.501,21.651,21.331,21.597,13926696
2017-05-19,21.638,21.875,21.634,21.784,9978666
2017-05-22,21.858,21.912,21.744,21.809,5743186
2017-05-23,21.854,21.906,21.796,21.825,7095906
2017-05-24,21.871,22.020,21.867,21.971,6299806
2017-05-25,22.049,22.103,21.894,21.946,9707534
2017-05-26,21.912,22.008,21.887,21.987,4240140
2017-05-30,21.954,22.022,21.908,21.983,5597624
2017-05-31,22.012,22.054,21.838,22.049,12338910
2017-06-01,22.037,22.340,22.033,22.315,15808116
2017-06-02,22.307,22.417,22.261,22.369,9810868
2017-06-05,22.349,22.394,22.268,22.299,5658642
2017-06-06,22.236,22.373,22.184,22.311,8257222
2017-06-07,22.382,22.419,22.270,22.340,8332028
2017-06-08,22.303,22.477,22.299,22.407,7152436
2017-06-09,22.457,22.718,22.457,22.693,14996596
2017-06-12,22.664,22.789,22.556,22.606,11520888
2017-06-13,22.594,22.897,22.594,22.889,6725002
2017-06-14,22.922,22.938,22.585,22.648,11182342
2017-06-15,22.490,22.573,22.353,22.448,9720248
2017-06-16,22.551,22.555,22.417,22.543,9150286
2017-06-19,22.655,22.751,22.626,22.722,5012828
2017-06-20,22.676,22.676,22.593,22.597,6916884
2017-06-21,22.626,22.647,22.330,22.359,9522600
2017-06-22,22.359,22.466,22.342,22.384,6704224
2017-06-23,22.438,22.538,22.351,22.472,6690702
2017-06-26,22.547,22.576,22.447,22.538,8108124
2017-06-27,22.584,22.613,22.392,22.401,7226380
2017-06-28,22.563,22.659,22.522,22.605,6591982
2017-06-29,22.597,22.634,22.273,22.334,8811632
2017-06-30,22.371,22.555,22.367,22.455,6258696
2017-07-03,22.509,22.707,22.488,22.651,6216976
2017-07-05,22.676,22.684,22.501,22.576,11411472
2017-07-06,22.451,22.597,22.409,22.476,9858882
2017-07-07,22.513,22.618,22.426,22.593,5246782
2017-07-10,22.588,22.824,22.497,22.735,7711722
2017-07-11,22.735,22.760,22.563,22.701,4017206
2017-07-12,22.822,22.985,22.785,22.964,5802444
2017-07-13,22.985,23.025,22.906,22.939,4266776
2017-07-14,23.022,23.102,22.960,23.056,6508812
2017-07-17,23.068,23.160,23.018,23.102,5979668
2017-07-18,23.039,23.043,22.918,23.006,4634544
2017-07-19,23.014,23.242,23.014,23.227,6846100
2017-07-20,23.173,23.181,22.983,23.056,9041090
2017-07-21,22.989,23.064,22.956,23.060,5446926
2017-07-24,23.035,23.073,22.941,23.039,5522148
2017-07-25,23.239,23.335,23.208,23.285,9110434
2017-07-26,23.269,23.269,23.108,23.143,7623930
2017-07-27,23.168,23.210,22.952,23.060,7578578
2017-07-28,23.081,23.152,22.889,22.977,9382378
2017-07-31,23.027,23.054,22.787,22.801,9019676
2017-08-01,22.897,22.897,22.705,22.818,21064306
2017-08-02,22.751,22.872,22.651,22.839,6438916
2017-08-03,22.914,22.914,22.643,22.668,7983570
2017-08-04,22.735,22.801,22.722,22.776,5272666
2017-08-07,22.810,22.870,22.772,22.789,5056256
2017-08-08,22.743,22.764,22.561,22.609,8324018
2017-08-09,22.593,22.657,22.555,22.630,6909726
2017-08-10,22.547,22.584,22.351,22.371,12957644
2017-08-11,22.305,22.401,22.288,22.317,7829984
2017-08-14,22.434,22.561,22.434,22.526,7159644
2017-08-15,22.543,22.572,22.463,22.530,3973020
2017-08-16,22.605,22.751,22.601,22.751,10653340
2017-08-17,22.676,22.714,22.401,22.405,8904092
2017-08-18,22.326,22.511,22.313,22.413,7537320
2017-08-21,22.451,22.495,22.380,22.434,5403196
2017-08-22,22.497,22.726,22.497,22.726,6240754
2017-08-23,22.626,22.757,22.601,22.684,8219206
2017-08-24,22.680,22.722,22.613,22.643,5330332
2017-08-25,22.726,22.762,22.666,22.714,5828878
2017-08-28,22.797,22.797,22.651,22.747,4621618
2017-08-29,22.609,22.668,22.549,22.639,6019616
2017-08-30,22.622,22.828,22.557,22.805,10283834
2017-08-31,22.910,23.031,22.889,22.981,9280504
2017-09-01,23.060,23.154,23.004,23.131,10567394
2017-09-05,23.152,23.210,22.843,22.868,13655936
2017-09-06,22.889,22.958,22.757,22.926,12517022
2017-09-07,22.956,22.977,22.818,22.964,8885260
2017-09-08,22.947,22.981,22.853,22.956,5438440
2017-09-11,23.081,23.317,23.039,23.256,10144626
2017-09-12,23.360,23.532,23.356,23.452,13287374
2017-09-13,23.456,23.465,23.327,23.444,8780576
2017-09-14,23.444,23.559,23.389,23.523,8557516
2017-09-15,23.510,23.569,23.447,23.527,9401798
2017-09-18,23.573,23.682,23.531,23.657,8851380
2017-09-19,23.733,23.791,23.632,23.779,6063926
2017-09-20,23.854,23.911,23.733,23.863,8864812
2017-09-21,23.816,23.898,23.808,23.812,6344838
2017-09-22,23.770,23.804,23.691,23.728,5887122
2017-09-25,23.712,23.770,23.603,23.770,10978060
2017-09-26,23.791,23.821,23.657,23.665,5490642
2017-09-27,23.695,23.728,23.493,23.665,7937238
2017-09-28,23.644,23.837,23.582,23.833,8713406
2017-09-29,23.816,23.865,23.720,23.833,8288866
2017-10-02,23.804,24.093,23.796,24.093,15031880
2017-10-03,24.127,24.205,24.058,24.194,7337692
2017-10-04,24.219,24.274,24.186,24.203,7681022
2017-10-05,24.253,24.349,24.219,24.349,7339968
2017-10-06,24.244,24.307,24.198,24.295,5262350
2017-10-09,24.320,24.331,24.211,24.291,3339032
2017-10-10,24.383,24.383,24.224,24.307,5144498
2017-10-11,24.295,24.320,24.194,24.320,4033598
2017-10-12,24.270,24.400,24.261,24.366,6376214
2017-10-13,24.521,24.547,24.471,24.484,6715734
2017-10-16,24.593,24.605,24.396,24.467,6626206
2017-10-17,24.438,24.454,24.341,24.404,5482108
2017-10-18,24.412,24.429,24.324,24.345,8878578
2017-10-19,24.295,24.438,24.211,24.438,5450772
2017-10-20,24.530,24.647,24.521,24.647,9474738
2017-10-23,24.723,24.828,24.589,24.601,6293030
2017-10-24,24.664,24.777,24.647,24.740,8450362
2017-10-25,24.740,24.769,24.500,24.610,11317802
2017-10-26,24.819,25.016,24.727,24.937,13985944
2017-10-27,24.916,24.916,24.664,24.807,10382216
2017-10-30,24.777,24.828,24.639,24.689,10491422
2017-10-31,24.719,24.819,24.710,24.756,8011890
2017-11-01,24.882,24.958,24.786,24.878,11202092
2017-11-02,24.912,24.912,24.643,24.698,25637656
2017-11-03,24.714,24.716,24.569,24.685,7582034
2017-11-06,24.652,24.754,24.555,24.580,7396686
2017-11-07,24.618,24.656,24.530,24.605,7251928
2017-11-08,24.643,24.677,24.563,24.631,5133318
2017-11-09,24.505,24.545,24.345,24.421,9454118
2017-11-10,24.341,24.448,24.331,24.383,5700006
2017-11-13,24.291,24.542,24.211,24.509,5408460
2017-11-14,24.362,24.387,24.224,24.286,7373448
2017-11-15,24.140,24.203,24.026,24.140,10961292
2017-11-16,24.224,24.463,24.203,24.433,7014708
2017-11-17,24.370,24.545,24.349,24.467,5651810
2017-11-20,24.446,24.570,24.412,24.500,8318166
2017-11-21,24.639,24.752,24.601,24.631,6200302
2017-11-22,24.656,24.664,24.563,24.563,4751672
2017-11-24,24.618,24.719,24.605,24.689,2446344
2017-11-27,24.702,24.702,24.538,24.542,7602388
2017-11-28,24.584,24.828,24.572,24.815,8801300
2017-11-29,24.845,24.870,24.765,24.853,7738152
2017-11-30,24.907,25.163,24.861,24.991,15017286
2017-12-01,25.038,25.071,24.595,24.786,16367704
2017-12-04,24.962,25.246,24.954,25.042,13046876
2017-12-05,25.050,25.092,24.907,24.916,16453646
2017-12-06,24.870,24.924,24.761,24.769,8077388
2017-12-07,24.744,24.941,24.693,24.937,7160596
2017-12-08,24.966,25.050,24.880,24.937,10270380
2017-12-11,25.004,25.075,24.933,24.970,10457484
2017-12-12,25.021,25.054,24.949,24.975,12029050
2017-12-13,24.991,25.075,24.981,25.042,8363650
2017-12-14,25.105,25.105,24.752,24.765,8369084
2017-12-15,24.858,24.980,24.820,24.908,10057984
2017-12-18,25.073,25.296,25.056,25.275,9742622
2017-12-19,25.292,25.334,25.224,25.245,6309652
2017-12-20,25.363,25.376,25.252,25.254,9517052
2017-12-21,25.368,25.397,25.245,25.342,6423794
2017-12-22,25.385,25.460,25.334,25.439,6011140
2017-12-26,25.452,25.482,25.401,25.418,3319692
2017-12-27,25.465,25.500,25.431,25.452,8373160
2017-12-28,25.482,25.570,25.425,25.566,3130750
2017-12-29,25.663,25.663,25.494,25.519,4969640
2018-01-02,25.654,25.890,25.587,25.882,17958478
2018-01-03,25.949,26.093,25.890,26.063,9904548
2018-01-04,26.173,26.345,26.160,26.291,8240184
2018-01-05,26.405,26.529,26.346,26.502,9343996
2018-01-08,26.527,26.565,26.411,26.540,9078230
2018-01-09,26.573,26.696,26.481,26.498,9510972
2018-01-10,26.447,26.451,26.283,26.337,8440834
2018-01-11,26.443,26.683,26.422,26.683,11642642
2018-01-12,26.784,26.801,26.632,26.725,9097508
2018-01-16,26.805,26.839,26.249,26.413,17025846
2018-01-17,26.603,26.654,26.426,26.536,21698878
2018-01-18,26.455,26.616,26.363,26.519,11787498
2018-01-19,26.641,26.693,26.531,26.679,9866484
2018-01-22,26.641,26.641,26.472,26.616,11437934
2018-01-23,26.561,26.632,26.422,26.611,8042972
2018-01-24,26.679,26.860,26.611,26.725,11488374
2018-01-25,26.847,27.016,26.795,26.902,15536584
2018-01-26,26.919,27.054,26.725,27.020,7762626
2018-01-29,26.999,27.033,26.696,26.713,10662236
2018-01-30,26.599,26.725,26.460,26.519,17635370
2018-01-31,26.603,26.628,26.363,26.540,19825534
2018-02-01,26.354,26.527,26.131,26.177,18972296
2018-02-02,26.034,26.072,25.469,25.490,19349330
2018-02-05,25.385,25.664,24.516,24.516,37141422
2018-02-06,24.158,25.359,24.090,25.317,38680582
2018-02-07,25.203,25.549,25.089,25.089,33502088
2018-02-08,25.127,25.182,24.200,24.208,25599986
2018-02-09,24.474,24.794,23.871,24.630,52835036
2018-02-12,24.824,25.275,24.752,25.127,20940360
2018-02-13,25.026,25.178,24.967,25.064,13552630
2018-02-14,24.858,25.452,24.807,25.401,15999402
2018-02-15,25.583,25.608,25.279,25.591,12298152
2018-02-16,25.473,25.747,25.385,25.498,16916942
2018-02-20,25.389,25.576,25.292,25.385,10487482
2018-02-21,25.406,25.747,25.292,25.296,9994612
2018-02-22,25.406,25.701,25.372,25.465,9058894
2018-02-23,25.612,25.848,25.482,25.840,7063978
2018-02-26,25.949,25.968,25.695,25.954,6508914
2018-02-27,25.928,25.966,25.595,25.595,11837184
2018-02-28,25.667,25.692,25.136,25.140,11141388
2018-03-01,25.127,25.233,24.697,24.883,19925022
2018-03-02,24.735,24.925,24.607,24.858,16019380
2018-03-05,24.744,25.258,24.710,25.186,13161286
2018-03-06,25.300,25.654,25.178,25.465,17614920
2018-03-07,25.195,25.439,25.153,25.372,16786684
2018-03-08,25.427,25.477,25.220,25.393,10334602
2018-03-09,25.553,25.865,25.456,25.853,11726348
2018-03-12,25.882,26.009,25.739,25.789,9550342
2018-03-13,25.928,26.032,25.654,25.684,12138408
2018-03-14,25.798,25.802,25.317,25.368,10858860
2018-03-15,25.401,25.422,25.030,25.035,10470538
2018-03-16,24.986,25.168,24.939,25.032,11052930
2018-03-19,24.960,24.977,24.492,24.673,12682522
2018-03-20,24.761,24.842,24.596,24.647,7228836
2018-03-21,24.706,25.151,24.622,24.926,9707338
2018-03-22,24.728,24.815,24.167,24.182,15399420
2018-03-23,24.237,24.359,23.687,23.708,15817828
2018-03-26,23.987,24.216,23.763,24.194,11684258
2018-03-27,24.258,24.410,23.826,23.949,14581972
2018-03-28,23.991,24.080,23.568,23.644,23688360
2018-03-29,23.754,24.224,23.731,24.097,12421312
2018-04-02,24.017,24.135,23.365,23.572,18658706
2018-04-03,23.627,23.974,23.479,23.907,13572880
2018-04-04,23.509,24.082,23.373,24.063,12873364
2018-04-05,24.177,24.596,24.139,24.512,15388626
2018-04-06,24.271,24.385,23.763,23.915,15822816
2018-04-09,24.046,24.334,23.877,24.046,12578414
2018-04-10,24.368,24.677,24.332,24.541,25667312
2018-04-11,24.364,24.459,24.266,24.359,12914808
2018-04-12,24.469,24.719,24.406,24.618,7073528
2018-04-13,24.753,24.821,24.503,24.592,8643514
2018-04-16,24.774,24.958,24.647,24.922,12664234
2018-04-17,25.083,25.278,24.973,25.206,9562302
2018-04-18,25.350,25.498,25.290,25.388,9472432
2018-04-19,25.417,25.417,25.011,25.104,11639296
2018-04-20,25.108,25.185,24.863,24.969,8702266
2018-04-23,24.918,24.998,24.829,24.897,6195474
2018-04-24,24.990,24.990,23.970,24.224,17448454
2018-04-25,24.266,24.431,24.046,24.355,15900986
2018-04-26,24.469,24.609,24.330,24.508,9875140
2018-04-27,24.512,24.575,24.268,24.444,15796748
2018-04-30,24.482,24.567,24.101,24.127,9750396
2018-05-01,23.995,24.114,23.792,24.105,12562138
2018-05-02,24.144,24.237,24.004,24.050,12740538
2018-05-03,24.080,24.317,23.822,24.160,19521560
2018-05-04,24.004,24.594,23.991,24.461,8906224
2018-05-07,24.486,24.605,24.370,24.452,9891690
2018-05-08,24.393,24.503,24.271,24.402,7349224
2018-05-09,24.495,24.787,24.495,24.753,24065702
2018-05-10,24.774,25.075,24.757,24.931,9665994
2018-05-11,24.948,25.123,24.888,24.922,7104948
2018-05-14,24.994,25.100,24.922,25.020,5571562
2018-05-15,24.893,24.986,24.740,24.943,14328230
2018-05-16,24.943,25.274,24.943,25.240,6724824
2018-05-17,25.180,25.392,25.180,25.299,20734648
2018-05-18,25.269,25.405,25.257,25.333,6550710
2018-05-21,25.468,25.527,25.379,25.468,10592068
2018-05-22,25.468,25.544,25.231,25.257,7704990
2018-05-23,25.092,25.206,24.973,25.197,7298810
2018-05-24,25.147,25.240,24.981,25.108,7098740
2018-05-25,25.003,25.049,24.882,24.973,8115332
2018-05-29,24.761,24.910,24.461,24.541,11699812
2018-05-30,24.719,24.905,24.643,24.829,8706170
2018-05-31,24.859,24.897,24.609,24.622,11556514
2018-06-01,24.804,25.077,24.804,24.998,7605342
2018-06-04,25.096,25.193,25.079,25.142,9079780
2018-06-05,25.172,25.420,25.138,25.333,6651452
2018-06-06,25.362,25.811,25.290,25.803,16384874
2018-06-07,25.815,25.836,25.557,25.671,10314516
2018-06-08,25.646,25.790,25.506,25.743,7571960
2018-06-11,25.709,25.845,25.663,25.781,5773572
2018-06-12,25.819,25.902,25.718,25.815,8955788
2018-06-13,25.845,25.858,25.506,25.536,8118432
2018-06-14,25.642,25.701,25.472,25.574,5079414
2018-06-15,25.410,25.483,25.219,25.397,13055264
2018-06-18,25.202,25.380,25.172,25.333,17983062
2018-06-19,25.036,25.087,24.657,24.870,14423344
2018-06-20,24.972,24.972,24.685,24.789,10670510
2018-06-21,24.730,24.755,24.483,24.526,14372954
2018-06-22,24.708,24.942,24.708,24.883,14228806
2018-06-25,24.759,24.759,24.294,24.496,19581108
2018-06-26,24.538,24.664,24.487,24.589,7416236
2018-06-27,24.721,24.981,24.504,24.513,11575506
2018-06-28,24.521,24.666,24.347,24.606,11778730
2018-06-29,24.657,24.989,24.657,24.691,10085732
2018-07-02,24.513,24.615,24.385,24.560,15365724
2018-07-03,24.717,24.870,24.462,24.517,6778860
2018-07-05,24.687,24.751,24.496,24.730,11118368
2018-07-06,24.687,24.925,24.572,24.853,9061840
2018-07-09,24.972,25.087,24.951,25.074,9075626
2018-07-10,25.066,25.299,25.066,25.287,11947274
2018-07-11,25.023,25.095,24.751,24.861,22691174
2018-07-12,25.015,25.036,24.819,24.921,13237936
2018-07-13,24.878,24.998,24.840,24.908,6924036
2018-07-16,24.921,24.972,24.653,24.708,8983150
2018-07-17,24.730,25.114,24.636,25.032,15363964
2018-07-18,25.002,25.146,24.798,24.798,11774378
2018-07-19,24.887,24.917,24.713,24.887,12835018
2018-07-20,24.785,24.873,24.670,24.785,14642028
2018-07-23,24.776,24.785,24.628,24.649,8298914
2018-07-24,24.823,25.106,24.823,24.968,14233654
2018-07-25,24.981,25.197,24.804,25.163,9467216
2018-07-26,25.159,25.355,25.078,25.308,12395354
2018-07-27,25.384,25.406,25.151,25.214,11042114
2018-07-30,25.240,25.397,25.125,25.168,6944336
2018-07-31,25.223,25.463,25.212,25.397,10475180
2018-08-01,25.342,25.397,25.091,25.138,12120714
2018-08-02,24.929,24.985,24.687,24.972,18536232
2018-08-03,25.057,25.221,25.040,25.210,10659172
2018-08-06,25.015,25.299,24.934,25.202,9262154
2018-08-07,25.274,25.435,25.259,25.287,9514844
2018-08-08,25.308,25.380,25.165,25.180,13012498
2018-08-09,25.261,25.455,25.261,25.316,8488132
2018-08-10,25.146,25.193,24.921,24.951,12104572
2018-08-13,24.972,25.072,24.604,24.700,10872142
2018-08-14,24.802,25.038,24.785,24.908,8272090
2018-08-15,24.662,24.670,24.243,24.513,16990334
2018-08-16,24.606,24.798,24.606,24.662,12689328
2018-08-17,24.615,24.891,24.606,24.844,10517988
2018-08-20,24.891,25.066,24.891,25.019,9683068
2018-08-21,25.070,25.231,25.027,25.117,9916096
2018-08-22,25.104,25.144,24.957,24.989,10865358
2018-08-23,24.938,24.938,24.751,24.819,8884064
2018-08-24,24.951,25.174,24.925,25.142,9903164
2018-08-27,25.193,25.567,25.193,25.486,11218176
2018-08-28,25.525,25.637,25.308,25.389,7686238
2018-08-29,25.393,25.625,25.282,25.580,8557008
2018-08-30,25.461,25.580,25.202,25.278,11678504
2018-08-31,25.240,25.401,25.146,25.202,8561474
2018-09-04,25.134,25.146,24.898,25.027,11944434
2018-09-05,25.006,25.240,24.934,25.193,9280760
2018-09-06,25.223,25.393,25.070,25.244,12008178
2018-09-07,25.057,25.172,24.912,25.078,14598120
2018-09-10,25.146,25.244,25.095,25.108,9542992
2018-09-11,24.925,25.223,24.836,25.159,15497942
2018-09-12,25.155,25.287,25.057,25.172,12482594
2018-09-13,25.372,25.457,25.257,25.270,8205788
2018-09-14,25.325,25.372,25.197,25.261,9707424
2018-09-17,25.253,25.499,25.253,25.350,7766776
2018-09-18,25.423,25.512,25.287,25.376,8157052
2018-09-19,25.401,25.759,25.401,25.652,15854390
2018-09-20,25.831,26.005,25.822,25.929,11195292
2018-09-21,26.034,26.081,25.803,25.871,16272364
2018-09-24,25.786,25.818,25.465,25.508,9201330
2018-09-25,25.568,25.594,25.346,25.376,10138074
2018-09-26,25.252,25.363,25.072,25.124,17022552
2018-09-27,25.107,25.107,24.876,24.906,12559850
2018-09-28,24.833,24.872,24.701,24.748,10761894
2018-10-01,24.884,25.098,24.884,24.995,8772960
2018-10-02,25.013,25.168,24.974,25.102,7347514
2018-10-03,25.188,25.222,24.901,24.923,7870072
2018-10-04,24.914,24.914,24.611,24.808,11157794
2018-10-05,24.761,24.854,24.521,24.624,10704350
2018-10-08,24.526,24.654,24.423,24.611,12580682
2018-10-09,24.291,24.291,23.757,23.795,22714776
2018-10-10,23.808,23.821,23.163,23.171,26403366
2018-10-11,23.154,23.359,22.821,22.902,36573564
2018-10-12,23.270,23.338,22.800,22.966,21301048
2018-10-15,22.962,23.107,22.881,22.889,10256520
2018-10-16,22.962,23.308,22.881,23.257,11053086
2018-10-17,23.231,23.282,22.958,23.107,17069908
2018-10-18,23.000,23.223,22.723,22.847,15387906
2018-10-19,22.791,22.996,22.646,22.684,14211704
2018-10-22,22.783,22.864,22.428,22.505,26652914
2018-10-23,22.142,22.398,21.800,22.283,40403746
2018-10-24,22.202,22.313,21.529,21.578,41268020
2018-10-25,21.706,22.022,21.676,21.856,28511696
2018-10-26,21.552,21.954,21.398,21.727,47958548
2018-10-29,22.005,22.163,21.454,21.676,34825310
2018-10-30,21.616,22.212,21.595,22.172,46345178
2018-10-31,22.424,22.620,22.330,22.475,26335464
2018-11-01,22.885,23.161,22.723,23.107,27448518
2018-11-02,23.265,23.329,22.748,23.052,26879650
2018-11-05,23.069,23.176,22.949,23.120,15713556
2018-11-06,23.188,23.522,23.124,23.500,13145210
2018-11-07,23.680,23.936,23.534,23.923,13562278
2018-11-08,23.791,23.925,23.697,23.821,12894826
2018-11-09,23.680,23.680,23.312,23.487,18024884
2018-11-12,23.458,23.505,23.094,23.141,20119658
2018-11-13,23.193,23.440,23.039,23.073,19012348
2018-11-14,23.210,23.376,22.928,23.047,19452612
2018-11-15,22.971,23.473,22.864,23.364,23983404
2018-11-16,23.291,23.658,23.227,23.599,17462088
2018-11-19,23.547,23.675,23.197,23.261,24568356
2018-11-20,23.039,23.086,22.736,22.838,22518662
2018-11-21,22.915,23.244,22.915,23.022,14026708
2018-11-23,22.808,22.928,22.706,22.774,6302218
2018-11-26,22.971,23.116,22.898,23.035,10714632
2018-11-27,22.859,22.988,22.599,22.753,11742294
2018-11-28,22.812,23.103,22.505,23.103,17062082
2018-11-29,23.099,23.402,23.047,23.270,14276392
2018-11-30,23.107,23.398,23.082,23.329,12116332
2018-12-03,23.812,23.983,23.487,23.740,17150154
2018-12-04,23.710,23.754,22.996,23.035,18091616
2018-12-06,22.650,22.723,22.163,22.723,26450566
2018-12-07,22.701,23.069,22.103,22.176,28052614
2018-12-10,22.184,22.330,21.834,22.236,23329790
2018-12-11,22.629,22.757,22.073,22.163,20142202
2018-12-12,22.492,22.616,22.343,22.355,14901900
2018-12-13,22.424,22.496,22.014,22.095,29257188
2018-12-14,21.924,22.146,21.843,21.924,15958772
2018-12-17,21.954,22.101,21.407,21.548,30503286
2018-12-18,21.710,21.932,21.535,21.668,23365826
2018-12-19,21.702,22.125,21.275,21.373,39400758
2018-12-20,21.313,21.518,20.873,21.087,46346246
2018-12-21,21.203,21.552,20.877,20.898,41112142
2018-12-24,20.760,20.924,20.343,20.356,22656484
2018-12-26,20.451,21.276,20.232,21.268,34232136
2018-12-27,21.006,21.668,20.915,21.659,29847230
2018-12-28,21.775,21.890,21.461,21.543,18906082
2018-12-31,21.616,21.762,21.483,21.724,15595992
2019-01-02,21.405,21.917,21.285,21.835,18192610
2019-01-03,21.719,21.719,21.173,21.216,19667934
2019-01-04,21.560,22.136,21.526,22.050,17901236
2019-01-07,22.059,22.388,21.913,22.128,14936688
2019-01-08,22.235,22.394,22.111,22.360,20657230
2019-01-09,22.416,22.455,22.158,22.369,16250308
2019-01-10,22.210,22.579,22.188,22.566,16942742
2019-01-11,22.450,22.532,22.330,22.476,12372430
2019-01-14,22.278,22.425,22.167,22.304,23006476
2019-01-15,22.162,22.300,22.020,22.158,15094204
2019-01-16,22.162,22.360,22.128,22.244,27437346
2019-01-17,22.124,22.687,22.124,22.635,20411022
2019-01-18,22.824,23.117,22.760,23.009,17514850
2019-01-22,22.902,22.941,22.558,22.691,14866890
2019-01-23,22.726,22.786,22.321,22.536,11409960
2019-01-24,22.412,22.554,22.317,22.416,10499344
2019-01-25,22.760,22.966,22.665,22.842,9833952
2019-01-28,22.678,22.824,22.609,22.807,11943978
2019-01-29,22.863,23.108,22.863,23.044,16445994
2019-01-30,23.138,23.474,23.044,23.289,14146580
2019-01-31,22.790,23.039,22.545,22.941,24950526
2019-02-01,22.928,23.063,22.824,23.009,11078938
2019-02-04,22.966,22.991,22.816,22.971,7115622
2019-02-05,23.022,23.194,23.009,23.138,8857730
2019-02-06,23.027,23.117,22.958,23.001,9910066
2019-02-07,22.855,22.898,22.495,22.683,12735910
2019-02-08,22.558,22.665,22.373,22.661,9042764
2019-02-11,22.743,22.773,22.588,22.695,8316648
2019-02-12,22.906,23.233,22.842,23.203,20139658
2019-02-13,23.332,23.401,23.224,23.233,14694248
2019-02-14,23.125,23.280,23.048,23.113,9769978
2019-02-15,23.366,23.487,23.254,23.426,15294316
2019-02-19,23.340,23.684,23.319,23.573,24528986
2019-02-20,23.616,24.123,23.581,23.977,22618566
2019-02-21,24.007,24.063,23.783,23.882,17103790
2019-02-22,24.003,24.059,23.899,23.985,9581528
2019-02-25,24.084,24.207,24.033,24.140,12375854
2019-02-26,24.084,24.157,23.994,24.003,12384590
2019-02-27,23.951,24.037,23.809,23.964,9262396
2019-02-28,23.938,23.960,23.620,23.672,17525048
2019-03-01,23.844,23.968,23.560,23.641,19683060
2019-03-04,23.693,23.846,23.388,23.749,15920750
2019-03-05,23.697,23.758,23.611,23.637,10463460
2019-03-06,23.706,23.856,23.654,23.689,9231068
2019-03-07,23.637,23.641,23.319,23.495,23923728
2019-03-08,23.371,23.551,23.246,23.534,14289102
2019-03-11,23.633,23.878,23.598,23.869,13715416
2019-03-12,23.904,24.097,23.904,23.960,14432286
2019-03-13,24.093,24.226,24.026,24.076,11036776
2019-03-14,24.007,24.059,23.839,23.895,10079582
2019-03-15,23.996,24.113,23.837,23.927,14518044
2019-03-18,23.945,24.018,23.802,23.983,8690940
2019-03-19,24.100,24.251,23.845,23.953,10542554
2019-03-20,23.940,24.057,23.703,23.932,22469968
2019-03-21,23.850,24.275,23.824,24.186,15919322
2019-03-22,23.975,23.979,23.422,23.465,18247488
2019-03-25,23.452,23.634,23.383,23.422,13125430
2019-03-26,23.577,23.638,23.396,23.564,11799544
2019-03-27,23.504,23.618,23.366,23.534,19565170
2019-03-28,23.569,23.774,23.560,23.763,9741822
2019-03-29,23.789,23.979,23.681,23.970,12654632
2019-04-01,24.139,24.363,24.106,24.329,12908600
2019-04-02,24.389,24.515,24.290,24.411,14224614
2019-04-03,24.610,24.886,24.536,24.731,34728966
2019-04-04,24.748,24.990,24.735,24.981,12205692
2019-04-05,24.985,25.072,24.899,24.972,7337284
2019-04-08,24.955,25.005,24.852,24.981,13149446
2019-04-09,24.877,24.912,24.726,24.800,12221534
2019-04-10,24.821,24.869,24.692,24.787,7594776
2019-04-11,24.778,24.864,24.705,24.774,6989142
2019-04-12,24.977,25.102,24.899,25.102,7217322
2019-04-15,25.102,25.117,24.942,24.985,5410166
2019-04-16,24.960,25.102,24.843,25.098,7474956
2019-04-17,25.150,25.266,24.934,24.942,6740478
2019-04-18,24.964,25.037,24.843,24.972,7268834
2019-04-22,24.877,24.960,24.769,24.804,11976136
2019-04-23,24.765,24.994,24.705,24.916,15290320
2019-04-24,24.890,24.968,24.761,24.761,7616538
2019-04-25,24.649,24.681,24.368,24.446,10360122
2019-04-26,24.446,24.713,24.398,24.649,9900184
2019-04-29,24.584,24.670,24.510,24.601,12113008
2019-04-30,24.666,24.843,24.541,24.813,6798454
2019-05-01,24.847,24.847,24.359,24.363,13101878
2019-05-02,24.247,24.376,24.068,24.238,21946736
2019-05-03,24.286,24.489,24.264,24.476,12066758
2019-05-06,23.893,24.221,23.893,24.126,31202198
2019-05-07,23.897,23.940,23.577,23.703,19501932
2019-05-08,23.685,23.793,23.582,23.681,12319358
2019-05-09,23.413,23.586,23.228,23.495,13428744
2019-05-10,23.452,23.901,23.353,23.815,12945720
2019-05-13,23.374,23.799,23.102,23.279,14097554
2019-05-14,23.361,23.655,23.301,23.478,12203714
2019-05-15,23.323,23.586,23.223,23.418,10524346
2019-05-16,23.595,23.824,23.595,23.746,9810658
2019-05-17,23.564,23.770,23.500,23.603,12166644
2019-05-20,23.392,23.487,23.228,23.266,10033056
2019-05-21,23.435,23.659,23.400,23.625,8743428
2019-05-22,23.582,23.668,23.459,23.461,10616994
2019-05-23,23.210,23.288,22.997,23.102,9845346
2019-05-24,23.336,23.405,23.107,23.232,8180732
2019-05-28,23.228,23.301,22.981,22.999,9652112
2019-05-29,22.822,23.035,22.761,23.003,17477570
2019-05-30,23.012,23.146,22.979,23.042,8950164
2019-05-31,22.770,22.880,22.683,22.783,11983528
2019-06-03,22.848,23.508,22.783,23.500,26310848
2019-06-04,23.755,24.208,23.616,24.160,35556442
2019-06-05,24.312,24.394,23.975,24.338,39408584
2019-06-06,24.458,24.709,24.372,24.627,39823438
2019-06-07,24.787,24.938,24.735,24.847,46422264
2019-06-10,25.003,25.037,24.869,24.890,28725246
2019-06-11,25.020,25.115,24.830,24.873,15737304
2019-06-12,24.886,24.990,24.854,24.955,7100838
2019-06-13,25.046,25.132,25.016,25.102,14784232
2019-06-14,25.050,25.076,24.908,24.994,7875426
2019-06-17,24.955,24.970,24.731,24.765,15014098
2019-06-18,24.899,25.132,24.871,24.960,13775728
2019-06-19,24.960,24.968,24.692,24.821,14332812
2019-06-20,25.137,25.206,24.921,25.137,13487562
2019-06-21,25.117,25.160,25.026,25.052,11652018
2019-06-24,25.061,25.200,24.952,25.147,9203770
2019-06-25,25.178,25.258,25.078,25.160,11431816
2019-06-26,25.147,25.226,25.082,25.117,8369580
2019-06-27,25.156,25.243,25.139,25.200,6877982
2019-06-28,25.239,25.447,25.213,25.412,10017024
2019-07-01,25.599,25.612,25.395,25.608,11951938
2019-07-02,25.608,25.608,25.417,25.582,12640198
2019-07-03,25.564,25.712,25.517,25.712,4951548
2019-07-05,25.465,25.595,25.343,25.595,7620184
2019-07-08,25.491,25.547,25.256,25.299,19583648
2019-07-09,25.208,25.243,24.993,25.052,10388218
2019-07-10,25.200,25.256,24.969,25.000,14628104
2019-07-11,24.978,25.113,24.878,25.108,22182936
2019-07-12,25.178,25.365,25.165,25.356,8810080
2019-07-15,25.343,25.391,25.260,25.373,9076630
2019-07-16,25.391,25.656,25.365,25.434,9052008
2019-07-17,25.438,25.473,25.204,25.208,14334862
2019-07-18,25.121,25.339,25.091,25.317,7545582
2019-07-19,25.295,25.504,25.295,25.373,7622394
2019-07-22,25.430,25.465,25.269,25.308,5828634
2019-07-23,25.425,25.829,25.425,25.829,8403406
2019-07-24,25.751,25.858,25.690,25.812,7529872
2019-07-25,25.725,25.725,25.360,25.625,12270998
2019-07-26,25.560,25.662,25.391,25.656,15275330
2019-07-29,25.573,25.621,25.486,25.569,5783110
2019-07-30,25.378,25.756,25.339,25.738,8029554
2019-07-31,25.664,25.786,25.113,25.343,16205388
2019-08-01,25.312,25.699,25.084,25.200,19565844
2019-08-02,25.065,25.095,24.730,24.904,14996042
2019-08-05,24.687,24.774,24.266,24.435,20582138
2019-08-06,24.539,24.544,24.170,24.465,22989120
2019-08-07,24.257,24.839,24.235,24.804,46538742
2019-08-08,24.930,25.286,24.930,25.278,11470232
2019-08-09,25.178,25.217,24.943,25.078,9249162
2019-08-12,25.043,25.069,24.639,24.687,45067302
2019-08-13,24.709,25.260,24.565,24.952,14148520
2019-08-14,24.587,24.691,24.140,24.161,18258614
2019-08-15,24.296,24.300,23.996,24.170,17837888
2019-08-16,24.274,24.652,24.244,24.596,11693440
2019-08-19,24.813,24.882,24.750,24.791,6655968
2019-08-20,24.687,24.713,24.483,24.500,9478080
2019-08-21,24.665,24.722,24.498,24.626,6404590
2019-08-22,24.674,24.787,24.402,24.461,5214888
2019-08-23,24.352,24.457,23.753,23.870,18181254
2019-08-26,24.066,24.101,23.836,23.948,14902622
2019-08-27,24.040,24.185,23.903,23.966,11189892
2019-08-28,23.888,24.205,23.818,24.153,7544972
2019-08-29,24.452,24.570,24.415,24.461,8186884
2019-08-30,24.657,24.752,24.546,24.626,10142620
2019-09-03,24.435,24.487,24.266,24.431,11615722
2019-09-04,24.648,24.748,24.570,24.730,11884072
2019-09-05,24.908,25.000,24.748,24.769,11648180
2019-09-06,24.817,24.928,24.713,24.865,7904498
2019-09-09,24.917,24.930,24.687,24.735,13703940
2019-09-10,24.713,24.982,24.670,24.978,9959084
2019-09-11,25.034,25.230,24.865,25.217,10816094
2019-09-12,25.391,25.514,25.221,25.412,21448340
2019-09-13,25.573,25.769,25.547,25.690,10947944
2019-09-16,25.612,25.707,25.243,25.269,9467524
2019-09-17,25.256,25.525,25.178,25.473,8170724
2019-09-18,25.482,25.525,25.256,25.486,8164610
2019-09-19,25.547,25.677,25.482,25.530,6532550
2019-09-20,25.624,25.672,25.358,25.471,10393958
2019-09-23,25.297,25.489,25.294,25.410,6141758
2019-09-24,25.463,25.519,25.113,25.192,18080902
2019-09-25,25.192,25.371,25.083,25.323,9185792
2019-09-26,25.353,25.366,25.153,25.266,8078602
2019-09-27,25.305,25.414,25.096,25.196,12372132
2019-09-30,25.209,25.458,25.205,25.410,7760534
2019-10-01,25.449,25.537,24.808,24.812,14628704
2019-10-02,24.581,24.616,24.135,24.367,23378884
2019-10-03,24.306,24.458,24.057,24.454,16531778
2019-10-04,24.471,24.642,24.450,24.585,12590240
2019-10-07,24.519,24.751,24.423,24.498,17261074
2019-10-08,24.323,24.340,24.061,24.070,15629824
2019-10-09,24.306,24.428,24.170,24.340,18194604
2019-10-10,24.419,24.679,24.354,24.563,13547354
2019-10-11,24.856,25.270,24.825,25.039,20618494
2019-10-14,24.952,25.017,24.847,24.860,9410110
2019-10-15,24.987,25.157,24.904,25.035,9830632
2019-10-16,25.039,25.268,25.022,25.087,7691006
2019-10-17,25.209,25.345,25.109,25.153,6223706
2019-10-18,25.087,25.218,25.008,25.109,6164156
2019-10-21,25.222,25.301,25.028,25.030,5852586
2019-10-22,25.013,25.096,24.816,24.925,8234472
2019-10-23,25.017,25.192,24.991,25.083,7997744
2019-10-24,25.179,25.318,25.026,25.161,9401050
2019-10-25,25.166,25.497,25.139,25.436,8075072
2019-10-28,25.537,25.644,25.432,25.515,6808976
2019-10-29,25.401,25.790,25.342,25.672,8291074
2019-10-30,25.593,25.731,25.471,25.694,12694394
2019-10-31,25.663,25.716,25.266,25.406,14273334
2019-11-01,25.537,25.764,25.511,25.764,9330100
2019-11-04,25.956,26.017,25.827,25.965,6178636
2019-11-05,25.956,26.152,25.906,26.008,7480988
2019-11-06,25.986,26.061,25.895,25.991,7988634
2019-11-07,26.135,26.192,26.065,26.165,8387724
2019-11-08,26.109,26.275,26.087,26.270,5760282
2019-11-11,26.131,26.261,26.084,26.231,8242718
2019-11-12,26.314,26.458,26.231,26.366,9919238
2019-11-13,26.257,26.353,26.163,26.213,10686932
2019-11-14,26.152,26.397,26.139,26.375,7162368
2019-11-15,26.506,26.547,26.283,26.353,6820628
2019-11-18,26.244,26.366,26.213,26.288,5833124
2019-11-19,26.401,26.401,26.145,26.231,7262480
2019-11-20,26.131,26.179,25.873,25.903,11224294
2019-11-21,25.895,25.934,25.792,25.860,6347276
2019-11-22,25.921,26.017,25.873,25.903,5749372
2019-11-25,25.991,26.082,25.956,26.074,6228698
2019-11-26,26.056,26.233,25.995,26.205,7872170
2019-11-27,26.253,26.331,26.113,26.310,10082988
2019-11-29,26.218,26.296,26.126,26.213,6561280
2019-12-02,26.170,26.216,25.952,25.952,13946426
2019-12-03,25.724,25.814,25.593,25.786,17322002
2019-12-04,25.956,26.131,25.786,25.842,11218508
2019-12-05,25.886,25.991,25.755,25.973,10406742
2019-12-06,26.187,26.281,26.122,26.240,13194360
2019-12-09,26.266,26.331,26.152,26.187,6062092
2019-12-10,26.144,26.183,25.982,26.030,7100222
2019-12-11,26.152,26.253,26.100,26.227,6985306
2019-12-12,26.257,26.626,26.196,26.593,14450758
2019-12-13,26.628,26.737,26.379,26.388,10166892
2019-12-16,26.628,26.652,26.475,26.502,17985998
2019-12-17,26.545,26.659,26.454,26.541,10051638
2019-12-18,26.567,26.567,26.305,26.506,7347352
2019-12-19,26.528,26.637,26.502,26.598,6191202
2019-12-20,26.608,26.764,26.608,26.726,8514860
2019-12-23,26.709,26.823,26.647,26.805,6288038
2019-12-24,26.814,26.893,26.770,26.832,2901346
2019-12-26,26.889,26.950,26.797,26.950,5604708
2019-12-27,27.047,27.047,26.836,26.849,13605474
2019-12-30,26.906,26.911,26.735,26.766,6015482
2019-12-31,26.761,26.990,26.722,26.963,5390030
2020-01-02,27.143,27.192,26.614,26.647,14714864
2020-01-03,26.375,26.533,26.208,26.217,24846322
2020-01-06,26.142,26.265,26.081,26.103,31528728
2020-01-07,26.059,26.252,25.989,26.072,40533672
2020-01-08,26.077,26.270,25.989,26.164,16159140
2020-01-09,26.248,26.307,26.175,26.261,7572318
2020-01-10,26.322,26.388,26.112,26.156,11274738
2020-01-13,26.178,26.502,26.151,26.494,8818614
2020-01-14,26.467,26.546,26.327,26.384,11010168
2020-01-15,26.380,26.686,26.375,26.564,7797096
2020-01-16,26.656,26.766,26.568,26.722,18799862
2020-01-17,26.753,26.845,26.682,26.840,10894310
2020-01-21,26.656,26.704,26.511,26.551,7614806
2020-01-22,26.608,26.628,26.432,26.445,5475066
2020-01-23,26.235,26.439,26.046,26.415,6925274
2020-01-24,26.454,26.467,26.116,26.226,10493406
2020-01-27,25.761,25.844,25.660,25.660,13869166
2020-01-28,25.787,26.033,25.731,25.949,8981540
2020-01-29,26.037,26.178,26.020,26.033,7138432
2020-01-30,25.690,25.905,25.523,25.870,17397738
2020-01-31,25.633,25.651,25.216,25.300,22041492
2020-02-03,25.396,25.945,25.374,25.831,24321208
2020-02-04,26.147,26.428,26.041,26.287,27190140
2020-02-05,26.516,26.823,26.327,26.775,34300710
2020-02-06,26.906,26.906,26.665,26.761,24751752
2020-02-07,26.595,26.595,26.289,26.380,15666522
2020-02-10,26.340,26.437,26.283,26.366,9051120
2020-02-11,26.507,26.753,26.494,26.511,8117116
2020-02-12,26.691,26.709,26.568,26.656,6486940
2020-02-13,26.621,26.726,26.489,26.560,8235500
2020-02-14,26.568,26.665,26.491,26.564,7254954
2020-02-18,26.524,26.590,26.375,26.498,9416240
2020-02-19,26.560,26.667,26.542,26.568,13653852
2020-02-20,26.472,26.792,26.419,26.612,10361134
2020-02-21,26.502,26.586,26.428,26.489,13040966
2020-02-24,25.818,25.935,25.624,25.743,18588740
2020-02-25,25.747,25.769,24.566,24.632,40123322
2020-02-26,24.764,25.093,24.509,24.549,14570204
2020-02-27,24.145,24.426,23.399,23.399,41394426
2020-02-28,22.657,23.184,22.455,23.144,61483308
2020-03-02,23.364,24.141,23.102,24.136,33634672
2020-03-03,24.215,24.645,23.605,23.926,56780340
2020-03-04,24.347,24.931,24.009,24.918,28159610
2020-03-05,24.198,24.470,23.978,24.127,28354630
2020-03-06,23.500,23.697,23.043,23.500,37847380
2020-03-09,21.810,22.622,21.230,21.300,28488028
2020-03-10,22.099,22.196,21.090,22.165,33436002
2020-03-11,21.533,21.594,20.817,21.112,29909576
2020-03-12,19.566,20.418,18.600,19.079,30731598
2020-03-13,20.313,20.431,18.965,20.418,24228038
2020-03-16,16.546,18.978,16.546,18.170,28854242
2020-03-17,18.451,19.492,17.924,19.294,22089850
2020-03-18,18.043,18.785,16.864,18.060,19733768
2020-03-19,17.749,18.811,17.371,18.521,17973702
2020-03-20,18.679,18.706,17.567,17.859,30497376
2020-03-23,17.751,17.874,16.867,16.951,37355048
2020-03-24,18.020,19.068,17.870,18.944,23758496
2020-03-25,18.873,20.168,18.679,19.386,27152620
2020-03-26,19.616,20.394,19.576,20.297,26767472
2020-03-27,19.541,19.983,19.391,19.563,28151184
2020-03-30,19.806,20.266,19.642,20.186,19508328
2020-03-31,20.124,20.407,19.828,19.908,17017354
2020-04-01,19.178,19.552,18.957,19.010,20480804
2020-04-02,18.988,19.771,18.949,19.298,23569120
2020-04-03,19.165,19.559,18.750,18.834,18531614
2020-04-06,19.642,20.385,19.642,20.235,20931834
2020-04-07,20.982,21.494,20.672,20.774,22420604
2020-04-08,20.995,21.888,20.761,21.791,32927154
2020-04-09,22.029,22.851,22.007,22.728,61476716
2020-04-13,22.551,22.613,21.919,22.228,31714548
2020-04-14,22.692,22.838,22.286,22.515,16523976
2020-04-15,21.799,21.822,21.309,21.481,11401132
2020-04-16,21.521,21.565,21.004,21.357,9255714
2020-04-17,21.861,22.286,21.857,22.215,12609184
2020-04-20,21.826,22.180,21.605,21.667,9682642
2020-04-21,21.114,21.371,21.035,21.132,11975384
2020-04-22,21.565,21.711,21.335,21.548,7665192
2020-04-23,21.671,22.140,21.671,21.698,12767198
2020-04-24,21.875,22.100,21.636,22.038,8291436
2020-04-27,22.104,22.710,22.073,22.626,9722162
2020-04-28,22.997,23.183,22.763,23.046,13501622
2020-04-29,23.523,23.753,23.426,23.634,11752636
2020-04-30,23.262,23.262,22.896,22.931,10692528
2020-05-01,22.533,22.630,22.241,22.449,10133956
2020-05-04,22.277,22.560,22.056,22.529,10140920
2020-05-05,22.728,22.891,22.538,22.586,9033916
2020-05-06,22.648,22.820,22.175,22.197,7506408
2020-05-07,22.418,22.856,22.387,22.653,8245826
2020-05-08,22.980,23.227,22.908,23.196,7570576
2020-05-11,22.812,22.949,22.608,22.843,8857110
2020-05-12,22.918,23.061,22.493,22.493,8398696
2020-05-13,22.383,22.476,21.817,22.020,10525580
2020-05-14,21.614,22.290,21.355,22.290,10830900
2020-05-15,22.149,22.502,22.038,22.485,9761230
2020-05-18,23.258,23.696,23.201,23.510,8851228
2020-05-19,23.422,23.612,23.262,23.285,9783864
2020-05-20,23.594,23.912,23.590,23.656,7598692
2020-05-21,23.585,23.713,23.342,23.430,10491348
2020-05-22,23.404,23.439,23.214,23.395,7499132
2020-05-26,23.925,24.164,23.841,24.036,8227028
2020-05-27,24.310,24.438,23.970,24.279,13982976
2020-05-28,24.619,24.703,24.266,24.504,10968090
2020-05-29,24.509,24.593,24.217,24.509,14772614
2020-06-01,24.518,24.765,24.482,24.677,6466896
2020-06-02,24.756,25.159,24.728,25.123,8655596
2020-06-03,25.437,25.879,25.406,25.693,9447966
2020-06-04,25.587,25.857,25.548,25.786,9007304
2020-06-05,26.463,26.648,26.361,26.445,11259946
2020-06-08,26.547,26.628,26.246,26.480,10512930
2020-06-09,26.175,26.330,26.003,26.158,12017884
2020-06-10,26.268,26.268,25.755,25.861,10384720
2020-06-11,25.128,25.203,23.762,23.864,58194830
2020-06-12,24.690,24.792,23.868,24.328,27863744
2020-06-15,23.687,24.730,23.554,24.584,13771334
2020-06-16,25.433,25.543,24.712,25.097,19004778
2020-06-17,25.256,25.282,24.818,24.889,8050482
2020-06-18,24.796,25.048,24.752,24.907,7135120
2020-06-19,25.322,25.366,24.655,24.832,13084136
2020-06-22,24.824,25.024,24.606,24.922,6738804
2020-06-23,25.295,25.317,24.971,24.980,6231956
2020-06-24,24.713,24.740,24.180,24.251,11179952
2020-06-25,24.184,24.580,23.966,24.553,10509390
2020-06-26,24.460,24.504,24.069,24.215,16345800
2020-06-29,24.420,24.793,24.362,24.686,9878108
2020-06-30,24.602,25.189,24.531,25.042,7877340
2020-07-01,25.069,25.180,24.753,25.095,16292166
2020-07-02,25.446,25.775,25.393,25.566,16066026
2020-07-06,26.051,26.077,25.597,25.931,15724904
2020-07-07,25.744,26.013,25.726,25.940,14897618
2020-07-08,25.984,26.122,25.282,25.571,38122222
2020-07-09,25.691,25.726,25.046,25.331,31458756
2020-07-10,25.389,25.802,25.371,25.771,9314250
2020-07-13,26.037,26.295,25.753,25.771,18033942
2020-07-14,25.717,26.455,25.686,26.420,18860618
2020-07-15,26.882,26.975,26.682,26.864,16457174
2020-07-16,26.917,27.157,26.817,26.953,11122340
2020-07-17,27.144,27.251,27.045,27.180,8152082
2020-07-20,27.166,27.237,26.900,26.944,7184684
2020-07-21,27.113,27.313,27.113,27.180,7554202
2020-07-22,27.135,27.503,27.126,27.495,5899268
2020-07-23,27.473,27.679,27.220,27.411,8827866
2020-07-24,27.313,27.459,27.162,27.317,11723504
2020-07-27,27.495,27.815,27.406,27.713,7281688
2020-07-28,27.628,27.628,27.077,27.104,9140274
2020-07-29,27.193,27.406,27.148,27.326,8223094
2020-07-30,26.917,26.997,26.575,26.797,14042262
2020-07-31,26.846,26.891,26.486,26.824,10541316
2020-08-03,26.962,26.971,26.668,26.673,11078306
2020-08-04,26.566,27.113,26.513,27.051,15834966
2020-08-05,27.304,27.735,27.228,27.446,11792732
2020-08-06,27.411,27.482,27.224,27.331,13939360
2020-08-07,27.188,27.428,27.060,27.424,7971234
2020-08-10,27.451,27.691,27.411,27.691,6678294
2020-08-11,27.931,28.091,27.586,27.642,8962236
2020-08-12,27.975,28.006,27.739,27.806,7924144
2020-08-13,27.673,27.908,27.637,27.802,16851968
2020-08-14,27.677,27.944,27.642,27.833,5179696
2020-08-17,28.051,28.157,27.842,27.957,3719922
2020-08-18,28.046,28.099,27.815,27.842,4680530
2020-08-19,27.948,28.015,27.682,27.762,6207398
2020-08-20,27.553,27.682,27.477,27.664,4662372
2020-08-21,27.455,27.553,27.353,27.504,5512402
2020-08-24,27.855,27.993,27.762,27.988,7152776
2020-08-25,28.086,28.177,27.757,27.877,5754858
2020-08-26,27.851,28.219,27.779,28.171,4762466
2020-08-27,28.268,28.326,28.011,28.095,7297598
2020-08-28,28.233,28.455,28.104,28.428,4845702
2020-08-31,28.379,28.446,27.993,27.993,6109114
2020-09-01,27.993,28.810,27.882,28.779,18347184
2020-09-02,28.899,29.477,28.713,29.433,22911120
2020-09-03,29.393,29.393,28.317,28.619,28891298
2020-09-04,28.788,28.939,28.206,28.637,27926314
2020-09-08,28.353,28.375,27.886,28.099,16465708
2020-09-09,28.446,29.013,28.428,28.824,13235870
2020-09-10,28.966,29.073,28.499,28.553,14234656
2020-09-11,28.779,29.059,28.646,28.917,19444408
2020-09-14,29.157,29.419,29.042,29.335,11556372
2020-09-15,29.481,29.673,29.464,29.477,8610460
2020-09-16,29.544,29.835,29.415,29.499,19139040
2020-09-17,29.188,29.779,29.033,29.717,23225680
2020-09-18,29.810,29.810,29.175,29.206,18910362
2020-09-21,28.616,28.643,27.897,28.223,16012914
2020-09-22,28.246,28.348,28.045,28.277,11726566
2020-09-23,28.223,28.250,27.424,27.446,14881166
2020-09-24,27.433,27.924,27.205,27.643,22009572
2020-09-25,27.384,27.978,27.286,27.888,8868754
2020-09-28,28.286,28.572,28.170,28.339,8570910
2020-09-29,28.357,28.447,28.054,28.130,11322514
2020-09-30,28.255,28.647,28.192,28.415,12347274
2020-10-01,28.549,28.683,27.920,28.013,29152366
2020-10-02,27.696,28.482,27.612,28.263,27853164
2020-10-05,28.491,28.996,28.482,28.804,18639418
2020-10-06,28.947,29.185,28.388,28.442,31358790
2020-10-07,28.804,29.250,28.759,29.174,14277842
2020-10-08,29.398,29.581,29.317,29.469,12534902
2020-10-09,29.715,29.826,29.514,29.697,9547348
2020-10-12,29.866,29.902,29.632,29.648,8131162
2020-10-13,29.438,29.603,29.273,29.384,10196822
2020-10-14,29.415,29.661,29.375,29.469,8766978
2020-10-15,29.058,29.420,29.023,29.384,8749784
2020-10-16,29.558,29.726,29.473,29.590,20164860
2020-10-19,29.683,29.786,29.161,29.237,10827578
2020-10-20,29.420,29.623,29.223,29.313,8399850
2020-10-21,29.308,29.652,29.201,29.201,7800400
2020-10-22,29.188,29.398,28.897,29.362,7066776
2020-10-23,29.572,29.683,29.320,29.469,8233074
2020-10-26,29.098,29.103,28.509,28.732,14833680
2020-10-27,28.741,28.781,28.442,28.460,9313016
2020-10-28,27.763,28.036,27.549,27.656,15424226
2020-10-29,27.576,28.447,27.478,28.228,15086756
2020-10-30,28.112,28.326,27.763,28.210,14679862
2020-11-02,28.634,29.250,28.558,29.148,15868394
2020-11-03,29.496,29.757,29.295,29.603,17783396
2020-11-04,29.465,29.652,28.831,29.098,22194354
2020-11-05,29.768,30.514,29.746,30.286,17707428
2020-11-06,30.460,30.634,30.237,30.362,12150888
2020-11-09,31.818,32.331,31.000,31.045,32868824
2020-11-10,31.175,31.483,31.134,31.411,19650556
2020-11-11,31.434,31.434,30.735,30.942,12835448
2020-11-12,30.804,30.826,30.094,30.291,11053238
2020-11-13,30.518,30.902,30.509,30.813,11077116
2020-11-16,31.309,31.458,31.067,31.420,10964206
2020-11-17,31.224,31.376,30.907,31.304,13893706
2020-11-18,31.407,30.978,30.978,31.045,9242960
2020-11-19,30.965,31.224,30.719,31.175,7396058
2020-11-20,31.166,31.291,31.009,31.148,8857468
2020-11-23,31.393,31.599,31.262,31.407,8958932
2020-11-24,31.697,32.282,31.661,32.188,12274470
2020-11-25,32.130,32.144,31.795,31.853,7890206
2020-11-27,31.996,32.137,31.867,32.019,4594666
2020-11-30,31.974,32.001,31.530,31.697,9913430
2020-12-01,32.237,32.295,31.896,32.045,10474200
2020-12-02,31.947,32.058,31.576,31.635,10778676
2020-12-03,31.724,31.829,31.344,31.416,11469952
2020-12-04,31.550,32.053,31.541,32.050,11538356
2020-12-07,32.027,32.123,31.728,31.840,8006110
2020-12-08,31.666,32.094,31.652,32.019,7046580
2020-12-09,32.144,32.206,31.733,32.036,13518186
2020-12-10,31.867,32.112,31.733,31.840,7155312
2020-12-11,31.626,31.804,31.420,31.657,6851612
2020-12-14,31.934,31.983,31.242,31.255,10224942
2020-12-15,31.554,31.902,31.474,31.822,8021368
2020-12-16,31.893,31.938,31.599,31.733,8139020
2020-12-17,32.032,32.125,31.911,32.099,7591438
2020-12-18,32.130,32.322,31.858,32.242,10904696
2020-12-21,31.669,32.149,31.409,32.069,10098522
2020-12-22,32.064,32.104,31.826,31.871,6653822
2020-12-23,32.046,32.250,31.898,31.916,8204662
2020-12-24,31.943,32.120,31.817,32.118,2732526
2020-12-28,32.419,32.459,31.979,31.992,5320500
2020-12-29,32.163,32.235,31.754,31.916,6852920
2020-12-30,32.024,32.423,32.006,32.356,5654912
2020-12-31,32.401,32.535,32.136,32.481,6500982
2021-01-04,32.769,32.932,31.988,32.172,18266048
2021-01-05,32.118,32.984,32.118,32.894,26811970
2021-01-06,33.249,34.483,33.213,34.240,48521364
2021-01-07,34.447,34.725,34.370,34.496,18577604
2021-01-08,34.559,34.590,33.904,34.330,16986908
2021-01-11,33.823,34.469,33.697,34.330,12240272
2021-01-12,34.299,34.895,34.186,34.765,17846834
2021-01-13,34.729,34.810,34.267,34.411,9803878
2021-01-14,34.523,34.554,34.254,34.294,11072920
2021-01-15,33.976,34.038,33.451,33.805,19708982
2021-01-19,34.079,34.169,33.778,33.922,9935970
2021-01-20,34.088,34.137,33.890,34.034,10326672
2021-01-21,33.994,34.061,33.522,33.536,12647436
2021-01-22,33.159,33.507,33.105,33.374,12132248
2021-01-25,33.240,33.334,32.616,33.199,24149486
2021-01-26,33.406,33.531,32.733,32.742,13554880
2021-01-27,32.239,32.239,31.413,31.777,24779446
2021-01-28,32.096,32.524,32.010,32.324,14492798
2021-01-29,32.190,32.356,31.532,31.696,17979794
2021-02-01,32.024,32.127,31.553,32.069,16011756
2021-02-02,32.306,32.652,32.127,32.490,15789580
2021-02-03,32.580,32.746,32.432,32.553,12846332
2021-02-04,32.459,32.612,32.158,32.437,12994216
2021-02-05,32.751,33.038,32.683,32.993,12575632
2021-02-08,33.276,33.383,33.181,33.267,12635616
2021-02-09,33.285,33.311,32.939,33.020,14513954
2021-02-10,33.235,33.269,32.773,32.984,10917400
2021-02-11,33.083,33.204,32.733,33.015,13346012
2021-02-12,32.944,33.374,32.899,33.356,6578932
2021-02-16,33.482,33.594,33.244,33.294,12385606
2021-02-17,33.199,33.338,32.845,33.276,11822538
2021-02-18,33.190,33.226,32.917,33.069,12118764
2021-02-19,33.258,33.823,33.249,33.675,11434462
2021-02-22,33.635,33.942,33.522,33.805,12201694
2021-02-23,33.787,34.011,33.186,33.922,22024370
2021-02-24,33.940,34.361,33.814,34.218,14764002
2021-02-25,34.151,34.209,33.294,33.428,20376340
2021-02-26,33.343,33.446,32.787,33.002,16285680
2021-03-01,33.437,34.016,33.437,33.836,15094536
2021-03-02,33.935,34.335,33.913,34.025,15129628
2021-03-03,33.899,34.142,33.684,33.688,17341430
2021-03-04,33.635,33.769,32.459,33.033,37045794
2021-03-05,33.374,33.904,32.674,33.792,23513450
2021-03-08,33.904,34.756,33.843,34.245,29672786
2021-03-09,34.474,34.734,34.222,34.456,15732722
2021-03-10,34.626,35.299,34.604,35.026,14336540
2021-03-11,35.349,35.497,35.192,35.214,9524012
2021-03-12,35.209,35.331,35.115,35.308,9627594
2021-03-15,35.308,35.371,34.923,35.349,9292884
2021-03-16,35.317,35.353,34.860,35.057,13154178
2021-03-17,35.026,35.454,34.940,35.371,11091276
2021-03-18,35.286,35.690,35.106,35.174,13172650
2021-03-19,35.106,35.236,34.586,34.999,17851242
2021-03-22,34.944,35.165,34.737,35.021,12876698
2021-03-23,34.863,34.890,34.169,34.291,20470090
2021-03-24,34.444,35.018,34.444,34.538,13471092
2021-03-25,34.399,35.102,34.201,35.039,15391002
2021-03-26,35.368,35.935,35.250,35.908,15219180
2021-03-29,35.778,36.125,35.584,35.787,12980064
2021-03-30,35.773,35.872,35.588,35.683,13144902
2021-03-31,35.751,35.859,35.417,35.507,14174354
2021-04-01,35.566,35.843,35.350,35.818,14344608
2021-04-05,36.188,36.390,36.012,36.260,17510936
2021-04-06,36.197,36.469,36.165,36.341,12551752
2021-04-07,36.282,36.343,35.638,35.715,17575804
2021-04-08,35.796,35.829,35.462,35.760,10828670
2021-04-09,35.845,36.080,35.735,36.071,10617842
2021-04-12,36.048,36.237,36.039,36.197,8855416
2021-04-13,36.138,36.219,35.949,36.111,9311858
2021-04-14,36.138,36.519,36.125,36.372,9987912
2021-04-15,36.553,36.868,36.408,36.801,10874502
2021-04-16,37.161,37.343,37.093,37.247,12928274
2021-04-19,37.247,37.314,36.868,37.075,12122900
2021-04-20,37.008,37.078,36.584,36.719,10643166
2021-04-21,36.728,37.431,36.683,37.386,10809364
2021-04-22,37.341,37.341,36.708,36.755,16101084
2021-04-23,36.918,37.479,36.782,37.359,9370000
2021-04-26,37.508,37.796,37.431,37.580,8192038
2021-04-27,37.413,37.590,37.251,37.481,8886024
2021-04-28,37.499,37.742,37.427,37.585,7793648
2021-04-29,37.814,37.837,37.429,37.819,11611474
2021-04-30,37.657,37.832,37.332,37.418,10352526
2021-05-03,37.738,38.202,37.711,37.977,12403586
2021-05-04,37.729,38.391,37.695,38.391,15645216
2021-05-05,38.544,38.941,38.711,38.878,15124652
2021-05-06,38.954,39.229,38.569,39.207,14774496
2021-05-07,39.216,39.671,39.044,39.594,15089380
2021-05-10,40.054,40.199,39.415,39.418,18238288
2021-05-11,39.103,39.603,38.833,39.549,18997034
2021-05-12,39.400,39.491,38.508,38.553,18268530
2021-05-13,38.612,39.261,38.522,39.144,22130688
2021-05-14,39.319,39.716,39.281,39.612,11188192
2021-05-17,39.635,40.031,39.434,39.959,15623788
2021-05-18,40.027,40.049,39.491,39.518,13593516
2021-05-19,38.968,39.085,38.472,38.914,24959074
2021-05-20,38.981,39.108,38.783,38.936,11750080
2021-05-21,39.153,39.437,38.999,39.022,13533336
2021-05-24,39.252,39.520,39.090,39.369,10218452
2021-05-25,39.450,39.536,38.990,39.022,9688864
2021-05-26,39.049,39.171,38.783,39.049,12616318
2021-05-27,39.369,39.554,39.256,39.360,11654872
2021-05-28,39.446,39.495,39.162,39.319,10690848
2021-06-01,39.774,39.932,39.599,39.869,13698956
2021-06-02,39.923,39.932,39.484,39.536,11410594
2021-06-03,39.256,39.545,39.045,39.527,12528560
2021-06-04,39.693,39.752,39.450,39.612,10291772
2021-06-07,39.630,39.630,38.954,39.130,12097648
2021-06-08,39.148,39.362,38.853,39.202,11581206
2021-06-09,39.126,39.238,38.887,38.896,19760490
2021-06-10,39.193,39.247,38.657,38.661,12269058
2021-06-11,38.936,39.081,38.598,38.806,8715974
2021-06-14,38.698,38.792,38.121,38.328,12375572
2021-06-15,38.387,38.409,37.974,38.247,21082206
2021-06-16,38.247,38.265,37.735,37.823,16649014
2021-06-17,37.715,37.720,36.530,36.981,30323134
2021-06-18,36.598,36.751,36.381,36.381,23531696
2021-06-21,36.810,37.195,36.796,37.140,18014326
2021-06-22,37.294,37.450,37.027,37.290,11152672
2021-06-23,37.398,37.493,37.045,37.050,10336826
2021-06-24,37.326,37.385,37.045,37.168,10540468
2021-06-25,37.369,37.521,37.140,37.172,20215992
2021-06-28,37.290,37.321,36.880,37.172,10148114
2021-06-29,37.335,37.534,37.063,37.154,9840144
2021-06-30,37.050,37.308,37.045,37.254,9728522
2021-07-01,37.552,37.602,37.267,37.457,14184166
2021-07-02,37.507,37.557,37.258,37.511,12341862
2021-07-06,37.493,37.507,36.697,36.955,12216472
2021-07-07,36.964,37.371,36.876,37.340,13178758
2021-07-08,36.728,37.032,36.511,36.833,15825374
2021-07-09,37.308,37.656,37.233,37.557,14981580
2021-07-12,37.330,37.790,37.190,37.679,20224930
2021-07-13,37.611,37.697,37.217,37.335,24709104
2021-07-14,37.380,37.677,37.149,37.258,12376578
2021-07-15,37.068,37.509,37.045,37.263,12688280
2021-07-16,37.330,37.358,36.633,36.701,19222106
2021-07-19,36.054,36.086,35.611,35.914,23010766
2021-07-20,35.819,36.584,35.706,36.321,21231498
2021-07-21,36.575,36.837,36.527,36.719,13671234
2021-07-22,36.805,36.839,36.430,36.733,9453402
2021-07-23,36.914,37.027,36.588,36.991,10392770
2021-07-26,37.082,37.340,37.000,37.303,11820630
2021-07-27,37.072,37.521,36.719,37.353,16864314
2021-07-28,37.367,37.595,37.100,37.462,12214472
2021-07-29,37.724,38.012,37.634,37.874,12574794
2021-07-30,37.801,38.263,37.801,38.027,11168390
2021-08-02,38.208,38.430,37.566,37.566,17008844
2021-08-03,37.602,37.960,37.281,37.955,13131910
2021-08-04,37.797,38.000,37.575,37.593,10539842
2021-08-05,37.774,38.027,37.502,37.539,13964872
2021-08-06,37.760,38.129,37.724,38.082,14054288
2021-08-09,38.014,38.132,37.729,38.037,10743532
2021-08-10,38.023,38.761,38.023,38.611,16047420
2021-08-11,38.905,39.186,38.729,39.154,16544762
2021-08-12,39.159,39.195,38.743,39.091,9612754
2021-08-13,39.145,39.209,39.055,39.127,7815974
2021-08-16,38.887,38.982,38.521,38.933,12273468
2021-08-17,38.720,38.765,38.037,38.485,14924010
2021-08-18,38.349,38.580,38.014,38.037,14712744
2021-08-19,37.607,37.865,37.493,37.697,15936496
2021-08-20,37.711,38.000,37.652,37.919,13973688
2021-08-23,38.132,38.347,38.037,38.245,8088396
2021-08-24,38.426,38.602,38.367,38.485,11059486
2021-08-25,38.380,38.788,38.231,38.661,9824258
2021-08-26,38.648,38.697,38.376,38.394,11541754
2021-08-27,38.589,39.014,38.548,38.901,10357458
2021-08-30,39.059,39.132,38.860,38.860,9012718
2021-08-31,38.838,38.838,38.559,38.747,10608930
2021-09-01,38.706,38.801,38.313,38.648,14017820
2021-09-02,38.761,38.973,38.747,38.896,10631276
2021-09-03,38.856,38.969,38.629,38.638,22880662
2021-09-07,38.503,38.530,38.328,38.385,13864640
2021-09-08,38.272,38.308,37.887,38.018,12419890
2021-09-09,37.910,38.290,37.910,38.032,9871348
2021-09-10,38.236,38.494,37.998,38.023,17780284
2021-09-13,38.358,38.471,37.774,38.014,15219842
2021-09-14,38.145,38.172,37.516,37.597,12087302
2021-09-15,37.693,38.041,37.620,37.996,12651662
2021-09-16,37.851,37.887,37.312,37.584,11249954
2021-09-17,37.376,37.444,36.692,36.810,19931718
2021-09-20,35.942,36.265,35.618,36.096,20155524
2021-09-21,36.319,36.383,35.856,36.010,15247780
2021-09-22,36.355,36.746,36.355,36.383,15312148
2021-09-23,36.655,37.151,36.619,36.901,9516506
2021-09-24,36.733,37.042,36.646,36.846,7251792
2021-09-27,36.942,37.342,36.937,37.133,10412996
2021-09-28,37.042,37.096,36.560,36.674,16569650
2021-09-29,36.669,36.751,36.451,36.524,13939522
2021-09-30,36.633,36.783,35.946,35.955,21458884
2021-10-01,36.128,36.724,35.856,36.528,18499982
2021-10-04,36.574,36.801,36.110,36.369,17111612
2021-10-05,36.469,36.896,36.224,36.692,13584116
2021-10-06,36.319,36.624,35.930,36.624,15448504
2021-10-07,36.937,37.505,36.937,37.101,16938498
2021-10-08,37.192,37.283,36.828,36.896,12798070
2021-10-11,37.024,37.441,36.896,36.901,9673532
2021-10-12,36.924,37.124,36.815,36.951,15331480
2021-10-13,37.192,37.396,36.783,37.228,14431314
2021-10-14,37.592,38.185,37.487,38.133,11374578
2021-10-15,38.333,38.439,38.151,38.246,11705092
2021-10-18,37.919,38.292,37.851,38.219,12699786
2021-10-19,38.392,38.419,38.101,38.419,9591002
2021-10-20,38.451,38.773,38.360,38.728,9303906
2021-10-21,38.569,38.642,38.228,38.628,13392202
2021-10-22,38.701,38.966,38.555,38.555,11568426
2021-10-25,38.826,39.131,38.590,38.967,10799304
2021-10-26,39.035,39.236,38.713,39.076,11553880
2021-10-27,38.926,38.995,38.490,38.517,11404134
2021-10-28,38.562,38.970,38.553,38.899,8302360
2021-10-29,38.754,39.035,38.572,38.713,8699104
2021-11-01,38.776,39.034,38.667,38.804,11040366
2021-11-02,38.904,39.322,38.831,39.245,13271182
2021-11-03,39.313,39.822,39.208,39.654,19187262
2021-11-04,39.713,39.800,39.463,39.631,10073144
2021-11-05,39.731,40.050,39.690,39.941,11658788
2021-11-08,40.377,40.582,40.300,40.441,10686362
2021-11-09,40.454,40.627,40.291,40.627,15768080
2021-11-10,40.586,40.771,40.268,40.350,12872464
2021-11-11,40.532,40.841,40.445,40.673,8158386
2021-11-12,40.782,40.998,40.686,40.977,8774308
2021-11-15,40.991,41.009,40.645,40.791,8628062
2021-11-16,40.814,40.927,40.650,40.677,8776272
2021-11-17,40.614,40.718,40.375,40.409,10558612
2021-11-18,40.441,40.518,40.154,40.236,10389162
2021-11-19,40.095,40.404,40.031,40.163,10426030
2021-11-22,40.182,40.657,40.163,40.227,13380070
2021-11-23,40.241,40.555,40.063,40.268,15232656
2021-11-24,40.054,40.145,39.893,39.981,10362760
2021-11-26,39.072,39.481,38.872,39.295,14215010
2021-11-29,39.595,39.682,39.217,39.477,12280398
2021-11-30,39.277,39.377,38.426,38.499,24003502
2021-12-01,39.108,39.445,38.090,38.108,22485706
2021-12-02,38.235,39.045,38.162,38.885,17957346
2021-12-03,38.949,39.367,38.453,38.799,19977116
2021-12-06,39.190,39.677,39.049,39.367,16245972
2021-12-07,39.822,40.218,39.818,39.968,11306942
2021-12-08,40.104,40.225,39.904,40.136,9216620
2021-12-09,39.836,40.104,39.750,39.913,6601534
2021-12-10,40.218,40.313,39.895,40.159,9585074
2021-12-13,40.136,40.227,39.786,39.918,9406680
2021-12-14,39.886,40.213,39.768,39.877,9073574
2021-12-15,39.709,40.011,39.277,39.963,14622998
2021-12-16,40.236,40.632,40.204,40.373,13070330
2021-12-17,40.227,40.345,39.840,39.868,15664926
2021-12-20,39.301,39.324,38.657,39.155,14155480
2021-12-21,39.439,39.804,39.407,39.649,9060746
2021-12-22,39.603,39.996,39.553,39.964,6188676
2021-12-23,40.028,40.497,39.969,40.367,5745736
2021-12-27,40.494,40.979,40.435,40.974,4918554
2021-12-28,40.956,41.256,40.947,41.212,8537652
2021-12-29,41.176,41.454,41.139,41.381,5153978
2021-12-30,41.395,41.633,41.201,41.235,6339958
2021-12-31,41.162,41.523,41.153,41.418,6457756
2022-01-03,41.468,41.518,40.782,40.878,15088708
2022-01-04,40.997,41.537,40.979,41.381,19937668
2022-01-05,41.596,42.193,41.363,41.377,21252632
2022-01-06,41.473,41.473,40.796,40.856,17868764
2022-01-07,40.906,40.974,40.641,40.819,16543660
2022-01-10,40.600,40.696,40.017,40.403,16819124
2022-01-11,40.462,40.860,40.115,40.846,13614832
2022-01-12,41.189,41.345,40.846,41.258,10219628
2022-01-13,41.194,41.409,40.837,40.938,12006148
2022-01-14,40.485,40.668,40.106,40.590,14588228
2022-01-18,40.152,40.220,39.745,40.056,15581730
2022-01-19,40.353,40.453,39.935,39.955,14832456
2022-01-20,40.056,40.351,39.329,39.375,17147260
2022-01-21,39.141,39.288,38.287,38.415,32542434
2022-01-24,37.692,38.538,36.984,38.438,42458926
2022-01-25,37.862,38.415,37.206,38.090,29311290
2022-01-26,38.396,38.716,37.311,37.692,26921634
2022-01-27,38.108,38.611,37.464,37.820,23174552
2022-01-28,37.656,38.054,37.130,38.040,22016388
2022-01-31,37.839,38.627,37.775,38.602,14549364
2022-02-01,38.799,39.288,38.588,39.196,18608300
2022-02-02,39.187,39.493,38.977,39.320,14158368
2022-02-03,38.977,39.258,38.570,38.634,15542658
2022-02-04,38.113,38.419,37.770,37.994,23376144
2022-02-07,38.072,38.163,37.676,37.807,25255488
2022-02-08,37.958,38.460,37.880,38.392,15501792
2022-02-09,38.771,39.288,38.758,39.228,21469234
2022-02-10,39.087,39.868,38.808,39.000,26621084
2022-02-11,38.803,39.160,38.266,38.396,25266692
2022-02-14,38.424,38.460,37.791,38.081,18896464
2022-02-15,38.346,38.840,38.305,38.780,13350952
2022-02-16,38.739,39.146,38.666,39.064,15673022
2022-02-17,38.662,38.780,38.264,38.396,13086954
2022-02-18,38.479,38.680,38.118,38.332,17928568
2022-02-22,38.150,38.314,37.478,37.788,21308748
2022-02-23,38.031,38.168,37.249,37.304,19161914
2022-02-24,36.463,37.299,36.285,37.194,31807156
2022-02-25,37.363,38.570,37.331,38.552,22258748
2022-02-28,37.958,38.374,37.743,38.113,22458040
2022-03-01,38.003,38.300,37.011,37.235,26263926
2022-03-02,37.464,38.264,37.377,38.054,19142888
2022-03-03,38.392,38.529,37.715,38.099,19471502
2022-03-04,37.633,37.983,37.336,37.967,17328938
2022-03-07,37.862,37.889,36.646,36.650,21826458
2022-03-08,36.701,37.231,36.243,36.463,25990036
2022-03-09,37.066,37.816,36.865,37.592,20626290
2022-03-10,37.203,37.740,37.153,37.692,15590000
2022-03-11,37.743,38.067,37.382,37.414,13862900
2022-03-14,37.656,37.898,37.171,37.359,15628554
2022-03-15,37.377,37.862,37.126,37.788,18169762
2022-03-16,38.214,38.744,37.610,38.383,23892178
2022-03-17,38.255,39.137,38.204,39.119,14102956
2022-03-18,38.927,39.423,38.822,39.356,19242180
2022-03-21,39.516,39.856,39.420,39.682,17759268
2022-03-22,39.984,40.150,39.750,39.897,13931872
2022-03-23,39.801,39.984,39.663,39.714,11578790
2022-03-24,39.961,40.530,39.929,40.512,10905288
2022-03-25,40.604,40.989,40.530,40.966,10048716
2022-03-28,40.815,40.842,40.379,40.783,10706662
2022-03-29,40.819,41.127,40.512,41.127,15656120
2022-03-30,41.141,41.214,40.792,40.989,8965516
2022-03-31,40.819,41.127,40.439,40.443,10599360
2022-04-01,40.677,41.021,40.439,40.870,12483258
2022-04-04,40.939,40.939,40.517,40.879,11515796
2022-04-05,40.856,41.136,40.434,40.553,11457194
2022-04-06,40.292,40.306,39.737,40.085,16795066
2022-04-07,40.136,40.512,39.856,40.347,11529124
2022-04-08,40.581,40.861,40.370,40.595,10311042
2022-04-11,40.462,40.824,40.342,40.393,12266142
2022-04-12,40.590,40.930,40.237,40.402,14295614
2022-04-13,40.480,41.017,40.319,40.998,17061338
2022-04-14,41.044,41.347,40.838,40.861,12664048
2022-04-18,40.833,41.138,40.760,40.897,12443014
2022-04-19,40.783,41.370,40.682,41.283,10121348
2022-04-20,41.347,41.705,41.269,41.544,17288328
2022-04-21,41.856,41.976,40.751,40.865,15328588
2022-04-22,40.526,40.536,39.264,39.338,18823634
2022-04-25,38.920,39.328,38.145,39.227,26687798
2022-04-26,39.402,39.622,38.603,38.622,21081414
2022-04-27,38.970,39.636,38.844,39.191,26049566
2022-04-28,39.383,39.948,38.718,39.810,20702932
2022-04-29,39.939,40.269,38.915,39.012,21265504
2022-05-02,39.062,39.227,38.140,38.892,32837656
2022-05-03,38.920,39.549,38.842,39.328,22845062
2022-05-04,39.585,40.631,39.223,40.604,29811076
2022-05-05,40.319,40.452,38.918,39.347,24543160
2022-05-06,39.035,39.035,38.140,38.782,28715682
2022-05-09,38.076,38.420,37.452,37.557,27881544
2022-05-10,38.181,38.282,36.878,37.323,34030252
2022-05-11,37.429,38.342,37.259,37.342,33836612
2022-05-12,36.952,37.645,36.594,37.273,26458234
2022-05-13,37.571,38.220,37.569,37.846,17295298
2022-05-16,37.686,38.080,37.339,37.778,16692552
2022-05-17,38.626,38.906,38.236,38.847,15137306
2022-05-18,38.475,38.562,37.479,37.640,13932194
2022-05-19,37.392,38.351,37.346,37.906,16194156
2022-05-20,38.278,38.425,36.988,37.814,16107126
2022-05-23,38.296,38.599,38.035,38.507,12760284
2022-05-24,38.379,38.420,37.631,38.287,14059610
2022-05-25,38.140,38.619,38.007,38.457,11071612
2022-05-26,38.723,39.360,38.649,39.163,11073050
2022-05-27,39.494,40.095,39.429,40.081,13588750
2022-05-31,39.705,39.851,39.338,39.471,18490838
2022-06-01,39.535,39.656,38.695,39.076,14350058
2022-06-02,39.494,40.154,39.404,40.154,13050772
2022-06-03,39.796,40.081,39.622,39.764,10651350
2022-06-06,40.058,40.301,39.925,40.140,11184100
2022-06-07,39.801,40.478,39.695,40.429,12411690
2022-06-08,40.012,40.351,39.500,39.590,8475056
2022-06-09,39.287,39.420,38.640,38.654,10812598
2022-06-10,37.906,37.970,37.420,37.470,16668358
2022-06-13,36.511,36.594,35.796,36.007,20820464
2022-06-14,35.997,36.213,35.451,35.731,15700734
2022-06-15,36.186,36.231,35.071,35.722,20859424
2022-06-16,34.745,34.860,34.139,34.433,18569342
2022-06-17,34.382,34.621,33.776,34.373,25019622
2022-06-21,34.913,35.057,34.627,34.895,11233156
2022-06-22,34.142,34.784,34.045,34.447,16064212
2022-06-23,34.308,34.502,33.620,33.975,18934792
2022-06-24,34.206,35.334,34.170,35.325,22495106
2022-06-27,35.297,35.417,34.927,35.033,13583702
2022-06-28,35.241,35.569,34.604,34.659,9846348
2022-06-29,34.724,34.784,34.054,34.410,10594722
2022-06-30,33.874,34.315,33.532,34.003,13859918
2022-07-01,33.721,34.294,33.352,34.243,16434202
2022-07-05,33.343,33.560,32.853,33.555,19413532
2022-07-06,33.518,33.865,33.153,33.768,16601778
2022-07-07,34.183,34.419,33.971,34.068,9897128
2022-07-08,34.119,34.174,33.555,33.735,8182594
2022-07-11,33.393,33.795,33.333,33.643,8287580
2022-07-12,33.500,34.022,33.458,33.578,13606912
2022-07-13,33.028,33.578,32.862,33.384,19998760
2022-07-14,32.760,32.795,32.331,32.770,15012274
2022-07-15,33.301,33.398,32.876,33.282,10334006
2022-07-18,33.717,33.874,33.236,33.361,7533380
2022-07-19,33.731,34.456,33.694,34.377,11284812
2022-07-20,34.331,34.590,34.183,34.437,9383414
2022-07-21,34.377,34.936,34.220,34.927,9394266
2022-07-22,35.140,35.320,34.521,34.678,10807486
2022-07-25,34.770,34.865,34.539,34.821,7729838
2022-07-26,34.641,34.789,34.451,34.585,7703730
2022-07-27,34.340,35.140,34.174,35.001,11703224
2022-07-28,35.167,35.657,35.089,35.620,11828386
2022-07-29,35.874,36.193,35.736,36.096,9258068
2022-08-01,35.925,35.953,35.544,35.805,10411690
2022-08-02,35.625,35.937,35.241,35.440,11367378
2022-08-03,35.634,35.722,35.177,35.477,9597448
2022-08-04,35.532,35.805,35.320,35.500,6898542
2022-08-05,35.218,35.778,35.167,35.625,5891952
2022-08-08,36.059,36.332,35.800,35.823,9414246
2022-08-09,35.884,35.897,35.521,35.648,13987296
2022-08-10,36.341,36.868,36.332,36.660,8528296
2022-08-11,36.997,37.251,36.738,36.784,6128868
2022-08-12,36.900,37.487,36.831,37.477,7447274
2022-08-15,37.080,37.510,36.955,37.454,6380132
2022-08-16,37.348,37.824,37.343,37.662,5211428
2022-08-17,37.242,37.325,36.948,37.145,8159586
2022-08-18,37.293,37.350,37.020,37.260,4562740
2022-08-19,37.057,37.057,36.443,36.577,6634318
2022-08-22,36.008,36.193,35.865,35.994,7031924
2022-08-23,35.999,36.530,35.999,36.350,9840136
2022-08-24,36.304,36.560,36.202,36.429,5777946
2022-08-25,36.678,37.267,36.678,37.256,6130834
2022-08-26,37.339,37.371,36.089,36.115,8666002
2022-08-29,35.717,36.156,35.629,35.860,7198996
2022-08-30,35.953,35.976,35.066,35.274,7402570
2022-08-31,35.334,35.334,34.826,34.839,10050524
2022-09-01,34.419,34.479,33.962,34.382,11796016
2022-09-02,34.890,35.165,34.197,34.350,14133974
2022-09-06,34.548,34.673,34.091,34.243,12550404
2022-09-07,34.151,35.251,34.073,35.191,12191956
2022-09-08,34.839,35.558,34.715,35.532,8796594
2022-09-09,35.888,36.168,35.791,36.068,7296546
2022-09-12,36.438,36.581,36.184,36.406,8099078
2022-09-13,35.477,35.881,35.017,35.107,9404020
2022-09-14,34.950,34.987,34.340,34.678,11562402
2022-09-15,34.544,34.902,34.158,34.220,10417430
2022-09-16,33.758,33.810,33.315,33.680,16265358
2022-09-19,33.312,34.283,33.270,34.236,10323444
2022-09-20,33.772,33.772,33.333,33.586,9549818
2022-09-21,33.828,33.897,32.838,32.852,17767314
2022-09-22,32.987,33.080,32.434,32.457,11752914
2022-09-23,31.899,31.941,31.319,31.793,14010280
2022-09-26,31.565,31.969,31.119,31.277,14978084
2022-09-27,31.676,31.858,31.059,31.347,14157846
2022-09-28,31.514,32.304,31.391,32.155,13507868
2022-09-29,31.848,31.848,31.221,31.681,11454534
2022-09-30,31.658,32.183,31.500,31.597,10820836
2022-10-03,32.104,32.863,31.923,32.624,19858332
2022-10-04,33.279,33.860,33.224,33.823,30250312
2022-10-05,33.349,33.716,33.066,33.442,18429712
2022-10-06,33.182,33.535,33.005,33.089,23953548
2022-10-07,32.815,32.884,32.062,32.271,10183842
2022-10-10,32.397,32.529,32.125,32.341,10391274
2022-10-11,32.071,32.615,31.860,32.090,13918880
2022-10-12,32.099,32.129,31.830,31.848,16029284
2022-10-13,31.226,32.931,31.063,32.782,19446358
2022-10-14,32.996,33.066,31.621,31.676,16595462
2022-10-17,32.318,32.685,32.276,32.466,11471470
2022-10-18,33.247,33.451,32.736,33.103,15958882
2022-10-19,32.861,33.135,32.513,32.712,8690410
2022-10-20,32.759,33.349,32.397,32.476,11416566
2022-10-21,32.415,33.646,32.383,33.600,16680928
2022-10-24,33.735,33.916,33.340,33.405,13474780
2022-10-25,33.428,34.255,33.386,34.232,12002592
2022-10-26,34.427,34.831,34.183,34.473,13530668
2022-10-27,34.524,34.794,34.321,34.385,9953954
2022-10-28,34.278,34.796,34.111,34.729,9254806
2022-10-31,34.538,34.822,34.366,34.418,9583460
2022-11-01,34.933,34.970,34.218,34.506,23318080
2022-11-02,34.645,34.943,33.595,33.609,31466622
2022-11-03,33.191,34.097,33.112,33.865,17458912
2022-11-04,34.729,35.300,34.441,35.040,19279680
2022-11-07,35.258,35.337,34.891,35.314,11153138
2022-11-08,35.519,36.276,35.421,35.923,12313586
2022-11-09,35.756,36.076,35.261,35.342,13207824
2022-11-10,36.778,37.326,36.601,37.298,17436560
2022-11-11,37.716,38.181,37.637,37.749,12982334
2022-11-14,37.623,38.216,37.586,37.698,12733852
2022-11-15,38.111,38.134,37.270,37.642,14455066
2022-11-16,37.498,37.619,37.201,37.275,12797796
2022-11-17,36.703,36.940,36.462,36.917,9358722
2022-11-18,37.293,37.293,36.820,37.163,7491134
2022-11-21,36.899,37.414,36.815,37.289,7238224
2022-11-22,37.568,38.144,37.482,38.134,7214122
2022-11-23,38.097,38.320,38.000,38.283,8496400
2022-11-25,38.227,38.297,38.144,38.269,2456570
2022-11-28,37.990,38.004,37.340,37.414,6464098
2022-11-29,37.554,37.744,37.437,37.540,5673104
2022-11-30,37.554,38.460,37.205,38.446,14625048
2022-12-01,38.710,38.752,38.155,38.492,8215892
2022-12-02,37.990,39.017,37.990,38.915,6825048
2022-12-05,38.622,38.773,38.083,38.144,9452488
2022-12-06,38.167,38.399,37.528,37.805,9495612
2022-12-07,37.744,38.093,37.628,37.721,8167208
2022-12-08,37.967,38.195,37.877,38.000,5523788
2022-12-09,37.907,38.232,37.614,37.623,7872386
2022-12-12,37.647,37.958,37.512,37.949,6386110
2022-12-13,39.119,39.194,38.199,38.474,12576062
2022-12-14,38.316,38.562,37.767,38.060,15635206
2022-12-15,37.414,37.451,36.806,36.899,10458590
2022-12-16,36.606,36.852,36.378,36.741,14570520
2022-12-19,36.669,36.880,36.089,36.262,6459916
2022-12-20,36.328,36.714,36.314,36.501,5641886
2022-12-21,36.693,36.971,36.604,36.819,5755490
2022-12-22,36.557,36.557,35.846,36.463,6631166
2022-12-23,36.463,36.725,36.262,36.716,6202348
2022-12-27,36.805,36.992,36.590,36.749,4868544
2022-12-28,36.739,36.880,36.160,36.188,5046450
2022-12-29,36.389,36.732,36.389,36.580,6446122
2022-12-30,36.314,36.449,36.017,36.323,5818862
2023-01-03,36.384,36.622,35.954,36.286,10684020
2023-01-04,36.468,37.018,36.447,36.917,9742300
2023-01-05,36.342,36.538,36.071,36.333,8212638
2023-01-06,36.669,37.665,36.669,37.581,8729182
2023-01-09,37.890,38.324,37.693,37.819,16791438
2023-01-10,37.834,38.224,37.623,38.198,8048974
2023-01-11,38.600,38.815,38.371,38.797,9845730
2023-01-12,38.886,39.054,38.498,38.942,7787598
2023-01-13,38.717,39.257,38.685,39.180,6965136
2023-01-17,39.246,39.320,38.748,38.787,6943124
2023-01-18,39.143,39.199,38.222,38.240,9445096
2023-01-19,37.950,38.105,37.648,37.946,8159780
2023-01-20,38.044,38.736,37.843,38.708,6897420
2023-01-23,38.656,38.998,38.469,38.834,12497500
2023-01-24,38.619,38.914,38.294,38.858,9361110
2023-01-25,38.432,38.951,38.301,38.937,7204082
2023-01-26,38.610,39.140,38.488,39.124,11506234
2023-01-27,38.858,39.274,38.820,38.998,6839558
2023-01-30,38.759,39.222,38.680,38.731,10421838
2023-01-31,38.759,39.596,38.759,39.582,7742740
2023-02-01,39.353,40.167,39.096,39.844,14447260
2023-02-02,39.671,39.833,39.124,39.718,12327984
2023-02-03,39.283,39.596,38.946,39.003,11875752
2023-02-06,38.656,38.811,38.367,38.572,12524686
2023-02-07,38.521,39.190,38.502,39.091,15106044
2023-02-08,38.886,39.260,38.750,38.778,10531866
2023-02-09,39.077,39.162,38.044,38.217,16661174
2023-02-10,38.133,38.413,37.904,38.357,7015928
2023-02-13,38.423,38.635,38.175,38.558,5498550
2023-02-14,38.395,38.752,38.203,38.647,8214948
2023-02-15,38.390,38.822,38.287,38.815,7956850
2023-02-16,38.278,38.825,38.184,38.376,8673800
2023-02-17,38.109,38.147,37.808,38.016,7452448
2023-02-21,37.819,37.950,37.333,37.389,11800620
2023-02-22,37.558,37.857,37.366,37.670,11868772
2023-02-23,37.810,37.969,37.155,37.712,11192666
2023-02-24,37.076,38.016,36.880,37.964,18648168
2023-02-27,38.208,38.451,38.051,38.091,12939548
2023-02-28,38.081,38.512,38.011,38.264,17093514
2023-03-01,38.348,38.937,38.343,38.563,15481652
2023-03-02,38.362,39.096,38.271,39.003,12670238
2023-03-03,39.260,39.580,38.956,39.559,11994760
2023-03-06,39.405,39.405,38.853,38.918,10962846
2023-03-07,38.773,38.773,38.016,38.151,13520610
2023-03-08,38.170,38.432,38.039,38.339,11590378
2023-03-09,38.367,38.493,37.235,37.352,12851938
2023-03-10,37.366,37.375,36.361,36.557,26124700
2023-03-13,36.192,36.676,35.912,36.183,40705080
2023-03-14,36.711,37.071,36.248,36.646,16477288
2023-03-15,35.701,35.781,34.962,35.458,28524436
2023-03-16,35.121,35.912,35.014,35.865,21606266
2023-03-17,35.739,35.748,35.248,35.308,19086902
2023-03-20,35.589,36.059,35.589,36.040,14785786
2023-03-21,36.463,36.632,36.233,36.477,9498032
2023-03-22,36.416,36.688,35.819,35.829,14654706
2023-03-23,35.988,36.507,35.509,35.786,13439540
2023-03-24,35.514,36.162,35.256,36.078,13465240
2023-03-27,36.453,36.601,36.082,36.345,10613926
2023-03-28,36.341,36.580,36.303,36.519,10248040
2023-03-29,36.989,37.050,36.862,37.026,8270264
2023-03-30,37.412,37.435,37.146,37.280,8433766
2023-03-31,37.285,37.905,37.285,37.886,13526462
2023-04-03,37.961,38.224,37.844,38.126,16128530
2023-04-04,38.032,38.050,37.430,37.576,17497340
2023-04-05,37.294,37.543,37.153,37.491,18561016
2023-04-06,37.243,37.437,37.123,37.402,19031386
2023-04-10,37.257,37.646,37.219,37.581,9267134
2023-04-11,37.750,38.079,37.736,37.872,7715330
2023-04-12,38.135,38.219,37.832,37.900,11888048
2023-04-13,37.924,38.417,37.844,38.290,18002998
2023-04-14,38.196,38.461,37.818,38.013,8826312
2023-04-17,38.032,38.243,37.928,38.234,7366186
2023-04-18,38.379,38.520,38.215,38.393,6766020
2023-04-19,38.135,38.320,38.046,38.285,7309570
2023-04-20,38.013,38.365,38.003,38.243,8052024
2023-04-21,38.093,38.133,37.693,37.905,10844138
2023-04-24,37.966,38.173,37.919,38.163,7731050
2023-04-25,37.764,37.801,37.318,37.336,11966194
2023-04-26,37.186,37.311,36.770,36.895,11910446
2023-04-27,37.003,37.412,36.789,37.398,11826360
2023-04-28,37.383,37.900,37.280,37.834,10143224
2023-05-01,37.881,38.064,37.747,37.816,8416496
2023-05-02,37.463,37.515,36.853,37.449,11680944
2023-05-03,37.506,37.689,37.022,37.036,12701398
2023-05-04,37.116,37.353,36.705,36.796,16655096
2023-05-05,37.200,37.548,37.167,37.416,10267302
2023-05-08,37.646,37.698,37.235,37.294,7680010
2023-05-09,37.088,37.149,36.803,36.956,15114412
2023-05-10,37.402,37.402,36.576,36.979,11730208
2023-05-11,36.627,36.740,36.444,36.618,12849750
2023-05-12,36.782,36.848,36.369,36.684,8319160
2023-05-15,36.871,37.022,36.641,36.994,6487294
2023-05-16,36.796,36.834,36.369,36.383,8346402
2023-05-17,36.557,36.768,36.385,36.623,10505662
2023-05-18,36.453,36.876,36.280,36.839,13363020
2023-05-19,37.106,37.120,36.731,36.933,9943166
2023-05-22,37.008,37.111,36.679,36.740,8288590
2023-05-23,36.472,36.571,36.096,36.172,10494160
2023-05-24,36.017,36.049,35.688,35.758,14128078
2023-05-25,35.801,35.805,35.434,35.631,11713076
2023-05-26,35.894,36.035,35.650,35.810,15882532
2023-05-30,35.782,35.848,35.345,35.617,12780658
2023-05-31,35.415,35.533,35.091,35.237,13816734
2023-06-01,35.415,35.810,35.253,35.707,14559666
2023-06-02,36.411,36.989,36.355,36.904,17659046
2023-06-05,36.979,37.289,36.740,36.876,16183580
2023-06-06,36.726,37.205,36.702,37.111,15206796
2023-06-07,37.026,37.585,37.026,37.553,13330828
2023-06-08,37.571,37.679,37.158,37.416,11719324
2023-06-09,37.271,37.329,36.965,37.106,11621424
2023-06-12,37.149,37.322,36.886,37.275,9691294
2023-06-13,37.557,38.163,37.477,38.140,16467164
2023-06-14,38.440,38.473,37.776,37.980,13956572
2023-06-15,37.933,38.454,37.900,38.304,11778154
2023-06-16,38.365,38.414,38.121,38.398,16966772
2023-06-20,38.010,38.090,37.666,37.878,11739620
2023-06-21,37.699,38.159,37.585,38.001,13355334
2023-06-22,37.864,37.944,37.552,37.911,8650342
2023-06-23,37.515,37.675,37.321,37.604,11953578
2023-06-26,37.708,38.046,37.618,37.996,8335842
2023-06-27,38.090,38.562,37.970,38.534,13676376
2023-06-28,38.440,38.440,38.095,38.270,10987164
2023-06-29,38.166,38.770,38.081,38.751,10563948
2023-06-30,38.959,39.214,38.817,39.115,12966828
2023-07-03,39.096,39.431,39.030,39.261,7865678
2023-07-05,38.831,38.869,38.218,38.293,23658730
2023-07-06,37.802,38.038,37.434,38.015,17904184
2023-07-07,37.991,38.728,37.939,38.345,13663010
2023-07-10,38.072,38.567,38.038,38.336,11196120
2023-07-11,38.567,38.742,38.397,38.713,9412114
2023-07-12,39.185,39.341,38.898,39.223,23076766
2023-07-13,39.355,39.577,39.214,39.530,9609922
2023-07-14,39.549,39.549,39.122,39.299,11252136
2023-07-17,39.167,39.414,39.096,39.336,9072912
2023-07-18,39.190,39.761,39.190,39.643,11795646
2023-07-19,39.591,39.695,39.308,39.431,10383670
2023-07-20,39.558,39.613,39.252,39.525,9853312
2023-07-21,39.412,39.591,39.214,39.530,9047944
2023-07-24,39.577,39.724,39.403,39.653,8705664
2023-07-25,39.875,40.516,39.813,40.365,17521066
2023-07-26,40.082,40.337,39.910,40.229,12335244
2023-07-27,40.370,40.488,39.931,39.969,14101436
2023-07-28,40.403,40.408,40.037,40.247,8129598
2023-07-31,40.342,40.526,40.229,40.460,11001674
2023-08-01,40.262,40.446,40.120,40.280,15073324
2023-08-02,39.912,40.144,39.728,39.780,20371614
2023-08-03,39.662,39.865,39.464,39.535,18758754
2023-08-04,39.733,40.019,39.410,39.445,16990030
2023-08-07,39.587,39.771,39.414,39.705,10322194
2023-08-08,39.058,39.358,38.864,39.285,12857556
2023-08-09,39.436,39.516,39.072,39.124,15928132
2023-08-10,39.318,39.542,39.063,39.152,11145056
2023-08-11,39.049,39.240,38.907,39.044,7974564
2023-08-14,38.949,39.134,38.737,39.129,7753430
2023-08-15,38.751,38.836,38.407,38.492,11392626
2023-08-16,38.430,38.624,38.218,38.232,10564344
2023-08-17,38.496,38.737,38.116,38.156,10530800
2023-08-18,37.935,38.239,37.850,38.152,9817890
2023-08-21,38.246,38.303,37.878,38.156,9705318
2023-08-22,38.336,38.401,38.008,38.123,7218164
2023-08-23,38.119,38.315,38.022,38.185,7004544
2023-08-24,38.010,38.352,37.972,38.024,8140456
2023-08-25,38.199,38.312,37.817,38.138,10757816
2023-08-28,38.241,38.600,38.223,38.416,10101864
2023-08-29,38.440,39.072,38.308,39.053,11751082
2023-08-30,39.053,39.214,38.985,39.143,7597356
2023-08-31,39.209,39.308,39.082,39.124,6559984
2023-09-01,39.497,39.667,39.410,39.563,11825306
2023-09-05,39.502,39.535,38.831,38.831,12926410
2023-09-06,38.695,38.926,38.444,38.746,9306282
2023-09-07,38.591,38.728,38.286,38.572,8874414
2023-09-08,38.496,38.775,38.492,38.610,6986306
2023-09-11,38.860,39.046,38.699,38.775,8070524
2023-09-12,38.647,38.864,38.598,38.685,8421332
2023-09-13,38.666,38.746,38.350,38.459,9170946
2023-09-14,38.860,39.079,38.716,39.001,8669032
2023-09-15,38.893,39.063,38.503,38.567,13975558
2023-09-18,38.523,38.608,38.290,38.409,7366566
2023-09-19,38.385,38.553,38.044,38.376,8168170
2023-09-20,38.523,38.618,37.949,37.972,9299736
2023-09-21,37.716,37.731,37.195,37.209,13559518
2023-09-22,37.308,37.491,37.104,37.171,12035152
2023-09-25,37.029,37.484,37.005,37.465,8245830
2023-09-26,37.237,37.436,36.820,36.924,10951928
2023-09-27,37.109,37.159,36.701,36.920,11031950
2023-09-28,36.986,37.448,36.986,37.318,9398254
2023-09-29,37.674,37.678,37.157,37.256,11714400
2023-10-02,37.109,37.161,36.512,36.763,22598718
2023-10-03,36.388,37.128,36.388,36.663,26358094
2023-10-04,37.043,37.157,36.597,37.095,17954026
2023-10-05,37.000,37.199,36.421,36.644,20474368
2023-10-06,36.550,37.247,36.417,36.991,16086218
2023-10-09,36.777,37.147,36.597,37.038,12974754
2023-10-10,37.247,37.740,37.192,37.432,13710088
2023-10-11,37.584,37.735,37.209,37.522,9858896
2023-10-12,37.683,37.683,36.678,36.962,12126584
2023-10-13,37.147,37.308,36.663,36.825,11269272
2023-10-16,37.100,37.432,36.976,37.185,12363806
2023-10-17,36.915,37.678,36.915,37.550,11636666
2023-10-18,37.304,37.304,36.528,36.578,13017268
2023-10-19,36.445,36.749,36.104,36.151,18466326
2023-10-20,36.137,36.208,35.701,35.715,14322442
2023-10-23,35.369,35.686,35.255,35.316,18276102
2023-10-24,35.606,35.947,35.546,35.734,14848358
2023-10-25,35.663,35.724,35.288,35.316,12539946
2023-10-26,35.573,35.883,35.459,35.563,17553352
2023-10-27,35.577,35.813,35.463,35.549,16473234
2023-10-30,35.909,36.056,35.656,35.914,11954226
2023-10-31,35.852,36.177,35.762,36.075,11162674
2023-11-01,36.023,36.175,35.722,36.094,17560902
2023-11-02,36.331,36.806,36.308,36.791,13101282
2023-11-03,37.095,37.626,37.095,37.370,12129536
2023-11-06,37.380,37.403,37.104,37.185,9337552
2023-11-07,36.825,36.853,36.417,36.464,15015940
2023-11-08,36.554,36.680,36.341,36.578,10941664
2023-11-09,36.825,36.829,36.239,36.265,13877916
2023-11-10,36.298,36.720,36.251,36.692,7248306
2023-11-13,36.478,36.791,36.431,36.640,8079410
2023-11-14,37.067,37.892,37.059,37.721,10995862
2023-11-15,37.806,38.233,37.769,37.887,9819798
2023-11-16,37.878,38.044,37.778,38.001,7165526
2023-11-17,38.119,38.200,37.956,38.072,6890294
2023-11-20,38.015,38.255,37.811,38.138,9634512
2023-11-21,38.252,38.428,38.224,38.285,7363076
2023-11-22,38.285,38.366,38.115,38.309,7522920
2023-11-24,38.314,38.603,38.314,38.475,3689878
2023-11-27,38.333,38.470,38.167,38.428,6524604
2023-11-28,38.428,38.712,38.314,38.504,6996222
2023-11-29,38.651,38.878,38.613,38.703,6244364
2023-11-30,38.727,39.120,38.599,39.087,11482406
2023-12-01,39.144,39.668,39.054,39.533,16782750
2023-12-04,39.206,39.490,39.054,39.073,21230196
2023-12-05,38.878,38.902,38.447,38.537,17533468
2023-12-06,38.708,38.836,38.421,38.456,16910238
2023-12-07,38.603,38.760,38.489,38.717,8559598
2023-12-08,38.689,39.044,38.689,38.859,8246918
2023-12-11,38.788,39.139,38.717,39.134,9205830
2023-12-12,39.500,39.651,39.172,39.362,20435040
2023-12-13,38.935,39.860,38.837,39.841,16392544
2023-12-14,40.083,40.721,40.083,40.500,12713342
2023-12-15,40.278,40.648,40.278,40.396,10811192
2023-12-18,40.701,40.787,40.429,40.457,8052884
2023-12-19,40.720,40.926,40.675,40.830,7285414
2023-12-20,40.720,40.820,40.195,40.204,9359022
2023-12-21,40.543,40.637,40.357,40.629,7544706
2023-12-22,40.782,40.973,40.711,40.883,5386744
2023-12-26,40.935,41.193,40.883,41.074,6731476
2023-12-27,40.997,41.217,40.949,41.174,6819606
2023-12-28,41.102,41.172,40.980,41.016,7214070
2023-12-29,40.878,40.969,40.770,40.854,6992284
2024-01-02,40.558,40.849,40.501,40.782,19924880
2024-01-03,40.357,40.548,40.061,40.343,23358600
2024-01-04,40.276,40.460,40.138,40.214,20424162
2024-01-05,40.104,40.505,40.056,40.281,14692808
2024-01-08,40.071,40.462,39.927,40.453,10366152
2024-01-09,40.195,40.195,39.860,39.989,12910496
2024-01-10,39.846,39.975,39.746,39.937,8202762
2024-01-11,39.985,39.985,39.526,39.818,8542120
2024-01-12,40.047,40.138,39.684,39.856,8267846
2024-01-16,39.612,39.684,39.302,39.397,10552748
2024-01-17,38.996,39.247,38.939,39.111,9287520
2024-01-18,39.187,39.292,38.905,39.235,9320904
2024-01-19,39.273,39.345,38.896,39.273,11653556
2024-01-22,39.049,39.457,39.049,39.388,10785166
2024-01-23,39.574,39.693,39.369,39.517,7891740
2024-01-24,39.541,39.641,38.960,38.982,10317728
2024-01-25,39.168,39.412,39.053,39.392,9734396
2024-01-26,39.536,39.631,39.326,39.407,7799414
2024-01-29,39.378,39.617,39.197,39.603,7125884
2024-01-30,39.521,39.968,39.445,39.784,10851316
2024-01-31,39.846,39.896,39.225,39.263,13478354
2024-02-01,39.865,39.980,39.385,39.918,19793786
2024-02-02,39.626,39.875,39.249,39.684,22920396
2024-02-05,38.829,38.920,38.559,38.676,24886818
2024-02-06,38.991,39.445,38.991,39.359,19053182
2024-02-07,39.583,39.782,39.564,39.674,10820482
2024-02-08,39.732,39.734,39.340,39.622,6799590
2024-02-09,39.531,39.724,39.416,39.708,7636552
2024-02-12,39.803,40.207,39.770,40.023,6796460
2024-02-13,39.641,39.755,39.173,39.459,12864690
2024-02-14,39.660,39.789,39.459,39.712,8762024
2024-02-15,39.932,40.524,39.932,40.462,11984222
2024-02-16,40.634,40.952,40.591,40.677,9313338
2024-02-20,40.653,40.720,40.472,40.591,9019092
2024-02-21,40.582,40.840,40.429,40.816,8122350
2024-02-22,40.892,41.289,40.840,41.226,9448666
2024-02-23,41.312,41.530,41.212,41.470,7079248
2024-02-26,41.336,41.394,41.174,41.222,6653586
2024-02-27,41.374,41.480,41.255,41.374,8254548
2024-02-28,41.255,41.656,41.145,41.503,8994002
2024-02-29,41.757,41.933,41.613,41.819,12247620
2024-03-01,41.819,42.115,41.785,42.010,10401620
2024-03-04,42.057,42.387,42.010,42.315,9349206
2024-03-05,42.172,42.444,41.948,42.091,8493854
2024-03-06,42.320,42.549,42.258,42.401,10224070
2024-03-07,42.736,43.123,42.731,42.922,7942264
2024-03-08,43.056,43.080,42.664,42.674,10311130
2024-03-11,42.874,43.337,42.721,43.156,23270932
2024-03-12,43.151,43.206,42.939,43.151,10149318
2024-03-13,43.285,43.774,43.285,43.576,14529502
2024-03-14,43.457,43.555,43.154,43.347,19451934
2024-03-15,43.065,43.557,43.037,43.366,18702590
2024-03-18,43.501,43.789,43.425,43.444,15242376
2024-03-19,43.391,43.523,43.262,43.449,10832950
2024-03-20,43.415,44.043,43.329,43.885,13252366
2024-03-21,44.000,44.135,43.827,44.067,9384162
2024-03-22,43.971,44.076,43.767,43.794,5874666
2024-03-25,43.770,43.985,43.731,43.808,5662720
2024-03-26,43.880,43.961,43.746,43.774,5434702
2024-03-27,43.885,44.414,43.846,44.402,8444492
2024-03-28,44.407,44.673,44.321,44.522,9025282
2024-04-01,44.733,44.733,44.336,44.417,7646916
2024-04-02,44.374,44.412,44.060,44.254,9570762
2024-04-03,44.302,44.575,44.263,44.517,10022944
2024-04-04,44.762,44.918,43.966,44.067,12659008
2024-04-05,44.062,44.522,44.021,44.465,9804522
2024-04-08,44.608,44.656,44.378,44.498,6521950
2024-04-09,44.843,44.858,44.146,44.604,11350692
2024-04-10,43.918,44.172,43.748,43.909,14113408
2024-04-11,43.952,44.062,43.647,43.875,9900578
2024-04-12,43.746,43.832,42.905,43.099,12113178
2024-04-15,43.559,43.719,42.744,42.893,11506542
2024-04-16,42.658,42.792,42.413,42.562,13555786
2024-04-17,42.849,43.041,42.531,42.658,9156748
2024-04-18,43.003,43.034,42.473,42.672,7497844
2024-04-19,42.782,42.962,42.480,42.639,10109026
2024-04-22,42.404,42.907,42.241,42.682,8284604
2024-04-23,42.150,42.518,42.068,42.313,11470088
2024-04-24,42.140,42.377,42.015,42.341,9553780
2024-04-25,42.341,42.739,41.963,42.643,9220114
2024-04-26,42.662,43.089,42.653,42.907,6274330
2024-04-29,43.099,43.319,43.056,43.266,5676742
2024-04-30,42.907,43.008,42.471,42.480,9871834
2024-05-01,42.639,43.386,42.533,42.701,15456200
2024-05-02,42.471,42.662,42.130,42.480,15567380
2024-05-03,42.835,43.027,42.682,42.912,8999484
2024-05-06,43.175,43.338,42.979,43.171,6615586
2024-05-07,43.334,43.755,43.329,43.683,8862194
2024-05-08,43.520,43.683,43.439,43.482,6522786
2024-05-09,43.597,44.002,43.543,43.966,7070008
2024-05-10,44.153,44.196,43.990,44.019,5472684
2024-05-13,44.100,44.254,43.952,43.990,5030672
2024-05-14,44.110,44.191,43.887,44.033,7480336
2024-05-15,44.335,44.364,43.909,44.110,7922136
2024-05-16,44.124,44.158,43.767,43.794,7245730
2024-05-17,43.957,44.167,43.890,44.167,7256338
2024-05-20,44.105,44.306,43.988,44.230,4544588
2024-05-21,44.230,44.237,44.033,44.230,5424940
2024-05-22,43.818,43.976,43.597,43.798,8703200
2024-05-23,43.861,43.904,43.324,43.410,5688234
2024-05-24,43.612,43.846,43.612,43.789,4597938
2024-05-28,43.798,43.856,43.465,43.621,4223472
2024-05-29,43.209,43.319,42.964,42.998,8145024
2024-05-30,42.912,43.372,42.912,43.348,6599364
2024-05-31,43.391,43.878,43.082,43.870,8203216
2024-06-03,43.861,43.880,43.238,43.612,11900220
2024-06-04,43.262,43.343,42.878,43.127,6778924
2024-06-05,43.137,43.444,42.955,43.425,6820722
2024-06-06,43.425,43.482,43.233,43.473,4238830
2024-06-07,43.022,43.396,42.849,43.036,8358944
2024-06-10,42.921,43.034,42.823,42.993,5223546
2024-06-11,42.754,42.979,42.581,42.979,6457210
2024-06-12,43.496,43.626,42.950,43.060,8174136
2024-06-13,42.821,43.099,42.660,43.046,7937112
2024-06-14,42.797,42.869,42.380,42.648,5694414
2024-06-17,42.495,43.036,42.392,42.964,7631600
2024-06-18,42.974,43.132,42.718,42.917,6872616
2024-06-20,42.893,43.171,42.859,42.960,6440990
2024-06-21,42.845,43.046,42.643,42.964,8209840
2024-06-24,43.147,43.421,43.026,43.243,8065146
2024-06-25,43.161,43.171,42.554,42.694,7292132
2024-06-26,42.482,42.703,42.357,42.665,6474572
2024-06-27,42.660,42.679,42.439,42.545,16279582
2024-06-28,42.549,42.843,42.400,42.530,7750608
2024-07-01,42.564,42.723,41.745,41.875,8647388
2024-07-02,41.774,42.068,41.613,41.952,13117506
2024-07-03,42.092,42.371,42.054,42.265,4591106
2024-07-05,42.241,42.383,42.005,42.333,8846782
2024-07-08,42.458,42.607,42.306,42.458,10496898
2024-07-09,42.270,42.357,42.015,42.024,5951040
2024-07-10,42.236,42.612,42.169,42.588,7915322
2024-07-11,42.800,43.233,42.771,43.171,11914002
2024-07-12,43.416,43.791,43.301,43.585,9795960
2024-07-15,43.590,43.768,43.373,43.474,6485370
2024-07-16,43.436,44.355,43.416,44.317,7466024
2024-07-17,44.293,44.490,44.206,44.225,8790442
2024-07-18,43.965,44.447,43.732,43.787,8910188
2024-07-19,43.580,43.676,43.267,43.397,9365292
2024-07-22,43.508,43.594,43.180,43.541,7526182
2024-07-23,43.671,43.789,43.407,43.715,6493450
2024-07-24,43.792,43.845,43.110,43.156,8548996
2024-07-25,42.959,43.802,42.920,43.277,10052426
2024-07-26,43.561,44.153,43.460,43.985,7069764
2024-07-29,44.013,44.180,43.821,44.062,7049682
2024-07-30,43.907,44.237,43.826,43.917,8502202
2024-07-31,44.293,44.784,44.148,44.375,10466752
2024-08-01,44.572,44.977,43.917,44.196,17134346
2024-08-02,43.700,43.802,42.790,43.363,20945244
2024-08-05,42.583,42.742,42.034,42.395,19483068
2024-08-06,42.337,43.156,42.265,42.612,11812226
2024-08-07,42.973,43.151,42.005,42.034,11097464
2024-08-08,42.251,42.776,42.222,42.684,10758970
2024-08-09,42.708,42.788,42.258,42.650,5722306
2024-08-12,42.699,42.756,42.364,42.463,5561886
2024-08-13,42.612,42.978,42.511,42.886,6236124
2024-08-14,42.992,43.014,42.667,42.886,7241046
2024-08-15,43.296,43.655,43.204,43.566,7728570
2024-08-16,43.488,43.645,43.293,43.619,5803124
2024-08-19,43.623,43.864,43.623,43.826,4586492
2024-08-20,43.850,43.963,43.623,43.667,4834632
2024-08-21,43.811,44.206,43.792,44.168,4610944
2024-08-22,44.168,44.245,43.922,44.076,5684306
2024-08-23,44.259,44.770,44.228,44.659,5798054
2024-08-26,44.856,45.189,44.784,44.856,7663084
2024-08-27,44.823,44.871,44.570,44.861,8845350
2024-08-28,44.712,44.907,44.505,44.668,6524164
2024-08-29,44.827,45.191,44.543,44.914,6051232
2024-08-30,45.039,45.470,44.820,45.405,8647558
2024-09-03,44.745,44.962,44.235,44.375,9503490
2024-09-04,44.485,44.673,44.141,44.192,6313362
2024-09-05,44.283,44.336,43.744,43.845,7587084
2024-09-06,43.782,44.042,43.204,43.291,10616516
2024-09-09,43.541,43.937,43.541,43.710,6412492
2024-09-10,43.691,43.739,43.378,43.729,6299724
2024-09-11,43.729,43.883,42.809,43.835,7392890
2024-09-12,43.975,44.249,43.724,44.240,5962710
2024-09-13,44.370,44.878,44.336,44.640,6459070
2024-09-16,44.837,45.136,44.707,45.054,5838670
2024-09-17,45.073,45.473,45.030,45.140,5881438
2024-09-18,45.237,45.477,44.837,44.948,11155408
2024-09-19,45.694,45.810,45.376,45.627,8351834
2024-09-20,45.574,45.574,45.126,45.304,9617336
2024-09-23,45.477,45.734,45.381,45.695,5159738
2024-09-24,46.106,46.397,46.014,46.319,7918750
2024-09-25,46.445,46.484,45.901,46.010,5815590
2024-09-26,46.508,47.028,46.508,46.962,10243416
2024-09-27,46.958,47.296,46.783,46.880,8498562
2024-09-30,46.803,46.856,46.266,46.619,7373696
2024-10-01,46.667,46.696,46.290,46.503,11546890
2024-10-02,46.387,46.692,46.203,46.324,10571496
2024-10-03,46.048,46.055,45.685,45.811,13542620
2024-10-04,46.097,46.227,45.746,46.034,11380300
2024-10-07,45.826,46.010,45.642,45.898,7800524
2024-10-08,45.632,45.744,45.390,45.685,8933914
2024-10-09,45.652,46.106,45.579,45.976,8561972
2024-10-10,45.956,46.155,45.763,46.082,6764668
2024-10-11,46.174,46.513,46.106,46.382,6631238
2024-10-14,46.174,46.675,46.099,46.648,6217218
2024-10-15,46.542,46.982,46.542,46.600,7717530
2024-10-16,46.653,47.054,46.634,46.962,7465824
2024-10-17,47.064,47.139,46.885,47.035,5043598
2024-10-18,47.175,47.340,46.984,47.224,6035508
2024-10-21,47.170,47.243,46.701,46.861,4343216
2024-10-22,46.827,46.900,46.174,46.430,6954650
2024-10-23,46.309,46.561,46.087,46.305,6782636
2024-10-24,46.213,46.305,45.550,45.739,5092712
2024-10-25,45.719,45.903,45.424,45.448,7406936
2024-10-28,45.671,45.886,45.620,45.826,7701660
2024-10-29,45.598,45.802,45.477,45.531,7315692
2024-10-30,45.531,46.080,45.531,45.777,10643616
2024-10-31,45.468,45.656,45.153,45.173,8106936
2024-11-01,45.207,45.364,45.032,45.047,6928032
2024-11-04,45.294,45.548,45.040,45.245,15308624
2024-11-05,45.139,45.494,44.994,45.313,7973094
2024-11-06,46.309,46.401,45.596,45.937,12702802
2024-11-07,46.058,46.280,45.961,46.116,19949830
2024-11-08,45.947,45.990,45.610,45.695,8805656
2024-11-11,45.647,45.833,45.446,45.497,7694020
2024-11-12,45.274,45.337,44.612,44.723,7078918
2024-11-13,44.757,44.921,44.612,44.829,6310108
2024-11-14,44.766,44.815,44.411,44.462,5911420
2024-11-15,44.442,44.534,44.077,44.152,6395584
2024-11-18,44.234,44.496,44.152,44.496,7875378
2024-11-19,44.162,44.422,43.930,44.350,6540558
2024-11-20,44.375,44.766,44.201,44.713,8345806
2024-11-21,44.723,45.274,44.592,45.260,8402308
2024-11-22,45.221,45.565,45.193,45.511,5857186
2024-11-25,45.695,46.048,45.642,45.981,7524890
2024-11-26,45.864,45.864,45.461,45.637,6104562
2024-11-27,45.705,46.029,45.555,45.613,14047348
2024-11-29,45.618,45.884,45.550,45.845,4265182
2024-12-02,45.893,45.922,45.492,45.816,12785670
2024-12-03,46.000,46.039,45.584,45.671,11099356
2024-12-04,45.492,45.521,45.086,45.226,10865920
2024-12-05,44.984,45.052,44.423,44.631,12762898
2024-12-06,44.742,44.805,44.438,44.457,7130930
2024-12-09,44.810,45.057,44.438,44.447,9417626
2024-12-10,44.394,44.428,43.719,43.993,7718626
2024-12-11,44.138,44.138,43.809,43.838,12288114
2024-12-12,43.683,43.804,43.515,43.533,7294130
2024-12-13,43.378,43.441,43.015,43.161,8099230
2024-12-16,43.073,43.221,42.757,42.778,10486588
2024-12-17,42.590,42.899,42.532,42.541,8289884
2024-12-18,42.517,42.660,41.314,41.332,14797408
2024-12-19,41.371,41.656,40.877,40.887,12496664
2024-12-20,40.815,41.637,40.790,41.395,14685068
2024-12-23,41.342,41.410,40.967,41.361,11339160
2024-12-24,41.371,41.619,41.171,41.585,5502364
2024-12-26,41.415,41.675,41.312,41.521,6517798
2024-12-27,41.312,41.672,41.135,41.298,8568174
2024-12-30,41.030,41.030,40.549,40.744,7528136
2024-12-31,40.880,41.045,40.693,40.909,8883180
2025-01-02,41.103,41.239,40.398,40.457,20004272
2025-01-03,40.588,40.641,40.374,40.447,19348494
2025-01-06,40.846,41.108,40.658,40.719,16602460
2025-01-07,40.744,41.157,40.488,40.695,23068910
2025-01-08,40.724,40.923,40.432,40.919,15743212
2025-01-10,40.632,40.797,40.393,40.500,18553606
2025-01-13,40.462,41.427,40.428,41.405,20014706
2025-01-14,41.638,41.952,41.529,41.920,13084640
2025-01-15,42.528,42.640,42.042,42.319,12564138
2025-01-16,42.353,42.674,42.236,42.669,11550918
2025-01-17,42.951,43.223,42.786,42.946,11589184
2025-01-21,43.350,43.617,43.291,43.495,10348002
2025-01-22,43.544,43.559,43.136,43.145,11894270
2025-01-23,43.145,43.384,42.917,43.384,8568746
2025-01-24,43.578,43.593,43.226,43.272,6300210
2025-01-27,43.184,43.335,42.936,43.296,12938906
2025-01-28,43.398,43.403,43.058,43.155,9287748
2025-01-29,42.990,43.282,42.970,43.077,9020452
2025-01-30,42.990,43.515,42.912,43.486,12398308
2025-01-31,43.432,43.564,42.992,43.170,13902718
2025-02-03,42.732,43.337,42.265,43.213,21249764
2025-02-04,43.354,43.518,43.218,43.340,19718388
2025-02-05,43.155,43.515,43.014,43.306,14194246
2025-02-06,43.335,43.568,43.116,43.457,15303172
2025-02-07,43.345,43.410,42.883,42.927,13545868
2025-02-10,43.238,43.286,42.914,43.145,8950956
2025-02-11,43.282,43.675,43.216,43.398,9441836
2025-02-12,42.815,43.306,42.669,43.087,11027220
2025-02-13,43.325,43.887,43.267,43.836,10430936
2025-02-14,43.962,44.181,43.675,43.685,9631512
2025-02-18,43.807,44.239,43.539,44.239,7115902
2025-02-19,43.705,43.855,43.566,43.719,7608042
2025-02-20,43.602,43.773,43.333,43.617,9868660
2025-02-21,43.705,43.709,42.771,42.820,9954288
2025-02-24,42.927,43.019,42.649,42.771,9454440
2025-02-25,42.800,43.238,42.761,43.102,9281264
2025-02-26,43.257,43.486,43.038,43.082,7965170
2025-02-27,43.102,43.374,42.761,42.790,7088952
2025-02-28,42.956,43.189,42.625,43.155,9316554
2025-03-03,43.559,43.714,42.188,42.290,16883102
2025-03-04,42.387,42.387,41.655,41.716,22518716
2025-03-05,42.105,42.917,42.042,42.805,17368682
2025-03-06,42.591,42.990,42.350,42.581,18493772
2025-03-07,42.392,42.876,42.192,42.698,15654592
2025-03-10,42.319,42.562,41.514,41.808,16673180
2025-03-11,41.881,41.915,41.252,41.487,15426116
2025-03-12,41.599,41.658,41.106,41.293,12607118
2025-03-13,41.322,41.745,41.006,41.264,10283028
2025-03-14,41.604,41.864,41.434,41.803,9507374
2025-03-17,41.716,42.460,41.716,42.329,8615230
2025-03-18,42.504,42.504,42.088,42.256,10023992
2025-03-19,42.290,42.555,41.996,42.397,10253576
2025-03-20,42.270,42.489,42.071,42.129,7606144
2025-03-21,41.779,41.779,41.196,41.711,16808714
2025-03-24,42.142,42.367,41.990,42.283,9205144
2025-03-25,42.415,42.502,42.093,42.274,7622250
2025-03-26,42.318,42.606,42.147,42.352,8161164
2025-03-27,42.230,42.479,41.937,42.332,6049238
2025-03-28,42.435,42.450,41.502,41.555,9147654
2025-03-31,41.409,42.210,41.074,42.010,8881860
2025-04-01,41.902,42.186,41.526,42.166,12197622
2025-04-02,41.775,42.569,41.775,42.513,11863838
2025-04-03,41.150,41.424,40.485,40.593,18958632
2025-04-04,39.621,39.713,37.959,38.052,29389798
2025-04-07,37.207,39.024,36.274,37.441,50243892
2025-04-08,38.316,38.433,35.726,36.288,27497354
2025-04-09,36.088,39.657,36.034,39.459,40440230
2025-04-10,38.829,38.844,37.300,38.199,28167692
2025-04-11,38.282,39.621,38.091,39.332,17207040
2025-04-14,39.796,39.982,39.323,39.806,10426488
2025-04-15,39.640,40.011,39.457,39.494,8028712
2025-04-16,39.528,39.796,38.917,39.186,10726666
2025-04-17,39.298,39.762,39.252,39.454,9535896
2025-04-21,39.425,39.425,38.492,38.853,7885816
2025-04-22,39.249,39.877,39.249,39.762,7294048
2025-04-23,40.207,40.783,39.684,39.811,13337090
2025-04-24,39.875,40.744,39.728,40.671,9995502
2025-04-25,40.353,40.481,40.041,40.368,9400402
2025-04-28,40.422,40.725,40.046,40.441,7779554
2025-04-29,40.524,40.950,40.329,40.779,9526874
2025-04-30,40.300,41.118,40.082,40.989,9867614
2025-05-01,40.524,41.109,40.502,40.808,11208458
2025-05-02,41.296,41.670,41.147,41.497,8572372
2025-05-05,41.311,41.487,41.130,41.189,5679108
2025-05-06,41.052,41.238,40.781,40.891,6111160
2025-05-07,40.935,41.023,40.510,40.666,8746470
2025-05-08,40.950,41.612,40.847,41.209,8063154
2025-05-09,41.213,41.372,41.081,41.316,6360032
2025-05-12,42.442,42.743,42.059,42.274,8799002
2025-05-13,42.293,42.381,42.049,42.064,6845448
2025-05-14,41.824,41.877,41.453,41.678,7891220
2025-05-15,41.565,42.125,41.536,42.103,7114536
2025-05-16,42.108,42.538,41.863,42.533,6426700
2025-05-19,42.293,42.689,42.108,42.640,10166614
2025-05-20,42.577,42.645,42.384,42.567,5128608
2025-05-21,42.230,42.457,41.937,42.000,9613098
2025-05-22,41.946,42.134,41.648,41.956,7651138
2025-05-23,41.638,42.024,41.560,41.873,7343188
2025-05-27,42.293,42.616,42.161,42.606,6898682
2025-05-28,42.557,42.562,41.985,42.024,10597068
2025-05-29,42.239,42.254,41.761,42.181,9869572
2025-05-30,42.068,42.244,41.638,42.186,12114286
2025-06-02,42.450,42.454,42.112,42.435,15811070
2025-06-03,42.274,42.884,42.073,42.870,13218238
2025-06-04,42.924,43.148,42.850,43.031,13267946
2025-06-05,43.195,43.217,42.679,42.777,14234980
2025-06-06,43.095,43.214,42.792,42.889,9348472
2025-06-09,42.992,43.461,42.943,43.178,11666970
2025-06-10,43.173,43.481,43.173,43.446,7875194
2025-06-11,43.334,43.378,42.870,43.016,10307912
2025-06-12,42.860,43.226,42.665,43.197,8659906
2025-06-13,42.782,43.239,42.577,42.694,14289474
2025-06-16,42.884,43.280,42.884,43.055,10504068
2025-06-17,42.938,42.987,42.572,42.635,9158450
2025-06-18,42.679,42.845,42.459,42.513,8554304
2025-06-20,42.757,42.818,42.166,42.225,13409814
2025-06-23,42.230,42.733,42.009,42.696,10120526
2025-06-24,42.790,43.114,42.731,43.050,8768174
2025-06-25,42.966,42.966,42.588,42.637,8744058
2025-06-26,42.848,43.246,42.848,43.109,10508710
2025-06-27,43.123,43.354,42.922,43.163,9375600
2025-06-30,43.207,43.227,42.907,43.123,8533848
2025-07-01,43.241,44.489,43.163,44.238,15844606
2025-07-02,44.449,44.916,44.368,44.901,14644582
2025-07-03,44.867,45.029,44.788,44.872,6765906
2025-07-07,44.641,44.796,44.204,44.440,11762216
2025-07-08,44.533,44.945,44.479,44.803,16347724
2025-07-09,44.921,45.122,44.648,45.073,13435524
2025-07-10,45.181,45.604,45.088,45.314,12865714
2025-07-11,44.828,45.022,44.597,44.945,11564096
2025-07-14,44.764,44.862,44.530,44.695,12949492
2025-07-15,44.769,44.793,43.762,43.777,14653994
2025-07-16,43.831,43.941,43.384,43.895,13616078
2025-07-17,43.801,44.238,43.742,44.204,11840920
2025-07-18,44.278,44.341,44.042,44.307,13623798
2025-07-21,44.577,44.923,44.481,44.533,10631050
2025-07-22,44.489,45.186,44.464,45.147,13650948
2025-07-23,45.324,45.545,45.220,45.299,13494426
2025-07-24,44.887,45.181,44.700,44.833,17343872
2025-07-25,44.950,45.387,44.828,45.363,15752766
2025-07-28,45.103,45.166,44.577,44.705,15015044
2025-07-29,44.626,44.631,44.270,44.533,14205896
2025-07-30,44.332,44.376,43.448,43.634,23629430
2025-07-31,43.119,43.620,43.035,43.084,23230678
2025-08-01,42.790,42.809,42.244,42.588,28581974
2025-08-04,42.834,43.197,42.819,43.153,15496940
2025-08-05,43.379,43.543,43.055,43.457,16047284
2025-08-06,43.413,43.521,42.974,42.986,13141032
2025-08-07,43.408,43.477,42.907,43.173,15272556
2025-08-08,43.330,43.529,43.197,43.389,10402654
2025-08-11,43.423,43.610,43.042,43.290,12035682
2025-08-12,43.364,43.895,43.320,43.855,12501266
2025-08-13,44.081,44.700,43.963,44.680,16882374
2025-08-14,44.273,44.287,43.875,44.214,16098774
2025-08-15,44.503,44.503,44.113,44.214,16132252
2025-08-18,44.150,44.248,43.899,43.958,9423074
2025-08-19,43.993,44.440,43.993,44.224,11980498
2025-08-20,44.233,44.530,44.101,44.258,13435960
2025-08-21,44.086,44.491,44.027,44.391,13017570
2025-08-22,44.577,45.493,44.518,45.270,11434318
2025-08-25,45.225,45.279,44.943,45.019,12563886
2025-08-26,44.901,45.181,44.867,45.142,8414322
2025-08-27,44.945,45.309,44.901,45.255,8967804
2025-08-28,45.383,45.397,44.936,45.255,8557370
2025-08-29,45.265,45.532,45.206,45.319,8288792
2025-09-02,44.936,45.029,44.710,44.980,13028718
2025-09-03,44.955,45.004,44.560,44.675,10157644
2025-09-04,44.670,44.872,44.307,44.847,12530292
2025-09-05,45.014,45.525,44.842,45.162,15054454
2025-09-08,45.245,45.245,44.673,45.201,13605794
2025-09-09,44.960,45.137,44.339,44.464,12112442
2025-09-10,44.430,44.803,44.376,44.548,10671574
2025-09-11,44.508,45.525,44.479,45.481,11685270
2025-09-12,45.245,45.417,44.941,45.024,11069470
2025-09-15,45.078,45.098,44.585,44.661,9791370
2025-09-16,44.769,44.857,44.410,44.523,9700478
2025-09-17,44.562,45.407,44.361,44.626,13319602
2025-09-18,44.489,44.764,44.278,44.626,15116004
2025-09-19,44.739,44.769,44.464,44.607,16468160
2025-09-22,44.589,44.729,44.381,44.589,8882452
2025-09-23,44.692,45.028,44.389,44.445,8228724
2025-09-24,44.268,44.487,43.846,43.903,10669776
2025-09-25,43.745,43.755,43.261,43.330,11077290
2025-09-26,43.439,43.908,43.402,43.834,9945168
2025-09-29,44.115,44.144,43.755,44.001,9378892
2025-09-30,43.903,44.251,43.819,44.219,9408464
2025-10-01,44.164,44.268,43.649,43.755,13750058
2025-10-02,43.691,44.285,43.691,44.263,10674248
2025-10-03,44.253,44.571,44.209,44.337,9827858
2025-10-06,44.362,44.539,44.204,44.297,8938090
2025-10-07,44.367,44.544,43.962,44.120,11308902
2025-10-08,44.332,44.524,44.154,44.357,12184214
2025-10-09,44.529,44.618,43.639,43.750,13232024
2025-10-10,43.834,43.932,42.847,42.852,22263040
2025-10-13,43.434,43.811,43.311,43.533,11980150
2025-10-14,43.133,44.159,43.049,43.967,10797776
2025-10-15,44.149,44.406,43.533,43.770,10555874
2025-10-16,43.987,43.987,43.222,43.444,13389564
2025-10-17,43.414,43.607,43.128,43.360,12791100
2025-10-20,43.745,43.913,43.604,43.878,8425392
2025-10-21,43.552,43.868,43.414,43.710,9335944
2025-10-22,43.557,43.837,43.404,43.577,13133122
2025-10-23,43.893,44.211,43.784,44.100,10682664
2025-10-24,44.036,44.201,43.878,43.918,13450486
2025-10-27,43.898,44.098,43.710,43.898,11936556
2025-10-28,43.868,44.179,43.794,43.957,13049868
2025-10-29,43.789,43.922,43.012,43.094,20989974
2025-10-30,42.802,42.946,42.492,42.516,20798572
2025-10-31,42.289,42.482,41.959,42.270,17528880
2025-11-03,42.225,42.275,41.589,42.008,24127370
2025-11-04,41.707,41.978,41.480,41.801,22164866
2025-11-05,42.043,42.255,41.919,42.048,18828516
2025-11-06,42.151,42.358,41.811,41.840,22407482
2025-11-07,41.949,42.425,41.796,42.344,17975832
2025-11-10,42.625,42.835,42.267,42.743,15233492
2025-11-11,42.921,43.274,42.824,43.187,11641446
2025-11-12,43.321,43.750,43.279,43.493,13923834
2025-11-13,43.503,43.636,43.173,43.207,17940610
2025-11-14,42.901,43.150,42.746,42.812,12829958
2025-11-17,42.709,42.827,42.102,42.161,14150732
2025-11-18,42.205,42.489,41.969,42.196,20615076
2025-11-19,42.452,42.482,42.038,42.304,15385802
2025-11-20,42.595,42.783,41.655,41.673,22669144
2025-11-21,41.880,42.931,41.793,42.605,20989598
2025-11-24,42.575,42.788,42.393,42.689,14549726
2025-11-25,42.911,43.424,42.881,43.325,12455888
2025-11-26,43.360,43.972,43.340,43.858,9895374
2025-11-28,43.977,44.283,43.868,44.110,4786832
2025-12-01,44.051,44.386,43.977,44.001,13367884
2025-12-02,44.090,44.090,43.345,43.602,12905918
2025-12-03,43.794,44.033,43.757,43.908,11841830
2025-12-04,43.794,43.918,43.540,43.651,9913022
2025-12-05,43.755,44.046,43.508,43.508,7134027
2025-12-08,43.498,43.518,42.876,42.906,11389224
2025-12-09,42.847,43.242,42.798,42.817,8801114
2025-12-10,42.778,43.755,42.778,43.656,10919472
2025-12-11,43.705,44.618,43.705,44.524,11009172
2025-12-12,44.909,44.973,44.376,44.554,14078643
2025-12-15,44.820,44.840,44.258,44.524,9228843
2025-12-16,44.584,44.613,44.125,44.406,9742309
2025-12-17,44.416,44.766,44.347,44.593,10934998
2025-12-18,44.672,45.023,44.529,44.574,8978142
2025-12-19,44.603,44.934,44.495,44.771,10358053
2025-12-22,45.022,45.340,44.963,45.300,9862655
2025-12-23,45.409,45.429,45.166,45.379,8424796
2025-12-24,45.360,45.518,45.241,45.469,2767614
2025-12-26,45.578,45.766,45.489,45.737,5035787
2025-12-29,45.370,45.489,45.166,45.370,6370409
2025-12-30,45.439,45.479,45.260,45.360,4432075
2025-12-31,45.241,45.300,44.961,44.983,5704262
2026-01-02,45.151,45.801,44.903,45.746,18031002
2026-01-05,45.647,46.351,45.627,46.203,22033934
2026-01-06,46.351,47.244,46.312,47.115,18351568
2026-01-07,46.957,47.175,46.252,46.302,16963809
2026-01-08,46.034,47.244,45.895,47.115,14918890
2026-01-09,47.205,47.899,47.170,47.869,11769696
2026-01-12,47.978,48.216,47.813,48.127,12673138
2026-01-13,48.206,48.365,47.998,48.335,10797859
2026-01-14,48.355,48.742,48.236,48.355,16030116
2026-01-15,48.375,48.712,48.216,48.563,17883630
2026-01-16,48.177,48.325,47.968,48.286,10769302
2026-01-20,47.958,48.127,47.631,47.800,17363825
2026-01-21,48.425,48.980,48.276,48.841,16940422
2026-01-22,48.970,49.421,48.945,49.119,14648291
2026-01-23,49.059,49.585,48.960,49.565,19550710
2026-01-26,50.012,50.066,49.610,49.625,13900941
2026-01-27,49.461,49.774,49.278,49.575,10123803
2026-01-28,49.714,49.803,49.139,49.545,13517233
2026-01-29,50.041,50.210,48.886,49.595,20503731
2026-01-30,48.816,49.248,48.415,48.871,28082600
2026-02-02,48.851,49.407,48.801,49.248,25155336
2026-02-03,49.774,50.805,49.655,50.289,34077441
2026-02-04,50.597,51.599,50.597,51.470,35878617
2026-02-05,50.964,51.103,49.952,50.091,25667272
2026-02-06,50.448,51.197,50.448,51.093,14367401
2026-02-09,51.053,51.886,50.850,51.757,12325169
2026-02-10,51.728,52.556,51.698,52.481,18381378
2026-02-11,52.680,53.235,52.680,53.186,24891284
2026-02-12,53.235,53.701,52.313,52.402,30108108
2026-02-13,52.114,53.203,52.015,52.878,19918942
2026-02-17,52.273,52.536,51.658,52.273,20404661
2026-02-18,52.571,52.908,52.313,52.591,11992740
2026-02-19,52.224,52.739,52.005,52.402,18340238
2026-02-20,52.194,52.823,51.896,52.531,17810549
2026-02-23,52.065,52.670,51.936,52.531,17354008
2026-02-24,52.531,53.067,52.481,52.928,13452185
2026-02-25,53.295,53.315,52.238,52.630,12379430
2026-02-26,52.462,52.690,51.921,52.571,15645084
2026-02-27,52.432,53.052,52.243,52.977,12122719
2026-03-02,52.640,52.953,52.085,52.819,19444582
2026-03-03,51.251,51.663,50.279,51.519,27307856
2026-03-04,51.896,51.956,51.256,51.499,17141841
2026-03-05,51.182,51.361,50.101,50.418,19902083
2026-03-06,49.902,49.952,49.040,49.456,23171127
2026-03-09,48.861,49.779,48.206,49.585,22461901
2026-03-10,49.585,50.012,49.228,49.476,19214972
2026-03-11,49.327,49.486,48.881,49.436,12570923
2026-03-12,49.387,49.823,49.228,49.278,19572873
2026-03-13,49.625,49.724,48.613,48.792,17240310
2026-03-16,49.059,49.362,48.692,49.000,15641254
2026-03-17,49.278,49.575,49.079,49.119,12770548
2026-03-18,48.782,48.876,48.087,48.087,16432435
2026-03-19,47.254,47.606,46.833,47.353,23546718
2026-03-20,47.462,47.572,46.351,46.599,19735086
2026-03-23,47.225,47.972,47.180,47.374,19208407
2026-03-24,47.100,48.609,47.065,48.271,15814659
2026-03-25,48.819,49.262,48.485,49.227,15047127
2026-03-26,48.789,49.546,48.784,48.908,12903755
2026-03-27,48.859,49.108,48.600,48.729,10746256
2026-03-30,49.327,49.556,48.719,48.908,16612882
2026-03-31,49.332,50.044,49.103,49.785,20487775
2026-04-01,50.154,50.473,49.979,50.273,19966759
2026-04-02,49.895,50.732,49.725,50.223,13799934
2026-04-06,50.024,50.243,49.666,50.034,8885560
2026-04-07,49.935,50.134,49.496,49.895,9953373
2026-04-08,50.891,51.588,50.585,51.559,14354153
2026-04-09,51.369,51.877,51.280,51.479,7658501
2026-04-10,51.738,52.027,51.688,51.768,6138465
2026-04-13,51.499,52.062,51.364,51.997,9890593
2026-04-14,52.067,52.067,51.459,51.818,8273876
2026-04-15,51.708,51.708,51.045,51.190,20300869
2026-04-16,51.329,51.778,51.299,51.559,12382795
2026-04-17,51.409,52.176,51.275,51.688,11796042
2026-04-20,51.648,52.206,51.479,52.037,8558092
2026-04-21,52.057,52.375,51.444,51.578,9558082
2026-04-22,52.047,52.226,51.504,51.638,8933113
2026-04-23,51.519,51.708,51.090,51.618,13728378
2026-04-24,51.559,51.808,51.135,51.728,7420283
2026-04-27,51.803,51.982,51.419,51.588,8025878
2026-04-28,51.683,51.788,50.821,51.210,9073055
2026-04-29,51.299,51.319,50.702,50.771,7053253
2026-04-30,50.732,51.519,50.612,51.280,15283080
2026-05-01,51.449,51.578,51.150,51.160,9358179
2026-05-04,50.966,51.070,50.313,50.463,10041575
2026-05-05,50.851,51.598,50.706,51.339,10775122
2026-05-06,52.126,52.470,51.947,52.216,10500268
2026-05-07,52.405,52.575,51.185,51.210,13026632
2026-05-08,51.618,51.713,51.309,51.399,7599997
2026-05-11,51.668,52.211,51.638,52.067,8586863
2026-05-12,51.808,52.097,51.270,51.947,11594656
2026-05-13,51.937,52.321,51.828,51.867,8455420
2026-05-14,51.927,52.057,51.404,51.479,10703699
2026-05-15,50.821,51.001,50.059,50.114,11192913
2026-05-18,50.144,50.527,49.885,50.034,10543694
2026-05-19,49.596,49.676,48.709,48.859,11881549
2026-05-20,48.809,49.596,48.714,49.536,20467054
2026-05-21,49.357,50.064,48.953,49.835,10235945
2026-05-22,50.144,50.313,49.800,50.104,6955861
2026-05-26,50.492,50.976,50.463,50.801,8241784
2026-05-27,50.821,51.180,50.791,50.991,9010726
2026-05-28,50.881,51.280,50.423,51.170,10566987
2026-05-29,51.090,51.384,50.921,50.961,11728551
2026-06-01,50.463,50.861,49.940,50.732,24538184
2026-06-02,50.632,51.474,50.535,51.329,19926831
2026-06-03,51.160,51.833,51.050,51.439,12438681
2026-06-04,51.638,52.007,51.245,51.429,9689267
2026-06-05,51.220,51.459,50.308,50.443,12395723
2026-06-08,50.423,50.622,49.720,49.775,10994332
2026-06-09,50.403,50.632,49.656,50.582,13510484
2026-06-10,50.562,50.672,49.387,49.416,9676490
2026-06-11,49.885,51.140,49.815,51.030,12443086
2026-06-12,51.519,52.161,51.329,51.987,15194700
2026-06-15,52.674,52.998,52.276,52.306,14993336
2026-06-16,52.495,52.889,52.445,52.525,8429967
2026-06-17,52.326,53.113,51.668,51.828,16228882
2026-06-18,52.027,52.236,51.568,51.618,11934062
2026-06-22,51.180,51.820,51.150,51.620,9088399
2026-06-23,51.070,51.475,50.790,50.870,10273760
2026-06-24,50.870,51.530,50.790,51.160,12425637
2026-06-25,51.410,52.190,51.270,51.840,9656083
2026-06-26,51.570,51.890,51.375,51.600,9233770
2026-06-29,51.280,51.397,50.250,50.660,12726141
2026-06-30,51.070,51.190,50.670,50.830,8329051
2026-07-01,50.720,51.470,50.475,51.020,14129150
2026-07-02,51.400,52.025,51.295,52.010,12375725
2026-07-06,51.920,52.040,51.350,51.980,20090472
2026-07-07,51.960,52.120,51.295,51.510,12304983
2026-07-08,51.000,51.040,49.885,50.160,13282518
2026-07-09,50.370,50.545,50.120,50.260,10529735
2026-07-10,50.290,51.110,50.290,50.890,7507477
2026-07-13,50.970,51.345,50.355,50.580,9031384
2026-07-14,51.150,51.450,50.590,50.640,8755453
2026-07-15,50.660,50.840,50.110,50.500,12323268
2026-07-16,50.310,50.930,50.280,50.890,7147386
2026-07-17,50.800,51.445,50.385,50.530,8670746
2026-07-20,50.640,50.730,49.880,50.030,10680275
2026-07-21,50.500,50.540,49.845,50.100,8699892
2026-07-22,50.330,50.970,50.300,50.820,10222317
2026-07-23,50.420,50.970,50.120,50.290,10924990
2026-07-24,50.320,51.270,50.210,51.260,12192765
2026-07-27,51.470,51.630,51.085,51.390,8704309
2026-07-28,52.000,52.775,51.880,52.340,11774861
2026-07-29,52.340,52.340,51.325,51.740,13744759
2026-07-30,52.210,52.305,51.275,51.640,10866904
2026-07-31,50.910,51.050,50.205,50.430,18329136
2026-08-03,50.740,51.040,50.350,51.010,11964085
2026-08-04,51.310,52.070,51.025,52.000,16876660
2026-08-05,52.590,52.960,52.450,52.640,12070515
2026-08-06,52.630,52.860,52.010,52.170,9000613
2026-08-07,52.340,52.940,52.170,52.860,13068359
2026-08-10,52.810,53.200,52.610,53.180,11932597
2026-08-11,53.070,53.595,53.000,53.240,11450888
2026-08-12,53.450,53.480,52.535,52.580,9952309
2026-08-13,52.600,52.780,52.215,52.310,10407156
2026-08-14,52.460,52.645,52.270,52.540,7479620
2026-08-17,52.350,52.440,52.065,52.240,7654902
