date,open,high,low,close,volume
2016-01-04,19.769,19.972,19.486,19.815,43617338
2016-01-05,19.801,19.913,19.580,19.890,31058406
2016-01-06,19.420,19.460,18.964,19.125,53924154
2016-01-07,18.753,19.184,18.579,18.658,56163784
2016-01-08,18.816,18.858,18.350,18.418,38454230
2016-01-11,18.494,18.517,17.797,18.024,56889474
2016-01-12,18.303,18.362,17.567,18.066,71188272
2016-01-13,18.287,18.417,17.442,17.633,67916880
2016-01-14,17.813,18.553,17.534,18.392,76148646
2016-01-15,17.623,18.029,17.521,17.859,73760492
2016-01-19,17.994,18.078,17.196,17.475,71744602
2016-01-20,17.130,17.268,16.407,17.012,102614704
2016-01-21,16.992,17.754,16.880,17.541,87341444
2016-01-22,18.181,18.441,17.892,18.316,77245016
2016-01-25,17.968,18.428,17.449,17.462,58240016
2016-01-26,17.777,18.145,17.547,18.122,50709812
2016-01-27,17.997,18.540,17.810,18.037,72988948
2016-01-28,18.720,18.793,18.214,18.586,76343818
2016-01-29,18.618,19.148,18.563,19.128,62996310
2016-02-01,18.809,18.950,18.530,18.807,55370186
2016-02-02,18.349,18.433,18.088,18.181,50462444
2016-02-03,18.443,18.845,17.781,18.829,72881324
2016-02-04,18.868,19.223,18.730,18.819,74112264
2016-02-05,18.566,18.645,18.227,18.382,60481912
2016-02-08,18.017,18.402,17.744,18.287,69613466
2016-02-09,18.014,18.234,17.560,17.846,74822636
2016-02-10,17.794,18.178,17.583,17.774,60431652
2016-02-11,17.465,17.833,17.209,17.699,95973894
2016-02-12,17.942,18.244,17.781,18.165,51564096
2016-02-16,18.471,18.526,18.080,18.346,67600426
2016-02-17,18.566,19.029,18.492,18.947,58560090
2016-02-18,19.108,19.136,18.618,18.710,57664596
2016-02-19,18.461,18.674,18.303,18.668,50257504
2016-02-22,19.023,19.230,18.941,19.144,49416530
2016-02-23,18.960,19.052,18.457,18.490,42910058
2016-02-24,18.145,18.720,18.096,18.678,50559662
2016-02-25,18.622,18.743,18.329,18.694,37177874
2016-02-26,19.006,19.059,18.743,18.806,42310148
2016-02-29,18.881,18.934,18.576,18.592,45966580
2016-03-01,18.724,19.108,18.531,19.079,47285986
2016-03-02,18.960,19.558,18.868,19.545,53589934
2016-03-03,19.466,19.877,19.456,19.841,48791214
2016-03-04,19.953,20.318,19.739,20.031,61103216
2016-03-07,20.022,20.524,19.926,20.501,66721004
2016-03-08,20.334,20.347,19.608,19.640,59635184
2016-03-09,19.907,20.215,19.663,19.959,50935180
2016-03-10,19.874,19.999,19.614,19.976,57547630
2016-03-11,20.238,20.559,20.215,20.491,49567298
2016-03-14,20.234,20.427,20.156,20.357,43532114
2016-03-15,20.077,20.320,19.933,20.317,43439192
2016-03-16,20.439,20.715,20.298,20.669,53940740
2016-03-17,20.837,21.122,20.649,20.952,56321626
2016-03-18,21.108,21.128,20.814,21.009,60948014
2016-03-21,20.926,21.075,20.704,20.936,33397020
2016-03-22,20.691,21.009,20.678,20.820,28360238
2016-03-23,20.671,20.747,20.324,20.364,37747512
2016-03-24,20.082,20.463,19.986,20.463,31032056
2016-03-28,20.469,20.526,20.211,20.354,23129748
2016-03-29,20.125,20.465,20.006,20.450,28733884
2016-03-30,20.635,20.721,20.370,20.489,31489694
2016-03-31,20.410,20.637,20.377,20.479,28092814
2016-04-01,20.125,20.264,20.056,20.205,29609588
2016-04-04,20.168,20.380,19.996,20.056,31619060
2016-04-05,19.887,20.062,19.834,19.920,32097692
2016-04-06,20.082,20.354,19.933,20.350,36437582
2016-04-07,20.192,20.380,20.062,20.231,27854122
2016-04-08,20.612,20.751,20.536,20.638,35333012
2016-04-11,20.804,20.867,20.552,20.552,32471450
2016-04-12,20.632,21.285,20.589,21.164,55260836
2016-04-13,21.154,21.327,21.006,21.264,37405830
2016-04-14,21.353,21.356,21.186,21.313,34871072
2016-04-15,21.194,21.231,20.997,21.025,28442314
2016-04-18,20.592,21.426,20.542,21.373,41371602
2016-04-19,21.495,21.823,21.396,21.800,34682764
2016-04-20,21.684,22.164,21.614,21.995,42176666
2016-04-21,22.025,22.117,21.820,21.866,38670126
2016-04-22,21.919,22.266,21.902,22.184,31529018
2016-04-25,22.107,22.111,21.770,21.935,34468506
2016-04-26,22.061,22.295,22.008,22.286,27171390
2016-04-27,22.402,22.759,22.385,22.710,43924888
2016-04-28,22.607,22.771,22.286,22.372,31110374
2016-04-29,22.422,22.640,21.995,22.336,48214770
2016-05-02,22.296,22.390,22.038,22.313,30131932
2016-05-03,22.011,22.051,21.651,21.786,32316116
2016-05-04,21.800,21.952,21.343,21.472,37210714
2016-05-05,21.836,21.955,21.469,21.647,28704052
2016-05-06,21.509,21.863,21.452,21.598,25090950
2016-05-09,21.475,21.522,21.012,21.283,32041682
2016-05-10,21.393,21.664,21.383,21.657,20702758
2016-05-11,21.604,21.916,21.429,21.724,28429556
2016-05-12,21.919,22.084,21.621,21.783,24954334
2016-05-13,21.687,21.853,21.459,21.505,24743702
2016-05-16,21.786,21.939,21.724,21.869,27455374
2016-05-17,21.872,22.141,21.803,21.972,31674678
2016-05-18,21.968,22.040,21.621,21.760,45903546
2016-05-19,21.542,21.813,21.340,21.763,33709700
2016-05-20,21.829,21.939,21.697,21.892,19233024
2016-05-23,21.763,21.932,21.687,21.836,20545064
2016-05-24,21.949,22.074,21.810,21.945,22605810
2016-05-25,22.078,22.326,22.058,22.293,28536204
2016-05-26,22.379,22.475,22.131,22.200,21433602
2016-05-27,22.121,22.228,21.998,22.213,18517402
2016-05-31,22.266,22.442,22.028,22.127,30812248
2016-06-01,21.912,22.200,21.856,22.134,33391316
2016-06-02,21.965,22.117,21.882,22.104,25699982
2016-06-03,22.104,22.220,21.887,22.018,24315460
2016-06-06,22.233,22.524,22.193,22.505,36447604
2016-06-07,22.577,23.074,22.571,23.014,31236574
2016-06-08,23.153,23.249,22.898,22.961,36259422
2016-06-09,22.696,22.902,22.673,22.786,24681194
2016-06-10,22.551,22.696,22.263,22.293,28980382
2016-06-13,22.184,22.528,22.160,22.227,23175726
2016-06-14,22.134,22.326,21.962,22.213,24404948
2016-06-15,22.131,22.427,22.003,22.161,33659060
2016-06-16,21.922,22.088,21.621,22.054,39987384
2016-06-17,22.284,22.324,22.151,22.281,34871872
2016-06-20,22.601,22.651,22.454,22.474,21826470
2016-06-21,22.424,22.787,22.358,22.741,22444602
2016-06-22,22.841,22.841,22.594,22.614,20516448
2016-06-23,22.851,22.994,22.764,22.987,19076936
2016-06-24,22.101,22.499,22.081,22.244,53759800
2016-06-27,21.941,21.961,21.355,21.532,43649498
2016-06-28,21.935,22.134,21.810,22.131,29100864
2016-06-29,22.268,22.684,22.268,22.551,32708856
2016-06-30,22.454,22.744,22.408,22.731,24264536
2016-07-01,22.704,22.934,22.687,22.851,25357654
2016-07-05,22.544,22.624,22.168,22.391,30139842
2016-07-06,22.261,22.503,22.108,22.487,31794946
2016-07-07,22.621,22.764,22.101,22.257,28195578
2016-07-08,22.458,22.634,22.334,22.554,23135804
2016-07-11,22.674,22.781,22.578,22.598,19500772
2016-07-12,22.937,23.257,22.891,23.157,31049078
2016-07-13,23.090,23.217,22.742,22.957,25092494
2016-07-14,23.137,23.194,23.007,23.074,21797200
2016-07-15,23.157,23.211,22.976,23.061,18259058
2016-07-18,22.994,23.087,22.847,23.077,18802262
2016-07-19,23.021,23.057,22.861,22.947,13983818
2016-07-20,22.854,23.027,22.664,22.914,23109906
2016-07-21,22.851,23.061,22.631,22.687,18513828
2016-07-22,22.737,22.794,22.611,22.757,15981230
2016-07-25,22.607,22.657,22.221,22.304,25543328
2016-07-26,22.174,22.454,22.161,22.434,24787796
2016-07-27,22.464,22.627,22.118,22.214,32355804
2016-07-28,22.188,22.324,22.061,22.218,21726914
2016-07-29,21.901,22.471,21.881,22.444,33003576
2016-08-01,22.248,22.264,21.628,21.705,61297044
2016-08-02,21.858,22.008,21.508,21.901,51200152
2016-08-03,21.905,22.334,21.818,22.324,47811232
2016-08-04,22.241,22.444,22.164,22.291,33580444
2016-08-05,22.304,22.524,22.264,22.494,22853558
2016-08-08,22.651,22.947,22.644,22.794,43326808
2016-08-09,22.857,22.894,22.584,22.674,22256716
2016-08-10,22.721,22.771,22.381,22.428,36073586
2016-08-11,22.524,22.854,22.474,22.757,34859478
2016-08-12,22.817,22.954,22.757,22.884,20379344
2016-08-15,23.014,23.114,22.947,23.067,21406762
2016-08-16,23.027,23.177,22.887,23.104,20485518
2016-08-17,22.991,23.187,22.967,23.174,29438942
2016-08-18,23.254,23.650,23.230,23.650,48297088
2016-08-19,23.573,23.573,23.367,23.454,22091482
2016-08-22,23.250,23.294,23.077,23.184,28273402
2016-08-23,23.184,23.407,23.184,23.347,24912482
2016-08-24,23.217,23.370,23.192,23.254,32905284
2016-08-25,23.217,23.287,23.114,23.190,23791694
2016-08-26,23.230,23.410,23.001,23.110,29150130
2016-08-29,23.044,23.287,23.017,23.267,14787966
2016-08-30,23.320,23.410,23.099,23.187,14265734
2016-08-31,23.057,23.090,22.694,22.821,26465584
2016-09-01,22.724,22.809,22.574,22.754,33337036
2016-09-02,22.977,23.067,22.867,23.011,21588788
2016-09-06,23.071,23.376,23.051,23.357,25688110
2016-09-07,23.464,23.540,23.360,23.490,30189092
2016-09-08,23.640,23.963,23.527,23.930,36010696
2016-09-09,23.707,23.780,23.217,23.217,43543664
2016-09-12,23.054,23.567,23.011,23.447,43945790
2016-09-13,23.190,23.200,22.711,22.777,49160728
2016-09-14,22.751,23.024,22.450,22.508,52940318
2016-09-15,22.598,22.952,22.561,22.787,34467998
2016-09-16,22.455,22.686,22.455,22.602,34788810
2016-09-19,22.787,22.849,22.586,22.589,23595026
2016-09-20,22.562,22.716,22.408,22.425,28265870
2016-09-21,22.619,22.954,22.592,22.944,40521774
2016-09-22,23.192,23.276,22.951,22.971,26631830
2016-09-23,22.861,23.068,22.535,22.666,46150356
2016-09-26,22.743,22.864,22.522,22.566,26480308
2016-09-27,22.341,22.475,22.164,22.415,38820432
2016-09-28,22.546,23.417,22.355,23.383,82286874
2016-09-29,23.367,23.608,23.132,23.343,54003120
2016-09-30,23.507,23.785,23.356,23.661,29429054
2016-10-03,23.702,23.738,23.447,23.645,26309878
2016-10-04,23.665,23.722,23.308,23.403,23705626
2016-10-05,23.641,23.871,23.618,23.762,26702304
2016-10-06,23.832,23.909,23.584,23.799,22351558
2016-10-07,23.802,23.903,23.591,23.661,23488860
2016-10-10,23.896,24.120,23.873,24.033,23068998
2016-10-11,23.950,23.990,23.628,23.759,27424472
2016-10-12,23.658,23.740,23.457,23.658,20878226
2016-10-13,23.511,23.648,23.219,23.527,27086758
2016-10-14,23.648,23.725,23.373,23.390,22744898
2016-10-17,23.397,23.470,23.148,23.276,14850028
2016-10-18,23.507,23.558,23.266,23.370,13890132
2016-10-19,23.551,23.883,23.527,23.702,28631804
2016-10-20,23.561,23.774,23.430,23.675,24989036
2016-10-21,23.521,23.561,23.383,23.521,28476962
2016-10-24,23.521,23.601,23.192,23.450,21336890
2016-10-25,23.444,23.695,23.303,23.343,26454254
2016-10-26,23.135,23.496,23.095,23.397,35735606
2016-10-27,23.497,23.531,23.301,23.310,28412610
2016-10-28,23.269,23.601,23.098,23.246,37116766
2016-10-31,23.162,23.286,22.954,22.995,25947670
2016-11-01,23.165,23.246,22.746,22.998,37649576
2016-11-02,22.780,22.861,22.452,22.743,45965966
2016-11-03,22.743,22.874,22.619,22.834,25496126
2016-11-04,22.720,22.941,22.572,22.710,35108158
2016-11-07,22.968,23.212,22.968,23.199,29599034
2016-11-08,23.085,23.360,23.052,23.229,22417416
2016-11-09,23.310,23.782,23.038,23.608,51987548
2016-11-10,23.591,23.886,23.511,23.708,41269658
2016-11-11,23.568,23.613,23.085,23.276,35319426
2016-11-14,23.192,23.430,23.065,23.407,25144010
2016-11-15,23.611,24.080,23.591,24.067,38457420
2016-11-16,24.013,24.174,23.826,23.899,33218206
2016-11-17,24.100,24.258,23.680,23.738,20675950
2016-11-18,23.822,23.970,23.702,23.836,23924616
2016-11-21,24.171,24.429,24.171,24.402,33750790
2016-11-22,24.409,24.529,24.094,24.389,32026486
2016-11-23,24.271,24.567,24.244,24.489,22923916
2016-11-25,24.385,24.439,24.248,24.368,17583566
2016-11-28,24.486,24.492,23.986,24.030,37580182
2016-11-29,23.665,23.879,23.480,23.735,36723488
2016-11-30,24.559,25.173,24.559,24.941,89709590
2016-12-01,25.404,25.488,24.982,25.002,54764758
2016-12-02,24.988,25.193,24.918,25.076,36677698
2016-12-05,25.303,25.500,25.196,25.297,45070236
2016-12-06,25.143,25.350,24.990,25.250,33927008
2016-12-07,25.193,25.486,25.193,25.451,32016530
2016-12-08,25.518,25.622,25.320,25.588,29200314
2016-12-09,25.722,25.722,25.521,25.669,17949662
2016-12-12,26.238,26.289,25.682,25.789,32260374
2016-12-13,25.984,26.268,25.746,26.081,32057100
2016-12-14,25.957,26.061,25.486,25.558,39702730
2016-12-15,25.451,25.711,25.307,25.615,40503550
2016-12-16,25.800,25.800,25.645,25.776,35729794
2016-12-19,25.749,25.796,25.608,25.658,14226416
2016-12-20,25.790,25.823,25.530,25.601,17964226
2016-12-21,25.655,25.759,25.513,25.641,16205408
2016-12-22,25.658,25.813,25.608,25.746,21940734
2016-12-23,25.705,25.775,25.665,25.722,12796264
2016-12-27,25.763,25.867,25.739,25.780,20017716
2016-12-28,25.837,25.847,25.480,25.500,16187360
2016-12-29,25.463,25.537,25.358,25.449,13394898
2016-12-30,25.426,25.567,25.294,25.375,17706576
2017-01-03,25.641,25.877,25.389,25.662,49246200
2017-01-04,25.682,25.729,25.524,25.608,22371024
2017-01-05,25.625,25.719,25.422,25.544,22282350
2017-01-06,25.625,25.653,25.400,25.567,14821096
2017-01-09,25.399,25.422,25.160,25.197,21921842
2017-01-10,25.177,25.234,24.947,24.968,19321686
2017-01-11,25.055,25.284,24.951,25.237,26254088
2017-01-12,25.379,25.406,25.032,25.133,21791208
2017-01-13,25.099,25.153,24.995,25.059,19813320
2017-01-17,25.136,25.274,25.116,25.214,19565918
2017-01-18,25.075,25.224,25.045,25.156,17450322
2017-01-19,25.156,25.166,24.958,25.018,18001840
2017-01-20,25.180,25.264,25.028,25.113,18364442
2017-01-23,24.998,25.049,24.725,24.846,30414088
2017-01-24,24.944,25.227,24.897,25.119,23714480
2017-01-25,25.126,25.328,25.119,25.251,18820562
2017-01-26,25.332,25.372,25.216,25.271,17303334
2017-01-27,25.116,25.143,24.934,25.008,19901842
2017-01-30,24.894,24.907,24.378,24.550,26572804
2017-01-31,24.563,24.600,24.301,24.560,28014752
2017-02-01,24.691,24.723,24.226,24.378,36848616
2017-02-02,24.419,24.560,24.223,24.516,25760202
2017-02-03,24.614,24.856,24.469,24.728,23657160
2017-02-06,24.766,24.813,24.449,24.520,21043344
2017-02-07,24.412,24.526,24.045,24.173,28315504
2017-02-08,24.061,24.284,23.802,24.230,32296824
2017-02-09,24.375,24.577,24.375,24.503,18523204
2017-02-10,24.698,24.826,24.614,24.688,20810734
2017-02-13,24.637,24.745,24.590,24.735,15969876
2017-02-14,24.806,24.826,24.506,24.816,21543374
2017-02-15,24.742,24.850,24.637,24.718,17853200
2017-02-16,24.742,24.776,24.344,24.381,22750870
2017-02-17,24.257,24.328,24.169,24.247,23290054
2017-02-21,24.476,24.543,24.375,24.412,23605038
2017-02-22,24.297,24.324,24.023,24.041,23078810
2017-02-23,24.311,24.351,23.991,24.142,34780290
2017-02-24,23.967,24.058,23.795,23.917,27995284
2017-02-27,23.940,24.226,23.900,24.122,47372884
2017-02-28,24.051,24.161,23.981,24.048,28036894
2017-03-01,24.270,24.641,24.253,24.530,37995142
2017-03-02,24.408,24.530,24.287,24.297,21540558
2017-03-03,24.338,24.429,24.198,24.253,22332976
2017-03-06,24.213,24.341,24.119,24.307,16749498
2017-03-07,24.395,24.402,24.061,24.092,22923502
2017-03-08,23.994,24.136,23.455,23.465,51132472
2017-03-09,23.347,23.634,23.209,23.620,55541300
2017-03-10,23.772,23.802,23.448,23.586,34958532
2017-03-13,23.563,23.704,23.509,23.590,26157606
2017-03-14,23.408,23.411,23.118,23.324,52769522
2017-03-15,23.522,23.896,23.408,23.842,46410028
2017-03-16,23.893,23.893,23.607,23.674,32555090
2017-03-17,23.770,23.821,23.655,23.655,28487818
2017-03-20,23.577,23.672,23.435,23.637,24437330
2017-03-21,23.733,23.750,23.367,23.455,33434370
2017-03-22,23.384,23.530,23.289,23.421,24839224
2017-03-23,23.354,23.526,23.303,23.326,23600886
2017-03-24,23.360,23.411,23.191,23.235,20884952
2017-03-27,23.015,23.191,22.998,23.127,22982504
2017-03-28,23.160,23.513,23.107,23.455,55845186
2017-03-29,23.452,23.818,23.387,23.777,37150400
2017-03-30,23.926,23.984,23.709,23.770,31824646
2017-03-31,23.692,23.838,23.581,23.689,39722398
2017-04-03,23.726,23.743,23.411,23.648,26266610
2017-04-04,23.699,23.840,23.472,23.821,25947934
2017-04-05,24.021,24.228,23.711,23.747,45467444
2017-04-06,23.842,24.004,23.777,23.937,26249410
2017-04-07,23.950,24.014,23.809,23.845,25160596
2017-04-10,23.977,24.133,23.926,24.025,21641882
2017-04-11,24.062,24.072,23.770,24.028,27782936
2017-04-12,24.052,24.203,23.852,23.926,22907138
2017-04-13,23.906,23.923,23.435,23.489,35311918
2017-04-17,23.482,23.564,23.425,23.540,16024382
2017-04-18,23.435,23.591,23.271,23.320,29500564
2017-04-19,23.377,23.421,22.916,22.977,36250808
2017-04-20,23.045,23.259,23.021,23.089,32470842
2017-04-21,22.991,23.089,22.859,22.974,28232116
2017-04-24,23.143,23.204,23.038,23.110,26701356
2017-04-25,23.167,23.360,23.096,23.306,31181928
2017-04-26,23.198,23.543,23.188,23.228,37475156
2017-04-27,23.049,23.072,22.745,22.974,41095442
2017-04-28,23.171,23.211,22.955,22.991,28851928
2017-05-01,22.984,23.047,22.876,22.927,18838852
2017-05-02,22.974,23.049,22.716,22.811,32871284
2017-05-03,22.761,22.984,22.696,22.876,33869562
2017-05-04,22.716,22.744,22.310,22.456,67889076
2017-05-05,22.469,22.849,22.457,22.811,37487506
2017-05-08,22.808,23.015,22.788,22.974,37897464
2017-05-09,23.021,23.021,22.715,22.784,21439428
2017-05-10,22.916,23.194,22.896,23.086,36518340
2017-05-11,23.167,23.208,23.005,23.038,23937358
2017-05-12,23.021,23.066,22.893,22.960,21417208
2017-05-15,23.303,23.340,23.066,23.140,26413734
2017-05-16,23.249,23.249,22.944,23.025,23386780
2017-05-17,22.889,23.086,22.788,22.798,31213502
2017-05-18,22.696,22.905,22.611,22.791,28229900
2017-05-19,22.903,23.120,22.849,23.072,31249010
2017-05-22,23.194,23.208,22.940,23.021,20678490
2017-05-23,23.082,23.106,22.955,23.076,18173662
2017-05-24,23.049,23.120,22.849,22.954,27183070
2017-05-25,22.896,23.123,22.456,22.537,46658496
2017-05-26,22.537,22.594,22.428,22.574,26398288
2017-05-30,22.456,22.456,22.262,22.273,29058214
2017-05-31,22.096,22.245,22.061,22.178,32186056
2017-06-01,22.188,22.398,22.117,22.317,35967346
2017-06-02,22.215,22.222,21.964,22.059,33085096
2017-06-05,21.991,22.181,21.984,22.100,25104932
2017-06-06,22.086,22.398,22.035,22.361,29670564
2017-06-07,22.269,22.378,21.893,22.045,45884268
2017-06-08,21.940,22.144,21.934,21.981,39138682
2017-06-09,22.032,22.584,22.029,22.510,46368400
2017-06-12,22.710,22.894,22.620,22.669,45848772
2017-06-13,22.737,22.869,22.628,22.838,31615710
2017-06-14,22.777,22.777,22.252,22.425,60560444
2017-06-15,22.323,22.435,22.157,22.256,38517788
2017-06-16,22.386,22.632,22.243,22.622,49242026
2017-06-19,22.570,22.618,22.420,22.478,31356762
2017-06-20,22.219,22.253,21.943,22.192,32126850
2017-06-21,22.123,22.253,21.714,21.833,54610918
2017-06-22,21.844,22.007,21.731,21.820,30863224
2017-06-23,21.823,21.990,21.762,21.966,29110992
2017-06-26,22.035,22.076,21.830,21.919,27206726
2017-06-27,21.997,22.096,21.881,21.885,28454938
2017-06-28,21.912,22.137,21.898,22.004,33719812
2017-06-29,22.069,22.294,22.004,22.052,38044856
2017-06-30,22.212,22.253,22.007,22.151,39286302
2017-07-03,22.229,22.683,22.205,22.577,36805600
2017-07-05,22.465,22.485,22.036,22.120,41976430
2017-07-06,22.158,22.222,21.827,21.874,41577886
2017-07-07,21.803,21.871,21.595,21.840,32073490
2017-07-10,21.810,21.963,21.762,21.912,28307674
2017-07-11,21.949,22.110,21.813,22.031,23799654
2017-07-12,22.250,22.304,21.997,22.093,29637270
2017-07-13,22.110,22.198,21.987,22.181,20113558
2017-07-14,22.195,22.355,22.175,22.314,20545070
2017-07-17,22.274,22.439,22.253,22.287,24429886
2017-07-18,22.400,22.407,22.088,22.181,29913516
2017-07-19,22.158,22.526,22.140,22.506,49605396
2017-07-20,22.632,22.712,22.376,22.437,34318582
2017-07-21,22.362,22.468,22.185,22.216,27722684
2017-07-24,22.263,22.297,22.123,22.175,20866742
2017-07-25,22.441,22.615,22.390,22.454,30958572
2017-07-26,22.581,22.738,22.417,22.478,42422820
2017-07-27,22.485,22.717,22.383,22.707,31631828
2017-07-28,22.632,22.903,22.594,22.680,29530012
2017-07-31,22.686,22.860,22.625,22.731,27039002
2017-08-01,22.744,22.857,22.628,22.727,25337368
2017-08-02,22.611,22.734,22.409,22.642,30237056
2017-08-03,22.605,22.642,22.226,22.325,30655606
2017-08-04,22.335,22.458,22.284,22.396,18741970
2017-08-07,22.301,22.342,22.158,22.226,22874528
2017-08-08,22.161,22.369,22.110,22.175,20858262
2017-08-09,22.209,22.333,22.113,22.195,20875734
2017-08-10,22.233,22.270,21.922,21.960,30524182
2017-08-11,21.891,22.014,21.796,21.816,31981884
2017-08-14,21.857,21.953,21.724,21.752,22813398
2017-08-15,21.786,21.786,21.543,21.670,25451244
2017-08-16,21.676,21.736,21.417,21.461,33166660
2017-08-17,21.376,21.458,21.151,21.158,29593850
2017-08-18,21.103,21.407,21.090,21.264,37265328
2017-08-21,21.233,21.241,21.086,21.154,20750352
2017-08-22,21.212,21.342,21.199,21.294,30343648
2017-08-23,21.250,21.496,21.229,21.386,23051936
2017-08-24,21.311,21.451,21.305,21.400,20781016
2017-08-25,21.441,21.581,21.434,21.496,16440420
2017-08-28,21.506,21.577,21.284,21.400,19912096
2017-08-29,21.298,21.400,21.216,21.373,17454162
2017-08-30,21.291,21.447,21.228,21.383,17328838
2017-08-31,21.475,21.540,21.403,21.485,20667362
2017-09-01,21.519,21.765,21.465,21.693,23191086
2017-09-05,21.782,21.919,21.659,21.813,36229504
2017-09-06,21.922,22.229,21.912,22.168,34104250
2017-09-07,22.178,22.263,22.062,22.209,17280664
2017-09-08,22.161,22.175,21.871,21.973,20529484
2017-09-11,22.059,22.212,22.007,22.181,27102110
2017-09-12,22.246,22.366,22.188,22.318,18819394
2017-09-13,22.366,22.611,22.342,22.598,31786550
2017-09-14,22.642,22.860,22.639,22.707,29166802
2017-09-15,22.754,22.761,22.609,22.761,26136256
2017-09-18,22.709,22.872,22.692,22.858,25167090
2017-09-19,22.906,22.984,22.861,22.951,21008514
2017-09-20,23.017,23.169,22.996,23.107,36547542
2017-09-21,23.075,23.171,23.010,23.114,17748166
2017-09-22,23.093,23.297,23.069,23.231,29295874
2017-09-25,23.338,23.636,23.316,23.566,29667538
2017-09-26,23.508,23.599,23.442,23.556,21421400
2017-09-27,23.577,23.663,23.445,23.656,21836488
2017-09-28,23.708,23.819,23.611,23.677,23599790
2017-09-29,23.594,23.677,23.518,23.674,28574934
2017-10-02,23.421,23.674,23.331,23.667,24833584
2017-10-03,23.636,23.722,23.591,23.642,14479578
2017-10-04,23.642,23.712,23.542,23.625,20395174
2017-10-05,23.642,23.770,23.629,23.732,20323594
2017-10-06,23.508,23.637,23.452,23.532,23926546
2017-10-09,23.559,23.651,23.532,23.580,11528168
2017-10-10,23.746,23.829,23.577,23.601,15527404
2017-10-11,23.573,23.668,23.476,23.656,20574048
2017-10-12,23.476,23.599,23.438,23.570,20362194
2017-10-13,23.708,23.777,23.542,23.556,17787404
2017-10-16,23.629,23.745,23.559,23.608,15333828
2017-10-17,23.601,23.672,23.494,23.622,16754272
2017-10-18,23.604,23.701,23.428,23.456,15412624
2017-10-19,23.293,23.480,23.283,23.383,15183758
2017-10-20,23.435,23.442,23.273,23.428,19640498
2017-10-23,23.445,23.521,23.286,23.307,17310626
2017-10-24,23.390,23.456,23.302,23.352,19640476
2017-10-25,23.311,23.378,23.117,23.190,27045494
2017-10-26,23.200,23.314,23.100,23.238,18724346
2017-10-27,23.117,23.404,22.934,23.279,32375984
2017-10-30,23.314,23.466,23.269,23.400,23229614
2017-10-31,23.411,23.563,23.307,23.476,19297960
2017-11-01,23.618,23.852,23.608,23.743,34612506
2017-11-02,23.743,23.808,23.530,23.674,22656592
2017-11-03,23.663,23.836,23.639,23.743,22223758
2017-11-06,23.850,24.317,23.808,24.285,38199938
2017-11-07,24.327,24.360,24.126,24.254,26820596
2017-11-08,24.196,24.258,24.002,24.137,28493244
2017-11-09,24.043,24.251,24.009,24.209,25977726
2017-11-10,24.168,24.189,23.898,24.081,21068476
2017-11-13,24.016,24.106,23.916,23.943,14979596
2017-11-14,23.853,23.853,23.528,23.556,33055388
2017-11-15,23.345,23.394,23.193,23.290,35386256
2017-11-16,23.217,23.300,23.131,23.196,25027900
2017-11-17,23.241,23.359,23.183,23.311,18344854
2017-11-20,23.283,23.304,23.153,23.255,15570510
2017-11-21,23.345,23.438,23.259,23.307,16928728
2017-11-22,23.445,23.492,23.387,23.400,18614944
2017-11-24,23.494,23.542,23.463,23.466,9981448
2017-11-27,23.366,23.394,23.177,23.228,21191798
2017-11-28,23.252,23.442,23.224,23.407,24226642
2017-11-29,23.397,23.578,23.349,23.535,27198674
2017-11-30,23.591,23.933,23.591,23.888,44607164
2017-12-01,24.057,24.254,23.833,24.088,42376684
2017-12-04,24.113,24.458,24.002,24.078,27151898
2017-12-05,24.078,24.164,23.947,23.974,21379520
2017-12-06,23.905,23.947,23.629,23.663,24122310
2017-12-07,23.639,23.774,23.618,23.732,17279956
2017-12-08,23.853,23.960,23.053,23.950,21393370
2017-12-11,23.995,24.246,23.981,24.123,22633430
2017-12-12,24.216,24.244,24.024,24.057,23516460
2017-12-13,24.057,24.113,23.952,24.023,18432098
2017-12-14,23.933,24.106,23.926,23.936,23565692
2017-12-15,24.106,24.106,23.882,23.915,20306810
2017-12-18,23.974,24.219,23.967,24.099,19321370
2017-12-19,24.210,24.273,24.078,24.134,13528494
2017-12-20,24.214,24.517,24.141,24.475,24508992
2017-12-21,24.485,25.066,24.461,24.993,33606264
2017-12-22,25.021,25.146,24.917,25.046,21321632
2017-12-26,25.136,25.307,25.084,25.265,17262210
2017-12-27,25.268,25.279,25.130,25.181,21710632
2017-12-28,25.178,25.220,25.134,25.220,15933570
2017-12-29,25.286,25.300,25.105,25.146,14712744
2018-01-02,25.272,25.588,25.192,25.561,29782708
2018-01-03,25.613,26.010,25.585,25.943,38599260
2018-01-04,25.926,26.117,25.832,26.100,28613686
2018-01-05,26.065,26.110,25.874,26.090,28408852
2018-01-08,26.079,26.260,26.008,26.246,19558434
2018-01-09,26.298,26.305,26.138,26.180,18468982
2018-01-10,26.257,26.274,26.128,26.149,21643966
2018-01-11,26.239,26.779,26.145,26.685,36179064
2018-01-12,26.692,27.012,26.692,26.942,39638410
2018-01-16,27.005,27.022,26.552,26.601,33789870
2018-01-17,26.678,26.949,26.504,26.834,28014764
2018-01-18,26.733,26.799,26.566,26.615,23029244
2018-01-19,26.556,26.591,26.406,26.580,25925494
2018-01-22,26.615,27.165,26.608,27.154,34033448
2018-01-23,27.207,27.234,26.977,27.113,20369876
2018-01-24,27.144,27.280,26.946,27.040,25839340
2018-01-25,27.175,27.175,26.779,26.827,23436898
2018-01-26,26.886,27.019,26.831,26.973,15570612
2018-01-29,26.866,26.960,26.525,26.566,25294334
2018-01-30,26.344,26.417,26.008,26.030,45503678
2018-01-31,26.100,26.147,25.867,26.048,31531094
2018-02-01,26.083,26.333,25.937,26.316,36023114
2018-02-02,25.832,25.895,25.077,25.216,62010810
2018-02-05,24.879,25.195,23.761,24.158,69535280
2018-02-06,23.744,24.524,23.629,24.350,65630352
2018-02-07,24.426,24.731,23.939,23.942,49207392
2018-02-08,23.967,24.064,23.208,23.219,55542248
2018-02-09,23.493,23.518,22.429,23.201,70348170
2018-02-12,23.500,23.841,23.389,23.580,49913712
2018-02-13,23.459,23.584,23.319,23.483,24569908
2018-02-14,23.253,23.894,23.198,23.824,39513840
2018-02-15,23.873,23.890,23.382,23.765,32938744
2018-02-16,23.664,23.928,23.563,23.706,27582148
2018-02-20,23.754,23.928,23.469,23.577,35616192
2018-02-21,23.507,23.727,23.180,23.180,25090798
2018-02-22,23.347,23.779,23.287,23.434,30660514
2018-02-23,23.549,23.960,23.507,23.942,31369666
2018-02-26,24.064,24.134,23.944,24.085,24312826
2018-02-27,24.134,24.325,23.768,23.772,26931414
2018-02-28,23.897,23.984,23.215,23.226,35243922
2018-03-01,23.201,23.554,23.024,23.191,45949968
2018-03-02,23.031,23.382,22.846,23.299,29157750
2018-03-05,23.191,23.619,23.149,23.546,25663068
2018-03-06,23.692,23.780,23.441,23.560,31355888
2018-03-07,23.306,23.553,23.163,23.382,24725204
2018-03-08,23.434,23.504,23.208,23.375,16026634
2018-03-09,23.556,23.841,23.535,23.821,22786106
2018-03-12,23.835,23.988,23.695,23.814,18972062
2018-03-13,23.887,23.995,23.546,23.643,21461708
2018-03-14,23.734,23.800,23.455,23.504,22696304
2018-03-15,23.591,23.692,23.205,23.382,24817026
2018-03-16,23.396,23.697,23.350,23.592,28685152
2018-03-19,23.519,23.550,23.094,23.228,29049964
2018-03-20,23.354,23.582,23.322,23.424,22518218
2018-03-21,23.564,24.192,23.491,24.037,32879100
2018-03-22,23.771,23.897,23.501,23.547,36967558
2018-03-23,23.666,23.939,23.350,23.403,38428566
2018-03-26,23.673,23.859,23.399,23.823,31906884
2018-03-27,23.925,24.023,23.462,23.599,27846260
2018-03-28,23.613,23.694,23.101,23.140,36457496
2018-03-29,23.242,23.720,23.238,23.627,27995846
2018-04-02,23.536,23.578,22.756,23.154,37986220
2018-04-03,23.242,23.669,23.021,23.648,28228630
2018-04-04,23.287,23.668,23.126,23.617,24981552
2018-04-05,23.676,24.192,23.676,24.041,27056814
2018-04-06,23.890,24.006,23.294,23.606,37767782
2018-04-09,23.718,24.020,23.624,23.718,21639666
2018-04-10,24.093,24.694,24.086,24.503,45243658
2018-04-11,24.465,24.815,24.433,24.759,42381894
2018-04-12,24.843,24.952,24.668,24.756,28623234
2018-04-13,24.889,25.131,24.854,25.029,26660842
2018-04-16,25.085,25.399,24.952,25.285,28048684
2018-04-17,25.352,25.499,25.208,25.383,32210538
2018-04-18,25.604,26.014,25.597,25.783,34622942
2018-04-19,25.804,26.007,25.657,25.814,36300688
2018-04-20,25.762,25.781,25.527,25.692,27380840
2018-04-23,25.611,25.853,25.471,25.849,29689266
2018-04-24,25.919,26.098,25.432,25.572,45575010
2018-04-25,25.492,25.811,25.331,25.776,26326622
2018-04-26,25.870,26.172,25.790,26.151,24433776
2018-04-27,25.884,26.004,25.772,25.874,21078606
2018-04-30,25.832,26.161,25.825,25.870,25926382
2018-05-01,25.741,25.758,25.387,25.713,27601854
2018-05-02,25.636,26.021,25.601,25.818,26869474
2018-05-03,25.699,25.800,25.411,25.758,30659152
2018-05-04,25.688,25.976,25.583,25.884,27170978
2018-05-07,26.088,26.487,25.867,25.919,35947398
2018-05-08,25.930,26.137,25.460,26.123,57548114
2018-05-09,26.442,26.950,26.438,26.656,49807876
2018-05-10,26.761,26.918,26.638,26.855,27780186
2018-05-11,26.915,27.076,26.834,26.894,24021312
2018-05-14,26.978,27.202,26.978,27.080,20452648
2018-05-15,27.020,27.129,26.880,27.087,20965380
2018-05-16,27.048,27.199,26.911,27.181,23994324
2018-05-17,27.269,27.628,27.255,27.591,32542640
2018-05-18,27.542,27.570,27.357,27.378,28185364
2018-05-21,27.532,27.658,27.393,27.658,23026218
2018-05-22,27.654,27.836,27.213,27.290,33166796
2018-05-23,27.132,27.307,26.906,27.286,33211576
2018-05-24,26.971,27.013,26.715,26.838,38309504
2018-05-25,26.365,26.400,25.881,26.140,64907034
2018-05-29,25.937,26.220,25.816,26.060,38654916
2018-05-30,26.284,26.967,26.273,26.848,46044338
2018-05-31,26.652,26.962,26.589,26.645,26517448
2018-06-01,26.736,26.948,26.627,26.771,28205096
2018-06-04,26.862,27.059,26.468,26.540,27378420
2018-06-05,26.410,26.680,26.351,26.477,27415856
2018-06-06,26.575,26.673,26.368,26.603,26958492
2018-06-07,26.743,27.160,26.736,27.006,30357720
2018-06-08,27.038,27.111,26.785,26.953,22473250
2018-06-11,26.946,27.215,26.890,27.094,21435554
2018-06-12,27.094,27.157,26.813,26.887,31414450
2018-06-13,26.803,26.943,26.675,26.785,25004212
2018-06-14,26.862,26.941,26.682,26.747,20582274
2018-06-15,26.595,26.647,26.118,26.175,32178794
2018-06-18,26.108,26.612,26.108,26.436,26368744
2018-06-19,26.118,26.475,26.044,26.376,25215288
2018-06-20,26.535,26.591,26.280,26.492,23311864
2018-06-21,26.305,26.319,25.878,26.002,30019592
2018-06-22,26.644,26.810,26.517,26.520,56621884
2018-06-25,26.443,26.480,25.811,25.988,36760690
2018-06-26,26.055,26.418,25.963,26.316,27058298
2018-06-27,26.535,27.000,26.524,26.669,41167732
2018-06-28,26.707,26.806,26.429,26.633,28570736
2018-06-29,26.707,27.082,26.707,26.799,26335874
2018-07-02,26.612,26.619,26.259,26.404,30593106
2018-07-03,26.679,26.983,26.508,26.570,18616354
2018-07-05,26.732,26.817,26.464,26.542,19939074
2018-07-06,26.460,26.789,26.337,26.704,18620858
2018-07-09,26.866,27.142,26.852,27.103,22118320
2018-07-10,27.269,27.526,27.237,27.304,22007522
2018-07-11,27.050,27.216,26.549,26.725,38725540
2018-07-12,26.796,26.944,26.580,26.771,25136062
2018-07-13,26.796,27.074,26.725,26.912,22846182
2018-07-16,26.647,26.778,26.374,26.602,22781488
2018-07-17,26.513,26.644,26.348,26.496,19506366
2018-07-18,26.369,26.552,26.108,26.513,30703040
2018-07-19,26.443,26.633,26.415,26.520,32463618
2018-07-20,26.520,26.580,26.344,26.429,21722634
2018-07-23,26.503,26.520,26.265,26.312,15247698
2018-07-24,26.429,26.799,26.393,26.644,20337000
2018-07-25,26.679,26.932,26.549,26.866,22075092
2018-07-26,26.923,27.207,26.870,27.159,24374770
2018-07-27,26.856,27.184,26.820,27.043,25285612
2018-07-30,27.258,27.371,27.166,27.265,22789994
2018-07-31,27.314,27.389,27.154,27.216,22581422
2018-08-01,26.979,26.990,26.693,26.838,22345250
2018-08-02,26.640,26.741,26.468,26.690,19379516
2018-08-03,26.640,26.688,26.418,26.552,15326674
2018-08-06,26.630,26.778,26.471,26.651,16400186
2018-08-07,26.923,26.997,26.764,26.849,23596680
2018-08-08,26.662,26.753,26.494,26.655,18802110
2018-08-09,26.676,26.725,26.365,26.408,30464934
2018-08-10,26.348,26.570,26.295,26.570,33955456
2018-08-13,26.520,26.612,26.217,26.231,19634288
2018-08-14,26.432,26.471,26.186,26.295,20875748
2018-08-15,26.044,26.086,25.303,25.377,52800896
2018-08-16,25.501,25.705,25.486,25.561,50027468
2018-08-17,25.628,25.691,25.531,25.624,23065968
2018-08-20,25.631,25.887,25.621,25.797,16691484
2018-08-21,26.012,26.136,25.899,25.928,19018278
2018-08-22,26.090,26.321,26.072,26.238,18690766
2018-08-23,26.115,26.160,26.016,26.115,12937788
2018-08-24,26.277,26.460,26.252,26.305,15506568
2018-08-27,26.393,26.533,26.355,26.499,13969758
2018-08-28,26.549,26.658,26.369,26.386,16786958
2018-08-29,26.471,26.658,26.390,26.549,15520892
2018-08-30,26.538,26.591,26.335,26.475,18501082
2018-08-31,26.393,26.400,26.160,26.270,17819318
2018-09-04,26.390,26.411,26.108,26.213,30189486
2018-09-05,26.093,26.192,25.829,26.178,19196234
2018-09-06,26.079,26.168,25.626,25.695,28812804
2018-09-07,25.599,25.737,25.331,25.691,20268742
2018-09-10,25.822,25.928,25.672,25.681,17823326
2018-09-11,25.656,26.072,25.585,25.924,28563142
2018-09-12,26.136,26.316,26.051,26.058,25378838
2018-09-13,26.016,26.118,25.843,26.069,22074898
2018-09-14,26.072,26.305,26.062,26.206,18988680
2018-09-17,26.273,26.425,26.186,26.249,29457798
2018-09-18,26.436,26.600,26.416,26.422,20446946
2018-09-19,26.429,26.612,26.404,26.503,21823074
2018-09-20,26.616,26.718,26.478,26.510,25024748
2018-09-21,26.651,26.772,26.470,26.683,27420204
2018-09-24,26.918,27.191,26.896,27.074,25569010
2018-09-25,27.244,27.363,27.209,27.248,26055136
2018-09-26,27.081,27.223,26.937,26.985,25457126
2018-09-27,27.092,27.127,26.912,26.985,21344292
2018-09-28,26.857,27.195,26.843,26.910,29666146
2018-10-01,27.010,27.397,27.010,27.283,25425820
2018-10-02,27.351,27.404,27.124,27.312,18937300
2018-10-03,27.429,27.614,27.351,27.532,26489606
2018-10-04,27.443,27.610,27.259,27.419,30385476
2018-10-05,27.390,27.504,27.246,27.415,23966474
2018-10-08,27.212,27.436,27.106,27.394,23157348
2018-10-09,27.490,27.841,27.372,27.639,33634016
2018-10-10,27.685,27.730,26.648,26.772,52810530
2018-10-11,26.512,26.530,25.670,25.866,71184224
2018-10-12,26.122,26.200,25.543,25.937,47157920
2018-10-15,25.933,26.040,25.713,25.720,23180748
2018-10-16,25.791,25.980,25.685,25.933,29142778
2018-10-17,25.884,25.962,25.548,25.770,31608596
2018-10-18,25.532,25.880,25.479,25.642,33174182
2018-10-19,25.514,25.788,25.397,25.415,27136884
2018-10-22,25.397,25.450,24.981,25.134,24588972
2018-10-23,24.764,24.772,24.128,24.477,52955466
2018-10-24,24.594,24.601,23.503,23.510,56200390
2018-10-25,23.798,24.043,23.638,23.798,50667140
2018-10-26,23.603,23.912,23.230,23.620,51159878
2018-10-29,23.794,23.826,22.871,23.180,48919692
2018-10-30,23.166,23.773,23.059,23.716,52794704
2018-10-31,23.947,24.263,23.830,23.862,34575592
2018-11-01,23.912,24.178,23.667,24.064,42951622
2018-11-02,24.331,24.509,23.762,24.004,42424968
2018-11-05,24.295,24.501,24.240,24.406,26463260
2018-11-06,24.466,24.573,24.228,24.519,26144234
2018-11-07,24.835,24.999,24.551,24.921,33326412
2018-11-08,24.807,25.002,24.291,24.381,30290700
2018-11-09,24.057,24.494,23.926,24.338,45835636
2018-11-12,24.505,24.608,23.784,23.834,36083260
2018-11-13,23.766,23.894,23.162,23.286,65464280
2018-11-14,23.649,23.738,23.034,23.247,45084222
2018-11-15,23.098,23.619,22.892,23.588,31348480
2018-11-16,23.734,23.949,23.617,23.869,39510932
2018-11-19,23.723,23.958,23.649,23.862,31167658
2018-11-20,23.549,23.606,22.903,23.080,52648764
2018-11-21,23.261,23.691,23.208,23.443,34661886
2018-11-23,22.860,22.942,22.540,22.707,28843540
2018-11-26,22.874,23.201,22.871,23.048,33365500
2018-11-27,22.931,23.151,22.853,22.984,44528588
2018-11-28,22.963,23.397,22.817,23.379,42296456
2018-11-29,23.397,23.720,23.363,23.532,28828926
2018-11-30,23.325,23.556,23.208,23.489,36258036
2018-12-03,24.025,24.157,23.730,24.011,43988232
2018-12-04,24.022,24.100,23.279,23.322,36593030
2018-12-06,22.810,22.928,22.409,22.892,70712146
2018-12-07,23.329,23.674,22.725,22.764,54891434
2018-12-10,22.604,22.714,21.894,22.409,46765558
2018-12-11,22.753,22.796,22.181,22.416,34483230
2018-12-12,22.782,22.935,22.490,22.505,38534714
2018-12-13,22.451,22.718,22.352,22.576,30597946
2018-12-14,22.437,22.530,21.954,22.061,45787628
2018-12-17,22.004,22.188,21.503,21.659,41464600
2018-12-18,21.620,21.697,21.031,21.147,53233970
2018-12-19,21.258,21.659,20.725,20.899,91097814
2018-12-20,20.643,20.959,20.195,20.320,77008768
2018-12-21,20.322,20.659,19.953,20.121,74788222
2018-12-24,19.884,19.981,19.289,19.307,31211846
2018-12-26,19.493,20.512,19.135,20.508,58193942
2018-12-27,20.096,20.641,19.823,20.616,48754594
2018-12-28,20.709,20.802,20.333,20.458,38874848
2018-12-31,20.641,20.716,20.325,20.566,37410602
2019-01-02,20.239,21.111,20.136,20.971,49785292
2019-01-03,21.032,21.107,20.526,20.763,36048104
2019-01-04,21.122,21.534,21.000,21.469,42702958
2019-01-07,21.631,21.946,21.344,21.789,36113812
2019-01-08,22.093,22.144,21.839,21.957,37384622
2019-01-09,22.251,22.380,22.022,22.305,37513566
2019-01-10,22.136,22.398,22.011,22.369,38335192
2019-01-11,22.255,22.380,22.040,22.237,28211896
2019-01-14,22.025,22.273,21.993,22.183,26383478
2019-01-15,22.305,22.473,22.151,22.262,19642934
2019-01-16,22.237,22.416,22.158,22.233,25082258
2019-01-17,22.065,22.534,22.014,22.438,20349654
2019-01-18,22.703,22.911,22.570,22.893,29063516
2019-01-22,22.642,22.692,22.334,22.395,39726336
2019-01-23,22.473,22.502,21.982,22.165,46735306
2019-01-24,22.118,22.484,22.029,22.283,26098364
2019-01-25,22.473,22.707,22.438,22.567,20467172
2019-01-28,22.269,22.352,22.097,22.341,24045488
2019-01-29,22.470,22.560,22.391,22.409,23768290
2019-01-30,22.549,22.796,22.427,22.724,24233222
2019-01-31,22.760,22.977,22.699,22.872,35688354
2019-02-01,23.119,23.406,23.044,23.270,29544820
2019-02-04,23.112,23.331,22.940,23.323,20216102
2019-02-05,23.305,23.399,23.230,23.359,15705354
2019-02-06,23.248,23.313,23.166,23.187,13607618
2019-02-07,23.044,23.123,22.463,22.674,29200950
2019-02-08,22.613,22.667,22.187,22.570,21268812
2019-02-11,22.463,22.714,22.398,22.678,24994772
2019-02-12,22.983,23.096,22.699,22.965,21354584
2019-02-13,23.058,23.435,23.033,23.252,26123306
2019-02-14,23.169,23.510,23.126,23.334,20426818
2019-02-15,23.578,23.729,23.524,23.711,20367676
2019-02-19,23.592,23.872,23.558,23.782,17443262
2019-02-20,23.746,24.001,23.743,23.883,19871386
2019-02-21,23.807,23.868,23.427,23.513,23732232
2019-02-22,23.689,23.761,23.463,23.582,19896516
2019-02-25,23.506,23.700,23.485,23.621,31808916
2019-02-26,23.599,23.761,23.539,23.546,21101364
2019-02-27,23.660,23.879,23.524,23.635,20588026
2019-02-28,23.639,23.671,23.252,23.399,22498814
2019-03-01,23.524,23.833,23.524,23.829,40655996
2019-03-04,23.915,23.972,23.513,23.872,39560610
2019-03-05,23.904,23.915,23.625,23.793,31615098
2019-03-06,23.599,23.650,23.374,23.492,45381846
2019-03-07,23.506,23.524,23.259,23.352,46892332
2019-03-08,22.976,23.022,22.701,22.915,31243066
2019-03-11,23.083,23.327,23.062,23.273,26424178
2019-03-12,23.313,23.542,23.305,23.424,22026278
2019-03-13,23.571,23.671,23.474,23.660,26413580
2019-03-14,23.682,23.804,23.655,23.686,24640840
2019-03-15,23.664,23.748,23.585,23.675,24854718
2019-03-18,23.704,24.044,23.693,24.004,20135818
2019-03-19,24.123,24.246,23.842,23.939,25051912
2019-03-20,23.917,24.365,23.845,24.149,27325726
2019-03-21,24.076,24.358,24.026,24.319,35756092
2019-03-22,24.098,24.138,23.571,23.661,39949950
2019-03-25,23.560,23.711,23.444,23.672,24693074
2019-03-26,23.946,24.174,23.881,24.011,23033086
2019-03-27,23.993,24.102,23.659,23.842,19165294
2019-03-28,23.740,23.961,23.693,23.932,18298318
2019-03-29,24.163,24.221,23.816,23.896,20075242
2019-04-01,24.055,24.261,24.022,24.210,24823494
2019-04-02,24.272,24.292,23.986,24.044,22304864
2019-04-03,24.113,24.160,23.728,23.813,23979574
2019-04-04,23.827,24.029,23.711,24.011,21008764
2019-04-05,24.076,24.461,24.066,24.434,34538476
2019-04-08,24.470,24.666,24.441,24.543,21204276
2019-04-09,24.470,24.470,24.167,24.243,29083852
2019-04-10,24.297,24.445,24.268,24.333,18751972
2019-04-11,24.311,24.519,24.161,24.351,21828468
2019-04-12,24.702,24.720,24.355,24.416,30853682
2019-04-15,24.387,24.445,24.232,24.272,16601960
2019-04-16,24.358,24.467,24.270,24.431,16260674
2019-04-17,24.579,24.633,24.364,24.398,21869244
2019-04-18,24.467,24.499,24.221,24.282,19519306
2019-04-22,24.507,24.812,24.438,24.796,28329314
2019-04-23,24.814,24.868,24.595,24.756,20424442
2019-04-24,24.778,24.792,24.311,24.322,22038102
2019-04-25,24.319,24.445,24.192,24.246,24121826
2019-04-26,24.069,24.076,23.722,23.932,33676772
2019-04-29,23.939,24.039,23.863,23.910,25949082
2019-04-30,24.142,24.158,23.863,23.892,28654306
2019-05-01,23.899,23.972,23.397,23.415,44311982
2019-05-02,23.267,23.408,22.996,23.007,56066024
2019-05-03,23.224,23.402,23.169,23.220,39249118
2019-05-06,23.043,23.316,23.021,23.242,40689314
2019-05-07,22.967,23.057,22.745,23.039,30129436
2019-05-08,23.028,23.231,22.978,23.039,19647414
2019-05-09,22.931,23.126,22.737,23.039,28819088
2019-05-10,23.039,23.205,22.714,23.148,26149908
2019-05-13,22.938,23.048,22.642,22.750,28140044
2019-05-14,22.873,23.222,22.851,23.028,18483912
2019-05-15,22.898,23.198,22.837,23.148,20184686
2019-05-16,23.205,23.361,23.205,23.274,18753238
2019-05-17,23.119,23.245,23.010,23.039,21111598
2019-05-20,23.043,23.159,23.003,23.050,16372648
2019-05-21,23.148,23.383,23.119,23.318,36760900
2019-05-22,23.177,23.231,22.880,22.956,19274242
2019-05-23,22.573,22.591,22.053,22.186,47927226
2019-05-24,22.363,22.450,22.076,22.269,20306762
2019-05-28,22.284,22.324,22.006,22.038,25861284
2019-05-29,21.735,21.910,21.604,21.897,33903170
2019-05-30,21.861,21.901,21.550,21.619,30347722
2019-05-31,21.323,21.518,21.239,21.239,43797084
2019-06-03,21.384,21.615,21.352,21.511,36049322
2019-06-04,21.713,21.933,21.655,21.883,29486854
2019-06-05,21.926,21.933,21.511,21.641,31764108
2019-06-06,21.684,22.125,21.684,22.042,64787830
2019-06-07,22.110,22.282,22.056,22.143,31548142
2019-06-10,22.262,22.407,22.176,22.208,19675650
2019-06-11,22.403,22.475,22.244,22.251,19045258
2019-06-12,22.107,22.157,21.867,21.937,27632904
2019-06-13,22.190,22.295,21.931,22.194,24383878
2019-06-14,22.248,22.251,21.996,22.049,15832832
2019-06-17,22.002,22.295,21.933,22.233,17590496
2019-06-18,22.378,22.674,22.338,22.541,34444288
2019-06-19,22.508,22.645,22.396,22.515,17655330
2019-06-20,22.877,23.050,22.851,23.014,51907938
2019-06-21,23.049,23.262,23.049,23.180,32712654
2019-06-24,23.173,23.239,22.936,22.972,20793342
2019-06-25,22.958,22.980,22.763,22.790,23774666
2019-06-26,23.020,23.315,22.962,23.140,28653568
2019-06-27,23.140,23.210,22.921,22.969,21217996
2019-06-28,23.024,23.257,23.024,23.235,34739480
2019-07-01,23.523,23.600,23.199,23.257,29827720
2019-07-02,23.188,23.235,22.783,22.885,24201030
2019-07-03,22.918,22.994,22.779,22.976,13974692
2019-07-05,22.892,23.031,22.841,23.009,14726712
2019-07-08,22.972,23.169,22.907,23.042,17256964
2019-07-09,23.005,23.075,22.852,23.060,14976262
2019-07-10,23.206,23.436,23.052,23.355,23534762
2019-07-11,23.425,23.428,23.257,23.403,25362684
2019-07-12,23.417,23.582,23.417,23.501,16162748
2019-07-15,23.541,23.556,23.239,23.290,19077892
2019-07-16,23.242,23.282,22.949,23.042,21174106
2019-07-17,23.024,23.096,22.765,22.779,27329324
2019-07-18,22.670,22.783,22.537,22.783,25511130
2019-07-19,22.805,22.963,22.699,22.889,19930578
2019-07-22,22.976,23.071,22.812,22.994,15688368
2019-07-23,22.994,23.118,22.925,23.056,14537636
2019-07-24,23.027,23.304,23.002,23.155,19815468
2019-07-25,23.242,23.272,22.823,22.892,20140708
2019-07-26,22.892,22.896,22.677,22.776,19307646
2019-07-29,22.757,22.776,22.517,22.684,16569876
2019-07-30,22.593,22.994,22.548,22.940,21602696
2019-07-31,22.940,23.135,22.677,22.867,30556084
2019-08-01,22.615,22.721,22.205,22.349,50381192
2019-08-02,22.440,22.571,21.802,22.028,43399868
2019-08-05,21.619,21.678,21.218,21.371,55153782
2019-08-06,21.426,21.550,21.116,21.346,33995012
2019-08-07,20.956,21.288,20.846,21.185,49604376
2019-08-08,21.328,21.805,21.229,21.794,46535670
2019-08-09,21.813,21.860,21.463,21.554,29186438
2019-08-12,21.503,21.536,21.202,21.280,43837680
2019-08-13,21.204,21.696,21.091,21.495,28795452
2019-08-14,21.036,21.087,20.620,20.653,47299452
2019-08-15,20.544,20.642,20.303,20.525,28612176
2019-08-16,20.635,20.857,20.565,20.795,42900612
2019-08-19,21.087,21.331,21.047,21.255,27762230
2019-08-20,21.153,21.178,20.996,21.076,19042920
2019-08-21,21.295,21.331,21.133,21.211,24072802
2019-08-22,21.284,21.368,21.105,21.116,18703186
2019-08-23,20.864,21.061,20.290,20.409,48817082
2019-08-26,20.587,20.697,20.409,20.496,21741712
2019-08-27,20.606,20.689,20.259,20.368,23661352
2019-08-28,20.474,20.762,20.370,20.660,31392608
2019-08-29,20.821,21.050,20.799,20.963,24664612
2019-08-30,21.043,21.226,20.839,20.963,26044280
2019-09-03,20.624,20.905,20.562,20.861,27929604
2019-09-04,21.153,21.244,21.091,21.153,22381040
2019-09-05,21.339,21.650,21.306,21.415,29076780
2019-09-06,21.371,21.554,21.251,21.528,24468662
2019-09-09,21.703,22.010,21.660,21.959,49514240
2019-09-10,22.094,22.538,22.050,22.218,51435400
2019-09-11,22.342,22.517,22.119,22.239,45499888
2019-09-12,21.959,22.263,21.776,22.101,38119018
2019-09-13,22.247,22.393,22.152,22.276,28123160
2019-09-16,23.210,23.213,22.758,23.024,61355618
2019-09-17,23.038,23.045,22.549,22.703,52946362
2019-09-18,22.538,22.686,22.436,22.593,23235178
2019-09-19,22.728,22.779,22.466,22.535,28057096
2019-09-20,22.553,22.644,22.447,22.557,40328086
2019-09-23,22.406,22.623,22.380,22.565,18672226
2019-09-24,22.495,22.517,22.073,22.207,41149596
2019-09-25,22.104,22.270,22.053,22.244,20286536
2019-09-26,22.145,22.196,21.841,21.953,28174430
2019-09-27,21.832,22.117,21.792,21.950,31263180
2019-09-30,21.847,21.935,21.769,21.792,39631250
2019-10-01,21.865,21.946,21.284,21.287,32935924
2019-10-02,21.162,21.214,20.704,20.765,38561346
2019-10-03,20.650,21.011,20.483,20.989,42371642
2019-10-04,21.077,21.149,20.864,21.122,22122778
2019-10-07,21.155,21.236,20.923,20.934,24604676
2019-10-08,20.720,20.882,20.547,20.577,41603706
2019-10-09,20.761,20.879,20.724,20.765,17868880
2019-10-10,20.834,21.081,20.801,21.026,20749580
2019-10-11,21.243,21.506,21.206,21.309,48389702
2019-10-14,21.155,21.374,21.074,21.298,24333662
2019-10-15,21.254,21.600,21.228,21.387,22534652
2019-10-16,21.313,21.464,21.081,21.088,24008052
2019-10-17,21.177,21.243,21.037,21.103,24578714
2019-10-18,21.048,21.217,20.989,20.993,20556312
2019-10-21,21.033,21.387,21.007,21.368,21000446
2019-10-22,21.434,21.891,21.369,21.644,42216682
2019-10-23,21.607,21.869,21.515,21.825,24427180
2019-10-24,21.950,21.965,21.619,21.733,26410410
2019-10-25,21.740,21.972,21.711,21.909,23749444
2019-10-28,21.983,22.108,21.747,21.784,23508366
2019-10-29,21.703,22.057,21.630,21.873,26933504
2019-10-30,21.924,21.935,21.342,21.427,31012712
2019-10-31,21.339,21.372,21.125,21.335,30063512
2019-11-01,21.442,21.860,21.423,21.821,26620194
2019-11-04,22.071,22.598,22.068,22.531,43055934
2019-11-05,22.594,22.760,22.487,22.561,35100684
2019-11-06,22.528,22.576,22.038,22.101,35654790
2019-11-07,22.325,22.502,22.266,22.432,26483332
2019-11-08,22.296,22.369,22.086,22.340,20776790
2019-11-11,22.130,22.318,22.046,22.215,28960346
2019-11-12,22.281,22.403,21.987,22.101,25082492
2019-11-13,21.987,22.080,21.913,22.005,21587090
2019-11-14,21.998,22.119,21.843,21.946,16233954
2019-11-15,22.038,22.200,22.012,22.115,18362926
2019-11-18,21.976,22.000,21.755,21.847,25507660
2019-11-19,21.777,21.795,21.497,21.523,30758262
2019-11-20,21.515,21.898,21.383,21.740,34288752
2019-11-21,21.814,22.115,21.742,22.097,31283146
2019-11-22,22.115,22.222,21.979,22.023,22983340
2019-11-25,21.998,22.082,21.913,22.046,24671722
2019-11-26,22.075,22.082,21.762,21.843,26806248
2019-11-27,21.869,21.942,21.718,21.898,19333948
2019-11-29,21.718,21.795,21.597,21.677,15598728
2019-12-02,21.751,21.891,21.652,21.677,30778858
2019-12-03,21.486,21.523,21.276,21.353,34255648
2019-12-04,21.541,21.740,21.471,21.674,34857364
2019-12-05,21.766,21.792,21.497,21.571,21787492
2019-12-06,21.663,22.047,21.659,21.983,33459258
2019-12-09,21.814,22.060,21.814,21.957,17677916
2019-12-10,22.031,22.082,21.906,22.001,17571072
2019-12-11,21.968,22.115,21.920,21.965,24871976
2019-12-12,21.998,22.445,21.972,22.369,44983620
2019-12-13,22.447,22.590,22.185,22.200,22738766
2019-12-16,22.358,22.587,22.347,22.498,22272134
2019-12-17,22.594,22.715,22.428,22.513,46296850
2019-12-18,22.487,22.739,22.458,22.598,25881430
2019-12-19,22.601,22.664,22.550,22.590,25540118
2019-12-20,22.659,22.832,22.618,22.808,34837256
2019-12-23,22.781,23.057,22.754,23.042,26946574
2019-12-24,23.094,23.127,22.988,23.031,10074878
2019-12-26,23.131,23.209,22.993,23.023,20312548
2019-12-27,23.109,23.131,22.912,22.926,21437178
2019-12-30,23.014,23.056,22.819,22.853,29265756
2019-12-31,22.738,23.006,22.673,22.983,21457470
2020-01-02,23.136,23.224,23.056,23.190,23893736
2020-01-03,23.401,23.469,23.006,23.121,59031106
2020-01-06,23.202,23.420,23.121,23.301,44915442
2020-01-07,23.236,23.263,22.968,23.240,22986572
2020-01-08,23.217,23.244,22.826,22.857,38075862
2020-01-09,22.846,23.046,22.578,23.025,30734420
2020-01-10,23.014,23.033,22.868,22.895,18302296
2020-01-13,22.861,22.974,22.742,22.903,17556896
2020-01-14,22.853,22.934,22.704,22.907,34678022
2020-01-15,22.807,22.876,22.671,22.738,21651648
2020-01-16,22.872,22.949,22.763,22.777,16447860
2020-01-17,22.838,22.849,22.591,22.631,23813290
2020-01-21,22.505,22.509,22.187,22.225,34709110
2020-01-22,22.183,22.198,21.950,22.011,29355388
2020-01-23,21.781,21.994,21.613,21.927,26548024
2020-01-24,21.827,21.926,21.506,21.674,40781118
2020-01-27,21.238,21.322,21.046,21.073,43356078
2020-01-28,21.192,21.299,21.085,21.169,28590138
2020-01-29,21.288,21.364,20.920,20.947,27493412
2020-01-30,20.729,21.136,20.675,21.115,48857900
2020-01-31,20.759,20.817,20.350,20.457,66860524
2020-02-03,20.430,20.461,20.116,20.189,42577204
2020-02-04,20.480,20.641,20.223,20.262,39637672
2020-02-05,20.598,21.096,20.587,21.023,68763948
2020-02-06,21.123,21.123,20.775,20.809,30794786
2020-02-07,20.652,20.752,20.556,20.664,27386918
2020-02-10,20.556,20.606,20.434,20.560,29386588
2020-02-11,20.840,20.870,20.696,20.790,27686886
2020-02-12,21.100,21.188,20.897,21.069,34397238
2020-02-13,21.012,21.123,20.882,21.004,23949176
2020-02-14,21.077,21.092,20.763,20.893,25039974
2020-02-18,20.709,20.890,20.528,20.721,32629118
2020-02-19,20.859,21.081,20.745,20.997,24910010
2020-02-20,21.050,21.207,20.920,20.974,26078398
2020-02-21,20.775,20.794,20.553,20.725,27616400
2020-02-24,19.944,20.059,19.707,19.768,66069802
2020-02-25,19.821,19.837,18.773,18.895,85652186
2020-02-26,18.964,19.056,18.317,18.325,55319550
2020-02-27,17.850,18.193,17.337,17.345,122554088
2020-02-28,16.797,17.548,16.658,17.329,137527574
2020-03-02,17.716,18.053,17.199,18.030,73283224
2020-03-03,18.133,18.371,17.283,17.479,97186038
2020-03-04,17.854,17.896,17.482,17.892,48964946
2020-03-05,17.379,17.460,16.948,17.237,58749290
2020-03-06,16.652,16.801,16.024,16.269,123014534
2020-03-09,13.425,13.945,12.912,12.992,133112234
2020-03-10,14.037,14.095,12.770,13.609,96862072
2020-03-11,13.187,13.417,12.682,12.889,86985738
2020-03-12,11.940,12.250,11.247,11.281,77658138
2020-03-13,12.234,12.334,11.025,12.322,68189528
2020-03-16,10.699,11.911,10.592,10.646,80465464
2020-03-17,10.749,11.170,10.316,10.718,90882748
2020-03-18,9.968,10.175,8.758,9.180,104271238
2020-03-19,9.314,9.842,8.797,9.804,104452916
2020-03-20,10.052,10.272,9.478,9.899,116714452
2020-03-23,9.833,9.896,9.059,9.223,96520204
2020-03-24,9.939,10.757,9.939,10.702,89019310
2020-03-25,10.937,11.739,10.463,11.207,104868870
2020-03-26,11.320,12.130,11.179,11.892,93835448
2020-03-27,11.395,11.430,11.019,11.086,73056596
2020-03-30,10.937,11.297,10.600,11.199,84248784
2020-03-31,11.512,11.739,11.144,11.371,68700614
2020-04-01,11.003,11.144,10.655,10.808,47648816
2020-04-02,11.352,12.428,11.058,11.798,146255356
2020-04-03,12.169,12.252,11.338,11.672,127668650
2020-04-06,11.935,12.373,11.774,12.291,76038606
2020-04-07,12.897,13.253,12.529,12.553,103018714
2020-04-08,12.819,13.433,12.713,13.390,83809942
2020-04-09,13.907,14.267,12.766,13.269,182762922
2020-04-13,13.731,13.782,13.015,13.226,67685282
2020-04-14,13.292,13.453,13.077,13.163,72646838
2020-04-15,12.639,12.670,12.154,12.545,73402342
2020-04-16,12.514,12.553,11.991,12.009,64604486
2020-04-17,12.259,13.300,12.252,13.285,91706476
2020-04-20,12.502,13.343,12.436,12.870,112789948
2020-04-21,12.498,12.872,12.283,12.643,120855000
2020-04-22,13.214,13.300,12.917,13.093,73788088
2020-04-23,13.492,13.830,13.359,13.516,83205316
2020-04-24,13.785,13.907,13.332,13.547,64878090
2020-04-27,13.445,13.938,13.138,13.840,46576054
2020-04-28,14.048,14.243,13.821,14.157,59137078
2020-04-29,14.623,15.257,14.611,15.206,71074808
2020-04-30,15.292,15.292,14.650,14.869,84038164
2020-05-01,14.564,14.674,13.856,14.028,58530430
2020-05-04,13.770,14.525,13.703,14.513,52777004
2020-05-05,15.108,15.229,14.474,14.525,68729152
2020-05-06,14.595,14.721,14.134,14.145,47345022
2020-05-07,14.545,14.788,14.412,14.513,48479622
2020-05-08,14.854,15.182,14.768,15.175,49711936
2020-05-11,15.073,15.116,14.838,14.909,46544616
2020-05-12,15.057,15.077,14.627,14.646,56128974
2020-05-13,14.549,14.568,13.879,13.981,68994026
2020-05-14,13.735,14.271,13.422,14.138,61968134
2020-05-15,14.142,14.435,13.958,14.083,54426162
2020-05-18,14.889,15.331,14.850,15.233,73194792
2020-05-19,15.253,15.300,14.795,14.807,53940220
2020-05-20,15.112,15.425,15.033,15.398,54520192
2020-05-21,15.445,15.505,15.030,15.151,56240366
2020-05-22,15.030,15.073,14.748,15.057,38491668
2020-05-26,15.539,15.636,15.435,15.476,74888362
2020-05-27,15.703,15.793,15.237,15.675,71225480
2020-05-28,15.715,15.715,15.163,15.237,54358816
2020-05-29,15.104,15.280,14.850,15.167,71506132
2020-06-01,15.143,15.517,14.940,15.433,47737658
2020-06-02,15.601,15.879,15.582,15.863,50318448
2020-06-03,16.114,16.403,16.082,16.329,54600534
2020-06-04,16.239,16.395,16.004,16.333,54847840
2020-06-05,17.151,17.704,17.135,17.546,100393372
2020-06-08,18.184,18.344,17.777,18.336,95068514
2020-06-09,17.749,17.800,17.403,17.648,87395210
2020-06-10,17.483,17.499,16.771,16.779,80971502
2020-06-11,15.609,16.060,15.147,15.198,96301788
2020-06-12,15.867,15.981,15.159,15.582,85628778
2020-06-15,14.916,15.789,14.752,15.629,65705070
2020-06-16,16.372,16.395,15.621,16.079,64091296
2020-06-17,16.016,16.020,15.527,15.531,46735862
2020-06-18,15.374,15.893,15.280,15.722,36927768
2020-06-19,16.212,16.215,15.468,15.484,49791878
2020-06-22,15.412,15.610,15.230,15.559,38896188
2020-06-23,15.793,15.832,15.525,15.575,29611350
2020-06-24,15.333,15.337,14.611,14.710,64704244
2020-06-25,14.572,15.045,14.496,14.992,48032116
2020-06-26,14.885,14.885,14.403,14.473,67718260
2020-06-29,14.508,14.794,14.443,14.667,38901598
2020-06-30,14.548,15.091,14.395,15.004,41880222
2020-07-01,15.063,15.265,14.619,14.639,49144830
2020-07-02,14.940,15.146,14.769,14.802,41553314
2020-07-06,15.063,15.170,14.659,14.845,45079680
2020-07-07,14.659,14.679,14.350,14.373,41821198
2020-07-08,14.373,14.595,14.243,14.362,41301700
2020-07-09,14.298,14.338,13.636,13.652,61086968
2020-07-10,13.573,14.104,13.573,14.088,50454764
2020-07-13,14.219,14.274,13.906,14.013,74317254
2020-07-14,13.918,14.532,13.878,14.504,68433312
2020-07-15,14.873,14.913,14.599,14.817,51799800
2020-07-16,14.718,14.938,14.532,14.750,37634216
2020-07-17,14.798,14.960,14.480,14.544,35433030
2020-07-20,14.492,14.659,14.290,14.302,40149968
2020-07-21,14.548,15.281,14.528,15.166,72375398
2020-07-22,15.004,15.004,14.762,14.980,39231320
2020-07-23,14.928,15.028,14.762,14.952,42087782
2020-07-24,14.952,15.174,14.811,14.869,39900764
2020-07-27,14.849,14.952,14.663,14.885,36461972
2020-07-28,14.798,14.938,14.591,14.631,35553770
2020-07-29,14.671,14.948,14.572,14.936,34428404
2020-07-30,14.623,14.631,14.221,14.350,65661272
2020-07-31,14.132,14.298,13.991,14.282,49548834
2020-08-03,14.278,14.413,14.159,14.334,42206778
2020-08-04,14.286,14.714,14.273,14.683,45143084
2020-08-05,14.972,15.024,14.700,14.837,61521820
2020-08-06,14.754,14.887,14.663,14.718,38370892
2020-08-07,14.588,14.774,14.417,14.738,36745672
2020-08-10,14.849,15.200,14.813,15.194,52609642
2020-08-11,15.491,15.670,15.071,15.142,53022150
2020-08-12,15.372,15.471,15.131,15.293,51062980
2020-08-13,15.170,15.297,14.960,14.996,31515824
2020-08-14,14.877,15.162,14.821,15.139,26547604
2020-08-17,15.142,15.150,14.968,15.051,28503186
2020-08-18,14.996,15.141,14.815,14.861,28696688
2020-08-19,14.849,14.917,14.643,14.691,29579300
2020-08-20,14.473,14.568,14.370,14.373,38215360
2020-08-21,14.318,14.346,14.148,14.282,34680896
2020-08-24,14.370,14.778,14.284,14.675,49592612
2020-08-25,14.754,14.774,14.397,14.469,40236890
2020-08-26,14.449,14.449,14.144,14.163,36000650
2020-08-27,14.167,14.286,14.017,14.191,44515138
2020-08-28,14.247,14.488,14.175,14.445,29149838
2020-08-31,14.465,14.484,14.132,14.132,37571822
2020-09-01,14.068,14.100,13.862,14.037,36518794
2020-09-02,14.033,14.116,13.882,13.969,47697014
2020-09-03,13.941,14.231,13.783,13.866,78872086
2020-09-04,14.009,14.104,13.652,13.822,68670330
2020-09-08,13.561,13.624,13.168,13.319,98436826
2020-09-09,13.470,13.545,13.363,13.410,49900300
2020-09-10,13.450,13.466,12.895,12.919,73980148
2020-09-11,12.946,13.014,12.824,12.931,50789278
2020-09-14,12.966,13.149,12.875,13.030,38887862
2020-09-15,13.117,13.236,12.897,12.935,51220880
2020-09-16,13.049,13.628,12.938,13.454,71792188
2020-09-17,13.240,13.486,13.109,13.474,44712554
2020-09-18,13.466,13.476,13.186,13.323,52801422
2020-09-21,12.998,13.030,12.663,12.881,61414516
2020-09-22,12.889,13.094,12.724,12.748,44687162
2020-09-23,12.796,12.844,12.155,12.172,52906060
2020-09-24,12.127,12.389,11.902,12.168,70481374
2020-09-25,12.043,12.250,11.966,12.160,55112064
2020-09-28,12.379,12.583,12.363,12.446,52748786
2020-09-29,12.409,12.438,11.982,12.103,47598282
2020-09-30,12.180,12.321,12.010,12.067,49139602
2020-10-01,11.934,11.984,11.624,11.696,56727102
2020-10-02,11.382,11.910,11.362,11.809,57397774
2020-10-05,11.914,12.172,11.884,12.164,63144146
2020-10-06,12.341,12.409,11.950,11.982,62147418
2020-10-07,12.051,12.184,11.912,12.151,42084548
2020-10-08,12.252,12.615,12.194,12.607,61125130
2020-10-09,12.720,12.752,12.383,12.405,51027118
2020-10-12,12.365,12.482,12.236,12.438,33369206
2020-10-13,12.438,12.510,12.208,12.244,50740046
2020-10-14,12.272,12.583,12.248,12.297,54490644
2020-10-15,12.087,12.450,11.978,12.446,40719082
2020-10-16,12.421,12.438,12.143,12.164,37419976
2020-10-19,12.208,12.268,11.894,11.906,50371126
2020-10-20,11.974,12.149,11.894,12.047,45981810
2020-10-21,11.978,12.045,11.813,11.817,49313010
2020-10-22,11.837,12.321,11.761,12.305,65655280
2020-10-23,12.369,12.442,12.091,12.244,50151822
2020-10-26,12.035,12.051,11.688,11.805,60799036
2020-10-27,11.793,11.797,11.624,11.652,43191618
2020-10-28,11.366,11.438,11.100,11.164,81093410
2020-10-29,11.019,11.543,10.870,11.507,74501720
2020-10-30,11.426,11.579,11.293,11.571,75801266
2020-11-02,11.728,12.123,11.511,11.966,83786092
2020-11-03,12.168,12.176,11.789,11.898,69754906
2020-11-04,11.914,12.200,11.591,11.914,87227096
2020-11-05,11.930,12.151,11.890,11.914,63584236
2020-11-06,11.914,12.091,11.608,11.656,66445954
2020-11-09,13.054,13.614,11.651,13.320,198713412
2020-11-10,13.570,13.751,13.288,13.751,146676140
2020-11-11,13.900,13.928,13.481,13.610,93083846
2020-11-12,13.372,13.562,13.030,13.171,77187328
2020-11-13,13.272,13.717,13.255,13.650,78880312
2020-11-16,14.230,14.581,14.055,14.549,95861212
2020-11-17,14.359,14.706,14.170,14.698,78018062
2020-11-18,14.823,14.331,14.198,14.271,81999628
2020-11-19,14.170,14.533,14.025,14.504,65790962
2020-11-20,14.468,14.533,14.328,14.428,39578982
2020-11-23,14.653,15.467,14.637,15.447,76323620
2020-11-24,15.967,16.284,15.824,16.241,106932050
2020-11-25,16.136,16.136,15.774,15.862,71351940
2020-11-27,15.774,15.902,15.552,15.677,37506820
2020-11-30,15.504,15.524,14.784,14.811,83085610
2020-12-01,15.222,15.306,14.853,14.879,68958948
2020-12-02,14.831,15.596,14.780,15.363,75480986
2020-12-03,15.431,15.713,15.274,15.524,72975334
2020-12-04,15.806,16.380,15.806,16.370,103561514
2020-12-07,16.176,16.213,15.834,15.987,69313038
2020-12-08,15.790,16.384,15.786,16.225,57854494
2020-12-09,16.390,16.656,16.064,16.261,86690176
2020-12-10,16.281,16.954,16.237,16.761,77603910
2020-12-11,16.648,16.652,16.334,16.567,56152196
2020-12-14,16.821,16.825,15.929,15.987,79884334
2020-12-15,16.076,16.382,15.925,16.301,58689960
2020-12-16,16.342,16.402,16.108,16.221,47628126
2020-12-17,16.366,16.370,16.048,16.144,46470402
2020-12-18,16.112,16.201,15.749,15.874,73139906
2020-12-21,15.275,15.705,15.113,15.568,80156956
2020-12-22,15.536,15.589,15.291,15.307,50205596
2020-12-23,15.438,15.862,15.434,15.646,53930792
2020-12-24,15.666,15.666,15.409,15.564,22902816
2020-12-28,15.622,15.818,15.421,15.466,37820656
2020-12-29,15.560,15.605,15.291,15.364,37967624
2020-12-30,15.377,15.750,15.340,15.605,56435414
2020-12-31,15.536,15.601,15.405,15.475,36309682
2021-01-04,15.654,15.785,15.315,15.499,67717260
2021-01-05,15.666,16.618,15.652,16.193,95473402
2021-01-06,16.512,16.842,16.299,16.687,86262732
2021-01-07,16.834,17.104,16.659,16.932,51457040
2021-01-08,17.149,17.149,16.777,16.912,62742850
2021-01-11,16.544,17.245,16.450,17.177,46902986
2021-01-12,17.385,17.871,17.255,17.777,87942146
2021-01-13,17.839,17.847,17.504,17.639,54764420
2021-01-14,17.749,18.374,17.732,18.161,83314604
2021-01-15,17.839,17.843,17.283,17.455,95496080
2021-01-19,17.667,17.928,17.610,17.806,55713404
2021-01-20,17.957,18.002,17.696,17.871,50724154
2021-01-21,17.773,17.863,17.106,17.267,59988512
2021-01-22,16.887,17.224,16.748,17.177,50439100
2021-01-25,16.989,17.055,16.691,17.002,81821228
2021-01-26,17.153,17.410,16.630,16.638,54996854
2021-01-27,16.365,16.871,16.132,16.414,99865968
2021-01-28,16.548,16.806,16.397,16.606,57255652
2021-01-29,16.373,16.585,15.995,16.054,63068960
2021-02-01,16.250,16.332,15.899,16.169,61021096
2021-02-02,16.557,16.736,16.342,16.344,63928270
2021-02-03,16.430,17.087,16.369,17.042,74380820
2021-02-04,17.169,17.234,16.865,17.230,48323192
2021-02-05,17.500,17.557,17.326,17.377,48195088
2021-02-08,17.630,18.189,17.614,18.104,62366884
2021-02-09,17.961,18.018,17.673,17.912,64797456
2021-02-10,17.973,18.271,17.859,18.255,58450808
2021-02-11,18.198,18.202,17.592,17.973,49630236
2021-02-12,17.845,18.255,17.814,18.239,47411248
2021-02-16,18.659,18.912,18.563,18.696,76593356
2021-02-17,18.888,19.094,18.614,18.974,69071596
2021-02-18,18.892,18.929,18.486,18.545,61365066
2021-02-19,18.569,18.929,18.547,18.855,54601252
2021-02-22,18.982,19.788,18.949,19.509,75643630
2021-02-23,19.741,19.888,18.990,19.831,98370520
2021-02-24,19.962,20.652,19.794,20.533,77748756
2021-02-25,20.746,20.746,19.999,20.137,75888936
2021-02-26,19.868,19.925,19.080,19.660,90331240
2021-03-01,20.178,20.448,20.031,20.170,69466598
2021-03-02,20.244,20.407,20.048,20.060,74465338
2021-03-03,20.207,20.815,20.203,20.354,82577942
2021-03-04,20.537,21.215,20.346,20.840,107721478
2021-03-05,21.432,21.668,20.897,21.619,112389348
2021-03-08,21.832,21.946,21.346,21.660,100608260
2021-03-09,21.538,21.849,21.129,21.281,118889338
2021-03-10,21.313,21.893,21.211,21.820,78416538
2021-03-11,21.864,22.197,21.779,21.828,50797398
2021-03-12,21.869,22.068,21.707,21.873,59785962
2021-03-15,21.824,21.885,21.362,21.624,60491662
2021-03-16,21.264,21.285,20.876,21.007,77286870
2021-03-17,20.946,21.272,20.766,21.170,64552256
2021-03-18,20.983,21.076,20.133,20.219,87206904
2021-03-19,20.211,20.558,19.950,20.223,81197738
2021-03-22,20.176,20.252,19.986,20.028,59561740
2021-03-23,19.623,20.176,19.499,19.735,103196216
2021-03-24,20.036,20.502,20.036,20.230,81630716
2021-03-25,19.891,20.362,19.570,20.304,80668556
2021-03-26,20.671,20.836,20.436,20.807,72348626
2021-03-29,20.630,20.737,20.308,20.560,47283500
2021-03-30,20.349,20.601,20.230,20.382,53392264
2021-03-31,20.341,20.432,20.162,20.242,48096192
2021-04-01,20.333,20.766,20.226,20.758,65066442
2021-04-05,20.717,20.721,20.143,20.263,53397398
2021-04-06,20.362,20.632,20.176,20.209,53256204
2021-04-07,20.217,20.382,20.143,20.279,49887732
2021-04-08,20.135,20.139,19.784,20.015,63766252
2021-04-09,20.011,20.184,19.792,19.883,44373226
2021-04-12,20.056,20.201,19.656,19.726,39203728
2021-04-13,19.693,19.854,19.549,19.747,44825332
2021-04-14,19.920,20.562,19.900,20.296,66824674
2021-04-15,20.321,20.321,20.048,20.131,49694028
2021-04-16,20.279,20.329,19.885,19.970,57188994
2021-04-19,20.011,20.158,19.753,19.949,40834904
2021-04-20,19.879,19.908,19.223,19.421,72573926
2021-04-21,19.174,19.739,19.083,19.669,56991058
2021-04-22,19.764,19.770,19.372,19.438,50075570
2021-04-23,19.454,19.702,19.339,19.615,33899042
2021-04-26,19.541,19.896,19.541,19.747,35891710
2021-04-27,19.821,20.056,19.731,19.986,42268054
2021-04-28,20.135,20.754,20.118,20.675,65873770
2021-04-29,20.972,21.162,20.651,20.906,66081308
2021-04-30,20.609,20.894,20.333,20.378,58522954
2021-05-03,20.613,20.993,20.547,20.939,45740086
2021-05-04,20.981,21.137,20.713,20.952,53948312
2021-05-05,21.212,21.692,21.428,21.628,79644412
2021-05-06,21.624,21.740,21.222,21.740,58710460
2021-05-07,21.517,22.163,21.439,22.128,63196344
2021-05-10,22.404,22.751,22.119,22.136,68997800
2021-05-11,21.674,21.984,21.377,21.567,113531824
2021-05-12,21.678,22.309,21.571,21.670,82194402
2021-05-13,21.410,21.806,21.117,21.406,79687554
2021-05-14,21.641,22.152,21.641,22.070,57183436
2021-05-17,21.992,22.590,21.959,22.582,67400938
2021-05-18,22.549,22.629,22.016,22.058,70433270
2021-05-19,21.542,21.752,21.208,21.509,87968834
2021-05-20,21.501,21.575,21.171,21.476,56521798
2021-05-21,21.690,21.841,21.505,21.521,50535754
2021-05-24,21.670,21.785,21.427,21.736,48018848
2021-05-25,21.686,21.740,21.261,21.294,48555128
2021-05-26,21.315,21.560,21.216,21.484,39554446
2021-05-27,21.571,21.765,21.381,21.501,39053534
2021-05-28,21.620,21.649,21.426,21.542,37130924
2021-06-01,21.967,22.420,21.954,22.371,72569096
2021-06-02,22.507,22.895,22.243,22.788,67893446
2021-06-03,22.693,22.978,22.549,22.850,58761658
2021-06-04,22.998,23.097,22.662,23.002,52658810
2021-06-07,22.998,23.139,22.870,22.903,40070306
2021-06-08,22.825,23.143,22.553,23.101,57551972
2021-06-09,23.167,23.267,22.945,22.957,57539644
2021-06-10,23.267,23.374,22.685,22.928,57353898
2021-06-11,23.011,23.139,22.821,22.850,38091042
2021-06-14,22.932,23.073,22.566,22.751,37744992
2021-06-15,22.895,23.244,22.837,23.184,64284830
2021-06-16,23.147,23.330,22.858,23.060,60782328
2021-06-17,23.002,23.196,21.975,22.276,106939760
2021-06-18,21.810,22.086,21.600,21.616,113812230
2021-06-21,21.794,22.576,21.794,22.536,84366142
2021-06-22,22.482,22.774,22.236,22.686,48344136
2021-06-23,22.895,23.153,22.707,22.749,40551572
2021-06-24,22.853,22.962,22.632,22.945,41756490
2021-06-25,23.007,23.078,22.876,23.066,38329870
2021-06-28,22.966,22.978,22.195,22.286,65702894
2021-06-29,22.420,22.545,22.149,22.178,31910884
2021-06-30,22.245,22.519,22.224,22.453,47033848
2021-07-01,22.966,23.037,22.632,22.845,47251644
2021-07-02,22.749,22.870,22.553,22.795,30471484
2021-07-06,22.720,22.761,21.961,22.053,68446190
2021-07-07,22.020,22.224,21.453,21.694,60823864
2021-07-08,21.311,21.772,21.236,21.569,49375474
2021-07-09,21.846,22.045,21.590,22.028,51206070
2021-07-12,21.778,22.126,21.624,21.995,41351868
2021-07-13,21.886,22.024,21.699,21.828,49786208
2021-07-14,21.895,22.149,21.094,21.178,66994970
2021-07-15,20.948,21.203,20.782,20.882,59669974
2021-07-16,21.040,21.048,20.250,20.290,74253792
2021-07-19,19.598,19.852,19.298,19.573,114994546
2021-07-20,19.581,20.044,19.415,19.836,83342042
2021-07-21,20.227,20.694,20.181,20.527,82042444
2021-07-22,20.507,20.507,20.123,20.298,47269450
2021-07-23,20.365,20.373,20.019,20.223,46949882
2021-07-26,20.273,20.807,20.236,20.723,47264796
2021-07-27,20.561,20.594,20.290,20.532,46887746
2021-07-28,20.586,20.890,20.398,20.719,39169282
2021-07-29,20.986,21.078,20.794,20.919,43794020
2021-07-30,20.878,20.965,20.461,20.586,49600652
2021-08-02,20.598,21.098,20.398,20.432,57810562
2021-08-03,20.365,20.823,20.173,20.782,64300084
2021-08-04,20.407,20.659,20.188,20.219,64523830
2021-08-05,20.344,20.699,20.256,20.448,45799988
2021-08-06,20.623,20.798,20.523,20.636,36214760
2021-08-09,20.361,20.507,20.206,20.344,42192634
2021-08-10,20.452,20.757,20.427,20.702,53278426
2021-08-11,20.648,20.900,20.519,20.865,47685954
2021-08-12,20.848,20.961,20.590,20.844,36538108
2021-08-13,20.857,20.857,20.548,20.598,33050572
2021-08-16,20.319,20.327,20.040,20.219,48259822
2021-08-17,20.023,20.336,19.831,20.011,51108090
2021-08-18,20.006,20.163,19.569,19.594,56305040
2021-08-19,19.256,19.381,18.814,19.085,99256158
2021-08-20,18.910,19.246,18.827,19.127,61587520
2021-08-23,19.590,19.898,19.548,19.844,58704418
2021-08-24,20.011,20.275,19.977,20.173,45381916
2021-08-25,20.131,20.438,19.998,20.327,39817148
2021-08-26,20.211,20.323,19.986,20.019,41465332
2021-08-27,20.269,20.690,20.223,20.552,46201900
2021-08-30,20.632,20.711,20.302,20.311,31817772
2021-08-31,20.211,20.394,20.123,20.173,53869094
2021-09-01,20.152,20.269,19.802,19.877,63459834
2021-09-02,20.061,20.544,20.061,20.382,61642330
2021-09-03,20.340,20.490,20.169,20.265,39167966
2021-09-07,20.169,20.421,20.069,20.144,42481600
2021-09-08,20.256,20.390,19.873,19.886,43798298
2021-09-09,19.752,20.240,19.646,19.927,50529072
2021-09-10,20.259,20.277,19.856,19.919,37513066
2021-09-13,20.177,20.628,20.177,20.490,68498668
2021-09-14,20.673,20.710,20.104,20.194,58935514
2021-09-15,20.482,20.965,20.448,20.948,76694954
2021-09-16,20.928,20.932,20.596,20.711,60643438
2021-09-17,20.607,20.932,20.503,20.557,64459050
2021-09-20,20.061,20.171,19.606,19.931,85659528
2021-09-21,20.167,20.272,19.766,19.977,51323482
2021-09-22,20.314,20.833,20.314,20.593,79252128
2021-09-23,20.707,21.378,20.610,21.314,49734294
2021-09-24,21.200,21.584,21.158,21.475,55500452
2021-09-27,21.947,22.327,21.918,22.238,81690572
2021-09-28,22.449,22.711,22.264,22.314,132975298
2021-09-29,22.293,22.454,22.019,22.314,69893398
2021-09-30,22.251,22.373,21.977,21.977,89197030
2021-10-01,22.137,22.736,22.137,22.715,83311832
2021-10-04,22.958,23.337,22.852,23.086,114815374
2021-10-05,23.415,23.647,22.979,23.221,98028052
2021-10-06,22.837,23.101,22.572,22.977,100175042
2021-10-07,23.036,23.280,22.922,23.154,77596150
2021-10-08,23.399,23.922,23.344,23.867,86200298
2021-10-11,24.225,24.297,23.755,23.778,86008366
2021-10-12,23.732,24.028,23.635,23.799,71036124
2021-10-13,23.626,23.901,23.361,23.778,57901628
2021-10-14,24.048,24.171,23.829,24.069,46792210
2021-10-15,24.339,24.432,24.175,24.188,45352752
2021-10-18,24.424,24.559,24.069,24.204,65255954
2021-10-19,24.306,24.563,24.173,24.479,44550778
2021-10-20,24.293,24.681,24.196,24.677,50211314
2021-10-21,24.487,24.576,24.023,24.221,64241636
2021-10-22,24.310,24.468,24.080,24.449,43004864
2021-10-25,24.749,24.943,24.618,24.808,50110274
2021-10-26,24.892,25.065,24.799,24.951,45502580
2021-10-27,24.681,24.816,24.179,24.234,68007418
2021-10-28,24.103,24.426,24.099,24.407,46735206
2021-10-29,24.529,24.584,24.145,24.247,43997596
2021-11-01,24.487,24.732,24.420,24.664,49656732
2021-11-02,24.521,24.711,24.352,24.432,34124230
2021-11-03,24.137,24.483,24.036,24.230,46671016
2021-11-04,24.588,24.652,24.044,24.263,76363220
2021-11-05,24.597,24.690,24.375,24.580,45207026
2021-11-08,24.787,25.061,24.666,24.804,40005568
2021-11-09,24.833,24.911,24.479,24.905,39377972
2021-11-10,24.799,24.879,24.101,24.247,72032334
2021-11-11,24.263,24.504,24.263,24.339,48996518
2021-11-12,24.238,24.377,24.133,24.280,34189972
2021-11-15,24.259,24.624,24.053,24.483,42751112
2021-11-16,24.555,24.719,24.403,24.521,40957844
2021-11-17,24.280,24.631,24.061,24.145,47338704
2021-11-18,24.090,24.278,23.711,24.002,57910512
2021-11-19,23.483,23.546,23.015,23.065,91379208
2021-11-22,23.032,23.829,23.027,23.475,67794658
2021-11-23,23.783,24.276,23.761,24.196,67726112
2021-11-24,24.069,24.571,24.037,24.432,42868148
2021-11-26,23.221,23.525,22.842,23.449,89449124
2021-11-29,23.960,24.200,23.508,23.584,70882440
2021-11-30,23.141,23.491,22.918,23.032,92523514
2021-12-01,23.572,23.787,22.774,22.787,89598130
2021-12-02,22.799,23.534,22.529,23.449,100743820
2021-12-03,23.766,23.871,23.040,23.264,75880104
2021-12-06,23.622,23.888,23.331,23.610,63937414
2021-12-07,23.939,24.390,23.909,24.162,73685590
2021-12-08,24.297,24.415,24.107,24.158,47026472
2021-12-09,24.006,24.069,23.825,23.972,46798814
2021-12-10,24.230,24.247,23.719,24.150,39051252
2021-12-13,23.934,24.006,23.365,23.479,57206864
2021-12-14,23.335,23.740,23.302,23.382,57596254
2021-12-15,23.348,23.405,22.749,23.268,67715658
2021-12-16,23.470,23.894,23.377,23.415,53731250
2021-12-17,23.247,23.352,22.732,22.939,69669148
2021-12-20,22.318,22.668,22.074,22.651,72659530
2021-12-21,22.882,23.380,22.873,23.296,50318944
2021-12-22,23.322,23.604,23.040,23.446,42206152
2021-12-23,23.549,23.784,23.450,23.459,33370352
2021-12-27,23.382,23.993,23.185,23.972,43484312
2021-12-28,24.031,24.189,23.822,23.954,35881172
2021-12-29,23.916,24.031,23.685,23.801,30218112
2021-12-30,23.809,23.997,23.634,23.655,27179448
2021-12-31,23.596,23.837,23.557,23.715,26482352
2022-01-03,23.749,24.489,23.737,24.450,65045912
2022-01-04,24.783,25.394,24.702,25.296,79957594
2022-01-05,25.544,25.826,25.253,25.292,90800742
2022-01-06,25.886,25.999,25.493,25.856,74681344
2022-01-07,25.954,26.279,25.775,26.211,71169150
2022-01-10,26.270,26.322,25.788,26.129,66472964
2022-01-11,26.356,27.065,26.134,27.018,76887340
2022-01-12,27.163,27.234,26.873,27.069,60495082
2022-01-13,27.069,27.287,26.822,26.933,59552184
2022-01-14,26.958,27.610,26.941,27.565,64800942
2022-01-18,27.860,28.001,27.253,27.676,82182330
2022-01-19,27.890,27.920,27.257,27.475,65978056
2022-01-20,27.296,27.954,27.168,27.223,83980804
2022-01-21,26.916,27.087,26.401,26.685,114539554
2022-01-24,26.052,26.958,25.570,26.864,124588428
2022-01-25,26.762,28.010,26.266,27.907,118434422
2022-01-26,28.202,28.428,27.557,27.860,130716080
2022-01-27,28.351,28.655,27.698,28.163,108901372
2022-01-28,27.975,28.317,27.458,28.044,105302394
2022-01-31,27.980,28.347,27.535,28.168,63298364
2022-02-01,28.001,29.240,27.937,29.172,90443910
2022-02-02,29.022,29.321,28.663,29.266,65197066
2022-02-03,29.146,29.206,28.672,28.988,61962060
2022-02-04,29.356,29.911,29.287,29.441,81723120
2022-02-07,29.300,30.095,29.078,29.817,65163568
2022-02-08,29.727,29.787,28.971,29.176,75764014
2022-02-09,29.244,29.646,29.172,29.420,70791010
2022-02-10,29.274,29.800,29.044,29.236,75642584
2022-02-11,29.432,30.125,29.249,30.086,93034010
2022-02-14,29.902,29.937,29.026,29.377,99632668
2022-02-15,28.655,29.138,28.492,29.069,86144452
2022-02-16,29.300,29.813,29.125,29.304,73443888
2022-02-17,29.279,29.563,29.031,29.257,67622574
2022-02-18,28.843,29.309,28.796,29.078,63336948
2022-02-22,29.958,29.958,28.176,28.608,93002718
2022-02-23,28.774,29.125,28.608,28.903,67956956
2022-02-24,29.518,29.552,27.929,28.676,123485862
2022-02-25,28.740,29.462,28.740,29.432,78422526
2022-02-28,29.223,30.193,29.061,30.159,96393522
2022-03-01,30.428,30.975,30.035,30.462,124230498
2022-03-02,30.928,31.407,30.778,31.159,90907720
2022-03-03,30.855,31.457,30.791,31.244,89119440
2022-03-04,31.240,32.163,31.159,32.146,105251106
2022-03-07,32.479,33.141,31.892,32.620,131214722
2022-03-08,33.364,34.278,32.189,33.133,196052916
2022-03-09,31.919,32.876,31.407,32.120,174036326
2022-03-10,32.500,33.186,32.270,33.103,137802688
2022-03-11,32.573,33.248,32.522,32.838,91833794
2022-03-14,32.137,32.364,31.428,31.855,101489826
2022-03-15,30.620,31.043,30.099,30.689,124723524
2022-03-16,30.804,31.073,30.227,30.548,107534936
2022-03-17,31.090,31.678,30.898,31.599,76956026
2022-03-18,31.543,31.783,31.330,31.569,58550596
2022-03-21,32.208,32.946,32.191,32.842,68713360
2022-03-22,32.704,32.886,32.230,32.601,66461624
2022-03-23,33.213,33.468,33.054,33.162,58661766
2022-03-24,33.287,33.572,33.022,33.244,52698882
2022-03-25,33.045,34.016,33.017,33.973,56097710
2022-03-28,33.274,33.287,32.918,33.132,69760176
2022-03-29,32.390,33.062,32.006,33.045,73273822
2022-03-30,33.364,33.666,33.156,33.429,49736138
2022-03-31,33.114,33.740,32.972,32.976,65605512
2022-04-01,32.933,33.552,32.912,33.244,49612316
2022-04-04,33.459,33.567,32.933,33.287,46007220
2022-04-05,33.347,33.861,32.726,32.765,54575418
2022-04-06,33.123,33.421,32.776,32.959,64328372
2022-04-07,33.114,33.503,32.502,33.390,54097386
2022-04-08,33.481,34.404,33.481,34.309,53423736
2022-04-11,33.943,33.951,33.203,33.278,52460980
2022-04-12,33.951,34.447,33.764,33.830,63929422
2022-04-13,34.245,34.430,33.679,34.335,49295106
2022-04-14,34.171,34.719,34.119,34.447,51869360
2022-04-18,34.732,35.159,34.516,34.952,60913130
2022-04-19,34.771,35.112,34.465,34.667,45725978
2022-04-20,34.758,34.987,34.422,34.801,52076792
2022-04-21,35.008,35.163,33.567,33.697,65157706
2022-04-22,33.563,34.044,32.858,32.873,71499262
2022-04-25,31.837,31.956,30.629,31.786,110724126
2022-04-26,32.023,32.700,31.747,31.829,89168692
2022-04-27,32.031,32.610,31.458,32.295,89129276
2022-04-28,32.510,33.546,31.872,33.274,87468686
2022-04-29,33.347,33.537,32.303,32.420,79414556
2022-05-02,32.221,32.950,32.122,32.937,104141240
2022-05-03,32.998,34.016,32.976,33.861,83292696
2022-05-04,34.512,35.338,34.072,35.267,90767136
2022-05-05,35.517,35.552,34.027,34.736,93192988
2022-05-06,35.185,35.776,34.480,35.772,94245046
2022-05-09,35.004,35.034,32.679,32.812,106043442
2022-05-10,33.317,33.947,32.411,33.110,113727592
2022-05-11,33.662,34.654,33.498,33.554,99704026
2022-05-12,33.541,33.714,32.648,33.697,90042936
2022-05-13,34.197,34.987,34.137,34.848,59437322
2022-05-16,34.974,36.134,34.952,35.767,56516806
2022-05-17,36.251,36.401,35.858,36.182,56329018
2022-05-18,36.440,36.483,34.829,35.254,66461132
2022-05-19,34.452,35.716,34.452,35.125,71435738
2022-05-20,35.556,35.975,34.568,35.276,63839996
2022-05-23,35.694,36.333,35.472,36.207,53280324
2022-05-24,35.806,36.496,35.530,36.345,53127276
2022-05-25,36.471,37.148,36.419,37.096,52647994
2022-05-26,37.320,37.784,37.295,37.506,42831672
2022-05-27,37.338,38.295,37.247,38.192,37334494
2022-05-31,38.822,39.024,37.415,37.618,78681152
2022-06-01,38.093,38.509,37.674,38.231,59297088
2022-06-02,37.963,38.377,37.731,38.110,52604056
2022-06-03,38.157,38.735,38.114,38.615,41050618
2022-06-06,38.800,38.826,38.364,38.571,33384622
2022-06-07,38.546,39.775,38.515,39.723,51378730
2022-06-08,39.917,40.254,39.564,39.810,56985262
2022-06-09,39.469,39.719,38.886,38.930,49173720
2022-06-10,38.481,39.059,37.827,38.269,62542322
2022-06-13,37.109,37.148,35.552,36.272,89462512
2022-06-14,37.001,37.476,35.867,36.341,69512530
2022-06-15,36.259,36.440,34.939,35.539,86446126
2022-06-16,34.594,34.782,33.248,33.537,116602884
2022-06-17,33.304,33.550,31.317,31.704,128467066
2022-06-21,32.552,33.578,32.496,33.351,70013492
2022-06-22,31.745,32.579,31.568,32.016,82422710
2022-06-23,32.168,32.400,30.310,30.829,113841896
2022-06-24,31.357,31.898,30.903,31.235,94796052
2022-06-27,31.597,32.371,31.558,32.151,67958802
2022-06-28,32.914,33.551,32.522,33.019,79600280
2022-06-29,33.477,33.591,31.782,31.872,71183162
2022-06-30,31.187,32.009,30.921,31.200,75533476
2022-07-01,31.579,31.802,30.598,31.667,69201572
2022-07-05,31.012,31.158,29.751,30.410,89863890
2022-07-06,30.083,30.624,28.992,29.891,96417502
2022-07-07,30.702,31.213,30.628,30.969,67584440
2022-07-08,31.344,31.475,30.524,30.955,43939284
2022-07-11,30.567,30.916,30.249,30.659,45508232
2022-07-12,29.856,30.238,29.520,30.061,64686022
2022-07-13,29.625,30.641,29.625,30.013,58978078
2022-07-14,28.962,29.481,28.569,29.446,73273364
2022-07-15,30.087,30.118,29.481,29.926,59920102
2022-07-18,30.724,31.117,30.467,30.611,51453524
2022-07-19,30.567,31.632,30.558,31.553,48776010
2022-07-20,31.204,32.003,31.073,31.859,41847752
2022-07-21,30.986,31.331,30.393,31.300,43159174
2022-07-22,31.422,31.732,30.862,31.043,40836330
2022-07-25,31.470,32.212,31.095,32.181,39111370
2022-07-26,32.565,32.707,31.673,31.889,37228730
2022-07-27,32.094,32.772,31.767,32.609,44811746
2022-07-28,32.901,33.126,32.186,32.792,46663898
2022-07-29,33.390,34.319,33.325,34.215,51667322
2022-08-01,33.630,33.715,33.058,33.508,51330002
2022-08-02,33.512,33.765,33.133,33.429,39862008
2022-08-03,33.571,33.669,32.269,32.469,57013058
2022-08-04,32.247,32.339,31.147,31.265,55990724
2022-08-05,30.842,32.160,30.842,31.885,45178954
2022-08-08,31.850,32.339,31.802,32.051,37764088
2022-08-09,32.504,33.028,32.448,32.613,34682852
2022-08-10,32.688,33.034,32.042,32.849,34788332
2022-08-11,33.464,34.267,33.364,33.979,60528552
2022-08-12,33.757,34.254,33.613,34.236,38380936
2022-08-15,32.997,33.752,32.696,33.569,42024418
2022-08-16,33.617,33.970,33.279,33.490,39357496
2022-08-17,33.338,34.119,33.250,33.770,45472328
2022-08-18,34.145,34.712,34.084,34.677,46865948
2022-08-19,34.590,34.907,34.389,34.668,39485072
2022-08-22,34.372,34.817,33.805,34.603,45695142
2022-08-23,35.170,36.121,35.144,35.851,54366740
2022-08-24,35.855,36.342,35.694,36.291,49092800
2022-08-25,36.501,36.752,36.217,36.571,39795878
2022-08-26,36.496,36.894,35.982,36.143,38634948
2022-08-29,36.126,37.164,36.034,36.688,52124124
2022-08-30,36.060,36.069,35.153,35.445,57641226
2022-08-31,34.568,35.707,34.442,35.122,58304252
2022-09-01,34.603,34.734,33.778,34.258,56604180
2022-09-02,35.100,35.349,34.699,34.887,57186058
2022-09-06,35.214,35.332,34.420,34.564,45568264
2022-09-07,33.809,34.311,33.499,34.162,60541320
2022-09-08,34.315,34.481,33.896,34.311,53681120
2022-09-09,34.926,35.336,34.666,35.166,38678690
2022-09-12,35.681,36.200,35.375,35.812,41731592
2022-09-13,35.253,35.855,34.751,34.908,61146076
2022-09-14,35.236,36.147,35.236,35.894,54384298
2022-09-15,35.257,35.406,34.797,34.969,55886300
2022-09-16,34.860,34.887,33.726,34.223,70402844
2022-09-19,33.278,34.261,33.198,34.239,37622050
2022-09-20,34.001,34.197,33.600,34.001,42299684
2022-09-21,34.641,34.689,33.490,33.503,68705864
2022-09-22,34.111,34.222,33.357,33.384,57748066
2022-09-23,32.087,32.149,30.844,31.082,105475630
2022-09-26,30.888,31.276,30.279,30.319,72159632
2022-09-27,30.844,31.227,30.486,30.658,67671102
2022-09-28,30.967,32.191,30.782,32.017,63147502
2022-09-29,31.783,32.083,31.223,32.017,48562994
2022-09-30,31.761,32.202,31.452,31.761,43369402
2022-10-03,32.903,33.732,32.850,33.556,69550622
2022-10-04,34.235,35.029,33.966,34.998,66330858
2022-10-05,34.985,35.999,34.685,35.721,61273694
2022-10-06,35.430,36.466,35.403,36.356,52670230
2022-10-07,36.431,36.841,35.814,36.074,56915316
2022-10-10,36.215,36.524,35.218,35.333,46331686
2022-10-11,34.671,35.655,34.526,35.051,53842208
2022-10-12,34.821,35.578,34.592,35.333,41102426
2022-10-13,34.870,36.916,34.861,36.775,70134842
2022-10-14,36.374,36.898,35.333,35.403,53510612
2022-10-17,35.959,36.435,35.743,35.844,37988382
2022-10-18,36.140,36.493,35.461,36.158,50375814
2022-10-19,36.263,37.362,36.250,37.225,62527548
2022-10-20,37.507,37.851,37.036,37.260,50523692
2022-10-21,37.467,38.411,37.370,38.336,50547748
2022-10-24,38.314,38.786,38.107,38.517,44992078
2022-10-25,38.367,38.733,38.160,38.557,37683652
2022-10-26,38.702,39.390,38.676,39.081,45412924
2022-10-27,39.619,39.884,39.103,39.223,50021284
2022-10-28,39.646,39.968,38.654,39.359,49327928
2022-10-31,38.971,40.210,38.927,39.690,59520866
2022-11-01,40.356,40.374,39.831,40.074,43510860
2022-11-02,39.946,40.153,39.015,39.108,56499130
2022-11-03,38.870,40.054,38.759,39.831,53634490
2022-11-04,40.718,41.022,39.752,40.316,60590614
2022-11-07,40.400,41.136,40.329,41.009,38775438
2022-11-08,40.929,41.225,40.543,41.048,43718506
2022-11-09,40.493,40.621,38.954,39.042,63027912
2022-11-10,39.849,39.955,39.029,39.911,58488214
2022-11-11,40.673,41.282,40.576,41.070,51082578
2022-11-14,40.951,41.767,40.947,41.057,46245280
2022-11-15,41.211,41.595,40.942,41.489,51542152
2022-11-16,41.119,41.370,40.431,40.643,47277206
2022-11-17,40.021,40.766,39.813,40.731,42859808
2022-11-18,39.977,40.519,39.474,40.409,47366110
2022-11-21,39.531,39.968,38.493,39.862,85153544
2022-11-22,40.360,41.203,40.175,41.110,53754914
2022-11-23,40.365,40.923,40.215,40.665,41197300
2022-11-25,40.691,40.978,40.444,40.515,15182622
2022-11-28,39.522,40.021,39.271,39.403,58300488
2022-11-29,39.840,40.232,39.694,39.999,38048386
2022-11-30,40.444,40.523,39.564,40.197,43830254
2022-12-01,40.479,40.682,39.928,40.065,38902038
2022-12-02,39.787,40.298,39.593,39.827,36769930
2022-12-05,40.219,40.378,38.314,38.645,51753838
2022-12-06,38.402,38.865,37.366,37.626,64930220
2022-12-07,37.617,38.111,37.207,37.538,48894176
2022-12-08,38.380,38.464,37.161,37.370,51280724
2022-12-09,37.251,37.661,36.449,36.462,48097886
2022-12-12,36.669,37.507,36.526,37.419,42184848
2022-12-13,38.147,38.446,37.827,38.129,54557376
2022-12-14,38.389,38.526,37.556,37.895,52675510
2022-12-15,37.564,37.754,37.026,37.666,40415090
2022-12-16,36.956,37.379,36.696,37.203,59101050
2022-12-19,37.600,37.720,36.931,37.203,36836610
2022-12-20,37.319,38.005,37.174,37.765,28593014
2022-12-21,38.535,38.656,37.970,38.482,34058226
2022-12-22,38.522,38.544,36.842,37.595,37359328
2022-12-23,38.094,38.803,37.898,38.794,29629920
2022-12-27,38.963,39.373,38.821,39.208,32749278
2022-12-28,39.155,39.155,38.210,38.331,31837948
2022-12-29,38.170,38.905,38.152,38.732,26915814
2022-12-30,38.527,39.052,38.522,38.977,22661828
2023-01-03,38.732,38.928,37.141,37.609,53082832
2023-01-04,37.052,37.823,36.909,37.604,45705150
2023-01-05,37.542,38.500,37.435,38.290,38723704
2023-01-06,38.785,39.494,38.687,39.017,44422378
2023-01-09,39.605,39.667,38.752,38.879,46003220
2023-01-10,39.133,39.235,38.540,39.155,31599002
2023-01-11,39.498,39.596,38.850,39.275,32902984
2023-01-12,39.511,40.282,39.436,40.024,36716070
2023-01-13,39.993,40.178,39.569,40.082,31808318
2023-01-17,40.175,40.585,40.002,40.166,33933198
2023-01-18,40.354,40.804,39.391,39.431,38075292
2023-01-19,39.204,40.082,39.119,39.921,34293724
2023-01-20,40.006,40.456,39.600,40.318,28560060
2023-01-23,40.612,40.813,40.242,40.371,29305088
2023-01-24,40.238,40.309,39.418,40.215,30761526
2023-01-25,40.019,40.220,39.382,40.220,26861234
2023-01-26,40.870,41.508,40.371,41.490,36663010
2023-01-27,41.267,41.472,40.585,40.652,34841082
2023-01-30,40.358,40.416,39.665,39.721,27524908
2023-01-31,39.587,40.133,39.182,40.073,27848274
2023-02-01,39.886,40.055,38.767,39.284,46967192
2023-02-02,39.133,39.208,37.965,38.388,49803012
2023-02-03,38.549,39.173,38.264,38.304,45454818
2023-02-06,38.339,38.629,37.660,38.130,31714340
2023-02-07,38.371,39.427,38.170,39.369,41014032
2023-02-08,39.338,39.538,38.792,39.017,26967160
2023-02-09,39.021,39.146,38.654,38.683,32150312
2023-02-10,39.324,40.278,39.289,40.198,40003254
2023-02-13,39.993,40.249,39.578,40.095,24744892
2023-02-14,39.779,40.400,39.667,40.108,27022610
2023-02-15,39.658,39.743,38.923,39.427,31944246
2023-02-16,39.213,39.549,38.999,39.039,25314174
2023-02-17,38.433,38.460,37.484,37.649,44680468
2023-02-21,37.484,37.894,37.390,37.462,33622558
2023-02-22,37.359,37.711,36.891,37.212,40270426
2023-02-23,37.774,37.992,37.294,37.774,35023348
2023-02-24,37.217,37.778,37.003,37.724,37496776
2023-02-27,37.800,37.999,37.524,37.836,30676382
2023-02-28,38.219,38.232,37.261,37.292,38007640
2023-03-01,37.323,38.219,37.185,38.028,37093936
2023-03-02,37.961,38.504,37.840,38.362,32804974
2023-03-03,37.903,39.075,37.876,38.883,50675196
2023-03-06,38.669,38.963,38.511,38.901,33898314
2023-03-07,38.669,38.768,38.123,38.224,37000358
2023-03-08,38.054,38.540,37.467,37.831,39399034
2023-03-09,38.050,38.585,37.286,37.297,37888112
2023-03-10,37.297,37.823,36.606,36.820,56624742
2023-03-13,35.880,36.715,35.251,36.071,83326902
2023-03-14,36.067,37.239,35.784,36.428,61066380
2023-03-15,35.091,35.358,33.970,34.472,115347020
2023-03-16,33.714,34.935,33.578,34.846,88803658
2023-03-17,34.645,34.933,34.017,34.298,67351564
2023-03-20,34.260,35.206,34.260,34.981,52288720
2023-03-21,35.701,36.302,35.593,36.192,59712458
2023-03-22,36.214,36.381,35.395,35.422,49209392
2023-03-23,35.615,35.924,34.593,34.931,49486222
2023-03-24,34.238,35.203,34.127,35.066,41299218
2023-03-27,35.435,36.016,35.152,35.813,40223852
2023-03-28,35.611,36.525,35.597,36.367,32596708
2023-03-29,36.727,36.910,36.489,36.871,36204548
2023-03-30,37.178,37.232,36.817,37.033,27460800
2023-03-31,37.128,37.351,36.991,37.290,32294654
2023-04-03,38.861,39.230,38.659,38.978,62452248
2023-04-04,39.095,39.145,37.929,38.272,49362974
2023-04-05,38.366,38.848,38.046,38.848,40552268
2023-04-06,38.789,38.829,38.179,38.258,33378540
2023-04-10,38.402,39.005,38.402,38.564,26977294
2023-04-11,38.780,39.172,38.560,38.929,25575160
2023-04-12,39.199,39.280,38.839,38.956,33334356
2023-04-13,38.897,39.298,38.803,39.199,31384524
2023-04-14,39.253,39.500,39.041,39.271,23560158
2023-04-17,39.140,39.302,38.672,38.807,23761986
2023-04-18,38.717,39.059,38.524,38.960,24493518
2023-04-19,38.609,38.857,38.398,38.825,34246140
2023-04-20,38.285,38.492,38.015,38.483,30396240
2023-04-21,38.623,38.641,38.087,38.258,33757564
2023-04-24,38.136,39.023,38.123,38.843,25251834
2023-04-25,38.465,38.533,37.889,38.114,30665212
2023-04-26,37.844,38.195,37.376,37.605,40070022
2023-04-27,37.583,37.835,37.227,37.740,34114686
2023-04-28,37.605,38.533,37.475,38.326,38228540
2023-05-01,37.844,38.303,37.693,37.893,27821372
2023-05-02,37.439,37.497,35.899,36.246,67647972
2023-05-03,35.782,36.201,35.548,35.561,59367546
2023-05-04,35.575,35.935,35.058,35.165,52860960
2023-05-05,36.138,36.403,35.921,36.120,39073304
2023-05-08,36.646,36.804,36.115,36.120,32711898
2023-05-09,35.836,36.475,35.757,36.133,41421242
2023-05-10,36.313,36.385,35.453,35.723,36052000
2023-05-11,35.219,35.480,35.026,35.296,38168274
2023-05-12,35.471,35.710,35.093,35.350,37913270
2023-05-15,35.480,35.732,35.201,35.530,32544556
2023-05-16,35.363,35.516,34.605,34.656,44521718
2023-05-17,35.012,35.512,34.755,35.323,46200666
2023-05-18,35.111,35.622,34.891,35.579,33154252
2023-05-19,35.908,36.133,35.651,35.854,36122188
2023-05-22,35.719,36.069,35.651,35.705,26943532
2023-05-23,36.048,36.498,35.951,36.088,42803744
2023-05-24,36.372,36.525,35.939,36.246,33474290
2023-05-25,35.723,35.800,35.269,35.602,38250904
2023-05-26,35.818,35.917,35.278,35.462,28785746
2023-05-30,34.845,35.138,34.710,35.098,40331610
2023-05-31,34.548,34.814,34.364,34.481,44797624
2023-06-01,34.562,35.300,34.328,34.909,51623680
2023-06-02,35.561,36.142,35.318,35.971,55278778
2023-06-05,36.495,36.293,35.669,35.732,43506460
2023-06-06,35.260,36.052,35.224,36.021,34750720
2023-06-07,36.196,37.020,36.174,36.975,60654274
2023-06-08,37.024,37.148,36.205,36.817,46162274
2023-06-09,36.799,36.979,36.516,36.615,38388122
2023-06-12,36.066,36.628,36.016,36.264,36392260
2023-06-13,36.664,37.148,36.417,36.435,40136424
2023-06-14,36.795,36.957,35.791,36.061,47605372
2023-06-15,36.124,36.732,36.115,36.457,46777078
2023-06-16,36.592,36.696,36.297,36.403,47461764
2023-06-20,36.163,36.202,35.323,35.591,42694542
2023-06-21,35.446,36.175,35.391,35.873,34473740
2023-06-22,35.546,35.587,35.260,35.391,33510762
2023-06-23,35.010,35.230,34.847,35.137,34905112
2023-06-26,35.201,35.968,35.119,35.768,32488608
2023-06-27,35.732,36.004,35.523,35.850,28388388
2023-06-28,35.814,36.259,35.496,36.213,32903260
2023-06-29,36.350,36.631,36.154,36.631,28435784
2023-06-30,36.881,37.054,36.609,36.867,35970586
2023-07-03,36.958,37.231,36.817,36.954,19539782
2023-07-05,37.108,37.115,36.540,36.749,32560684
2023-07-06,36.350,36.604,35.648,35.923,41967770
2023-07-07,35.746,37.033,35.718,36.695,48916054
2023-07-10,36.599,37.054,36.572,36.981,30925020
2023-07-11,37.149,37.853,37.076,37.794,39642046
2023-07-12,38.103,38.357,37.908,38.144,43077518
2023-07-13,38.144,38.378,37.644,37.998,53226474
2023-07-14,37.753,37.789,36.904,36.995,43988176
2023-07-17,36.863,37.081,36.754,36.922,32464618
2023-07-18,36.836,37.678,36.777,37.294,43214582
2023-07-19,37.294,37.767,37.213,37.512,37520964
2023-07-20,37.821,38.030,37.635,37.953,35449808
2023-07-21,38.094,38.307,37.848,38.289,31529010
2023-07-24,38.484,39.188,38.471,38.907,44539606
2023-07-25,38.889,39.338,38.652,39.111,33606524
2023-07-26,38.789,39.279,38.734,39.125,32788010
2023-07-27,39.338,39.497,38.766,38.875,35550606
2023-07-28,38.848,39.000,38.425,38.993,34636576
2023-07-31,39.334,39.847,39.220,39.733,36266478
2023-08-01,39.574,39.661,39.122,39.547,35809282
2023-08-02,39.279,39.479,38.698,39.029,45923034
2023-08-03,39.134,39.779,38.920,39.425,41633966
2023-08-04,39.706,40.079,39.434,39.479,43208298
2023-08-07,39.702,39.783,39.408,39.524,26821530
2023-08-08,38.884,39.736,38.591,39.720,37237116
2023-08-09,40.106,40.587,39.856,40.219,52085610
2023-08-10,40.278,40.737,39.942,40.215,39226504
2023-08-11,40.197,40.878,40.188,40.833,46689206
2023-08-14,40.719,40.828,40.387,40.660,30189466
2023-08-15,40.378,40.424,39.743,39.815,44982466
2023-08-16,39.856,40.288,39.443,39.470,37995458
2023-08-17,40.024,40.487,39.883,39.942,40464298
2023-08-18,39.711,40.387,39.584,40.338,35307296
2023-08-21,40.501,40.665,39.805,40.083,30488472
2023-08-22,40.133,40.274,39.749,39.774,25739472
2023-08-23,39.343,39.711,39.002,39.674,38798566
2023-08-24,39.316,39.820,39.288,39.402,33455026
2023-08-25,39.638,39.983,39.293,39.783,38036814
2023-08-28,39.888,40.351,39.819,40.051,25718194
2023-08-29,40.197,40.201,39.761,40.160,27019324
2023-08-30,40.342,40.433,40.183,40.360,27890124
2023-08-31,40.510,40.578,40.097,40.387,29617384
2023-09-01,40.833,41.257,40.823,41.214,35764160
2023-09-05,41.446,41.855,41.405,41.432,48737396
2023-09-06,41.350,41.673,41.146,41.450,40324290
2023-09-07,41.532,41.743,41.336,41.409,30729144
2023-09-08,41.605,42.109,41.582,41.809,34751722
2023-09-11,42.113,42.241,41.091,41.260,44094996
2023-09-12,41.705,42.277,41.627,42.232,53599346
2023-09-13,42.272,42.359,41.696,41.914,36315372
2023-09-14,42.350,42.552,42.222,42.404,37099808
2023-09-15,42.014,42.427,41.791,41.791,49612742
2023-09-18,42.218,42.342,41.831,42.140,33746652
2023-09-19,42.456,42.515,41.500,41.747,36271806
2023-09-20,41.541,42.012,41.331,41.358,35941990
2023-09-21,41.642,41.738,40.722,40.791,43446210
2023-09-22,41.097,41.372,40.820,40.859,42072052
2023-09-25,40.750,41.436,40.750,41.372,35073760
2023-09-26,41.015,41.381,40.951,41.134,33459962
2023-09-27,41.646,42.278,41.461,42.159,46301604
2023-09-28,41.976,42.449,41.880,42.204,48462748
2023-09-29,42.140,42.305,41.196,41.353,48369140
2023-10-02,41.299,41.408,40.251,40.530,50599806
2023-10-03,40.434,40.580,40.104,40.502,41466566
2023-10-04,39.899,39.967,38.846,39.231,59572318
2023-10-05,38.668,39.331,38.668,38.988,47036926
2023-10-06,38.988,39.578,38.549,39.221,51481094
2023-10-09,40.274,40.699,39.986,40.530,61489052
2023-10-10,40.567,40.848,40.338,40.580,41700506
2023-10-11,40.164,40.205,39.598,40.059,47145322
2023-10-12,40.484,40.521,39.918,40.104,39986446
2023-10-13,40.759,41.184,40.585,40.987,48532252
2023-10-16,41.253,41.383,40.868,41.262,38365272
2023-10-17,41.170,41.820,41.109,41.692,40423918
2023-10-18,41.861,42.246,41.765,42.072,47616772
2023-10-19,41.925,42.346,41.527,41.999,63297064
2023-10-20,41.925,42.081,41.150,41.294,46549554
2023-10-23,41.056,41.061,40.438,40.626,51888136
2023-10-24,40.727,40.759,40.040,40.054,44271596
2023-10-25,40.082,40.287,39.780,39.981,41412648
2023-10-26,39.615,39.853,39.274,39.670,44770332
2023-10-27,39.629,39.777,38.586,38.718,53809426
2023-10-30,38.855,39.135,38.471,38.846,45530672
2023-10-31,38.892,39.057,38.503,38.974,37205698
2023-11-01,39.221,39.432,38.828,38.883,46082504
2023-11-02,38.979,40.095,38.755,40.059,45322982
2023-11-03,39.986,40.111,39.414,39.656,47235004
2023-11-06,39.972,39.972,39.093,39.208,41035394
2023-11-07,38.695,38.764,38.167,38.339,47550296
2023-11-08,38.192,38.444,37.843,37.858,50742002
2023-11-09,38.137,38.224,37.721,37.744,38232248
2023-11-10,38.169,38.252,37.799,38.160,34583566
2023-11-13,38.220,38.512,38.101,38.435,28447368
2023-11-14,38.581,38.885,38.517,38.778,34723982
2023-11-15,38.718,39.192,38.650,38.705,33043526
2023-11-16,38.339,38.485,37.563,37.950,53165916
2023-11-17,38.274,39.002,38.183,38.746,48859340
2023-11-20,38.906,39.135,38.791,38.801,29098976
2023-11-21,38.618,38.782,38.345,38.714,26973776
2023-11-22,37.940,38.727,37.725,38.695,36550238
2023-11-24,38.682,39.144,38.659,38.855,19152594
2023-11-27,38.654,38.787,38.357,38.718,24501810
2023-11-28,38.796,39.084,38.654,38.727,28921796
2023-11-29,38.970,39.018,38.313,38.439,45267980
2023-11-30,38.769,39.249,38.233,38.695,58364580
2023-12-01,38.650,39.356,38.476,38.897,43047940
2023-12-04,38.613,38.961,38.435,38.718,37070282
2023-12-05,38.695,38.769,38.018,38.041,37747152
2023-12-06,37.794,38.059,37.327,37.474,62306596
2023-12-07,37.648,37.833,37.083,37.218,40908824
2023-12-08,37.465,37.735,37.389,37.620,34127256
2023-12-11,37.652,37.790,37.478,37.666,29344128
2023-12-12,37.318,37.359,36.939,37.149,45386686
2023-12-13,37.172,37.677,36.998,37.666,46445638
2023-12-14,38.046,38.823,38.046,38.773,60717378
2023-12-15,38.425,38.640,38.247,38.567,46366366
2023-12-18,39.252,39.451,38.846,38.883,42447132
2023-12-19,38.957,39.391,38.869,39.349,36862452
2023-12-20,39.488,39.719,38.938,38.984,39818174
2023-12-21,39.063,39.197,38.770,39.137,26062878
2023-12-22,39.419,39.592,39.190,39.252,25038248
2023-12-26,39.585,39.800,39.465,39.589,25983454
2023-12-27,39.589,39.723,39.271,39.414,20238192
2023-12-28,39.211,39.361,38.800,38.813,26198098
2023-12-29,38.947,38.984,38.610,38.726,24345460
2024-01-02,38.998,39.502,38.943,39.141,39301790
2024-01-03,39.201,39.920,39.003,39.779,37935998
2024-01-04,40.065,40.236,39.058,39.081,42049032
2024-01-05,39.455,39.474,38.933,39.114,34029298
2024-01-08,38.449,38.707,37.923,38.661,47218684
2024-01-09,38.712,38.753,37.957,38.042,33750456
2024-01-10,38.116,38.130,37.516,37.668,33159758
2024-01-11,37.871,37.968,37.613,37.765,38588570
2024-01-12,38.347,38.497,37.959,38.190,38769190
2024-01-16,38.107,38.158,37.257,37.280,36031252
2024-01-17,36.897,37.340,36.813,36.970,39284270
2024-01-18,36.980,37.012,36.482,36.910,35705594
2024-01-19,36.892,37.035,36.763,37.031,39940210
2024-01-22,36.952,37.250,36.712,37.169,30136726
2024-01-23,37.109,37.548,37.054,37.248,24709224
2024-01-24,37.442,37.797,37.266,37.779,33840970
2024-01-25,38.047,38.643,37.820,38.629,37609448
2024-01-26,38.587,38.929,38.303,38.915,36469526
2024-01-29,38.855,38.915,38.453,38.860,29680630
2024-01-30,38.476,39.271,38.328,39.262,35341118
2024-01-31,39.262,39.335,38.509,38.527,38580744
2024-02-01,38.758,38.938,38.167,38.522,51101376
2024-02-02,38.846,38.883,38.255,38.578,38075024
2024-02-05,38.342,38.710,38.063,38.481,31593614
2024-02-06,38.670,38.984,38.444,38.606,28056298
2024-02-07,38.716,38.880,38.370,38.684,26920456
2024-02-08,38.661,39.225,38.652,39.081,36201078
2024-02-09,39.155,39.322,38.439,38.481,38073338
2024-02-12,38.615,39.017,38.615,38.906,25893854
2024-02-13,38.943,39.077,38.261,38.513,41156814
2024-02-14,38.795,38.913,38.273,38.476,40894572
2024-02-15,38.467,39.657,38.435,39.548,43364426
2024-02-16,39.710,39.839,39.409,39.525,26960766
2024-02-20,39.566,39.589,39.114,39.165,28995576
2024-02-21,39.331,39.936,39.303,39.899,28756630
2024-02-22,39.645,40.134,39.455,39.968,35206832
2024-02-23,39.580,39.832,39.326,39.705,28952394
2024-02-26,39.659,40.104,39.460,39.843,23376344
2024-02-27,39.880,40.051,39.469,39.673,26317368
2024-02-28,39.723,40.024,39.437,39.594,26679624
2024-02-29,39.677,39.917,39.564,39.788,27335314
2024-03-01,40.074,40.435,40.005,40.250,32459688
2024-03-04,40.227,40.333,39.781,39.820,33198046
2024-03-05,39.760,40.375,39.710,40.116,32174252
2024-03-06,40.453,40.666,40.153,40.241,28008764
2024-03-07,40.296,40.809,40.264,40.583,24569196
2024-03-08,40.527,40.735,40.425,40.726,28251986
2024-03-11,40.735,41.160,40.430,41.146,24983720
2024-03-12,41.141,41.255,40.862,41.081,23780904
2024-03-13,41.511,41.964,41.442,41.737,42725190
2024-03-14,41.904,42.185,41.742,42.167,35946028
2024-03-15,42.135,42.596,42.038,42.292,37753366
2024-03-18,42.467,42.593,42.113,42.444,30496710
2024-03-19,42.439,42.961,42.411,42.928,28545786
2024-03-20,42.681,43.021,42.616,42.868,32659336
2024-03-21,42.942,43.212,42.807,43.124,23334194
2024-03-22,43.142,43.250,42.925,43.031,17948808
2024-03-25,43.180,43.720,43.170,43.431,35074380
2024-03-26,43.473,43.571,43.012,43.096,35373850
2024-03-27,43.003,43.506,42.928,43.496,33960082
2024-03-28,43.753,44.046,43.541,43.967,34615140
2024-04-01,44.097,44.423,43.662,44.293,42899028
2024-04-02,44.484,44.959,44.288,44.912,38671198
2024-04-03,45.080,45.280,44.933,45.219,29148862
2024-04-04,45.289,45.450,45.015,45.192,36941290
2024-04-05,45.378,45.856,45.103,45.676,31194538
2024-04-08,45.699,45.830,45.306,45.387,34034558
2024-04-09,45.583,45.704,45.070,45.401,35333104
2024-04-10,45.275,45.708,45.080,45.541,39199650
2024-04-11,45.685,45.704,44.863,45.508,39204692
2024-04-12,45.797,46.090,44.554,44.768,46572430
2024-04-15,44.982,45.196,44.293,44.349,48690726
2024-04-16,44.265,44.470,43.650,43.962,36497618
2024-04-17,43.869,44.307,43.524,43.836,27420914
2024-04-18,43.985,44.111,43.548,43.701,25555648
2024-04-19,43.785,44.526,43.720,44.228,35451440
2024-04-22,43.995,44.819,43.645,44.516,30244332
2024-04-23,44.311,44.763,44.097,44.763,28657490
2024-04-24,44.484,44.847,44.269,44.796,21303784
2024-04-25,44.744,45.136,44.358,45.001,26500194
2024-04-26,44.595,44.761,44.130,44.586,32366598
2024-04-29,44.456,44.987,44.428,44.889,22236328
2024-04-30,44.707,44.784,43.531,43.552,35398934
2024-05-01,43.492,43.631,42.626,42.858,50943700
2024-05-02,43.147,43.399,42.900,43.105,34616794
2024-05-03,43.142,43.189,42.539,43.110,38087736
2024-05-06,43.245,43.885,43.245,43.450,33445506
2024-05-07,43.510,43.729,43.394,43.408,20942292
2024-05-08,43.156,43.564,43.091,43.357,19811882
2024-05-09,43.403,43.939,43.403,43.939,22489492
2024-05-10,44.032,44.176,43.580,43.697,20568410
2024-05-13,43.799,43.962,43.394,43.580,20978056
2024-05-14,43.496,43.669,43.319,43.636,24910280
2024-05-15,43.543,43.813,42.900,43.734,38792236
2024-05-16,43.636,43.953,43.496,43.613,24580136
2024-05-17,43.692,44.290,43.678,44.223,29001582
2024-05-20,44.242,44.339,43.825,43.934,20134668
2024-05-21,43.822,44.179,43.687,43.720,22467678
2024-05-22,43.543,43.562,42.709,42.882,34867966
2024-05-23,43.096,43.245,42.416,42.490,26931380
2024-05-24,42.821,42.933,42.430,42.551,19041398
2024-05-28,42.700,43.101,42.591,42.989,28904122
2024-05-29,42.868,42.905,42.039,42.230,30053556
2024-05-30,42.137,42.504,42.123,42.351,22732776
2024-05-31,42.425,43.434,42.383,43.403,32503014
2024-06-03,43.259,43.273,41.955,42.267,40796588
2024-06-04,41.829,41.899,41.308,41.862,34721410
2024-06-05,41.913,41.978,41.601,41.857,21040150
2024-06-06,41.713,42.090,41.553,42.076,25506506
2024-06-07,41.997,42.395,41.703,41.908,20089778
2024-06-10,42.067,42.476,41.908,42.225,22548382
2024-06-11,42.039,42.188,41.652,42.141,18591126
2024-06-12,42.490,42.504,41.480,41.689,32560574
2024-06-13,41.578,41.694,41.096,41.308,28495640
2024-06-14,41.261,41.308,40.828,41.000,25811336
2024-06-17,40.944,41.291,40.795,41.107,29547720
2024-06-18,41.373,41.801,41.176,41.280,29285780
2024-06-20,41.401,42.253,41.270,42.039,34073852
2024-06-21,42.151,42.267,41.736,41.797,39986358
2024-06-24,42.025,43.009,41.955,42.847,31188222
2024-06-25,42.809,42.950,42.575,42.945,27670260
2024-06-26,42.992,42.992,42.319,42.523,23127398
2024-06-27,42.748,42.795,42.382,42.622,15631574
2024-06-28,42.950,43.100,42.631,42.786,25670032
2024-07-01,43.128,43.269,42.556,42.809,24563286
2024-07-02,43.222,43.232,42.504,42.776,25226770
2024-07-03,42.814,43.161,42.739,42.964,16280094
2024-07-05,42.880,42.913,42.105,42.293,23450492
2024-07-08,41.988,42.424,41.868,42.035,19595012
2024-07-09,41.617,42.124,41.495,41.664,19091194
2024-07-10,41.617,41.960,41.490,41.946,19320756
2024-07-11,41.838,42.469,41.692,42.382,22689674
2024-07-12,42.622,42.683,42.176,42.490,18117240
2024-07-15,42.791,43.523,42.626,43.133,30805400
2024-07-16,42.950,43.366,42.729,43.326,24129334
2024-07-17,43.424,44.039,43.415,43.757,29435350
2024-07-18,43.711,44.363,43.556,43.837,32867664
2024-07-19,43.767,44.067,43.246,43.358,26500272
2024-07-22,43.128,43.335,42.840,43.086,21527512
2024-07-23,42.964,43.002,42.347,42.401,33103796
2024-07-24,42.514,42.786,42.112,42.406,29328500
2024-07-25,42.434,43.274,42.232,43.138,36437404
2024-07-26,43.025,43.455,42.871,43.274,23730772
2024-07-29,43.279,43.312,42.497,42.903,27156520
2024-07-30,42.898,43.706,42.848,43.570,25673202
2024-07-31,44.161,44.189,43.720,43.753,36173750
2024-08-01,43.654,43.875,42.373,42.593,42558498
2024-08-02,42.105,42.335,41.077,41.495,45836208
2024-08-05,40.603,40.922,40.120,40.580,50039100
2024-08-06,40.730,41.288,40.570,40.828,31418598
2024-08-07,41.326,41.748,40.969,40.993,26125948
2024-08-08,41.110,41.932,41.110,41.875,21596840
2024-08-09,41.814,42.147,41.547,41.969,22345572
2024-08-12,42.213,42.445,41.073,42.176,28785872
2024-08-13,41.856,41.894,41.561,41.767,31386390
2024-08-14,41.847,42.197,41.683,42.011,21657604
2024-08-15,42.251,42.650,42.213,42.514,18335210
2024-08-16,42.251,42.570,42.218,42.467,17753042
2024-08-19,42.537,43.114,42.537,42.753,21762686
2024-08-20,42.659,42.697,41.608,41.626,33871884
2024-08-21,41.889,42.098,41.577,41.697,22737732
2024-08-22,41.725,41.993,41.640,41.805,19595436
2024-08-23,42.002,42.499,41.950,42.429,20734626
2024-08-26,42.898,43.182,42.495,42.809,19514760
2024-08-27,42.809,42.927,42.335,42.410,16627126
2024-08-28,42.152,42.399,41.952,42.138,17049002
2024-08-29,42.387,42.847,41.988,42.687,22499056
2024-08-30,42.255,42.861,42.157,42.847,28085268
2024-09-03,42.147,42.212,41.516,41.781,38194160
2024-09-04,41.824,42.091,41.122,41.204,30113984
2024-09-05,41.500,41.533,40.847,40.885,24991290
2024-09-06,40.974,41.223,40.209,40.373,35912028
2024-09-09,40.495,41.040,40.434,40.664,32824322
2024-09-10,40.725,40.777,39.622,39.965,49326820
2024-09-11,39.960,39.979,38.970,39.594,48125724
2024-09-12,39.749,40.103,39.453,39.951,31769226
2024-09-13,40.152,40.476,40.059,40.176,26195462
2024-09-16,40.514,40.889,40.331,40.636,26875438
2024-09-17,40.650,41.213,40.561,41.185,25034684
2024-09-18,41.124,41.772,41.068,41.265,28209578
2024-09-19,41.964,42.225,41.528,41.758,37806716
2024-09-20,41.584,41.763,41.202,41.664,28155078
2024-09-23,41.745,42.386,41.601,42.180,26630108
2024-09-24,42.663,42.663,42.017,42.076,34627308
2024-09-25,41.968,42.095,41.168,41.253,27633552
2024-09-26,40.434,40.976,40.311,40.443,46896314
2024-09-27,40.661,41.326,40.638,41.267,30489512
2024-09-30,41.191,41.629,40.952,41.556,22809424
2024-10-01,41.182,42.673,41.130,42.502,66114108
2024-10-02,43.099,43.208,42.460,42.938,41925142
2024-10-03,43.089,43.752,42.763,43.695,44726052
2024-10-04,44.064,44.237,43.662,44.102,35955784
2024-10-07,44.258,44.590,44.112,44.258,32519412
2024-10-08,43.686,43.733,42.895,43.103,39759882
2024-10-09,42.782,43.477,42.696,43.364,31519582
2024-10-10,43.605,43.899,43.288,43.657,26047398
2024-10-11,43.643,44.083,43.558,43.927,26414500
2024-10-14,43.619,43.979,43.553,43.908,22198514
2024-10-15,42.739,43.023,42.469,42.493,37839152
2024-10-16,42.734,42.836,42.580,42.696,19877098
2024-10-17,42.692,43.042,42.644,42.900,21433300
2024-10-18,42.819,42.943,42.455,42.758,24015182
2024-10-21,43.042,43.179,42.554,42.630,21162084
2024-10-22,42.786,42.928,42.573,42.730,17956470
2024-10-23,42.611,42.774,42.261,42.507,19813274
2024-10-24,42.597,42.725,42.218,42.502,17047212
2024-10-25,42.730,42.843,42.365,42.488,19104512
2024-10-28,41.584,42.244,41.546,42.218,24227926
2024-10-29,42.124,42.157,41.485,41.575,23791564
2024-10-30,41.721,41.996,41.560,41.669,19364152
2024-10-31,41.934,42.247,41.818,41.930,31623212
2024-11-01,42.498,42.649,41.579,41.665,26304584
2024-11-04,41.949,42.460,41.892,42.393,25811882
2024-11-05,42.602,42.784,42.412,42.677,20876666
2024-11-06,43.851,44.616,43.567,44.282,50053266
2024-11-07,44.254,44.254,43.742,44.078,26138004
2024-11-08,44.083,44.436,43.908,44.372,22336820
2024-11-11,44.381,44.772,44.173,44.623,20909486
2024-11-12,44.751,44.892,44.339,44.386,18500350
2024-11-13,44.519,44.914,43.984,44.732,23676238
2024-11-14,45.030,45.049,44.616,44.902,18011072
2024-11-15,44.859,45.290,44.675,44.836,28080492
2024-11-18,45.191,45.522,44.992,45.432,25235560
2024-11-19,45.068,45.413,44.928,45.143,23796418
2024-11-20,45.309,45.631,45.167,45.598,17917576
2024-11-21,45.806,46.312,45.692,45.967,33541028
2024-11-22,45.905,46.346,45.863,46.038,21555650
2024-11-25,46.028,46.260,45.018,45.129,32950682
2024-11-26,45.191,45.285,44.859,45.068,24932738
2024-11-27,45.025,45.404,44.964,45.020,15596444
2024-11-29,45.120,45.290,45.039,45.214,13636374
2024-12-02,45.200,45.276,44.334,44.736,22189956
2024-12-03,45.025,45.105,44.538,44.732,17886554
2024-12-04,44.713,44.713,43.392,43.652,32518052
2024-12-05,43.813,44.112,43.640,43.823,22662402
2024-12-06,43.733,43.738,42.997,43.080,26206628
2024-12-09,43.439,43.669,42.971,43.009,23627798
2024-12-10,43.255,43.316,42.654,42.715,23299828
2024-12-11,42.805,42.947,42.578,42.786,23147502
2024-12-12,42.711,42.786,42.398,42.441,21746294
2024-12-13,42.545,42.559,42.110,42.228,22346060
2024-12-16,42.110,42.110,41.267,41.300,25036152
2024-12-17,40.988,41.068,40.609,40.993,32011674
2024-12-18,40.879,41.073,39.781,39.781,39241224
2024-12-19,40.202,40.330,39.407,39.435,49988450
2024-12-20,39.431,39.961,39.326,39.823,35704810
2024-12-23,39.764,40.193,39.497,40.060,34445364
2024-12-24,40.174,40.475,39.911,40.399,15024184
2024-12-26,40.413,40.434,40.117,40.365,15386454
2024-12-27,40.332,40.800,40.158,40.360,20369700
2024-12-30,40.365,40.585,40.022,40.356,23545302
2024-12-31,40.451,41.000,40.368,40.886,21165070
2025-01-02,41.220,41.666,41.084,41.363,34887070
2025-01-03,41.606,41.889,41.439,41.749,22124068
2025-01-06,41.940,42.274,41.451,41.559,22835288
2025-01-07,41.864,42.294,41.611,41.974,25035776
2025-01-08,41.716,42.036,41.568,42.017,28483866
2025-01-10,42.561,43.052,41.964,42.189,34075792
2025-01-13,42.379,43.327,42.379,43.076,48896172
2025-01-14,43.000,43.577,42.936,43.539,31173006
2025-01-15,43.807,44.296,43.625,44.184,34657892
2025-01-16,44.036,44.544,43.983,44.503,25230602
2025-01-17,44.503,45.005,44.346,44.847,23899650
2025-01-21,44.733,44.866,44.384,44.618,49302056
2025-01-22,44.480,44.532,43.778,43.807,35880258
2025-01-23,44.141,44.303,43.694,44.007,29359132
2025-01-24,44.069,44.248,43.527,43.582,29156796
2025-01-27,43.434,43.511,42.828,43.129,31993400
2025-01-28,43.258,43.410,42.504,42.718,37401748
2025-01-29,42.613,43.031,42.551,42.814,20681758
2025-01-30,43.076,43.258,42.766,43.033,39092542
2025-01-31,42.914,43.010,41.730,41.831,44540036
2025-02-03,41.826,42.263,41.444,42.093,39816454
2025-02-04,41.897,43.067,41.826,42.976,40279818
2025-02-05,42.962,43.126,42.721,43.067,21771998
2025-02-06,43.262,43.367,42.045,42.274,41309624
2025-02-07,42.432,42.654,42.212,42.270,22568414
2025-02-10,42.647,43.272,42.647,43.200,25871356
2025-02-11,43.406,43.840,43.129,43.549,26226818
2025-02-12,43.191,43.487,42.420,42.499,38798774
2025-02-13,42.432,42.914,42.155,42.819,31550918
2025-02-14,42.981,43.589,42.981,42.990,25886492
2025-02-18,43.196,43.864,42.947,43.577,29574750
2025-02-19,43.759,44.332,43.733,43.921,24531244
2025-02-20,43.830,44.396,43.644,44.322,28332290
2025-02-21,44.055,44.174,43.375,43.401,31276604
2025-02-24,43.477,43.643,43.179,43.410,26295264
2025-02-25,43.401,43.601,42.434,42.785,26608672
2025-02-26,42.838,42.950,42.344,42.542,24305696
2025-02-27,42.838,43.293,42.470,42.771,30048002
2025-02-28,42.632,43.468,42.365,43.434,26627104
2025-03-03,43.601,43.851,41.530,41.916,49501752
2025-03-04,41.301,42.184,40.776,41.511,50697852
2025-03-05,40.909,41.117,40.105,40.905,56510824
2025-03-06,40.709,41.279,40.389,41.029,47104294
2025-03-07,41.215,42.031,41.215,41.730,44849130
2025-03-10,41.957,42.618,41.649,42.041,40045348
2025-03-11,42.212,42.394,41.482,41.706,30230208
2025-03-12,41.735,42.282,41.575,41.897,32240470
2025-03-13,41.749,42.351,41.358,41.611,30742034
2025-03-14,41.840,42.900,41.649,42.842,32023138
2025-03-17,42.809,43.725,42.809,43.525,29761584
2025-03-18,43.768,43.866,43.253,43.597,30806524
2025-03-19,43.654,44.503,43.644,44.308,31742590
2025-03-20,44.064,44.618,43.878,44.470,33163598
2025-03-21,44.322,44.427,43.881,44.160,36975532
2025-03-24,44.358,44.923,44.286,44.661,23824528
2025-03-25,44.858,45.233,44.709,44.844,22292004
2025-03-26,45.262,45.608,44.995,45.108,25571668
2025-03-27,44.974,45.142,44.492,44.670,19147728
2025-03-28,44.646,44.815,44.235,44.459,22248740
2025-03-31,44.363,45.214,44.300,44.949,28813730
2025-04-01,44.974,45.255,44.488,45.214,27121216
2025-04-02,44.829,45.315,44.723,45.277,33960598
2025-04-03,43.122,43.454,41.708,41.722,76751362
2025-04-04,40.236,40.688,37.884,37.884,100751914
2025-04-07,36.657,39.240,36.065,37.638,113906712
2025-04-08,38.797,38.997,36.181,36.768,90538470
2025-04-09,36.051,40.024,35.830,39.615,118962320
2025-04-10,38.586,38.586,36.306,37.027,79046518
2025-04-11,37.201,38.230,36.469,37.946,41916818
2025-04-14,38.846,38.846,37.701,38.081,34022288
2025-04-15,38.047,38.730,38.001,38.023,22166906
2025-04-16,38.259,38.983,38.163,38.336,27331426
2025-04-17,38.648,39.805,38.629,39.202,47908786
2025-04-21,38.581,38.677,37.754,38.177,31011920
2025-04-22,38.672,39.437,38.504,39.149,22097338
2025-04-23,39.490,39.913,38.836,39.076,43216130
2025-04-24,39.442,39.817,39.100,39.702,21218990
2025-04-25,39.346,39.663,39.192,39.630,17664780
2025-04-28,39.586,40.017,39.533,39.909,16436710
2025-04-29,39.461,39.937,39.384,39.793,19843316
2025-04-30,39.153,39.209,38.242,38.721,37814288
2025-05-01,38.403,39.375,38.403,38.865,36314420
2025-05-02,39.336,39.630,38.632,39.432,32038804
2025-05-05,38.937,38.990,38.504,38.721,29530210
2025-05-06,38.894,39.067,38.514,38.730,22995462
2025-05-07,38.817,38.939,38.451,38.745,22448240
2025-05-08,39.100,39.788,39.038,39.254,30565874
2025-05-09,39.731,39.844,39.327,39.649,19993148
2025-05-12,41.116,41.303,40.385,40.683,32610056
2025-05-13,40.885,41.580,40.721,41.255,29040720
2025-05-14,40.979,41.164,40.847,41.005,21332654
2025-05-15,40.486,41.202,40.385,41.178,29721532
2025-05-16,41.270,41.294,40.695,41.116,21725824
2025-05-19,40.774,40.818,40.281,40.582,24876580
2025-05-20,40.553,40.645,40.168,40.207,22782142
2025-05-21,39.966,40.043,39.461,39.466,25698320
2025-05-22,39.259,39.536,38.826,39.312,23732250
2025-05-23,38.966,39.536,38.951,39.437,23510912
2025-05-27,39.711,39.841,39.418,39.779,19028072
2025-05-28,39.971,40.091,39.173,39.274,29552608
2025-05-29,39.336,39.567,39.086,39.567,23793426
2025-05-30,39.264,39.420,38.901,39.216,31038616
2025-06-02,39.952,40.005,39.274,39.731,32030982
2025-06-03,39.759,40.450,39.384,40.202,30352648
2025-06-04,40.183,40.495,39.370,39.418,44939216
2025-06-05,39.711,39.731,39.278,39.379,27667328
2025-06-06,39.735,40.240,39.735,40.120,28556812
2025-06-09,40.279,40.616,39.959,40.197,28680330
2025-06-10,40.625,41.178,40.606,40.914,46092238
2025-06-11,41.193,41.573,40.789,41.505,48996600
2025-06-12,41.313,41.662,41.010,41.650,34028116
2025-06-13,42.429,42.602,41.823,42.376,84194742
2025-06-16,42.261,42.689,41.931,42.251,69406614
2025-06-17,42.602,42.963,42.338,42.645,67884132
2025-06-18,42.799,43.016,42.270,42.366,70472920
2025-06-20,42.535,42.917,42.410,42.799,56744750
2025-06-23,43.336,43.365,41.534,41.716,105688294
2025-06-24,41.107,41.604,41.015,41.173,65358708
2025-06-25,41.124,41.272,40.858,40.993,43723020
2025-06-26,41.086,41.663,40.984,41.580,33565614
2025-06-27,41.556,41.556,41.115,41.362,35411732
2025-06-30,41.202,41.381,41.001,41.124,26247518
2025-07-01,41.187,41.631,40.807,41.440,40772802
2025-07-02,41.789,42.220,41.328,42.152,42468858
2025-07-03,42.094,42.337,41.997,42.201,22266218
2025-07-07,41.944,42.167,41.362,41.794,35673204
2025-07-08,41.745,43.074,41.735,42.918,47472456
2025-07-09,42.812,42.982,42.574,42.700,28673156
2025-07-10,42.603,43.049,42.298,43.025,28824762
2025-07-11,42.952,43.369,42.822,43.219,30171552
2025-07-14,43.137,43.137,42.516,42.744,33441544
2025-07-15,42.662,42.846,42.075,42.128,33859576
2025-07-16,42.070,42.312,41.612,41.764,35501652
2025-07-17,41.551,42.082,41.449,42.021,36086420
2025-07-18,42.356,42.550,41.517,41.682,60975682
2025-07-21,41.711,41.784,41.166,41.250,30434458
2025-07-22,41.202,41.672,41.161,41.444,32444074
2025-07-23,41.614,42.118,41.507,42.094,28046082
2025-07-24,41.983,42.448,41.794,42.395,24022142
2025-07-25,42.438,42.511,42.014,42.235,20143134
2025-07-28,42.516,42.788,42.453,42.715,23705282
2025-07-29,42.783,43.146,42.642,43.132,24551960
2025-07-30,42.865,42.889,42.249,42.516,26552332
2025-07-31,42.070,42.775,42.070,42.288,24960798
2025-08-01,42.128,42.278,41.275,41.503,42329366
2025-08-04,41.430,41.741,41.197,41.410,26509642
2025-08-05,41.401,41.520,40.899,41.464,31413606
2025-08-06,41.726,41.968,40.960,41.081,38249454
2025-08-07,41.323,41.784,40.867,40.921,35602462
2025-08-08,41.115,41.558,40.906,41.183,40736226
2025-08-11,41.265,41.444,40.780,40.853,28828714
2025-08-12,40.935,41.410,40.814,41.052,34527022
2025-08-13,41.081,41.532,40.935,41.527,25601212
2025-08-14,41.498,41.549,41.047,41.488,24944596
2025-08-15,41.507,41.956,41.357,41.488,27297716
2025-08-18,41.270,41.435,41.003,41.241,26428444
2025-08-19,41.124,41.498,41.018,41.255,25693882
2025-08-20,41.323,41.769,41.284,41.600,27967210
2025-08-21,41.527,41.975,41.415,41.886,22088028
2025-08-22,42.026,42.841,41.958,42.739,30936332
2025-08-25,42.632,42.904,42.492,42.851,23412822
2025-08-26,42.681,42.822,42.383,42.783,22855500
2025-08-27,42.720,43.418,42.671,43.263,26877360
2025-08-28,43.277,43.656,42.991,43.593,24086284
2025-08-29,43.612,43.942,43.554,43.830,23744920
2025-09-02,43.714,43.971,43.384,43.893,25964440
2025-09-03,43.544,43.905,42.763,42.909,36018148
2025-09-04,42.914,43.374,42.729,43.195,25895486
2025-09-05,42.841,42.982,42.145,42.361,48182236
2025-09-08,42.501,42.686,41.888,42.264,34931864
2025-09-09,42.492,43.066,42.443,42.468,41193414
2025-09-10,42.565,43.231,42.468,43.209,29932822
2025-09-11,42.865,43.311,42.734,43.219,25176854
2025-09-12,43.399,43.593,42.952,42.962,22298266
2025-09-15,43.045,43.156,42.744,42.817,23288564
2025-09-16,43.006,43.668,42.996,43.534,41593456
2025-09-17,43.476,43.942,43.287,43.636,26044858
2025-09-18,43.675,43.762,43.171,43.500,28713048
2025-09-19,43.462,43.493,42.773,42.923,29979134
2025-09-22,42.768,43.081,42.597,42.871,22502342
2025-09-23,43.042,44.078,43.042,43.609,44214788
2025-09-24,43.917,44.587,43.868,44.176,35406134
2025-09-25,44.171,44.614,44.049,44.572,31887198
2025-09-26,44.646,45.433,44.636,44.983,40247962
2025-09-29,44.670,44.734,43.924,44.157,37674482
2025-09-30,43.770,43.861,43.345,43.687,47544756
2025-10-01,43.472,43.834,43.423,43.687,27661224
2025-10-02,43.589,43.976,43.201,43.247,31793606
2025-10-03,43.467,43.731,43.413,43.477,24047956
2025-10-06,43.751,43.942,43.516,43.692,21488472
2025-10-07,43.651,43.795,42.988,43.761,25324566
2025-10-08,43.761,43.761,43.176,43.506,20024210
2025-10-09,43.599,43.971,42.868,42.915,23397888
2025-10-10,42.597,42.812,41.658,41.673,45291570
2025-10-13,41.988,42.294,41.854,42.240,22889576
2025-10-14,41.638,42.472,41.585,42.235,25084586
2025-10-15,42.504,42.743,41.895,42.210,24267072
2025-10-16,42.284,42.411,41.418,41.702,29193852
2025-10-17,41.878,42.132,41.707,42.044,24072064
2025-10-20,42.118,42.585,42.118,42.489,25352354
2025-10-21,42.607,42.704,42.176,42.391,25885212
2025-10-22,42.675,43.120,42.318,42.934,32814074
2025-10-23,43.702,43.792,43.242,43.506,47308840
2025-10-24,43.702,43.717,43.037,43.066,21190900
2025-10-27,43.203,43.345,42.979,43.169,19597228
2025-10-28,43.008,43.144,42.695,42.719,22474500
2025-10-29,42.765,43.257,42.680,43.037,26807882
2025-10-30,43.022,43.335,42.721,42.783,20663498
2025-10-31,42.885,43.338,42.699,43.096,26985364
2025-11-03,43.105,43.218,42.607,43.100,22232654
2025-11-04,42.572,42.753,42.235,42.636,29477614
2025-11-05,42.641,43.223,42.585,42.748,23857158
2025-11-06,42.812,43.570,42.812,43.164,32155414
2025-11-07,43.316,43.885,43.196,43.785,35458420
2025-11-10,43.898,44.284,43.328,44.181,31264530
2025-11-11,44.445,45.071,44.411,44.758,38752756
2025-11-12,44.455,44.660,44.069,44.132,29863294
2025-11-13,44.274,44.646,44.047,44.245,32243820
2025-11-14,44.479,45.096,43.920,44.998,34179728
2025-11-17,44.944,44.959,44.000,44.176,37447338
2025-11-18,43.986,44.646,43.863,44.528,34839908
2025-11-19,43.741,44.091,43.433,43.951,41062738
2025-11-20,44.176,44.775,43.418,43.453,41630046
2025-11-21,43.526,43.917,43.066,43.726,39317220
2025-11-24,43.677,43.741,42.929,43.604,33681798
2025-11-25,43.262,43.501,42.971,43.330,29298924
2025-11-26,43.321,43.968,43.281,43.658,26611030
2025-11-28,43.682,44.418,43.616,44.230,16666626
2025-12-01,44.294,44.900,44.259,44.655,31150072
2025-12-02,44.587,44.587,43.856,44.078,33304920
2025-12-03,44.377,44.983,44.313,44.905,30173970
2025-12-04,44.880,45.166,44.748,45.096,23799698
2025-12-05,45.022,45.638,44.905,44.914,22164390
2025-12-08,44.660,44.914,44.279,44.425,27891927
2025-12-09,44.504,45.071,44.464,44.699,20917429
2025-12-10,44.836,45.252,44.626,45.169,26255067
2025-12-11,44.895,45.232,44.836,44.953,25827244
2025-12-12,45.037,45.222,44.396,44.513,33161151
2025-12-15,44.611,44.611,43.838,44.200,27521554
2025-12-16,43.848,43.868,42.811,42.851,49312410
2025-12-17,43.164,43.897,43.095,43.799,43375286
2025-12-18,43.672,43.731,43.017,43.164,29920197
2025-12-19,43.281,43.555,43.061,43.164,31959550
2025-12-22,43.540,43.880,43.490,43.609,23707420
2025-12-23,43.767,43.944,43.619,43.895,19137538
2025-12-24,43.811,43.949,43.707,43.767,11293864
2025-12-26,43.717,43.831,43.392,43.599,17884483
2025-12-29,43.905,44.132,43.688,44.013,31352054
2025-12-30,44.191,44.475,44.191,44.349,18654743
2025-12-31,44.319,44.408,43.964,44.102,16965922
2026-01-02,44.112,45.157,43.885,45.029,31935524
2026-01-05,46.519,46.676,45.128,46.252,94961037
2026-01-06,46.356,46.420,44.912,45.019,69568225
2026-01-07,45.197,45.197,44.467,44.516,42739166
2026-01-08,44.704,46.213,44.605,45.917,51451021
2026-01-09,46.114,46.242,45.873,46.035,38839945
2026-01-12,46.114,46.168,45.473,45.710,28264436
2026-01-13,46.094,46.745,46.045,46.361,50469235
2026-01-14,46.607,47.988,46.538,47.406,80750152
2026-01-15,46.982,47.416,46.627,46.963,49328793
2026-01-16,46.913,47.155,46.839,47.041,30796285
2026-01-20,47.436,47.653,46.854,46.953,50178699
2026-01-21,47.633,48.383,47.633,48.087,58996037
2026-01-22,47.959,48.334,47.761,48.245,50869509
2026-01-23,48.847,49.211,48.422,48.521,51431167
2026-01-26,49.187,49.211,48.284,48.551,40122625
2026-01-27,48.718,49.138,48.491,48.994,39840271
2026-01-28,49.290,49.458,48.886,49.369,41890386
2026-01-29,50.454,51.026,49.793,49.823,77520650
2026-01-30,49.675,50.390,49.197,50.356,74039404
2026-02-02,49.419,49.823,49.093,49.369,61479856
2026-02-03,49.557,51.076,49.340,50.967,83754106
2026-02-04,51.115,52.240,51.115,52.112,78149891
2026-02-05,51.549,51.776,50.735,51.500,54235648
2026-02-06,51.786,52.689,51.648,52.526,41669571
2026-02-09,52.481,52.989,52.255,52.910,38798501
2026-02-10,53.039,53.058,52.516,52.851,32145991
2026-02-11,53.542,54.361,53.512,54.232,57349665
2026-02-12,54.193,54.489,53.029,53.246,67427841
2026-02-13,53.206,53.833,53.078,53.611,48392131
2026-02-17,53.818,54.158,52.457,53.019,50499593
2026-02-18,53.788,54.114,53.483,54.035,59196116
2026-02-19,54.706,55.120,54.178,54.430,62513522
2026-02-20,54.252,54.533,53.769,54.134,50833496
2026-02-23,54.287,55.169,54.119,54.400,44013472
2026-02-24,54.361,54.469,53.660,54.351,42921656
2026-02-25,54.548,54.617,53.448,54.124,36207494
2026-02-26,53.631,54.913,53.384,54.301,47033507
2026-02-27,54.883,55.386,54.178,55.159,59071460
2026-03-02,56.984,57.093,55.505,56.264,135633331
2026-03-03,56.605,56.935,55.288,55.751,154770813
2026-03-04,55.298,55.663,54.573,55.426,70732742
2026-03-05,55.761,56.284,55.317,55.712,85177811
2026-03-06,56.373,56.560,55.406,55.801,68219040
2026-03-09,56.067,56.373,55.179,55.554,88747415
2026-03-10,55.293,55.692,54.612,54.844,88817874
2026-03-11,54.873,56.264,54.785,56.205,48743711
2026-03-12,56.353,57.423,56.284,56.728,69358707
2026-03-13,56.718,57.142,56.323,56.915,43374633
2026-03-16,56.974,57.310,56.491,57.113,39474322
2026-03-17,57.438,58.247,57.191,57.714,40137744
2026-03-18,57.941,58.168,57.635,57.635,42908021
2026-03-19,58.069,58.908,57.724,58.553,69231382
2026-03-20,58.745,59.500,58.474,58.503,73003414
2026-03-23,57.473,59.409,57.245,59.201,71027210
2026-03-24,59.369,61.027,59.340,60.402,51207451
2026-03-25,59.886,60.561,59.826,60.134,42680736
2026-03-26,60.233,61.415,60.154,61.077,54967638
2026-03-27,61.087,62.338,60.819,62.110,59553212
2026-03-30,62.675,63.003,61.335,61.514,49750120
2026-03-31,61.593,62.378,59.603,60.819,94766929
2026-04-01,59.290,60.184,57.935,58.545,96652895
2026-04-02,60.094,60.571,58.555,58.823,60400533
2026-04-06,58.684,59.260,58.467,59.250,25474156
2026-04-07,59.379,60.332,59.360,59.727,38811700
2026-04-08,56.272,57.771,55.776,57.632,88023628
2026-04-09,57.781,58.595,56.699,56.917,55088507
2026-04-10,56.758,57.061,55.994,56.530,42561689
2026-04-13,57.200,57.304,56.237,56.699,43288599
2026-04-14,56.093,56.093,55.006,55.547,58830078
2026-04-15,55.200,55.805,54.872,55.359,39551489
2026-04-16,55.438,56.466,55.363,56.173,31282568
2026-04-17,54.018,54.763,53.025,54.624,90982638
2026-04-20,54.703,55.319,54.405,54.673,35150037
2026-04-21,54.922,55.557,54.525,55.468,41299833
2026-04-22,55.954,56.371,55.726,56.133,40565507
2026-04-23,56.480,56.778,56.058,56.570,34707172
2026-04-24,56.361,56.510,55.766,56.461,36426744
2026-04-27,56.689,57.265,56.222,56.361,33070604
2026-04-28,57.304,57.632,56.962,57.294,39151281
2026-04-29,57.860,58.684,57.642,58.605,40616692
2026-04-30,57.781,59.404,57.518,59.221,35896766
2026-05-01,58.635,59.171,57.841,58.426,35828435
2026-05-04,58.307,59.201,57.801,58.962,36882957
2026-05-05,58.804,59.330,58.466,59.022,27041418
2026-05-06,56.878,57.473,56.247,56.590,57907517
2026-05-07,55.468,55.746,54.733,55.547,52909857
2026-05-08,55.448,55.820,55.061,55.299,30573489
2026-05-11,55.855,56.808,55.835,56.758,31943312
2026-05-12,57.314,57.424,56.729,57.155,36814545
2026-05-13,57.056,57.294,56.550,57.215,22707191
2026-05-14,57.235,57.761,57.091,57.652,23486953
2026-05-15,58.277,59.042,58.054,59.012,33565457
2026-05-18,58.699,60.263,58.297,60.144,41516591
2026-05-19,60.372,61.047,59.861,60.849,31111027
2026-05-20,60.372,61.256,59.245,59.369,61776771
2026-05-21,60.045,60.154,58.292,58.704,45851129
2026-05-22,58.565,59.181,58.406,59.062,43550877
2026-05-26,58.446,59.141,57.419,57.433,38819875
2026-05-27,56.600,57.086,56.068,56.580,48329833
2026-05-28,57.136,57.265,56.272,56.540,46554064
2026-05-29,56.272,56.381,55.587,55.885,32389634
2026-06-01,56.614,57.394,56.441,56.887,55879350
2026-06-02,56.778,57.751,56.669,57.543,23842616
2026-06-03,57.821,58.948,57.592,58.287,46312795
2026-06-04,58.079,58.600,57.751,58.327,23916327
2026-06-05,58.243,58.357,57.215,57.255,28212971
2026-06-08,57.662,58.535,57.553,57.910,25717786
2026-06-09,57.662,57.791,56.401,56.977,46026298
2026-06-10,57.523,58.615,57.364,57.831,36515274
2026-06-11,58.352,58.565,56.644,56.709,40863527
2026-06-12,56.381,57.731,56.222,57.136,31964734
2026-06-15,54.803,55.646,54.624,55.150,44319055
2026-06-16,54.604,55.076,54.554,54.961,42008394
2026-06-17,54.862,54.961,54.147,54.276,38553036
2026-06-18,53.750,53.859,52.862,53.383,39645690
2026-06-22,53.530,54.130,53.165,54.060,30765618
2026-06-23,54.140,54.560,53.870,54.460,38690404
2026-06-24,53.500,53.765,52.940,53.570,43034611
2026-06-25,53.200,54.315,53.000,54.090,28238616
2026-06-26,54.000,54.150,53.675,53.840,19025239
2026-06-29,53.980,54.280,53.470,53.580,25142317
2026-06-30,53.620,54.115,53.080,53.110,28283952
2026-07-01,53.045,53.440,52.620,52.810,33662700
2026-07-02,53.240,53.650,52.910,53.220,28538218
2026-07-06,53.058,53.550,53.000,53.130,24735264
2026-07-07,53.610,54.820,53.600,54.640,41833647
2026-07-08,55.455,56.035,54.865,55.600,39741354
2026-07-09,55.280,55.480,54.730,54.820,21770724
2026-07-10,55.080,55.240,54.360,55.080,22974652
2026-07-13,55.860,56.970,55.860,56.740,41200899
2026-07-14,57.000,57.220,56.290,56.950,32578964
2026-07-15,56.940,57.040,55.760,56.500,33184198
2026-07-16,56.660,57.300,56.595,57.020,27476980
2026-07-17,57.950,58.115,57.280,57.680,31397793
2026-07-20,57.555,58.385,57.410,57.940,27329327
2026-07-21,58.160,58.530,57.830,58.500,20315679
2026-07-22,59.270,59.520,58.900,59.200,29548568
2026-07-23,60.244,60.377,59.265,59.380,35838630
2026-07-24,59.400,60.450,59.400,59.620,34181899
2026-07-27,58.410,59.280,58.230,58.360,33826362
2026-07-28,58.410,58.790,57.250,57.570,27800811
2026-07-29,59.080,59.300,58.420,58.650,34175576
2026-07-30,58.080,59.105,58.020,58.960,23045724
2026-07-31,58.930,59.685,58.320,59.550,23556476
2026-08-03,58.690,59.325,58.160,58.790,26038365
2026-08-04,57.700,58.720,57.130,58.520,37661542
2026-08-05,58.770,58.980,57.205,57.310,33213538
2026-08-06,58.390,58.560,57.580,58.160,25084278
2026-08-07,57.525,58.045,57.110,57.500,21092719
2026-08-10,58.190,60.210,58.100,60.180,33677848
2026-08-11,59.990,61.080,59.990,60.930,22400839
2026-08-12,60.470,61.170,60.335,61.030,22584153
2026-08-13,60.520,61.125,60.230,61.060,20703554
2026-08-14,61.370,62.110,61.250,61.910,22777742
2026-08-17,62.215,62.685,61.785,62.580,23550295
