date,open,high,low,close,volume
2016-01-04,19.188,19.229,18.991,19.212,66815446
2016-01-05,19.245,19.344,19.114,19.286,37273267
2016-01-06,19.003,19.106,18.892,18.991,55268665
2016-01-07,18.596,18.769,18.382,18.456,65827741
2016-01-08,18.621,18.637,18.127,18.168,59403767
2016-01-11,18.267,18.300,18.012,18.193,50788447
2016-01-12,18.382,18.415,18.094,18.333,57690467
2016-01-13,18.407,18.485,17.774,17.856,89808710
2016-01-14,17.897,18.160,17.720,18.012,68158073
2016-01-15,17.404,17.692,17.372,17.609,67513278
2016-01-19,17.798,17.864,17.478,17.601,59941232
2016-01-20,17.239,17.420,16.878,17.256,77042818
2016-01-21,17.272,17.494,17.120,17.182,65461284
2016-01-22,17.404,17.568,17.371,17.494,42451551
2016-01-25,17.420,17.484,17.100,17.141,56508965
2016-01-26,17.207,17.478,17.182,17.429,45770973
2016-01-27,17.371,17.667,17.239,17.363,55238386
2016-01-28,17.470,17.552,17.252,17.371,57170404
2016-01-29,17.494,17.864,17.437,17.856,71917739
2016-02-01,17.774,17.872,17.650,17.782,60500848
2016-02-02,17.527,17.552,17.248,17.289,61642640
2016-02-03,17.387,17.387,16.812,17.305,108700751
2016-02-04,17.198,17.576,17.198,17.453,69407995
2016-02-05,17.470,17.560,17.174,17.223,58315199
2016-02-08,16.976,17.034,16.557,16.787,94665121
2016-02-09,16.458,16.878,16.458,16.763,120859306
2016-02-10,16.890,17.083,16.664,16.672,57835966
2016-02-11,16.228,16.343,16.056,16.162,111209638
2016-02-12,16.549,16.845,16.472,16.845,85598661
2016-02-16,17.133,17.190,16.960,17.116,69755061
2016-02-17,17.281,17.429,17.277,17.346,57127263
2016-02-18,17.412,17.412,17.165,17.248,56873659
2016-02-19,17.108,17.322,17.087,17.248,65452091
2016-02-22,17.453,17.589,17.453,17.519,37496222
2016-02-23,17.429,17.453,17.174,17.207,51193880
2016-02-24,16.960,17.215,16.812,17.165,63692847
2016-02-25,17.165,17.416,17.165,17.404,62756144
2016-02-26,17.519,17.683,17.429,17.527,71615360
2016-02-29,17.511,17.601,17.330,17.338,50687846
2016-03-01,17.461,17.955,17.461,17.922,71707394
2016-03-02,17.938,18.127,17.909,18.119,64294262
2016-03-03,18.103,18.251,18.025,18.242,54835873
2016-03-04,18.333,18.407,18.177,18.316,50588563
2016-03-07,18.193,18.329,18.136,18.308,34522099
2016-03-08,18.144,18.218,17.988,18.012,67743450
2016-03-09,18.078,18.127,17.971,18.037,42866011
2016-03-10,18.152,18.234,17.807,18.020,68123594
2016-03-11,18.201,18.514,18.201,18.489,56725067
2016-03-14,18.432,18.481,18.318,18.432,39599464
2016-03-15,18.308,18.423,18.242,18.423,54160031
2016-03-16,18.325,18.497,18.242,18.382,51785357
2016-03-17,18.333,18.662,18.253,18.604,47120112
2016-03-18,18.739,18.863,18.687,18.789,46527558
2016-03-21,18.731,18.880,18.677,18.756,33973359
2016-03-22,18.623,18.768,18.582,18.698,31110130
2016-03-23,18.665,18.694,18.549,18.557,40003275
2016-03-24,18.392,18.441,18.268,18.441,34700612
2016-03-28,18.466,18.557,18.408,18.499,25843518
2016-03-29,18.425,18.541,18.317,18.532,31793872
2016-03-30,18.632,18.778,18.615,18.640,26927314
2016-03-31,18.590,18.714,18.557,18.599,28579968
2016-04-01,18.508,18.789,18.433,18.764,32734858
2016-04-04,18.747,18.789,18.632,18.673,27577453
2016-04-05,18.499,18.532,18.375,18.408,44104201
2016-04-06,18.375,18.524,18.317,18.508,27280369
2016-04-07,18.375,18.392,18.061,18.160,36714267
2016-04-08,18.284,18.408,18.189,18.227,40035113
2016-04-11,18.309,18.458,18.284,18.301,32498638
2016-04-12,18.326,18.566,18.284,18.532,34503949
2016-04-13,18.723,18.970,18.706,18.954,49831743
2016-04-14,18.863,19.094,18.863,18.995,37243521
2016-04-15,19.045,19.070,18.896,18.929,38564838
2016-04-18,18.838,19.086,18.822,19.070,37514699
2016-04-19,19.128,19.309,19.128,19.309,40902655
2016-04-20,19.301,19.491,19.293,19.458,53476104
2016-04-21,19.450,19.533,19.235,19.285,45386740
2016-04-22,19.301,19.508,19.301,19.466,33432328
2016-04-25,19.384,19.442,19.285,19.425,27323371
2016-04-26,19.442,19.572,19.414,19.549,29809702
2016-04-27,19.533,19.648,19.466,19.582,40721533
2016-04-28,19.417,19.574,19.305,19.376,53553166
2016-04-29,19.268,19.342,19.094,19.268,43155540
2016-05-02,19.285,19.466,19.239,19.442,31168963
2016-05-03,19.219,19.235,19.028,19.194,31582133
2016-05-04,18.970,19.140,18.954,19.045,33245254
2016-05-05,19.086,19.159,18.987,19.037,33657684
2016-05-06,18.896,19.128,18.896,19.119,27877412
2016-05-09,19.086,19.177,18.997,19.070,22887226
2016-05-10,19.161,19.347,19.152,19.342,26865056
2016-05-11,19.285,19.334,19.119,19.136,22867066
2016-05-12,19.202,19.285,19.028,19.144,25223704
2016-05-13,19.103,19.235,18.880,18.913,32581463
2016-05-16,18.913,19.094,18.896,19.012,24180020
2016-05-17,18.962,19.045,18.822,18.904,32523291
2016-05-18,18.846,19.252,18.846,19.235,71719705
2016-05-19,19.144,19.235,18.937,19.053,47366121
2016-05-20,19.152,19.293,19.122,19.185,25588685
2016-05-23,19.144,19.235,19.086,19.169,27599566
2016-05-24,19.301,19.499,19.276,19.458,33903403
2016-05-25,19.541,19.760,19.533,19.665,36970006
2016-05-26,19.673,19.698,19.524,19.549,25898659
2016-05-27,19.582,19.690,19.557,19.681,26491028
2016-05-31,19.781,19.781,19.566,19.632,29251697
2016-06-01,19.491,19.698,19.409,19.673,27511349
2016-06-02,19.623,19.714,19.557,19.714,20195441
2016-06-03,19.475,19.487,19.227,19.433,61589533
2016-06-06,19.442,19.640,19.425,19.549,33573533
2016-06-07,19.566,19.623,19.491,19.508,18962549
2016-06-08,19.475,19.574,19.475,19.524,21800173
2016-06-09,19.409,19.442,19.285,19.384,28311798
2016-06-10,19.161,19.231,19.086,19.144,33877031
2016-06-13,19.037,19.260,19.004,19.012,40250538
2016-06-14,18.937,19.037,18.632,18.731,47856210
2016-06-15,18.780,18.967,18.739,18.756,41521763
2016-06-16,18.607,18.822,18.499,18.805,51147254
2016-06-17,18.830,18.880,18.706,18.789,33286651
2016-06-20,19.088,19.188,18.889,18.897,50488102
2016-06-21,18.972,19.046,18.889,19.005,28839046
2016-06-22,19.005,19.146,18.947,18.988,38638827
2016-06-23,19.213,19.387,19.204,19.387,52762289
2016-06-24,18.373,18.772,18.282,18.348,118706088
2016-06-27,18.074,18.099,17.717,17.825,104303841
2016-06-28,18.149,18.282,17.991,18.282,78502361
2016-06-29,18.440,18.698,18.398,18.698,71552898
2016-06-30,18.756,18.997,18.664,18.993,52019323
2016-07-01,18.922,19.030,18.864,18.897,32264145
2016-07-05,18.714,18.764,18.523,18.614,42610907
2016-07-06,18.457,18.689,18.415,18.664,41898420
2016-07-07,18.722,18.843,18.598,18.689,47028576
2016-07-08,18.947,19.071,18.923,19.047,39584777
2016-07-11,19.146,19.213,19.088,19.155,30448376
2016-07-12,19.296,19.420,19.271,19.396,39392977
2016-07-13,19.379,19.437,19.288,19.396,41051300
2016-07-14,19.778,19.778,19.529,19.578,47964397
2016-07-15,19.653,19.670,19.420,19.545,44867443
2016-07-18,19.554,19.637,19.537,19.612,27869646
2016-07-19,19.520,19.628,19.495,19.620,22020253
2016-07-20,19.695,19.695,19.570,19.653,22764409
2016-07-21,19.628,19.661,19.529,19.554,26132043
2016-07-22,19.578,19.686,19.545,19.678,16802553
2016-07-25,19.645,19.686,19.578,19.637,26541102
2016-07-26,19.587,19.678,19.573,19.653,24672216
2016-07-27,19.620,19.703,19.578,19.645,36281215
2016-07-28,19.595,19.728,19.529,19.686,23611324
2016-07-29,19.612,19.745,19.612,19.653,38950314
2016-08-01,19.670,19.753,19.562,19.603,28196309
2016-08-02,19.545,19.620,19.387,19.437,28410744
2016-08-03,19.437,19.645,19.437,19.637,23976275
2016-08-04,19.620,19.653,19.545,19.587,22439301
2016-08-05,19.794,19.961,19.736,19.961,36876734
2016-08-08,20.019,20.044,19.927,19.986,32210102
2016-08-09,19.977,20.035,19.952,20.002,23066607
2016-08-10,19.986,20.019,19.811,19.844,24000434
2016-08-11,19.886,19.936,19.811,19.886,17986467
2016-08-12,19.753,19.861,19.745,19.828,20649375
2016-08-15,19.903,19.977,19.886,19.961,18799513
2016-08-16,19.927,19.956,19.861,19.911,19773578
2016-08-17,19.911,19.986,19.861,19.977,18370687
2016-08-18,19.944,20.002,19.903,19.961,19027788
2016-08-19,19.903,19.969,19.828,19.952,22544380
2016-08-22,19.919,19.969,19.869,19.952,23265094
2016-08-23,20.027,20.077,19.977,19.977,21360542
2016-08-24,19.986,20.035,19.919,19.969,17385236
2016-08-25,19.944,20.044,19.919,20.010,19496153
2016-08-26,20.069,20.181,19.911,20.035,46471837
2016-08-29,20.085,20.285,20.060,20.210,28941623
2016-08-30,20.243,20.393,20.218,20.393,28160071
2016-08-31,20.401,20.423,20.243,20.409,40342236
2016-09-01,20.459,20.476,20.168,20.326,45045970
2016-09-02,20.351,20.476,20.326,20.418,47877710
2016-09-06,20.409,20.438,20.227,20.384,43142488
2016-09-07,20.310,20.401,20.268,20.376,27667781
2016-09-08,20.376,20.434,20.318,20.360,51560724
2016-09-09,20.243,20.314,19.977,19.977,47561817
2016-09-12,19.886,20.276,19.794,20.202,62354992
2016-09-13,19.969,20.019,19.769,19.844,59548765
2016-09-14,19.844,19.977,19.736,19.794,59295419
2016-09-15,19.753,19.969,19.711,19.911,54722746
2016-09-16,19.831,19.840,19.664,19.723,53828514
2016-09-19,16.157,16.241,16.057,16.124,50562028
2016-09-20,16.241,16.266,16.107,16.132,40034529
2016-09-21,16.207,16.249,16.074,16.232,64240497
2016-09-22,16.316,16.333,16.232,16.266,38481998
2016-09-23,16.207,16.291,16.157,16.182,59203770
2016-09-26,16.082,16.090,15.882,15.923,54367377
2016-09-27,15.865,16.065,15.815,16.049,47776765
2016-09-28,16.116,16.149,15.965,16.124,43077747
2016-09-29,16.116,16.199,15.815,15.898,62786776
2016-09-30,15.982,16.199,15.957,16.116,47492711
2016-10-03,16.065,16.124,15.999,16.040,33279683
2016-10-04,16.082,16.224,16.024,16.107,68697114
2016-10-05,16.174,16.399,16.149,16.366,58844949
2016-10-06,16.408,16.416,16.249,16.391,53512835
2016-10-07,16.324,16.416,16.274,16.383,55715650
2016-10-10,16.466,16.541,16.450,16.466,38122498
2016-10-11,16.416,16.466,16.208,16.316,78839830
2016-10-12,16.299,16.408,16.274,16.299,51547873
2016-10-13,16.166,16.174,15.957,16.141,73411953
2016-10-14,16.333,16.383,16.166,16.216,76427263
2016-10-17,16.224,16.257,16.099,16.141,41371803
2016-10-18,16.308,16.324,16.207,16.274,46109998
2016-10-19,16.324,16.458,16.308,16.416,49999971
2016-10-20,16.399,16.516,16.349,16.416,56423291
2016-10-21,16.283,16.424,16.257,16.408,39673227
2016-10-24,16.483,16.541,16.450,16.458,33919966
2016-10-25,16.491,16.500,16.395,16.441,36296930
2016-10-26,16.366,16.566,16.349,16.541,40552207
2016-10-27,16.633,16.658,16.508,16.583,45695775
2016-10-28,16.617,16.633,16.383,16.508,55933399
2016-10-31,16.591,16.591,16.483,16.483,38706102
2016-11-01,16.541,16.583,16.283,16.416,62965496
2016-11-02,16.383,16.391,16.232,16.308,66748875
2016-11-03,16.324,16.475,16.299,16.324,53638037
2016-11-04,16.333,16.408,16.199,16.274,65104982
2016-11-07,16.550,16.692,16.533,16.683,59196023
2016-11-08,16.633,16.775,16.525,16.692,63498755
2016-11-09,17.151,17.485,16.792,17.401,269821919
2016-11-10,17.669,18.120,17.602,18.044,242430954
2016-11-11,17.927,18.120,17.869,18.094,135398789
2016-11-14,18.270,18.645,18.245,18.537,262592454
2016-11-15,18.378,18.537,18.195,18.520,123158626
2016-11-16,18.353,18.395,18.203,18.253,118275765
2016-11-17,18.253,18.520,18.211,18.504,98860785
2016-11-18,18.487,18.570,18.420,18.504,92648273
2016-11-21,18.604,18.621,18.445,18.570,72180753
2016-11-22,18.654,18.662,18.470,18.579,98610054
2016-11-23,18.654,18.712,18.512,18.687,102283974
2016-11-25,18.729,18.746,18.637,18.712,33223829
2016-11-28,18.579,18.683,18.445,18.495,100119915
2016-11-29,18.529,18.604,18.462,18.545,74891465
2016-11-30,18.804,18.846,18.729,18.796,99169047
2016-12-01,18.896,19.163,18.871,19.122,120483557
2016-12-02,19.071,19.080,18.829,18.913,82378627
2016-12-05,19.080,19.205,19.030,19.138,95458935
2016-12-06,19.263,19.322,19.071,19.305,79403154
2016-12-07,19.355,19.623,19.289,19.606,120568037
2016-12-08,19.714,19.906,19.597,19.790,117241186
2016-12-09,19.790,19.831,19.648,19.831,95992286
2016-12-12,19.773,19.856,19.589,19.639,85423498
2016-12-13,19.689,19.806,19.522,19.689,113794029
2016-12-14,19.539,19.898,19.464,19.597,143466540
2016-12-15,19.698,19.931,19.623,19.764,110789514
2016-12-16,19.863,19.871,19.569,19.594,83370003
2016-12-19,19.620,19.653,19.443,19.603,73960254
2016-12-20,19.720,19.846,19.720,19.846,60993747
2016-12-21,19.846,19.854,19.729,19.796,37862186
2016-12-22,19.787,19.787,19.678,19.745,37920515
2016-12-23,19.745,19.779,19.687,19.779,18336829
2016-12-27,19.821,19.829,19.775,19.804,38366932
2016-12-28,19.838,19.854,19.586,19.603,30935888
2016-12-29,19.620,19.653,19.376,19.460,39381005
2016-12-30,19.536,19.569,19.435,19.502,44908563
2017-01-03,19.804,19.854,19.510,19.720,71494468
2017-01-04,19.779,19.905,19.720,19.880,45240590
2017-01-05,19.821,19.842,19.494,19.678,62405853
2017-01-06,19.754,19.829,19.645,19.745,38186048
2017-01-09,19.695,19.733,19.569,19.611,34134397
2017-01-10,19.645,19.821,19.552,19.653,46364223
2017-01-11,19.678,19.779,19.544,19.779,48159242
2017-01-12,19.687,19.712,19.443,19.611,57607146
2017-01-13,19.745,19.955,19.636,19.720,72718270
2017-01-17,19.578,19.586,19.242,19.250,96976012
2017-01-18,19.351,19.435,19.167,19.410,68513915
2017-01-19,19.452,19.502,19.259,19.326,56916420
2017-01-20,19.385,19.485,19.318,19.418,75051392
2017-01-23,19.334,19.452,19.225,19.292,46804797
2017-01-24,19.385,19.611,19.301,19.536,45378346
2017-01-25,19.745,19.871,19.653,19.863,93155777
2017-01-26,19.896,19.963,19.805,19.913,70937108
2017-01-27,19.913,19.922,19.779,19.838,44089185
2017-01-30,19.712,19.716,19.502,19.678,46320728
2017-01-31,19.578,19.729,19.443,19.552,56663172
2017-02-01,19.703,19.804,19.519,19.578,72369664
2017-02-02,19.469,19.594,19.376,19.502,39526171
2017-02-03,19.838,19.913,19.661,19.896,86630851
2017-02-06,19.779,19.947,19.762,19.804,35067137
2017-02-07,19.922,19.930,19.729,19.754,51005838
2017-02-08,19.695,19.695,19.527,19.620,54519973
2017-02-09,19.678,19.913,19.569,19.888,77066552
2017-02-10,20.005,20.014,19.871,19.947,55260043
2017-02-13,20.072,20.265,20.039,20.173,76939474
2017-02-14,20.156,20.433,20.123,20.408,76204303
2017-02-15,20.509,20.609,20.353,20.567,77122389
2017-02-16,20.542,20.576,20.391,20.517,64259002
2017-02-17,20.366,20.525,20.341,20.525,54334826
2017-02-21,20.634,20.676,20.559,20.626,55397865
2017-02-22,20.542,20.700,20.509,20.643,50604950
2017-02-23,20.651,20.693,20.525,20.643,53685528
2017-02-24,20.425,20.534,20.391,20.483,61889839
2017-02-27,20.509,20.634,20.500,20.593,39785543
2017-02-28,20.517,20.593,20.450,20.584,49073999
2017-03-01,20.978,21.213,20.953,21.171,92453349
2017-03-02,21.213,21.217,20.836,20.844,69674823
2017-03-03,20.861,20.995,20.853,20.945,57842562
2017-03-06,20.819,20.853,20.693,20.785,49178534
2017-03-07,20.819,20.819,20.676,20.727,53903354
2017-03-08,20.953,21.020,20.727,20.735,104945370
2017-03-09,20.819,20.920,20.718,20.811,61004235
2017-03-10,20.911,20.928,20.660,20.794,62353197
2017-03-13,20.819,20.867,20.718,20.844,49581079
2017-03-14,20.760,20.802,20.634,20.785,49674105
2017-03-15,20.819,20.903,20.663,20.752,86739716
2017-03-16,20.836,20.945,20.777,20.785,89527416
2017-03-17,20.835,20.843,18.520,20.582,83330232
2017-03-20,20.540,20.599,20.414,20.431,78935401
2017-03-21,20.506,20.523,19.791,19.841,192889914
2017-03-22,19.698,19.892,19.555,19.799,133638007
2017-03-23,19.774,20.069,19.732,19.841,85519465
2017-03-24,19.875,19.976,19.681,19.816,97904656
2017-03-27,19.395,19.749,19.340,19.740,104305210
2017-03-28,19.673,20.085,19.673,20.010,82571985
2017-03-29,19.976,20.010,19.866,19.883,76775985
2017-03-30,19.900,20.195,19.875,20.144,92870723
2017-03-31,20.069,20.127,19.976,19.976,70772223
2017-04-03,20.010,20.056,19.698,19.934,93796811
2017-04-04,19.850,19.951,19.816,19.909,106144184
2017-04-05,20.094,20.169,19.757,19.757,104995683
2017-04-06,19.740,19.967,19.639,19.883,81068099
2017-04-07,19.732,19.934,19.694,19.799,61728218
2017-04-10,19.799,19.925,19.681,19.749,60627902
2017-04-11,19.648,19.723,19.488,19.690,84077035
2017-04-12,19.664,19.685,19.479,19.530,74266699
2017-04-13,19.454,19.670,19.277,19.277,120554853
2017-04-17,19.328,19.622,19.269,19.614,86966510
2017-04-18,19.479,19.572,19.311,19.429,75136875
2017-04-19,19.555,19.631,19.345,19.370,55766775
2017-04-20,19.513,19.740,19.440,19.698,86002565
2017-04-21,19.648,19.723,19.488,19.496,94986905
2017-04-24,19.942,20.043,19.858,19.934,99095736
2017-04-25,20.111,20.212,20.085,20.111,71259951
2017-04-26,20.085,20.279,20.052,20.094,71927240
2017-04-27,20.136,20.136,19.883,20.001,69098480
2017-04-28,20.010,20.026,19.808,19.808,64302901
2017-05-01,19.909,20.035,19.824,19.934,69314063
2017-05-02,19.934,19.959,19.802,19.909,76763318
2017-05-03,19.841,20.069,19.824,20.069,78372575
2017-05-04,20.195,20.262,20.019,20.102,64695082
2017-05-05,20.161,20.170,20.001,20.069,47035774
2017-05-08,20.094,20.127,20.018,20.052,46044087
2017-05-09,20.102,20.170,19.909,19.976,65954245
2017-05-10,19.942,20.043,19.904,20.043,51361184
2017-05-11,19.967,20.001,19.757,19.917,77521052
2017-05-12,19.824,19.841,19.723,19.833,55970826
2017-05-15,19.875,20.026,19.866,19.984,52363905
2017-05-16,20.026,20.060,19.925,20.043,51699266
2017-05-17,19.622,19.774,19.336,19.412,141657558
2017-05-18,19.387,19.606,19.361,19.488,101991551
2017-05-19,19.521,19.765,19.513,19.656,70005332
2017-05-22,19.765,19.765,19.572,19.707,79442511
2017-05-23,19.723,19.917,19.631,19.858,65793695
2017-05-24,19.883,19.900,19.761,19.850,60202237
2017-05-25,19.892,19.976,19.833,19.883,49524877
2017-05-26,19.833,19.934,19.833,19.875,42741941
2017-05-30,19.816,19.838,19.698,19.740,46737527
2017-05-31,19.740,19.749,19.446,19.572,116259320
2017-06-01,19.681,19.833,19.547,19.816,81454834
2017-06-02,19.673,19.841,19.631,19.740,83980015
2017-06-05,19.749,19.900,19.749,19.774,44200817
2017-06-06,19.622,19.740,19.580,19.690,60596152
2017-06-07,19.723,19.892,19.690,19.841,83322432
2017-06-08,19.841,20.212,19.824,20.069,78243698
2017-06-09,20.195,20.481,20.178,20.447,133654718
2017-06-12,20.489,20.633,20.372,20.489,86929618
2017-06-13,20.599,20.666,20.536,20.599,95291297
2017-06-14,20.422,20.658,20.313,20.633,117992973
2017-06-15,20.481,20.658,20.464,20.548,59743719
2017-06-16,20.542,20.593,20.466,20.525,53995927
2017-06-19,20.660,20.779,20.635,20.736,58232352
2017-06-20,20.669,20.686,20.550,20.559,45840045
2017-06-21,20.593,20.601,20.373,20.390,52109188
2017-06-22,20.314,20.373,20.238,20.263,58572358
2017-06-23,20.348,20.356,20.119,20.187,85633553
2017-06-26,20.229,20.381,20.162,20.297,60500821
2017-06-27,20.373,20.550,20.322,20.398,76193399
2017-06-28,20.534,20.753,20.517,20.719,90394176
2017-06-29,21.142,21.142,20.711,20.863,119568994
2017-06-30,21.015,21.024,20.804,20.846,72994370
2017-07-03,20.964,21.286,20.939,21.150,61656739
2017-07-05,21.210,21.235,21.053,21.184,78357272
2017-07-06,21.176,21.269,21.024,21.024,98677523
2017-07-07,21.133,21.210,21.024,21.167,59628082
2017-07-10,21.133,21.193,21.066,21.142,55203571
2017-07-11,21.125,21.133,20.897,20.956,50021294
2017-07-12,20.931,21.041,20.897,21.024,47975968
2017-07-13,21.024,21.150,21.007,21.150,49036741
2017-07-14,20.888,21.091,20.779,21.057,61945570
2017-07-17,20.998,21.041,20.905,20.990,43399437
2017-07-18,20.846,20.990,20.821,20.956,63418767
2017-07-19,20.998,21.057,20.888,20.964,48418268
2017-07-20,20.981,21.074,20.914,20.956,40295744
2017-07-21,20.897,21.024,20.897,20.956,44032917
2017-07-24,20.948,21.074,20.943,21.049,26451562
2017-07-25,21.286,21.395,21.248,21.311,76036293
2017-07-26,21.336,21.370,21.117,21.167,56271172
2017-07-27,21.210,21.218,20.956,21.049,68049439
2017-07-28,21.015,21.108,20.931,21.049,43879774
2017-07-31,21.125,21.275,21.100,21.201,43180935
2017-08-01,21.345,21.370,21.243,21.353,61188254
2017-08-02,21.379,21.404,21.277,21.387,43484177
2017-08-03,21.353,21.387,21.277,21.311,40951200
2017-08-04,21.505,21.539,21.412,21.455,50960112
2017-08-07,21.455,21.463,21.387,21.421,39616750
2017-08-08,21.387,21.624,21.353,21.362,52910061
2017-08-09,21.184,21.379,21.184,21.362,46720326
2017-08-10,21.226,21.273,20.981,20.981,71364431
2017-08-11,20.981,21.090,20.846,20.897,50643950
2017-08-14,21.066,21.243,21.057,21.184,49635736
2017-08-15,21.362,21.387,21.201,21.201,48694804
2017-08-16,21.294,21.328,21.121,21.159,35199562
2017-08-17,21.108,21.142,20.787,20.795,76865271
2017-08-18,20.694,20.956,20.686,20.804,71961988
2017-08-21,20.787,20.812,20.660,20.745,45195519
2017-08-22,20.829,20.990,20.804,20.973,42784400
2017-08-23,20.821,21.024,20.804,20.905,36733229
2017-08-24,20.998,20.998,20.863,20.905,31169435
2017-08-25,20.948,21.057,20.939,20.964,37299650
2017-08-28,20.981,20.990,20.779,20.829,36607040
2017-08-29,20.593,20.795,20.576,20.762,42955143
2017-08-30,20.795,20.936,20.779,20.846,35291906
2017-08-31,20.914,20.935,20.804,20.872,44370772
2017-09-01,20.897,21.049,20.846,20.931,42271330
2017-09-05,20.770,20.804,20.424,20.483,96897159
2017-09-06,20.559,20.635,20.466,20.534,77849271
2017-09-07,20.567,20.584,20.103,20.179,87956430
2017-09-08,20.196,20.441,20.153,20.365,68865406
2017-09-11,20.601,20.779,20.559,20.719,73547049
2017-09-12,20.795,20.981,20.779,20.964,66569040
2017-09-13,20.931,21.007,20.855,20.998,51217486
2017-09-14,21.007,21.057,20.914,20.956,47318408
2017-09-15,20.926,21.037,20.901,21.020,59445230
2017-09-18,21.096,21.274,21.079,21.266,44155257
2017-09-19,21.266,21.478,21.232,21.427,58635700
2017-09-20,21.444,21.631,21.342,21.554,70827929
2017-09-21,21.504,21.656,21.487,21.605,51218126
2017-09-22,21.520,21.605,21.457,21.580,42445813
2017-09-25,21.554,21.631,21.410,21.554,39905526
2017-09-26,21.588,21.622,21.487,21.546,46965095
2017-09-27,21.818,21.919,21.720,21.809,66136137
2017-09-28,21.885,21.894,21.733,21.843,37843034
2017-09-29,21.843,21.945,21.809,21.945,42881520
2017-10-02,21.902,22.131,21.902,22.131,52947698
2017-10-03,22.115,22.208,22.072,22.208,48221104
2017-10-04,22.148,22.216,22.098,22.106,39413096
2017-10-05,22.131,22.412,22.069,22.335,61462032
2017-10-06,22.395,22.454,22.242,22.361,66295316
2017-10-09,22.420,22.420,22.225,22.276,31443396
2017-10-10,22.310,22.378,22.250,22.378,35940433
2017-10-11,22.327,22.356,22.242,22.335,33859709
2017-10-12,22.395,22.403,22.140,22.165,54012009
2017-10-13,22.055,22.250,21.970,22.174,69790337
2017-10-16,22.191,22.327,22.182,22.318,42138974
2017-10-17,22.395,22.403,22.157,22.208,37968790
2017-10-18,22.301,22.361,22.208,22.327,52373335
2017-10-19,22.165,22.352,22.131,22.344,34785748
2017-10-20,22.581,22.624,22.505,22.607,56268390
2017-10-23,22.615,22.658,22.539,22.590,43698556
2017-10-24,22.666,22.793,22.649,22.751,61460842
2017-10-25,22.819,22.844,22.488,22.615,68879522
2017-10-26,22.700,22.844,22.700,22.742,41970297
2017-10-27,22.700,22.768,22.581,22.726,56880977
2017-10-30,22.615,22.734,22.573,22.632,48316048
2017-10-31,22.632,22.717,22.547,22.573,40022105
2017-11-01,22.666,22.768,22.582,22.607,41056570
2017-11-02,22.632,22.853,22.518,22.819,51266516
2017-11-03,22.742,22.759,22.658,22.726,42526486
2017-11-06,22.666,22.742,22.624,22.700,33752887
2017-11-07,22.717,22.785,22.327,22.386,70556995
2017-11-08,22.344,22.352,22.199,22.276,56028753
2017-11-09,22.131,22.276,21.970,22.199,94888368
2017-11-10,22.216,22.255,22.115,22.131,53384730
2017-11-13,21.996,22.212,21.979,22.165,50745673
2017-11-14,22.081,22.165,22.004,22.157,54279865
2017-11-15,21.962,22.290,21.945,22.216,65166087
2017-11-16,22.318,22.369,22.208,22.225,53824690
2017-11-17,22.115,22.250,22.089,22.199,42076703
2017-11-20,22.242,22.335,22.174,22.301,35348351
2017-11-21,22.378,22.402,22.319,22.369,36090803
2017-11-22,22.369,22.428,22.259,22.259,31061273
2017-11-24,22.344,22.386,22.233,22.250,12212550
2017-11-27,22.233,22.352,22.216,22.233,42485815
2017-11-28,22.259,22.836,22.242,22.810,86791718
2017-11-29,23.031,23.353,22.972,23.201,135786151
2017-11-30,23.404,23.659,23.230,23.353,135686896
2017-12-01,23.387,23.515,22.870,23.404,148607180
2017-12-04,23.795,23.931,23.761,23.761,100148951
2017-12-05,23.846,23.888,23.574,23.634,77961986
2017-12-06,23.549,23.684,23.481,23.549,60497574
2017-12-07,23.447,23.710,23.404,23.625,59821806
2017-12-08,23.744,23.769,23.574,23.769,55182644
2017-12-11,23.769,23.803,23.642,23.710,43420821
2017-12-12,23.803,24.037,23.723,23.947,69745920
2017-12-13,23.922,23.973,23.634,23.650,97655733
2017-12-14,23.735,23.769,23.472,23.498,77223346
2017-12-15,23.640,23.870,23.558,23.708,112194185
2017-12-18,23.904,24.037,23.861,23.921,61477169
2017-12-19,24.058,24.075,23.819,23.819,57555124
2017-12-20,24.015,24.058,23.759,23.776,69909707
2017-12-21,23.904,24.049,23.874,23.981,46275320
2017-12-22,24.049,24.083,23.802,23.913,43161864
2017-12-26,23.913,23.985,23.751,23.844,33821081
2017-12-27,23.861,23.879,23.793,23.870,29517813
2017-12-28,23.930,23.972,23.866,23.964,28222257
2017-12-29,24.041,24.041,23.793,23.793,55351380
2018-01-02,23.947,23.947,23.691,23.802,55618558
2018-01-03,23.844,23.947,23.763,23.930,57093557
2018-01-04,24.066,24.330,24.023,24.151,62451858
2018-01-05,24.279,24.279,24.066,24.220,38114574
2018-01-08,24.194,24.233,24.100,24.185,44397764
2018-01-09,24.288,24.501,24.245,24.373,51587955
2018-01-10,24.450,24.680,24.407,24.578,64883774
2018-01-11,24.680,24.723,24.561,24.697,42501160
2018-01-12,24.842,24.936,24.688,24.919,44684103
2018-01-16,25.132,25.174,24.714,24.850,67786221
2018-01-17,24.919,25.106,24.714,25.038,54490737
2018-01-18,25.123,25.132,24.970,25.004,49409468
2018-01-19,25.089,25.191,25.038,25.183,60927702
2018-01-22,25.191,25.396,25.157,25.387,47023170
2018-01-23,25.328,25.456,25.208,25.413,61062330
2018-01-24,25.532,25.643,25.379,25.584,66589471
2018-01-25,25.686,25.686,25.447,25.532,45573184
2018-01-26,25.609,25.728,25.490,25.720,33983416
2018-01-29,25.737,25.852,25.596,25.618,41172803
2018-01-30,25.430,25.592,25.285,25.285,67538466
2018-01-31,25.353,25.481,25.268,25.353,49885993
2018-02-01,25.302,25.618,25.294,25.592,61024430
2018-02-02,25.541,25.609,25.012,25.029,73326541
2018-02-05,24.492,24.902,23.529,23.768,148358278
2018-02-06,23.222,24.262,23.162,24.202,159529807
2018-02-07,24.160,24.561,24.058,24.220,103037500
2018-02-08,24.262,24.305,23.137,23.154,135715827
2018-02-09,23.503,23.773,22.813,23.597,149997065
2018-02-12,23.836,24.167,23.619,23.930,83846924
2018-02-13,23.793,24.083,23.725,24.032,43508248
2018-02-14,24.015,24.607,23.930,24.603,57568544
2018-02-15,24.808,24.842,24.467,24.740,67196510
2018-02-16,24.620,24.919,24.586,24.705,47664626
2018-02-20,24.654,24.902,24.552,24.629,58427790
2018-02-21,24.637,25.064,24.612,24.663,44725504
2018-02-22,24.723,24.859,24.399,24.458,47759357
2018-02-23,24.535,24.825,24.526,24.825,41322914
2018-02-26,25.004,25.200,24.842,25.200,55305653
2018-02-27,25.217,25.379,24.944,24.961,72991562
2018-02-28,25.089,25.183,24.612,24.612,65469463
2018-03-01,24.620,24.816,24.049,24.185,82739387
2018-03-02,24.015,24.313,23.776,24.245,79251184
2018-03-05,24.058,24.723,24.049,24.586,59146194
2018-03-06,24.723,24.740,24.433,24.688,49909879
2018-03-07,24.382,24.697,24.356,24.646,41666934
2018-03-08,24.705,24.757,24.458,24.723,50970273
2018-03-09,24.987,25.336,24.880,25.319,54775405
2018-03-12,25.319,25.413,25.191,25.234,51954915
2018-03-13,25.353,25.379,24.893,24.953,47204245
2018-03-14,25.064,25.064,24.595,24.671,57467495
2018-03-15,24.765,24.816,24.607,24.680,47607762
2018-03-16,24.735,24.941,24.701,24.701,61479921
2018-03-19,24.667,24.753,24.290,24.521,52316689
2018-03-20,24.616,24.684,24.517,24.581,37268822
2018-03-21,24.624,24.898,24.487,24.573,53466823
2018-03-22,24.248,24.342,23.580,23.666,85440626
2018-03-23,23.692,23.786,22.904,22.947,89583442
2018-03-26,23.409,23.760,23.187,23.692,84422018
2018-03-27,23.769,23.871,23.041,23.230,79086853
2018-03-28,23.289,23.503,22.973,23.272,84521786
2018-03-29,23.375,23.751,23.272,23.589,59461901
2018-04-02,23.589,23.614,22.716,23.067,74608680
2018-04-03,23.212,23.435,23.007,23.384,75407835
2018-04-04,22.964,23.700,22.947,23.632,70558460
2018-04-05,23.846,23.991,23.739,23.820,45527690
2018-04-06,23.546,23.700,23.029,23.247,88812439
2018-04-09,23.375,23.846,23.332,23.375,54813040
2018-04-10,23.751,23.863,23.572,23.726,69009620
2018-04-11,23.512,23.623,23.379,23.443,52653579
2018-04-12,23.623,24.008,23.602,23.854,63497451
2018-04-13,24.145,24.162,23.366,23.495,70334661
2018-04-16,23.632,23.769,23.529,23.597,44780545
2018-04-17,23.803,23.828,23.508,23.597,50917181
2018-04-18,23.657,23.751,23.435,23.486,67015387
2018-04-19,23.529,23.893,23.512,23.846,76392673
2018-04-20,23.888,23.991,23.747,23.854,49964287
2018-04-23,23.923,23.948,23.751,23.828,45839564
2018-04-24,23.957,24.102,23.512,23.674,69821942
2018-04-25,23.649,23.777,23.418,23.657,51989555
2018-04-26,23.640,23.790,23.546,23.666,33566293
2018-04-27,23.623,23.760,23.585,23.700,47340553
2018-04-30,23.760,23.888,23.478,23.486,41868728
2018-05-01,23.435,23.512,23.247,23.495,46525032
2018-05-02,23.409,23.503,23.195,23.230,45579894
2018-05-03,23.118,23.153,22.639,23.033,69174854
2018-05-04,22.896,23.460,22.819,23.332,40709127
2018-05-07,23.418,23.580,23.324,23.486,36995016
2018-05-08,23.503,23.808,23.495,23.649,47875571
2018-05-09,23.760,24.059,23.674,24.000,43961245
2018-05-10,23.957,24.246,23.923,24.196,41581883
2018-05-11,24.213,24.342,24.128,24.179,25979210
2018-05-14,24.248,24.290,24.119,24.162,31395929
2018-05-15,24.128,24.248,24.025,24.119,54835665
2018-05-16,24.094,24.231,24.042,24.162,32090173
2018-05-17,24.136,24.196,23.957,24.111,45218771
2018-05-18,24.111,24.119,23.905,23.914,33375619
2018-05-21,24.051,24.179,24.042,24.085,29745518
2018-05-22,24.102,24.385,24.102,24.248,53015345
2018-05-23,24.085,24.158,23.837,24.094,45116515
2018-05-24,24.017,24.030,23.669,23.905,43387555
2018-05-25,23.794,23.871,23.717,23.828,39441888
2018-05-29,23.495,23.529,22.862,23.033,126886024
2018-05-30,23.255,23.546,23.195,23.452,66060470
2018-05-31,23.401,23.431,23.187,23.255,66906455
2018-06-01,23.538,23.640,23.443,23.512,63141419
2018-06-04,23.623,23.670,23.550,23.589,44342428
2018-06-05,23.512,23.546,23.366,23.486,45144888
2018-06-06,23.623,23.931,23.597,23.914,62163945
2018-06-07,24.017,24.111,23.831,23.991,65380623
2018-06-08,23.965,24.051,23.837,24.025,47870457
2018-06-11,24.102,24.188,23.974,23.974,47475390
2018-06-12,24.042,24.102,23.794,23.914,55699968
2018-06-13,23.923,24.111,23.803,23.828,61296872
2018-06-14,23.871,23.914,23.538,23.606,70868047
2018-06-15,23.459,23.678,23.296,23.605,63596221
2018-06-18,23.399,23.596,23.321,23.562,49988568
2018-06-19,23.321,23.562,23.313,23.502,50380025
2018-06-20,23.717,23.717,23.416,23.442,42974583
2018-06-21,23.364,23.506,23.210,23.373,75438399
2018-06-22,23.536,23.562,23.244,23.261,62182949
2018-06-25,23.158,23.201,22.853,23.012,81011876
2018-06-26,23.029,23.055,22.789,22.935,56666270
2018-06-27,22.926,23.098,22.643,22.651,78356277
2018-06-28,22.651,22.943,22.608,22.849,78803366
2018-06-29,23.132,23.261,22.814,22.849,77462780
2018-07-02,22.660,22.969,22.643,22.960,66420706
2018-07-03,23.021,23.089,22.703,22.754,30818888
2018-07-05,22.875,22.926,22.728,22.806,40802406
2018-07-06,22.746,23.012,22.660,22.918,41423419
2018-07-09,23.038,23.467,23.012,23.442,73689132
2018-07-10,23.459,23.536,23.287,23.356,51429297
2018-07-11,23.227,23.364,23.193,23.244,46175234
2018-07-12,23.390,23.407,23.150,23.287,65090362
2018-07-13,23.193,23.264,22.943,23.184,64362343
2018-07-16,23.253,23.614,23.235,23.596,55995755
2018-07-17,23.622,23.717,23.493,23.622,55684930
2018-07-18,23.717,24.043,23.682,24.000,59303758
2018-07-19,23.880,23.885,23.605,23.639,61968540
2018-07-20,23.596,23.751,23.510,23.682,52460181
2018-07-23,23.682,24.043,23.674,24.009,81784554
2018-07-24,24.103,24.224,24.013,24.078,63341498
2018-07-25,24.060,24.172,23.932,24.129,44408487
2018-07-26,24.189,24.280,24.095,24.121,40188696
2018-07-27,24.112,24.292,24.035,24.172,63367540
2018-07-30,24.189,24.365,24.155,24.189,56660038
2018-07-31,24.258,24.267,23.966,24.017,84778287
2018-08-01,24.172,24.292,23.957,24.017,64257678
2018-08-02,23.863,24.066,23.785,24.026,38456923
2018-08-03,23.992,24.164,23.992,24.164,35009209
2018-08-06,24.198,24.353,24.146,24.292,38355968
2018-08-07,24.361,24.542,24.340,24.404,44755459
2018-08-08,24.370,24.507,24.353,24.464,47679606
2018-08-09,24.404,24.464,24.318,24.318,29454449
2018-08-10,24.000,24.120,23.914,24.035,83575651
2018-08-13,24.035,24.095,23.794,23.803,74658448
2018-08-14,23.889,24.069,23.820,24.026,43802749
2018-08-15,23.828,23.957,23.725,23.837,55864412
2018-08-16,23.949,24.224,23.949,24.155,49697213
2018-08-17,24.086,24.241,24.086,24.206,43335323
2018-08-20,24.206,24.327,24.172,24.284,30152610
2018-08-21,24.301,24.499,24.249,24.378,48097822
2018-08-22,24.275,24.383,24.258,24.292,27413198
2018-08-23,24.284,24.310,24.150,24.181,31872390
2018-08-24,24.275,24.314,24.224,24.267,22137157
2018-08-27,24.361,24.679,24.353,24.593,52426539
2018-08-28,24.662,24.679,24.524,24.567,28991913
2018-08-29,24.567,24.628,24.438,24.559,34127254
2018-08-30,24.447,24.542,24.327,24.370,43406535
2018-08-31,24.284,24.361,24.207,24.344,34220025
2018-09-04,24.292,24.486,24.232,24.464,43287657
2018-09-05,24.447,24.610,24.430,24.481,32835427
2018-09-06,24.447,24.516,24.292,24.370,38455144
2018-09-07,24.421,24.438,24.241,24.344,43787950
2018-09-10,24.404,24.438,24.292,24.318,30025682
2018-09-11,24.249,24.413,24.164,24.344,32171005
2018-09-12,24.344,24.396,24.103,24.121,48121328
2018-09-13,24.181,24.301,24.035,24.086,45125161
2018-09-14,24.121,24.280,24.112,24.258,34263376
2018-09-17,24.258,24.327,24.129,24.155,26996425
2018-09-18,24.215,24.301,24.112,24.275,36525483
2018-09-19,24.258,24.765,24.258,24.688,75800711
2018-09-20,24.868,24.980,24.808,24.903,78814111
2018-09-21,24.987,25.030,24.771,24.805,64922970
2018-09-24,24.780,24.810,24.512,24.529,48143095
2018-09-25,24.624,24.643,24.426,24.434,33072912
2018-09-26,24.469,24.503,24.080,24.141,60486597
2018-09-27,24.167,24.253,24.029,24.055,57681426
2018-09-28,23.960,23.964,23.770,23.804,66673626
2018-10-01,23.942,24.072,23.817,23.899,50019846
2018-10-02,23.865,23.942,23.709,23.899,47786332
2018-10-03,24.055,24.227,23.986,24.124,79853388
2018-10-04,24.115,24.465,24.098,24.288,95012504
2018-10-05,24.348,24.434,24.106,24.167,58340076
2018-10-08,24.098,24.408,24.076,24.331,56781237
2018-10-09,24.219,24.339,24.063,24.236,48121431
2018-10-10,24.227,24.288,23.485,23.485,101938842
2018-10-11,23.347,23.489,22.717,22.786,179216219
2018-10-12,23.200,23.234,22.466,22.812,138387006
2018-10-15,22.820,22.984,22.708,22.708,82467003
2018-10-16,22.864,23.105,22.708,23.088,75384658
2018-10-17,23.036,23.463,22.924,23.321,79733687
2018-10-18,23.191,23.361,22.864,22.933,81974972
2018-10-19,22.915,23.196,22.803,23.019,73856655
2018-10-22,23.045,23.097,22.527,22.527,58838803
2018-10-23,22.069,22.475,21.940,22.346,94006586
2018-10-24,22.311,22.311,21.698,21.785,98373448
2018-10-25,21.888,22.303,21.866,22.121,72677884
2018-10-26,21.854,22.026,21.595,21.802,115688438
2018-10-29,22.069,22.380,21.754,21.992,98268474
2018-10-30,22.113,22.389,21.957,22.372,82991426
2018-10-31,22.587,22.967,22.553,22.682,94089849
2018-11-01,22.743,22.881,22.630,22.786,62551871
2018-11-02,23.010,23.140,22.592,22.769,73274648
2018-11-05,22.864,23.200,22.864,23.131,58899020
2018-11-06,23.114,23.252,23.002,23.252,51178791
2018-11-07,23.381,23.580,23.148,23.554,60188304
2018-11-08,23.416,23.753,23.338,23.623,46883941
2018-11-09,23.563,23.627,23.286,23.407,47206094
2018-11-12,23.355,23.459,22.898,22.941,47290680
2018-11-13,22.976,23.295,22.958,23.071,70050388
2018-11-14,23.252,23.286,22.510,22.760,104617427
2018-11-15,22.605,23.114,22.466,23.097,94307429
2018-11-16,22.976,23.226,22.846,23.122,80783436
2018-11-19,23.105,23.217,22.908,23.114,65706883
2018-11-20,22.846,22.941,22.536,22.605,104119883
2018-11-21,22.734,22.946,22.553,22.622,48777991
2018-11-23,22.501,22.626,22.376,22.441,24332164
2018-11-26,22.674,22.984,22.662,22.898,50333958
2018-11-27,22.855,22.984,22.799,22.915,47329584
2018-11-28,22.984,23.355,22.786,23.355,61577352
2018-11-29,23.183,23.308,23.062,23.157,43807825
2018-11-30,23.088,23.373,23.053,23.278,45584782
2018-12-03,23.614,23.709,23.261,23.425,65545986
2018-12-04,23.304,23.312,22.294,22.406,111283680
2018-12-06,21.905,22.104,21.517,22.095,135130465
2018-12-07,22.044,22.354,21.569,21.672,87025528
2018-12-10,21.586,21.647,20.973,21.370,101454713
2018-12-11,21.638,21.767,21.086,21.163,92612015
2018-12-12,21.457,21.592,21.180,21.284,87034473
2018-12-13,21.275,21.388,21.054,21.129,67454210
2018-12-14,20.922,21.215,20.878,20.922,67036958
2018-12-17,20.801,21.120,20.619,20.714,101513421
2018-12-18,20.835,21.060,20.503,20.637,91143038
2018-12-19,20.594,21.051,20.214,20.378,129757451
2018-12-20,20.179,20.499,20.084,20.197,107369131
2018-12-21,20.175,20.557,19.750,19.793,118892431
2018-12-24,19.533,19.758,19.350,19.376,71988890
2018-12-26,19.428,20.262,19.150,20.253,108489494
2018-12-27,19.915,20.497,19.725,20.497,98327611
2018-12-28,20.592,20.757,20.397,20.488,76599717
2018-12-31,20.601,20.775,20.427,20.688,56621182
2019-01-02,20.384,20.905,20.323,20.861,63152191
2019-01-03,20.705,20.757,20.340,20.392,65946386
2019-01-04,20.740,21.113,20.688,21.070,64851130
2019-01-07,21.026,21.287,20.896,21.096,48325583
2019-01-08,21.287,21.317,20.870,21.113,90411328
2019-01-09,21.165,21.296,21.021,21.217,61237971
2019-01-10,21.096,21.296,21.026,21.226,48790891
2019-01-11,21.122,21.322,21.000,21.278,45109620
2019-01-14,21.070,21.495,21.044,21.426,50777164
2019-01-15,21.339,21.652,21.278,21.617,59351204
2019-01-16,21.869,22.208,21.808,22.077,73222682
2019-01-17,21.990,22.277,21.856,22.199,55954849
2019-01-18,22.355,22.607,22.175,22.581,58592431
2019-01-22,22.390,22.503,22.208,22.320,79913937
2019-01-23,22.407,22.433,22.095,22.347,44217132
2019-01-24,22.268,22.459,22.199,22.399,25580823
2019-01-25,22.555,22.729,22.491,22.581,63347796
2019-01-28,22.364,22.538,22.329,22.512,67115098
2019-01-29,22.503,22.590,22.425,22.433,29538998
2019-01-30,22.503,22.700,22.342,22.564,62281103
2019-01-31,22.373,22.564,22.338,22.529,64232211
2019-02-01,22.564,22.730,22.538,22.624,43061565
2019-02-04,22.633,22.729,22.512,22.720,30462401
2019-02-05,22.763,22.781,22.572,22.659,39223966
2019-02-06,22.590,22.750,22.555,22.633,51712482
2019-02-07,22.564,22.624,22.225,22.407,80660294
2019-02-08,22.286,22.390,22.008,22.294,55091805
2019-02-11,22.364,22.407,22.251,22.364,53290539
2019-02-12,22.529,22.776,22.520,22.694,37795293
2019-02-13,22.798,22.954,22.746,22.755,43111076
2019-02-14,22.581,22.650,22.347,22.477,47786884
2019-02-15,22.659,22.954,22.477,22.954,47035106
2019-02-19,22.842,23.059,22.772,22.989,23946901
2019-02-20,22.981,23.146,22.928,23.137,27599619
2019-02-21,23.093,23.172,22.937,23.015,46773496
2019-02-22,23.015,23.085,22.896,22.981,26430400
2019-02-25,23.085,23.293,23.050,23.076,33947275
2019-02-26,22.911,23.176,22.894,23.007,35777174
2019-02-27,22.963,23.137,22.933,23.093,42682438
2019-02-28,23.102,23.146,23.024,23.033,39967052
2019-03-01,23.232,23.397,23.111,23.180,82929419
2019-03-04,23.241,23.397,22.842,23.033,76864085
2019-03-05,23.076,23.083,22.772,22.946,39999335
2019-03-06,22.946,23.020,22.781,22.798,43300956
2019-03-07,22.711,22.711,22.433,22.564,62828278
2019-03-08,22.312,22.572,22.303,22.555,56010202
2019-03-11,22.668,22.855,22.563,22.789,63552042
2019-03-12,22.824,22.920,22.789,22.842,32628182
2019-03-13,22.928,23.085,22.859,22.998,42958491
2019-03-14,22.963,23.172,22.954,23.085,37789713
2019-03-15,23.088,23.315,23.071,23.245,70250923
2019-03-18,23.289,23.551,23.289,23.481,44125470
2019-03-19,23.612,23.656,23.237,23.298,45177488
2019-03-20,23.245,23.254,22.791,22.818,66077083
2019-03-21,22.660,22.844,22.503,22.748,105259405
2019-03-22,22.477,22.595,22.024,22.119,122257301
2019-03-25,22.093,22.285,21.892,22.023,73075362
2019-03-26,22.198,22.338,22.067,22.285,51339988
2019-03-27,22.233,22.344,22.084,22.189,73389130
2019-03-28,22.233,22.390,22.128,22.381,52260790
2019-03-29,22.573,22.591,22.355,22.442,50399756
2019-04-01,22.626,23.010,22.617,22.992,62690975
2019-04-02,22.931,23.097,22.896,22.975,41137450
2019-04-03,23.132,23.237,22.949,23.045,52202137
2019-04-04,23.045,23.280,23.045,23.184,54557857
2019-04-05,23.228,23.310,23.149,23.219,37210880
2019-04-08,23.158,23.250,23.106,23.245,35113211
2019-04-09,23.141,23.141,22.951,23.053,66171870
2019-04-10,23.053,23.158,22.940,23.123,48391577
2019-04-11,23.210,23.350,23.141,23.263,62409779
2019-04-12,23.603,23.856,23.481,23.691,84906182
2019-04-15,23.699,23.708,23.490,23.542,40162138
2019-04-16,23.594,23.900,23.577,23.874,56278026
2019-04-17,23.961,23.970,23.743,23.935,59027657
2019-04-18,23.891,23.961,23.830,23.865,52668532
2019-04-22,23.795,23.861,23.717,23.795,39453568
2019-04-23,23.787,23.970,23.691,23.944,54428899
2019-04-24,23.865,24.025,23.813,23.917,39635269
2019-04-25,23.804,24.057,23.743,23.961,44678892
2019-04-26,23.961,24.197,23.926,24.179,41664622
2019-04-29,24.267,24.553,24.206,24.424,61846086
2019-04-30,24.459,24.494,24.252,24.459,38927988
2019-05-01,24.485,24.563,24.240,24.258,68193262
2019-05-02,24.240,24.398,24.109,24.284,51140678
2019-05-03,24.389,24.546,24.341,24.502,34712786
2019-05-06,24.075,24.424,24.031,24.336,42657334
2019-05-07,24.109,24.341,23.769,23.935,60288616
2019-05-08,23.839,24.083,23.773,23.883,44400220
2019-05-09,23.594,23.878,23.477,23.830,56654220
2019-05-10,23.699,24.027,23.490,23.987,63662699
2019-05-13,23.507,23.560,23.210,23.289,55143464
2019-05-14,23.341,23.673,23.315,23.472,52570840
2019-05-15,23.237,23.498,23.149,23.385,49223197
2019-05-16,23.464,23.752,23.446,23.621,45020318
2019-05-17,23.385,23.691,23.350,23.464,62917893
2019-05-20,23.376,23.594,23.376,23.490,44503453
2019-05-21,23.586,23.734,23.586,23.734,36972695
2019-05-22,23.612,23.664,23.528,23.594,25952734
2019-05-23,23.368,23.376,23.062,23.263,52003526
2019-05-24,23.350,23.455,23.280,23.446,30682669
2019-05-28,23.376,23.446,23.162,23.175,35293511
2019-05-29,22.992,23.171,22.883,23.132,39831257
2019-05-30,23.184,23.315,22.940,23.053,40775000
2019-05-31,22.757,22.870,22.687,22.704,49421402
2019-06-03,22.669,22.949,22.626,22.853,63537814
2019-06-04,23.132,23.498,23.071,23.472,45604022
2019-06-05,23.516,23.638,23.315,23.621,46753113
2019-06-06,23.629,23.802,23.501,23.708,37420377
2019-06-07,23.708,23.787,23.638,23.673,33163586
2019-06-10,23.813,24.048,23.813,23.874,37203452
2019-06-11,24.005,24.101,23.808,23.883,34386270
2019-06-12,23.856,23.900,23.594,23.647,36987393
2019-06-13,23.691,23.804,23.629,23.725,31122158
2019-06-14,23.752,23.856,23.568,23.778,29821905
2019-06-17,23.769,23.835,23.533,23.560,41116493
2019-06-18,23.507,23.970,23.507,23.874,46389626
2019-06-19,23.917,24.083,23.804,23.830,58309814
2019-06-20,23.961,24.031,23.673,23.935,50750728
2019-06-21,23.953,24.111,23.848,23.883,65537312
2019-06-24,23.839,24.001,23.760,23.786,48537274
2019-06-25,23.786,23.821,23.593,23.707,47905667
2019-06-26,23.760,23.874,23.655,23.663,31551542
2019-06-27,23.751,23.944,23.751,23.874,59655535
2019-06-28,24.155,24.304,23.897,24.216,76980674
2019-07-01,24.497,24.611,24.374,24.506,49307024
2019-07-02,24.471,24.545,24.313,24.444,56813205
2019-07-03,24.523,24.646,24.453,24.637,23784849
2019-07-05,24.716,24.800,24.594,24.708,40817027
2019-07-08,24.576,24.681,24.515,24.585,26373264
2019-07-09,24.418,24.672,24.400,24.629,25981013
2019-07-10,24.637,24.769,24.506,24.541,36687093
2019-07-11,24.576,24.716,24.532,24.681,41042185
2019-07-12,24.716,24.848,24.654,24.848,31212319
2019-07-15,24.857,24.874,24.637,24.708,28439442
2019-07-16,24.751,24.791,24.589,24.646,47443770
2019-07-17,24.558,24.633,24.400,24.436,35177989
2019-07-18,24.400,24.664,24.374,24.620,46538047
2019-07-19,24.681,24.725,24.497,24.515,29435097
2019-07-22,24.462,24.607,24.418,24.567,26771163
2019-07-23,24.629,24.857,24.620,24.822,45456711
2019-07-24,24.769,25.076,24.751,25.076,36493962
2019-07-25,25.067,25.102,24.844,24.901,34292864
2019-07-26,24.953,25.190,24.901,25.173,33753530
2019-07-29,25.129,25.199,24.953,24.980,36073475
2019-07-30,24.787,24.936,24.734,24.909,30827230
2019-07-31,24.909,25.029,24.738,24.787,64697667
2019-08-01,24.769,24.936,24.190,24.225,108331770
2019-08-02,24.181,24.335,23.892,24.216,66253740
2019-08-05,23.681,23.795,23.229,23.409,85809431
2019-08-06,23.558,23.804,23.330,23.786,53620918
2019-08-07,23.339,23.576,23.023,23.470,82625700
2019-08-08,23.699,23.927,23.506,23.918,66872577
2019-08-09,23.786,23.962,23.602,23.839,53959774
2019-08-12,23.558,23.646,23.313,23.383,57024731
2019-08-13,23.339,23.839,23.251,23.672,72643314
2019-08-14,23.146,23.269,22.777,22.795,92370356
2019-08-15,22.909,23.054,22.738,22.909,59883431
2019-08-16,23.023,23.374,23.023,23.313,49501499
2019-08-19,23.672,23.716,23.501,23.549,38387822
2019-08-20,23.418,23.462,23.207,23.234,40718433
2019-08-21,23.383,23.418,23.277,23.339,45070564
2019-08-22,23.462,23.558,23.313,23.497,44046555
2019-08-23,23.330,23.506,22.742,22.900,86529189
2019-08-26,23.049,23.137,22.909,23.119,34318058
2019-08-27,23.207,23.277,22.839,22.979,54420521
2019-08-28,22.856,23.220,22.839,23.190,52063386
2019-08-29,23.400,23.615,23.356,23.541,49986161
2019-08-30,23.672,23.738,23.532,23.620,40699072
2019-09-03,23.427,23.453,23.168,23.374,60200351
2019-09-04,23.549,23.646,23.497,23.602,44091145
2019-09-05,23.935,24.286,23.927,24.085,68865494
2019-09-06,24.111,24.181,23.984,24.076,35777686
2019-09-09,24.243,24.541,24.190,24.444,68020884
2019-09-10,24.523,24.633,24.304,24.532,77794349
2019-09-11,24.550,24.699,24.330,24.672,53461352
2019-09-12,24.602,24.901,24.523,24.804,73102603
2019-09-13,24.997,25.094,24.883,24.997,56424964
2019-09-16,24.787,24.944,24.751,24.909,36814340
2019-09-17,24.822,24.936,24.734,24.936,41166849
2019-09-18,24.839,25.085,24.769,25.023,57661257
2019-09-19,25.006,25.155,24.896,24.909,43210570
2019-09-20,24.946,25.043,24.743,24.761,83902779
2019-09-23,24.637,24.876,24.593,24.805,36083711
2019-09-24,24.876,24.928,24.496,24.567,62141887
2019-09-25,24.620,24.814,24.523,24.770,54020801
2019-09-26,24.734,24.764,24.620,24.655,53464647
2019-09-27,24.858,24.946,24.620,24.752,73640211
2019-09-30,24.814,24.840,24.676,24.690,30792147
2019-10-01,24.805,24.823,24.170,24.170,56040369
2019-10-02,24.020,24.029,23.623,23.676,79540209
2019-10-03,23.641,23.773,23.324,23.773,81847820
2019-10-04,23.800,24.232,23.782,24.214,41643192
2019-10-07,24.117,24.311,24.064,24.091,37100366
2019-10-08,23.853,23.862,23.597,23.615,61075194
2019-10-09,23.765,23.945,23.742,23.835,45816003
2019-10-10,23.897,24.258,23.897,24.082,55643162
2019-10-11,24.461,24.682,24.373,24.382,79573180
2019-10-14,24.302,24.470,24.276,24.417,38684216
2019-10-15,24.558,24.916,24.461,24.770,66760244
2019-10-16,24.770,24.831,24.646,24.708,44903908
2019-10-17,24.840,24.911,24.664,24.726,32266941
2019-10-18,24.655,24.884,24.652,24.787,40657046
2019-10-21,24.999,25.167,24.990,25.131,45096417
2019-10-22,25.087,25.228,24.981,25.061,50746763
2019-10-23,25.008,25.167,24.999,25.167,31001735
2019-10-24,25.193,25.237,25.034,25.131,33617473
2019-10-25,25.105,25.334,24.891,25.255,28417075
2019-10-28,25.352,25.502,25.343,25.387,50265486
2019-10-29,25.334,25.572,25.308,25.449,48976144
2019-10-30,25.449,25.499,25.255,25.431,51268941
2019-10-31,25.343,25.352,25.105,25.308,56979779
2019-11-01,25.502,25.704,25.449,25.678,42433910
2019-11-04,25.898,25.943,25.828,25.898,37439729
2019-11-05,25.978,26.119,25.934,25.995,39645487
2019-11-06,25.978,26.128,25.943,26.128,40308132
2019-11-07,26.286,26.480,26.225,26.322,61941796
2019-11-08,26.295,26.322,26.137,26.313,53985146
2019-11-11,26.154,26.295,26.121,26.242,19767458
2019-11-12,26.251,26.357,26.181,26.278,44787533
2019-11-13,26.075,26.198,25.969,26.110,44062247
2019-11-14,26.040,26.163,25.987,26.163,46323689
2019-11-15,26.251,26.278,26.154,26.234,30196026
2019-11-18,26.234,26.295,26.154,26.286,25553848
2019-11-19,26.348,26.428,26.272,26.339,30872230
2019-11-20,26.234,26.286,26.031,26.216,46876685
2019-11-21,26.269,26.313,26.097,26.189,37314609
2019-11-22,26.225,26.408,26.225,26.383,35310881
2019-11-25,26.419,26.586,26.410,26.551,50264254
2019-11-26,26.551,26.551,26.395,26.525,33625909
2019-11-27,26.595,26.639,26.507,26.630,31114367
2019-11-29,26.577,26.663,26.533,26.586,19295617
2019-12-02,26.630,26.683,26.392,26.419,52603211
2019-12-03,26.110,26.119,25.881,26.048,68115712
2019-12-04,26.075,26.366,26.057,26.295,41921405
2019-12-05,26.401,26.463,26.304,26.419,45117752
2019-12-06,26.710,26.860,26.701,26.771,40940970
2019-12-09,26.719,26.824,26.701,26.710,22170195
2019-12-10,26.639,26.771,26.569,26.719,37486600
2019-12-11,26.710,26.754,26.630,26.657,24572505
2019-12-12,26.692,27.256,26.674,27.177,68658257
2019-12-13,27.151,27.309,26.921,27.080,48296486
2019-12-16,27.301,27.353,27.151,27.177,46066741
2019-12-17,27.195,27.371,27.186,27.283,31013637
2019-12-18,27.371,27.371,27.168,27.168,39212896
2019-12-19,27.177,27.239,27.133,27.159,37066486
2019-12-20,27.298,27.369,27.156,27.192,97734825
2019-12-23,27.263,27.271,27.094,27.139,38449353
2019-12-24,27.183,27.201,27.121,27.192,12356236
2019-12-26,27.218,27.342,27.218,27.342,15943578
2019-12-27,27.387,27.396,27.254,27.271,19481337
2019-12-30,27.396,27.440,27.165,27.192,18883980
2019-12-31,27.174,27.289,27.139,27.280,15840109
2020-01-02,27.378,27.546,27.298,27.546,28938123
2020-01-03,27.192,27.369,27.112,27.254,51532430
2020-01-06,27.006,27.254,26.997,27.236,28048688
2020-01-07,27.174,27.218,27.059,27.059,39785186
2020-01-08,27.085,27.387,27.085,27.236,48124577
2020-01-09,27.431,27.453,27.325,27.404,27797000
2020-01-10,27.422,27.431,27.165,27.201,53630965
2020-01-13,27.263,27.413,27.192,27.387,27643872
2020-01-14,27.387,27.546,27.298,27.333,37698108
2020-01-15,27.201,27.289,27.094,27.183,41586608
2020-01-16,27.316,27.422,27.257,27.422,34557266
2020-01-17,27.502,27.564,27.396,27.502,38946356
2020-01-21,27.369,27.493,27.271,27.271,41412324
2020-01-22,27.360,27.422,27.311,27.351,27473357
2020-01-23,27.209,27.342,27.023,27.280,43213367
2020-01-24,27.289,27.289,26.763,26.935,59118908
2020-01-27,26.403,26.642,26.367,26.518,50453369
2020-01-28,26.660,26.944,26.616,26.828,34354152
2020-01-29,26.917,27.010,26.740,26.784,41303146
2020-01-30,26.545,27.139,26.527,27.121,51378526
2020-01-31,26.890,26.929,26.456,26.554,59150851
2020-02-03,26.740,27.006,26.721,26.740,40300967
2020-02-04,27.103,27.254,26.988,26.997,79534264
2020-02-05,27.360,27.564,27.298,27.537,51255037
2020-02-06,27.688,27.715,27.444,27.502,37165727
2020-02-07,27.351,27.484,27.289,27.404,28067574
2020-02-10,27.316,27.484,27.307,27.484,17772185
2020-02-11,27.555,27.706,27.555,27.582,28086719
2020-02-12,27.723,27.812,27.564,27.599,27045785
2020-02-13,27.511,27.653,27.434,27.591,22833892
2020-02-14,27.564,27.644,27.489,27.626,22151947
2020-02-18,27.546,27.617,27.227,27.387,37893222
2020-02-19,27.484,27.661,27.449,27.591,25724300
2020-02-20,27.493,27.723,27.351,27.537,50509872
2020-02-21,27.404,27.466,27.121,27.271,51291238
2020-02-24,26.412,26.642,26.261,26.385,70687372
2020-02-25,26.394,26.447,25.366,25.490,112194883
2020-02-26,25.658,25.893,25.304,25.304,52199998
2020-02-27,24.763,25.162,24.205,24.223,144004774
2020-02-28,23.398,23.797,23.017,23.567,192695658
2020-03-02,23.611,24.772,23.363,24.772,127533876
2020-03-03,24.692,25.038,23.598,23.841,257367496
2020-03-04,24.161,24.639,23.753,24.630,124814898
2020-03-05,23.815,23.877,23.177,23.443,130691656
2020-03-06,22.379,22.902,22.184,22.645,161135695
2020-03-09,20.385,21.165,19.959,20.217,134607390
2020-03-10,21.156,21.422,20.243,21.404,149772050
2020-03-11,20.748,20.961,19.959,20.243,147439436
2020-03-12,18.559,19.685,17.992,18.054,161968842
2020-03-13,19.410,20.465,18.524,20.429,161474920
2020-03-16,17.150,18.914,16.778,17.629,111025836
2020-03-17,18.036,18.781,17.318,18.586,122697418
2020-03-18,17.416,17.770,16.202,17.008,145530306
2020-03-19,16.654,17.629,16.051,17.380,106000069
2020-03-20,17.566,17.655,16.547,16.760,158360493
2020-03-23,16.484,16.627,15.634,15.786,145023684
2020-03-24,16.725,17.842,16.604,17.744,159072704
2020-03-25,18.003,18.977,17.330,18.227,163485710
2020-03-26,18.468,19.505,18.437,19.371,130176856
2020-03-27,18.584,19.371,18.370,18.781,109663176
2020-03-30,18.808,19.241,18.414,19.138,67511059
2020-03-31,18.960,19.174,18.446,18.611,84089619
2020-04-01,17.628,17.824,17.315,17.476,79443245
2020-04-02,17.368,18.057,17.310,17.914,68620000
2020-04-03,17.744,18.003,17.301,17.556,68633289
2020-04-06,18.432,18.967,18.300,18.817,69233795
2020-04-07,19.845,19.862,18.995,19.004,71184470
2020-04-08,19.290,19.961,19.076,19.836,80266755
2020-04-09,20.354,21.145,20.318,20.899,148378651
2020-04-13,20.837,20.855,19.956,20.140,66448555
2020-04-14,20.622,20.680,19.854,20.229,96484463
2020-04-15,19.424,19.541,19.255,19.353,63689703
2020-04-16,19.308,19.344,18.826,19.013,69132188
2020-04-17,19.755,20.126,19.594,20.014,88989306
2020-04-20,19.621,19.988,19.442,19.666,59235741
2020-04-21,19.067,19.407,18.960,19.031,72172677
2020-04-22,19.424,19.478,19.192,19.237,47666217
2020-04-23,19.290,19.541,19.129,19.156,71976200
2020-04-24,19.362,19.509,19.067,19.433,33944160
2020-04-27,19.630,20.202,19.594,20.095,110214950
2020-04-28,20.703,20.850,20.265,20.309,46592479
2020-04-29,20.935,21.145,20.721,20.899,70289322
2020-04-30,20.479,20.703,20.269,20.372,56928776
2020-05-01,19.889,19.943,19.587,19.719,37657238
2020-05-04,19.460,19.567,19.165,19.541,50342372
2020-05-05,19.809,19.912,19.478,19.478,65335772
2020-05-06,19.657,19.710,19.040,19.058,63948122
2020-05-07,19.308,19.827,19.308,19.505,61522433
2020-05-08,19.880,19.952,19.675,19.925,42392906
2020-05-11,19.648,19.710,19.433,19.541,55189654
2020-05-12,19.621,19.693,19.013,19.031,62406474
2020-05-13,18.870,18.897,18.325,18.468,87132201
2020-05-14,18.146,18.960,17.954,18.942,104097931
2020-05-15,18.763,18.977,18.589,18.817,70516337
2020-05-18,19.514,19.934,19.377,19.782,79824402
2020-05-19,19.666,19.764,19.290,19.299,56858853
2020-05-20,19.621,19.845,19.603,19.728,50568545
2020-05-21,19.666,19.854,19.559,19.666,50093944
2020-05-22,19.657,19.684,19.398,19.594,37707724
2020-05-26,20.336,20.828,20.318,20.613,108705824
2020-05-27,21.534,21.543,21.042,21.507,121921238
2020-05-28,21.749,21.758,21.105,21.168,101928290
2020-05-29,20.917,21.114,20.712,20.926,87257240
2020-06-01,21.007,21.266,20.864,21.168,52801926
2020-06-02,21.355,21.489,21.185,21.337,52744761
2020-06-03,21.811,22.231,21.758,22.133,77877352
2020-06-04,22.097,22.616,21.918,22.616,97888278
2020-06-05,23.939,23.979,23.375,23.456,136305711
2020-06-08,23.840,23.952,23.572,23.903,80561184
2020-06-09,23.340,23.599,23.170,23.393,93137246
2020-06-10,23.259,23.384,22.499,22.517,111213802
2020-06-11,21.454,21.775,20.640,20.676,233880664
2020-06-12,21.507,21.507,20.756,21.302,127920103
2020-06-15,20.569,21.666,20.524,21.597,92773544
2020-06-16,22.455,22.455,21.409,21.936,108455095
2020-06-17,21.999,21.999,21.570,21.606,56510499
2020-06-18,21.391,21.784,21.328,21.579,61400890
2020-06-19,21.990,21.999,21.194,21.436,90521693
2020-06-22,21.300,21.480,21.165,21.327,48082528
2020-06-23,21.651,21.786,21.408,21.426,47373695
2020-06-24,21.147,21.156,20.608,20.671,90514309
2020-06-25,20.599,21.264,20.563,21.219,110571617
2020-06-26,20.859,20.922,20.257,20.311,124366570
2020-06-29,20.527,20.671,20.356,20.536,69331750
2020-06-30,20.428,20.958,20.410,20.814,60844505
2020-07-01,20.904,21.003,20.572,20.635,60692446
2020-07-02,21.093,21.165,20.612,20.662,51009116
2020-07-06,21.120,21.282,20.940,21.057,60470144
2020-07-07,20.886,20.891,20.572,20.626,43948877
2020-07-08,20.617,20.895,20.545,20.841,53220131
2020-07-09,20.832,20.877,20.230,20.401,71397880
2020-07-10,20.392,21.129,20.392,21.102,94751464
2020-07-13,21.372,21.507,21.066,21.192,102518735
2020-07-14,21.102,21.359,20.913,21.300,102783169
2020-07-15,21.813,21.822,21.489,21.723,90859724
2020-07-16,21.534,21.948,21.453,21.723,74920287
2020-07-17,21.768,21.786,21.534,21.543,47185544
2020-07-20,21.426,21.570,21.363,21.444,40259424
2020-07-21,21.588,21.975,21.561,21.867,46647699
2020-07-22,21.759,21.880,21.682,21.867,44582618
2020-07-23,21.822,22.011,21.750,21.885,50080382
2020-07-24,21.903,22.015,21.759,21.831,41381262
2020-07-27,21.732,21.750,21.462,21.651,43201991
2020-07-28,21.570,21.696,21.498,21.597,35486812
2020-07-29,21.561,22.029,21.526,22.002,36609607
2020-07-30,21.588,21.651,21.327,21.606,54168882
2020-07-31,21.597,21.642,21.327,21.615,50352066
2020-08-03,21.705,21.844,21.548,21.678,43123803
2020-08-04,21.588,21.624,21.471,21.588,30855480
2020-08-05,21.732,21.939,21.700,21.885,34980105
2020-08-06,21.813,21.966,21.723,21.876,33223739
2020-08-07,21.768,22.362,21.723,22.344,63510216
2020-08-10,22.470,22.586,22.371,22.505,45579214
2020-08-11,22.928,23.135,22.712,22.766,73999430
2020-08-12,23.171,23.180,22.541,22.703,58984111
2020-08-13,22.532,22.721,22.425,22.559,35328356
2020-08-14,22.452,22.757,22.420,22.649,28357848
2020-08-17,22.568,22.586,22.263,22.272,53570763
2020-08-18,22.290,22.344,22.110,22.128,35618410
2020-08-19,22.209,22.429,22.056,22.119,60043077
2020-08-20,21.867,22.038,21.849,21.912,45731418
2020-08-21,21.876,22.065,21.795,21.867,35458475
2020-08-24,21.993,22.389,21.939,22.389,51178380
2020-08-25,22.577,22.640,22.308,22.452,55416062
2020-08-26,22.398,22.452,22.263,22.344,30740244
2020-08-27,22.326,22.825,22.326,22.721,66682094
2020-08-28,22.883,22.892,22.622,22.811,49327660
2020-08-31,22.793,22.793,22.537,22.541,52421126
2020-09-01,22.425,22.681,22.353,22.604,42176049
2020-09-02,22.595,23.009,22.532,22.928,48590970
2020-09-03,23.063,23.396,22.434,22.577,98718701
2020-09-04,22.982,23.108,22.389,22.748,111464637
2020-09-08,22.523,22.577,22.083,22.164,84929197
2020-09-09,22.371,22.550,22.227,22.389,52485292
2020-09-10,22.461,22.613,22.029,22.074,55690518
2020-09-11,22.110,22.344,22.038,22.227,69507510
2020-09-14,22.425,22.730,22.362,22.532,51188923
2020-09-15,22.577,22.595,22.209,22.227,48591258
2020-09-16,22.272,22.730,22.227,22.479,62321789
2020-09-17,22.173,22.380,22.110,22.245,47480765
2020-09-18,22.245,22.423,22.155,22.200,61902567
2020-09-21,21.735,21.857,21.310,21.645,72534931
2020-09-22,21.590,21.798,21.283,21.464,84833843
2020-09-23,21.509,21.658,20.984,20.984,54459866
2020-09-24,20.993,21.328,20.749,21.030,56730877
2020-09-25,20.876,21.319,20.831,21.247,46161763
2020-09-28,21.545,21.907,21.545,21.753,63002009
2020-09-29,21.690,21.722,21.364,21.482,53438293
2020-09-30,21.572,21.952,21.563,21.771,66927979
2020-10-01,21.862,22.006,21.636,21.807,65982253
2020-10-02,21.518,22.106,21.464,21.979,63576817
2020-10-05,22.187,22.414,22.129,22.341,59104471
2020-10-06,22.531,22.685,22.034,22.115,88695251
2020-10-07,22.323,22.594,22.323,22.486,53990250
2020-10-08,22.613,22.848,22.558,22.793,57834702
2020-10-09,22.920,22.947,22.641,22.821,52200802
2020-10-12,22.802,23.146,22.798,23.074,46079860
2020-10-13,23.001,23.074,22.561,22.631,56732885
2020-10-14,22.649,22.730,22.386,22.414,49191025
2020-10-15,22.205,22.594,22.169,22.585,41775779
2020-10-16,22.631,22.748,22.495,22.603,40232719
2020-10-19,22.689,22.694,22.219,22.242,43125512
2020-10-20,22.404,22.698,22.395,22.441,67513193
2020-10-21,22.404,22.549,22.319,22.323,44434142
2020-10-22,22.314,22.793,22.305,22.766,39638261
2020-10-23,22.911,22.979,22.658,22.839,45232912
2020-10-26,22.513,22.549,22.115,22.323,54158005
2020-10-27,22.314,22.314,21.898,21.916,46234967
2020-10-28,21.455,21.645,21.229,21.355,89582185
2020-10-29,21.301,21.674,21.030,21.518,61105709
2020-10-30,21.391,21.618,21.229,21.581,66444581
2020-11-02,21.943,22.088,21.675,21.988,65350366
2020-11-03,22.395,22.703,22.368,22.477,80096974
2020-11-04,22.079,22.613,21.880,22.215,87684880
2020-11-05,22.404,22.916,22.404,22.757,66157301
2020-11-06,22.866,22.892,22.504,22.576,60983240
2020-11-09,24.403,24.819,24.114,24.431,163503253
2020-11-10,24.458,24.643,24.232,24.557,86133822
2020-11-11,24.693,24.711,24.308,24.458,65173022
2020-11-12,24.159,24.209,23.834,24.051,62955945
2020-11-13,24.277,24.548,24.213,24.449,45199253
2020-11-16,25.064,25.082,24.747,24.991,67777391
2020-11-17,24.711,25.000,24.539,24.955,63888829
2020-11-18,25.073,24.756,24.648,24.720,71813020
2020-11-19,24.593,24.829,24.442,24.801,47319047
2020-11-20,24.675,24.770,24.532,24.584,40108280
2020-11-23,24.901,25.118,24.774,25.046,54085815
2020-11-24,25.480,25.950,25.412,25.923,61191798
2020-11-25,25.778,25.851,25.525,25.833,45353403
2020-11-27,25.833,25.860,25.652,25.751,27069990
2020-11-30,25.597,25.670,25.172,25.217,72762206
2020-12-01,25.688,25.837,25.588,25.606,54154997
2020-12-02,25.570,25.932,25.525,25.887,57660898
2020-12-03,25.905,26.048,25.742,25.896,49728792
2020-12-04,26.068,26.258,26.050,26.212,52883890
2020-12-07,26.059,26.104,25.878,26.032,34744486
2020-12-08,25.787,26.086,25.787,26.022,31730755
2020-12-09,26.167,26.185,25.860,25.959,47746205
2020-12-10,25.760,26.032,25.679,26.004,41418396
2020-12-11,25.715,25.801,25.534,25.742,48375004
2020-12-14,26.086,26.086,25.425,25.444,38428423
2020-12-15,25.643,25.950,25.501,25.878,38762439
2020-12-16,25.923,25.941,25.796,25.923,55784934
2020-12-17,25.968,26.041,25.851,25.995,38629182
2020-12-18,26.032,26.032,25.611,25.769,56264355
2020-12-21,26.070,26.238,25.665,26.115,77943834
2020-12-22,26.133,26.170,25.842,25.860,42454953
2020-12-23,26.015,26.433,26.006,26.288,52853946
2020-12-24,26.342,26.352,26.106,26.324,16123908
2020-12-28,26.506,26.661,26.356,26.452,32932727
2020-12-29,26.561,26.570,26.333,26.361,23683316
2020-12-30,26.452,26.556,26.388,26.479,16671399
2020-12-31,26.442,26.843,26.370,26.806,26325595
2021-01-04,26.906,26.915,26.215,26.442,47241174
2021-01-05,26.433,26.674,26.297,26.561,35432191
2021-01-06,27.070,27.952,27.070,27.734,102589872
2021-01-07,28.143,28.425,28.079,28.134,64535003
2021-01-08,28.270,28.279,27.743,28.116,54445040
2021-01-11,27.843,28.252,27.725,28.206,56778194
2021-01-12,28.370,28.634,28.284,28.497,60758528
2021-01-13,28.452,28.552,28.272,28.479,55574908
2021-01-14,28.561,28.752,28.452,28.607,49992819
2021-01-15,28.188,28.361,27.925,28.134,68958923
2021-01-19,28.279,28.352,28.034,28.206,97982170
2021-01-20,28.297,28.297,27.988,28.088,56311111
2021-01-21,28.070,28.125,27.788,27.788,43875141
2021-01-22,27.506,27.697,27.461,27.588,38051682
2021-01-25,27.315,27.424,27.043,27.388,68546171
2021-01-26,27.497,27.534,27.147,27.170,55681944
2021-01-27,26.797,26.824,26.311,26.370,84334372
2021-01-28,26.706,27.170,26.624,26.861,63192905
2021-01-29,26.788,26.861,26.209,26.324,78513556
2021-02-01,26.615,26.706,26.388,26.670,42084373
2021-02-02,26.979,27.452,26.965,27.315,54441621
2021-02-03,27.279,27.479,27.224,27.470,47164792
2021-02-04,27.561,28.088,27.552,28.079,63269338
2021-02-05,28.279,28.307,28.025,28.088,38588302
2021-02-08,28.179,28.452,28.179,28.452,48915506
2021-02-09,28.361,28.547,28.261,28.461,33682428
2021-02-10,28.607,28.643,28.325,28.461,39027686
2021-02-11,28.479,28.584,28.179,28.370,32046928
2021-02-12,28.343,28.688,28.316,28.661,38397810
2021-02-16,28.952,29.289,28.826,29.152,71564929
2021-02-17,29.061,29.334,28.961,29.298,60807972
2021-02-18,29.089,29.278,28.888,29.125,45336983
2021-02-19,29.316,29.570,29.279,29.470,54696851
2021-02-22,29.370,29.852,29.361,29.743,66146847
2021-02-23,29.952,29.961,29.616,29.925,94638928
2021-02-24,29.971,30.589,29.952,30.507,66217136
2021-02-25,30.753,30.771,29.871,29.952,92492909
2021-02-26,29.907,29.998,29.270,29.379,103443287
2021-03-01,29.880,30.480,29.880,30.298,67818361
2021-03-02,30.262,30.434,30.161,30.189,50157544
2021-03-03,30.307,30.875,30.271,30.425,72773831
2021-03-04,30.343,30.633,29.643,30.080,101645309
2021-03-05,30.589,30.730,29.807,30.653,109659063
2021-03-08,30.880,31.444,30.753,31.044,90835503
2021-03-09,30.798,31.215,30.480,30.762,117616065
2021-03-10,30.907,31.507,30.853,31.389,73507315
2021-03-11,31.225,31.544,31.044,31.298,51071780
2021-03-12,31.662,31.780,31.516,31.616,68350213
2021-03-15,31.735,31.744,31.144,31.435,58046951
2021-03-16,31.271,31.307,30.862,31.107,67627644
2021-03-17,31.334,31.498,30.989,31.316,64261579
2021-03-18,31.635,32.089,31.371,31.480,97001306
2021-03-19,31.234,31.262,30.789,31.116,98834290
2021-03-22,30.891,30.955,30.610,30.718,68391561
2021-03-23,30.535,30.747,30.179,30.288,70672954
2021-03-24,30.508,30.873,30.398,30.398,63565476
2021-03-25,30.380,30.955,30.142,30.909,60730980
2021-03-26,31.229,31.448,31.005,31.394,53956964
2021-03-29,30.955,31.320,30.800,31.120,72010931
2021-03-30,31.284,31.483,31.247,31.339,55437245
2021-03-31,31.275,31.403,31.083,31.101,51306127
2021-04-01,31.056,31.485,31.056,31.485,51941906
2021-04-05,31.823,31.882,31.631,31.732,51999892
2021-04-06,31.658,31.814,31.553,31.668,41472686
2021-04-07,31.759,31.894,31.604,31.823,38787875
2021-04-08,31.704,31.869,31.485,31.832,40058598
2021-04-09,32.051,32.124,31.869,32.106,40537814
2021-04-12,32.170,32.252,32.097,32.243,44702043
2021-04-13,32.060,32.097,31.768,31.942,40066896
2021-04-14,31.859,32.362,31.809,32.133,44469506
2021-04-15,32.206,32.243,31.805,32.106,55673208
2021-04-16,32.389,32.449,32.188,32.334,39237429
2021-04-19,32.325,32.417,32.133,32.243,31540667
2021-04-20,32.051,32.069,31.531,31.640,50492708
2021-04-21,31.531,32.106,31.435,32.079,39809588
2021-04-22,32.042,32.088,31.672,31.722,43800483
2021-04-23,31.722,32.453,31.672,32.316,50629253
2021-04-26,32.435,32.745,32.407,32.444,43891644
2021-04-27,32.490,32.745,32.417,32.700,51200599
2021-04-28,32.828,32.919,32.727,32.828,35889429
2021-04-29,33.083,33.440,33.056,33.412,48857859
2021-04-30,33.229,33.348,33.068,33.120,44233260
2021-05-03,33.403,33.467,33.156,33.284,33430077
2021-05-04,33.138,33.549,32.919,33.549,67255126
2021-05-05,33.650,33.951,33.750,33.823,39149111
2021-05-06,33.960,34.335,33.759,34.326,43475396
2021-05-07,33.933,34.517,33.851,34.508,64829361
2021-05-10,34.691,34.947,34.453,34.481,56526535
2021-05-11,34.134,34.444,33.736,33.869,82996028
2021-05-12,34.134,34.262,33.385,33.522,98234252
2021-05-13,33.394,34.266,33.376,34.061,67102667
2021-05-14,34.253,34.686,34.216,34.600,44997769
2021-05-17,34.490,34.700,34.353,34.664,40508737
2021-05-18,34.636,34.755,34.161,34.179,40431900
2021-05-19,33.787,33.988,33.421,33.969,63782940
2021-05-20,34.024,34.221,33.750,33.988,59411029
2021-05-21,34.125,34.508,34.106,34.326,45097874
2021-05-24,34.472,34.572,34.298,34.490,29255616
2021-05-25,34.554,34.801,34.097,34.143,38883270
2021-05-26,34.271,34.399,33.997,34.243,38728494
2021-05-27,34.554,34.727,34.352,34.636,39915464
2021-05-28,34.791,34.791,34.444,34.700,39397385
2021-06-01,35.047,35.148,34.814,34.910,35827251
2021-06-02,35.020,35.056,34.773,34.965,37659929
2021-06-03,34.855,35.257,34.746,35.047,55057412
2021-06-04,35.093,35.166,34.828,35.138,27340609
2021-06-07,35.193,35.193,34.846,34.910,37524967
2021-06-08,34.718,34.928,34.463,34.819,47904901
2021-06-09,34.682,34.727,34.399,34.490,40910108
2021-06-10,34.782,34.874,34.061,34.088,53952080
2021-06-11,34.152,34.321,34.143,34.307,40549691
2021-06-14,34.243,34.294,33.750,33.951,50779979
2021-06-15,33.960,34.189,33.796,34.015,51483972
2021-06-16,33.905,34.207,33.558,33.978,85240607
2021-06-17,34.152,34.170,32.873,32.974,97980989
2021-06-18,32.535,32.646,32.133,32.179,181555514
2021-06-21,32.498,32.948,32.443,32.929,90124574
2021-06-22,33.003,33.113,32.673,32.984,42716601
2021-06-23,33.012,33.205,32.966,33.049,48253203
2021-06-24,33.241,33.544,33.085,33.461,43083967
2021-06-25,33.636,33.952,33.438,33.865,57014981
2021-06-28,33.801,33.828,33.425,33.617,70481944
2021-06-29,33.791,33.970,33.406,33.498,61251915
2021-06-30,33.397,33.718,33.388,33.645,42553704
2021-07-01,33.810,33.929,33.636,33.911,36734053
2021-07-02,33.911,33.947,33.736,33.874,27571396
2021-07-06,33.791,33.810,33.122,33.342,49387292
2021-07-07,33.140,33.466,33.067,33.388,43890101
2021-07-08,32.856,33.049,32.563,32.719,75331297
2021-07-09,33.195,33.709,33.095,33.663,70778705
2021-07-12,33.461,34.057,33.315,33.993,63160582
2021-07-13,33.883,33.938,33.503,33.626,44603831
2021-07-14,33.645,33.865,33.104,33.471,69861848
2021-07-15,33.140,33.791,33.140,33.581,54152723
2021-07-16,33.755,33.755,33.049,33.122,56341398
2021-07-19,32.480,32.654,32.003,32.196,90268307
2021-07-20,32.159,33.214,32.095,32.994,70858615
2021-07-21,33.260,33.727,33.232,33.562,60172454
2021-07-22,33.443,33.526,33.053,33.195,35408518
2021-07-23,33.516,33.608,33.154,33.250,36887953
2021-07-26,33.186,33.507,33.168,33.443,25469177
2021-07-27,33.186,33.581,33.030,33.434,39116696
2021-07-28,33.553,33.599,33.161,33.388,43049189
2021-07-29,33.608,33.898,33.461,33.755,41570619
2021-07-30,33.663,33.911,33.406,33.489,52557765
2021-08-02,33.718,34.103,33.452,33.498,47746304
2021-08-03,33.617,33.920,33.122,33.874,42304361
2021-08-04,33.553,33.946,33.409,33.590,52517811
2021-08-05,33.801,34.030,33.791,34.030,37290536
2021-08-06,34.351,34.782,34.342,34.718,58272236
2021-08-09,34.672,34.970,34.479,34.809,48173669
2021-08-10,34.782,35.277,34.741,35.176,41042092
2021-08-11,35.277,35.589,35.112,35.580,48529457
2021-08-12,35.616,35.690,35.396,35.644,44751344
2021-08-13,35.671,35.717,35.295,35.378,43214721
2021-08-16,35.149,35.323,34.841,35.286,48170542
2021-08-17,35.048,35.305,34.694,35.039,52587343
2021-08-18,34.901,35.149,34.580,34.608,39680619
2021-08-19,34.232,34.608,34.126,34.351,49120798
2021-08-20,34.351,34.617,34.222,34.562,34010170
2021-08-23,34.736,34.993,34.736,34.846,28900386
2021-08-24,34.910,35.139,34.883,35.057,37800854
2021-08-25,35.149,35.690,35.075,35.470,48062301
2021-08-26,35.625,35.671,35.259,35.295,38610241
2021-08-27,35.341,35.772,35.332,35.763,38637770
2021-08-30,35.781,35.800,35.240,35.259,30189417
2021-08-31,35.231,35.479,35.084,35.213,50040393
2021-09-01,35.240,35.259,34.892,35.011,44120460
2021-09-02,35.094,35.254,34.993,35.130,29714205
2021-09-03,35.066,35.139,34.828,34.910,34965177
2021-09-07,35.029,35.029,34.699,34.699,39350029
2021-09-08,34.617,34.782,34.433,34.617,32630913
2021-09-09,34.571,35.048,34.543,34.718,33531036
2021-09-10,34.910,34.947,34.452,34.461,39477820
2021-09-13,34.708,34.906,34.608,34.855,40487941
2021-09-14,34.974,35.103,34.273,34.388,45819953
2021-09-15,34.369,34.800,34.332,34.718,36490202
2021-09-16,34.846,35.020,34.461,34.617,42765676
2021-09-17,34.571,34.786,34.369,34.461,83257417
2021-09-20,33.699,33.787,33.184,33.663,95319856
2021-09-21,33.874,33.999,33.534,33.617,45988419
2021-09-22,34.040,34.418,33.966,34.178,58542832
2021-09-23,34.510,35.182,34.455,35.016,72039901
2021-09-24,34.989,35.325,34.938,35.201,48223893
2021-09-27,35.514,35.781,35.449,35.680,58986923
2021-09-28,35.670,35.845,35.036,35.090,96468786
2021-09-29,35.201,35.274,34.952,35.118,50040714
2021-09-30,35.320,35.330,34.556,34.565,73550007
2021-10-01,34.657,35.376,34.528,35.136,70670860
2021-10-04,35.081,35.541,34.772,34.832,70001858
2021-10-05,35.090,35.689,34.957,35.514,56235648
2021-10-06,35.191,35.578,34.934,35.551,63639867
2021-10-07,35.919,36.140,35.716,35.762,53470578
2021-10-08,35.799,36.063,35.633,35.937,38734197
2021-10-11,36.020,36.287,35.560,35.578,50915161
2021-10-12,35.532,35.703,35.376,35.468,58716964
2021-10-13,35.459,35.495,34.759,35.265,72349411
2021-10-14,35.661,35.864,35.320,35.855,52064336
2021-10-15,36.205,36.573,36.085,36.389,58549595
2021-10-18,36.315,36.610,36.214,36.398,56498096
2021-10-19,36.564,36.757,36.426,36.757,33191464
2021-10-20,36.693,37.052,36.591,37.052,44814830
2021-10-21,37.043,37.126,36.706,36.895,35182660
2021-10-22,37.070,37.474,37.033,37.411,41594005
2021-10-25,37.503,37.549,37.268,37.365,33229104
2021-10-26,37.457,37.632,37.337,37.393,41723427
2021-10-27,37.301,37.466,36.766,36.776,62655077
2021-10-28,36.923,37.245,36.900,37.227,44713351
2021-10-29,37.273,37.342,37.006,37.079,42230551
2021-11-01,37.337,37.420,36.951,37.098,37625949
2021-11-02,37.089,37.301,36.987,37.190,31539113
2021-11-03,37.070,37.466,36.997,37.328,43087301
2021-11-04,37.190,37.282,36.554,36.840,48438637
2021-11-05,37.135,37.291,36.739,36.858,58056830
2021-11-08,37.089,37.333,36.970,37.061,32972435
2021-11-09,36.868,36.983,36.623,36.858,48576977
2021-11-10,36.822,37.024,36.702,36.794,60894875
2021-11-11,36.849,37.015,36.693,36.895,31540132
2021-11-12,36.951,36.987,36.647,36.978,39347021
2021-11-15,37.079,37.172,36.904,36.978,30176457
2021-11-16,37.024,37.162,36.840,36.941,32705937
2021-11-17,36.886,36.886,36.416,36.518,53732429
2021-11-18,36.554,36.624,36.163,36.333,43135319
2021-11-19,36.020,36.149,35.657,35.937,72094598
2021-11-22,36.416,36.803,36.122,36.444,82235316
2021-11-23,36.683,37.043,36.527,37.015,61773927
2021-11-24,36.941,37.079,36.789,36.932,40543205
2021-11-26,35.772,35.924,35.302,35.707,76743983
2021-11-29,36.122,36.251,35.546,35.818,79577452
2021-11-30,35.385,35.532,34.906,34.961,121662912
2021-12-01,35.578,35.808,34.574,34.574,102356712
2021-12-02,34.897,35.796,34.768,35.606,98399273
2021-12-03,35.652,35.739,34.745,35.026,97495042
2021-12-06,35.578,35.901,35.302,35.560,69946051
2021-12-07,35.974,36.297,35.799,36.195,115855308
2021-12-08,36.214,36.361,35.914,36.002,53207796
2021-12-09,35.827,36.112,35.698,35.928,45665455
2021-12-10,36.177,36.186,35.735,35.965,39027899
2021-12-13,35.882,35.891,35.459,35.578,44484489
2021-12-14,35.523,36.057,35.495,35.790,51904321
2021-12-15,35.882,35.997,35.440,35.891,70656006
2021-12-16,36.306,36.601,36.117,36.343,71389399
2021-12-17,36.103,36.149,35.320,35.541,98123175
2021-12-20,34.989,35.036,34.434,34.851,85522837
2021-12-21,35.202,35.728,35.202,35.572,57856968
2021-12-22,35.471,35.767,35.415,35.739,49865647
2021-12-23,35.943,36.243,35.906,35.924,39181481
2021-12-27,36.035,36.294,35.850,36.294,36239172
2021-12-28,36.229,36.544,36.220,36.313,34167341
2021-12-29,36.387,36.489,36.220,36.266,27239877
2021-12-30,36.377,36.581,36.086,36.202,30185163
2021-12-31,36.128,36.317,36.063,36.137,28591598
2022-01-03,36.405,36.720,36.387,36.581,50048629
2022-01-04,37.007,37.664,36.988,37.543,74442120
2022-01-05,37.655,37.849,37.081,37.109,76539374
2022-01-06,37.497,37.682,37.155,37.655,57907548
2022-01-07,37.738,38.191,37.604,38.099,62389558
2022-01-10,38.339,38.367,37.571,37.969,73862580
2022-01-11,38.108,38.321,37.752,38.302,60906101
2022-01-12,38.404,38.548,38.145,38.330,51727953
2022-01-13,38.386,38.587,38.048,38.182,51830016
2022-01-14,37.571,37.816,37.326,37.784,81402310
2022-01-18,37.534,37.571,36.711,36.942,82828313
2022-01-19,37.220,37.243,36.290,36.322,86257897
2022-01-20,36.424,36.896,36.017,36.091,80578196
2022-01-21,35.943,36.044,35.202,35.350,118298242
2022-01-24,34.740,35.526,34.073,35.452,169760177
2022-01-25,35.054,35.859,34.476,35.600,97685412
2022-01-26,35.989,36.285,35.267,35.693,107033161
2022-01-27,36.035,36.405,35.137,35.369,91798477
2022-01-28,35.230,35.841,34.786,35.831,80016107
2022-01-31,35.582,36.174,35.369,36.146,58934203
2022-02-01,36.192,36.734,36.007,36.646,64813780
2022-02-02,36.627,36.956,36.396,36.896,46798049
2022-02-03,36.886,37.016,36.433,36.489,50842840
2022-02-04,36.553,37.423,36.535,37.109,78046229
2022-02-07,37.155,37.460,36.947,37.220,52883420
2022-02-08,37.479,37.830,37.386,37.738,57107640
2022-02-09,37.941,38.228,37.849,37.978,67727532
2022-02-10,37.803,38.298,37.488,37.645,67482209
2022-02-11,37.525,37.978,36.896,37.118,78214301
2022-02-14,37.099,37.229,36.396,36.701,71775257
2022-02-15,37.146,37.395,37.016,37.201,55642118
2022-02-16,37.016,37.395,36.970,37.229,41301776
2022-02-17,36.840,36.960,36.197,36.303,59302590
2022-02-18,36.266,36.600,36.109,36.294,47980908
2022-02-22,36.128,36.456,35.804,36.109,60918359
2022-02-23,36.377,36.489,35.383,35.480,64380187
2022-02-24,34.305,35.165,34.055,35.054,143546692
2022-02-25,35.286,36.276,35.276,36.183,99450938
2022-02-28,35.323,35.873,35.272,35.646,107723533
2022-03-01,35.304,35.406,34.101,34.332,130300601
2022-03-02,34.619,35.429,34.601,35.221,88471322
2022-03-03,35.378,35.563,34.814,35.110,72187824
2022-03-04,34.490,34.499,34.055,34.453,106266061
2022-03-07,34.138,34.175,33.171,33.194,116413027
2022-03-08,33.333,33.934,32.842,33.000,115292688
2022-03-09,34.099,34.504,33.962,34.212,89008416
2022-03-10,33.648,34.147,33.546,33.925,71782305
2022-03-11,34.221,34.434,33.661,33.685,77040976
2022-03-14,34.194,34.665,33.951,34.110,71136928
2022-03-15,34.453,34.647,34.157,34.591,51998020
2022-03-16,35.036,35.614,34.920,35.563,87293994
2022-03-17,35.360,36.017,35.127,36.007,58449049
2022-03-18,35.998,36.183,35.656,36.091,82613335
2022-03-21,36.250,36.356,35.869,36.054,46981465
2022-03-22,36.482,36.872,36.435,36.640,61254051
2022-03-23,36.408,36.491,35.938,35.962,42280908
2022-03-24,36.212,36.287,35.952,36.250,30521619
2022-03-25,36.370,36.788,36.315,36.714,48781171
2022-03-28,36.603,36.640,36.194,36.612,44908363
2022-03-29,37.058,37.165,36.482,36.696,68192350
2022-03-30,36.696,36.714,36.222,36.435,47560749
2022-03-31,36.389,36.538,35.590,35.599,66838839
2022-04-01,35.841,35.915,35.256,35.506,68644870
2022-04-04,35.423,35.633,35.098,35.348,134754560
2022-04-05,35.209,35.590,35.042,35.125,56349734
2022-04-06,34.847,35.033,34.749,34.884,56019095
2022-04-07,34.856,35.014,34.354,34.847,53522307
2022-04-08,34.986,35.358,34.893,35.200,44817986
2022-04-11,35.107,35.446,34.986,35.042,54600972
2022-04-12,35.014,35.339,34.512,34.661,67436698
2022-04-13,34.336,34.675,34.271,34.661,57635103
2022-04-14,34.587,34.828,34.262,34.271,68769380
2022-04-18,34.057,34.633,34.048,34.475,52916150
2022-04-19,34.568,35.005,34.559,34.949,41655524
2022-04-20,35.218,35.441,35.107,35.191,54815561
2022-04-21,35.432,35.595,34.568,34.633,55180603
2022-04-22,34.577,34.587,33.565,33.602,73410879
2022-04-25,33.323,33.732,32.822,33.658,91693595
2022-04-26,33.277,33.630,32.795,32.812,81725004
2022-04-27,32.766,33.119,32.664,32.784,81870087
2022-04-28,33.119,33.319,32.626,33.202,62883860
2022-04-29,33.035,33.156,31.985,32.060,74877346
2022-05-02,32.208,32.320,31.437,32.069,104752487
2022-05-03,32.292,32.812,32.181,32.487,74139588
2022-05-04,32.543,33.532,32.431,33.481,88083544
2022-05-05,33.091,33.151,32.106,32.506,101425952
2022-05-06,32.376,32.417,31.804,32.273,99607769
2022-05-09,31.837,32.032,31.354,31.502,86205608
2022-05-10,31.790,31.995,30.834,31.224,107935319
2022-05-11,31.261,31.893,30.889,30.936,110574977
2022-05-12,30.676,30.991,30.109,30.703,114708201
2022-05-13,31.075,31.405,30.875,31.149,64245847
2022-05-16,31.029,31.163,30.643,30.889,55839223
2022-05-17,31.493,31.804,31.317,31.716,63084063
2022-05-18,31.419,31.465,30.722,30.843,74523579
2022-05-19,30.425,30.861,30.378,30.638,71762903
2022-05-20,30.852,31.010,29.937,30.583,78241110
2022-05-23,31.168,31.809,31.010,31.577,78446203
2022-05-24,31.391,31.609,30.861,31.512,78127803
2022-05-25,31.437,31.958,31.344,31.763,72430231
2022-05-26,32.106,32.613,32.078,32.496,50970197
2022-05-27,32.636,33.110,32.575,33.045,44006710
2022-05-31,32.775,33.207,32.599,32.952,65026713
2022-06-01,32.868,32.952,32.116,32.422,48802534
2022-06-02,32.450,32.896,32.194,32.868,45483121
2022-06-03,32.561,32.701,32.357,32.394,36818218
2022-06-06,32.664,32.998,32.478,32.487,32934907
2022-06-07,32.264,32.766,32.236,32.738,32136230
2022-06-08,32.487,32.580,32.041,32.162,38374983
2022-06-09,32.125,32.143,31.335,31.354,49877632
2022-06-10,30.676,30.787,30.193,30.220,74434780
2022-06-13,29.459,29.821,29.146,29.319,104409327
2022-06-14,29.440,29.640,28.845,29.068,75837160
2022-06-15,29.375,29.812,28.892,29.394,88150773
2022-06-16,28.799,28.808,28.409,28.650,101241526
2022-06-17,28.715,29.054,28.455,28.734,117321799
2022-06-21,29.393,29.496,29.131,29.309,58256903
2022-06-22,28.973,29.514,28.935,29.244,48188934
2022-06-23,29.262,29.318,28.650,29.131,69576540
2022-06-24,29.253,30.234,29.206,30.206,65699551
2022-06-27,30.439,30.439,29.963,30.103,47400255
2022-06-28,30.411,30.701,29.785,29.804,42604811
2022-06-29,29.832,29.944,29.533,29.636,64719231
2022-06-30,29.169,29.636,28.814,29.374,75542177
2022-07-01,29.281,29.869,29.085,29.776,77557061
2022-07-05,29.309,29.692,28.973,29.673,51706402
2022-07-06,29.608,29.841,29.318,29.598,48159748
2022-07-07,29.851,30.112,29.823,30.028,33224410
2022-07-08,30.112,30.201,29.841,29.963,29157883
2022-07-11,29.795,29.939,29.636,29.720,30664507
2022-07-12,29.496,30.075,29.472,29.533,38336598
2022-07-13,29.216,29.468,28.908,29.272,51628892
2022-07-14,28.674,28.800,28.366,28.711,57972326
2022-07-15,29.122,29.851,29.047,29.683,59846595
2022-07-18,30.103,30.308,29.440,29.570,38798883
2022-07-19,29.963,30.551,29.881,30.458,40701572
2022-07-20,30.392,30.626,30.299,30.570,38629750
2022-07-21,30.486,30.766,30.252,30.766,40706621
2022-07-22,30.813,30.971,30.355,30.589,25825459
2022-07-25,30.775,30.925,30.560,30.785,24777572
2022-07-26,30.635,30.813,30.280,30.355,26444553
2022-07-27,30.476,30.971,30.376,30.822,44967206
2022-07-28,30.850,31.056,30.355,31.046,41109434
2022-07-29,31.121,31.588,31.093,31.485,38851193
2022-08-01,31.186,31.396,31.009,31.224,35259108
2022-08-02,31.074,31.280,30.841,30.878,36923883
2022-08-03,31.112,31.420,30.934,31.345,27402797
2022-08-04,31.317,31.401,31.186,31.242,24586489
2022-08-05,31.158,31.616,31.051,31.466,34476994
2022-08-08,31.700,31.803,31.415,31.448,24449592
2022-08-09,31.504,31.691,31.443,31.607,26511910
2022-08-10,32.158,32.433,32.092,32.316,45514669
2022-08-11,32.615,32.905,32.578,32.699,47139144
2022-08-12,32.858,33.222,32.690,33.213,36488685
2022-08-15,32.877,33.297,32.811,33.204,25449492
2022-08-16,33.054,33.596,33.054,33.447,41436703
2022-08-17,33.064,33.428,33.045,33.278,33267177
2022-08-18,33.250,33.362,33.092,33.316,16014080
2022-08-19,33.120,33.120,32.541,32.653,33697953
2022-08-22,32.176,32.181,31.849,31.933,36920449
2022-08-23,31.896,32.125,31.803,31.803,23318719
2022-08-24,31.747,32.074,31.686,31.971,20747092
2022-08-25,32.036,32.491,31.952,32.466,26489266
2022-08-26,32.606,32.611,31.466,31.494,38356444
2022-08-29,31.261,31.494,31.084,31.270,34983873
2022-08-30,31.373,31.471,30.915,31.102,42007480
2022-08-31,31.261,31.373,30.822,30.869,39889798
2022-09-01,30.738,31.009,30.364,30.962,40736753
2022-09-02,31.317,31.579,30.570,30.719,43346491
2022-09-06,30.878,30.953,30.336,30.645,46183495
2022-09-07,30.551,31.308,30.505,31.252,35135572
2022-09-08,31.093,31.821,30.962,31.803,50927180
2022-09-09,31.943,32.176,31.929,32.092,41460324
2022-09-12,32.223,32.522,32.153,32.354,42107919
2022-09-13,31.719,31.831,31.041,31.149,61050876
2022-09-14,31.214,31.359,30.775,31.056,39356813
2022-09-15,31.093,31.560,31.009,31.158,47809807
2022-09-16,30.850,30.934,30.546,30.878,54057993
2022-09-19,30.514,31.242,30.514,31.228,36611201
2022-09-20,30.979,31.040,30.481,30.768,42332282
2022-09-21,30.965,31.078,30.111,30.129,49808058
2022-09-22,30.195,30.242,29.566,29.622,52471616
2022-09-23,29.331,29.397,28.730,29.153,56987950
2022-09-26,28.937,29.209,28.486,28.693,50134209
2022-09-27,28.918,29.067,28.280,28.571,60850026
2022-09-28,28.655,29.303,28.580,29.134,46240409
2022-09-29,28.824,28.937,28.411,28.768,41997804
2022-09-30,28.787,29.143,28.430,28.505,38109349
2022-10-03,28.787,29.425,28.449,29.275,47241074
2022-10-04,29.726,30.392,29.688,30.364,53617751
2022-10-05,29.895,30.294,29.787,30.129,41904330
2022-10-06,29.960,30.167,29.642,29.707,34832203
2022-10-07,29.444,29.538,28.843,29.003,36500445
2022-10-10,29.162,29.280,28.702,28.871,31113799
2022-10-11,28.683,28.979,28.378,28.505,50597923
2022-10-12,28.514,28.810,28.336,28.439,48424570
2022-10-13,27.867,29.688,27.782,29.613,83359556
2022-10-14,29.876,30.223,29.050,29.115,61087304
2022-10-17,29.735,30.045,29.653,29.848,47377677
2022-10-18,30.627,30.664,29.979,30.326,48309248
2022-10-19,30.064,30.317,29.663,29.829,35321551
2022-10-20,29.791,30.092,29.266,29.350,43266362
2022-10-21,29.435,30.251,29.219,30.223,54666535
2022-10-24,30.402,30.768,30.308,30.627,40249294
2022-10-25,30.467,31.049,30.411,30.993,34062068
2022-10-26,31.087,31.416,30.998,31.068,38137212
2022-10-27,31.359,31.669,31.265,31.322,41367900
2022-10-28,31.406,32.139,31.345,32.101,36541163
2022-10-31,31.894,32.115,31.857,31.904,40215748
2022-11-01,32.167,32.247,31.847,31.988,39074349
2022-11-02,31.923,32.486,31.556,31.585,58230935
2022-11-03,31.190,31.509,31.059,31.265,40962472
2022-11-04,31.716,32.002,31.387,31.838,41963306
2022-11-07,32.073,32.176,31.862,32.157,30159243
2022-11-08,32.167,32.505,32.007,32.345,34954254
2022-11-09,32.129,32.251,31.730,31.801,42264858
2022-11-10,32.768,33.453,32.683,33.406,67900447
2022-11-11,33.575,33.829,33.452,33.678,46227811
2022-11-14,33.584,33.613,33.171,33.200,38127806
2022-11-15,33.556,33.683,32.935,33.275,57992354
2022-11-16,33.256,33.340,33.006,33.115,32960571
2022-11-17,32.730,32.955,32.631,32.937,35824482
2022-11-18,33.378,33.425,32.932,33.209,39585242
2022-11-21,33.162,33.373,33.124,33.312,24711993
2022-11-22,33.491,33.687,33.491,33.650,29679628
2022-11-23,33.594,33.876,33.594,33.791,28008765
2022-11-25,33.829,33.951,33.763,33.904,11303568
2022-11-28,33.716,33.852,33.265,33.322,34319118
2022-11-29,33.285,33.594,33.246,33.519,31593236
2022-11-30,33.472,34.101,32.993,34.091,58799924
2022-12-01,34.260,34.260,33.627,33.894,58349024
2022-12-02,33.538,33.763,33.434,33.735,40616600
2022-12-05,33.481,33.538,32.725,32.899,53577781
2022-12-06,32.862,33.046,32.345,32.608,45250698
2022-12-07,32.477,32.838,32.401,32.477,37900208
2022-12-08,32.570,32.730,32.394,32.505,46754261
2022-12-09,32.383,32.655,32.373,32.420,41020234
2022-12-12,32.439,32.890,32.289,32.852,72809779
2022-12-13,33.707,33.707,32.716,32.937,55842251
2022-12-14,32.852,33.171,32.383,32.523,54865087
2022-12-15,32.016,32.148,31.674,31.885,70565566
2022-12-16,31.547,31.735,31.354,31.641,59815690
2022-12-19,31.553,31.874,31.355,31.553,37580084
2022-12-20,31.676,31.903,31.563,31.685,45596048
2022-12-21,31.988,32.271,31.969,32.176,31421198
2022-12-22,31.969,31.997,31.373,31.893,25693019
2022-12-23,31.874,32.120,31.714,32.073,17172508
2022-12-27,32.139,32.219,31.926,32.063,25685351
2022-12-28,32.120,32.205,31.912,31.950,24475366
2022-12-29,32.120,32.450,32.044,32.394,26937762
2022-12-30,32.158,32.370,32.044,32.309,24817136
2023-01-03,32.545,32.772,32.186,32.422,37519580
2023-01-04,32.753,33.178,32.658,32.942,44816365
2023-01-05,32.828,32.828,32.469,32.696,45735806
2023-01-06,32.913,33.527,32.687,33.423,41365401
2023-01-09,33.537,33.726,33.216,33.301,48887046
2023-01-10,33.244,33.518,33.134,33.490,34777769
2023-01-11,33.575,33.801,33.509,33.801,32120095
2023-01-12,33.915,34.066,33.650,33.867,56828839
2023-01-13,33.433,34.170,33.310,34.123,66137857
2023-01-17,34.038,34.056,33.792,33.896,65560270
2023-01-18,33.707,33.915,33.235,33.263,53869789
2023-01-19,32.857,33.046,32.649,32.876,61370876
2023-01-20,32.970,33.414,32.824,33.395,42469473
2023-01-23,33.423,33.924,33.315,33.782,45145392
2023-01-24,33.726,33.948,33.348,33.801,34446561
2023-01-25,33.509,34.075,33.494,34.066,38585251
2023-01-26,34.151,34.297,33.919,34.245,30042733
2023-01-27,34.198,34.444,34.151,34.245,30888710
2023-01-30,34.066,34.321,34.019,34.075,31699008
2023-01-31,34.141,34.548,33.981,34.538,30381780
2023-02-01,34.179,34.841,34.099,34.538,51587931
2023-02-02,34.727,34.770,34.354,34.633,42245888
2023-02-03,34.359,34.859,34.349,34.567,43297077
2023-02-06,34.368,34.567,34.293,34.557,32379843
2023-02-07,34.340,35.053,34.340,34.954,33109153
2023-02-08,34.699,35.044,34.652,34.746,34669269
2023-02-09,34.888,34.992,34.283,34.359,44475484
2023-02-10,34.189,34.500,34.075,34.472,28201418
2023-02-13,34.453,34.869,34.425,34.869,32315058
2023-02-14,34.803,35.025,34.463,34.680,33635687
2023-02-15,34.406,34.732,34.359,34.718,28608585
2023-02-16,34.387,34.633,34.302,34.368,34492241
2023-02-17,34.198,34.420,34.094,34.378,36081485
2023-02-21,34.085,34.132,33.513,33.669,36545135
2023-02-22,33.669,33.801,33.452,33.631,31167426
2023-02-23,33.773,33.934,33.348,33.660,42497044
2023-02-24,33.367,33.792,33.310,33.688,48893033
2023-02-27,34.000,34.056,33.614,33.679,31768829
2023-02-28,33.726,33.915,33.641,33.745,32638534
2023-03-01,33.594,33.782,33.499,33.631,32898275
2023-03-02,33.433,33.509,33.074,33.471,38535896
2023-03-03,33.603,34.009,33.537,34.000,33200515
2023-03-06,34.019,34.241,33.924,34.028,30210251
2023-03-07,33.905,33.934,33.065,33.150,53981509
2023-03-08,33.112,33.287,32.857,33.027,51240251
2023-03-09,32.838,32.890,31.525,31.685,107461077
2023-03-10,31.312,31.855,30.726,31.109,167117710
2023-03-13,30.004,30.533,29.631,29.881,166512197
2023-03-14,31.024,31.029,30.108,30.485,128537241
2023-03-15,29.621,29.791,29.248,29.673,132670291
2023-03-16,29.475,30.552,29.191,30.240,134528102
2023-03-17,29.956,29.956,29.187,29.267,137491297
2023-03-20,29.498,29.849,29.450,29.593,75632623
2023-03-21,30.267,30.419,30.200,30.343,116280683
2023-03-22,30.343,30.428,29.621,29.640,68097569
2023-03-23,29.697,30.001,29.232,29.441,82637452
2023-03-24,29.080,29.450,28.852,29.422,76899841
2023-03-27,29.925,29.992,29.655,29.830,61595441
2023-03-28,29.792,29.925,29.640,29.821,43121579
2023-03-29,30.143,30.267,30.011,30.257,52318827
2023-03-30,30.476,30.495,30.020,30.191,45210023
2023-03-31,30.362,30.533,30.248,30.523,49195848
2023-04-03,30.490,30.704,30.400,30.580,51382069
2023-04-04,30.656,30.704,30.096,30.295,46090490
2023-04-05,30.067,30.343,30.058,30.257,58156132
2023-04-06,30.200,30.424,30.167,30.371,36883299
2023-04-10,30.257,30.447,30.191,30.438,27992557
2023-04-11,30.514,30.837,30.495,30.704,54090084
2023-04-12,30.856,31.017,30.561,30.637,63855305
2023-04-13,30.656,30.927,30.447,30.912,58743015
2023-04-14,31.235,31.473,31.064,31.216,65516947
2023-04-17,31.197,31.587,31.064,31.577,69899929
2023-04-18,31.644,31.738,31.406,31.672,49670515
2023-04-19,31.625,31.833,31.568,31.748,39608816
2023-04-20,31.539,31.739,31.530,31.653,39421159
2023-04-21,31.558,31.577,31.359,31.539,41681773
2023-04-24,31.515,31.634,31.387,31.463,32882048
2023-04-25,31.264,31.321,30.912,30.922,58726976
2023-04-26,30.837,31.007,30.495,30.628,54472924
2023-04-27,30.742,31.178,30.742,31.121,46551576
2023-04-28,30.969,31.516,30.898,31.492,54778384
2023-05-01,31.577,31.738,31.368,31.406,32055764
2023-05-02,31.283,31.292,30.405,30.694,76347144
2023-05-03,30.732,30.884,30.314,30.343,65858482
2023-05-04,30.077,30.238,29.678,29.954,76327016
2023-05-05,30.447,30.742,30.400,30.694,55200501
2023-05-08,30.865,30.969,30.704,30.742,34436613
2023-05-09,30.514,30.746,30.443,30.628,29834056
2023-05-10,30.827,30.893,30.186,30.457,39836787
2023-05-11,30.267,30.452,30.134,30.409,36814023
2023-05-12,30.609,30.609,30.086,30.286,36424469
2023-05-15,30.343,30.590,30.286,30.533,33317772
2023-05-16,30.471,30.561,30.229,30.248,31344252
2023-05-17,30.485,30.941,30.419,30.856,46972949
2023-05-18,30.799,31.117,30.685,31.083,42371502
2023-05-19,31.159,31.254,30.808,30.950,40265027
2023-05-22,31.055,31.121,30.818,31.007,35402369
2023-05-23,30.874,31.036,30.623,30.647,42356132
2023-05-24,30.419,30.447,30.181,30.248,46764155
2023-05-25,30.172,30.343,30.058,30.238,41796020
2023-05-26,30.305,30.559,30.257,30.485,44328449
2023-05-30,30.533,30.599,30.272,30.476,58091075
2023-05-31,30.295,30.324,29.897,30.153,67890620
2023-06-01,30.324,30.542,30.115,30.476,48803519
2023-06-02,30.770,31.250,30.770,31.140,65969348
2023-06-05,31.178,31.093,30.837,30.979,53767493
2023-06-06,30.950,31.416,30.931,31.368,46388272
2023-06-07,31.397,31.558,31.207,31.492,48626619
2023-06-08,31.387,31.511,31.216,31.463,36380538
2023-06-09,31.406,31.606,31.387,31.473,34137390
2023-06-12,31.501,31.587,31.226,31.463,33784788
2023-06-13,31.435,31.786,31.397,31.653,46205959
2023-06-14,31.729,31.890,31.425,31.530,57383701
2023-06-15,31.425,32.019,31.397,31.947,52413744
2023-06-16,32.090,32.118,31.843,31.881,50025194
2023-06-20,31.672,31.730,31.453,31.644,50849918
2023-06-21,31.567,31.758,31.472,31.606,36085959
2023-06-22,31.548,31.558,31.253,31.358,38826135
2023-06-23,31.119,31.329,31.010,31.224,35646550
2023-06-26,31.176,31.415,31.072,31.157,25812955
2023-06-27,31.215,31.472,31.196,31.405,34461204
2023-06-28,31.367,31.377,31.186,31.329,36783874
2023-06-29,31.491,31.873,31.453,31.873,47627245
2023-06-30,32.082,32.283,32.025,32.149,44909634
2023-07-03,32.149,32.426,32.102,32.330,19190941
2023-07-05,32.140,32.350,32.044,32.264,39964604
2023-07-06,31.997,32.025,31.711,31.987,45959140
2023-07-07,31.854,32.302,31.854,32.035,33598900
2023-07-10,32.040,32.359,32.016,32.178,27344115
2023-07-11,32.292,32.597,32.226,32.559,33865335
2023-07-12,32.826,33.003,32.679,32.769,46699239
2023-07-13,32.817,32.936,32.760,32.884,40586845
2023-07-14,33.122,33.132,32.620,32.664,47709260
2023-07-17,32.626,33.074,32.626,32.979,38695846
2023-07-18,33.055,33.380,33.008,33.351,47331843
2023-07-19,33.351,33.627,33.341,33.494,45749922
2023-07-20,33.437,33.751,33.422,33.742,45741600
2023-07-21,33.799,33.818,33.546,33.627,30716501
2023-07-24,33.647,34.057,33.637,33.952,32406117
2023-07-25,33.856,33.933,33.704,33.732,36337860
2023-07-26,33.694,34.038,33.647,33.933,35756029
2023-07-27,33.933,34.018,33.456,33.503,44217842
2023-07-28,33.771,33.785,33.389,33.570,32534416
2023-07-31,33.637,33.799,33.551,33.694,28721254
2023-08-01,33.627,33.723,33.513,33.694,26582520
2023-08-02,33.408,33.527,33.217,33.408,49091506
2023-08-03,33.208,33.503,33.112,33.427,31976646
2023-08-04,33.399,33.723,33.260,33.294,36314818
2023-08-07,33.503,33.818,33.494,33.761,33228359
2023-08-08,33.322,33.481,33.065,33.456,37377440
2023-08-09,33.437,33.532,33.170,33.208,38430304
2023-08-10,33.380,33.627,33.151,33.236,38222910
2023-08-11,33.132,33.360,33.050,33.303,27609332
2023-08-14,33.208,33.303,33.084,33.236,23852055
2023-08-15,32.960,32.993,32.588,32.626,57661257
2023-08-16,32.569,32.822,32.540,32.578,33676988
2023-08-17,32.683,32.731,32.325,32.416,38331154
2023-08-18,32.187,32.502,32.159,32.407,40994460
2023-08-21,32.454,32.516,32.111,32.369,32414610
2023-08-22,32.378,32.416,32.020,32.063,43290894
2023-08-23,32.121,32.388,32.073,32.378,30340081
2023-08-24,32.330,32.721,32.264,32.264,35902648
2023-08-25,32.397,32.540,32.149,32.416,40479976
2023-08-28,32.521,32.712,32.493,32.597,35433487
2023-08-29,32.569,32.899,32.521,32.893,43537179
2023-08-30,32.941,33.103,32.845,32.912,33911182
2023-08-31,33.008,33.012,32.755,32.788,28091857
2023-09-01,32.988,33.185,32.955,33.084,41210884
2023-09-05,33.046,33.179,32.741,32.750,38739410
2023-09-06,32.664,32.798,32.493,32.731,35790225
2023-09-07,32.597,32.788,32.550,32.645,47789426
2023-09-08,32.674,32.779,32.545,32.712,39873127
2023-09-11,32.865,33.036,32.779,32.865,29060478
2023-09-12,32.855,33.318,32.812,33.084,48775198
2023-09-13,33.236,33.275,32.955,33.084,32100204
2023-09-14,33.313,33.432,33.146,33.389,65901748
2023-09-15,33.170,33.418,33.151,33.217,51970700
2023-09-18,33.176,33.358,33.070,33.310,32565519
2023-09-19,33.338,33.401,33.056,33.271,36235686
2023-09-20,33.386,33.492,33.032,33.041,31722060
2023-09-21,32.926,32.926,32.495,32.495,48265160
2023-09-22,32.543,32.572,32.246,32.246,41825480
2023-09-25,32.179,32.342,32.074,32.323,40273846
2023-09-26,32.083,32.227,31.834,31.892,46317399
2023-09-27,31.978,31.978,31.566,31.844,49523366
2023-09-28,31.873,32.189,31.863,32.074,63847567
2023-09-29,32.227,32.275,31.700,31.777,53034532
2023-10-02,31.671,31.748,31.336,31.509,49513052
2023-10-03,31.355,31.437,30.886,31.010,53095960
2023-10-04,31.020,31.260,30.857,31.240,40268165
2023-10-05,31.154,31.442,31.087,31.384,41544131
2023-10-06,31.250,31.830,31.145,31.652,54235780
2023-10-09,31.365,31.739,31.336,31.671,61598692
2023-10-10,31.767,32.103,31.758,31.901,44890639
2023-10-11,31.997,32.127,31.710,31.949,35864032
2023-10-12,32.045,32.045,31.528,31.748,42129394
2023-10-13,31.949,32.241,31.643,31.815,53391689
2023-10-16,32.055,32.304,31.983,32.150,45739336
2023-10-17,32.007,32.510,31.997,32.304,42063179
2023-10-18,32.141,32.170,31.681,31.748,47096607
2023-10-19,31.691,31.858,31.307,31.327,66875662
2023-10-20,31.317,31.375,30.819,30.848,60118564
2023-10-23,30.781,31.001,30.627,30.656,56097721
2023-10-24,30.800,31.006,30.705,30.867,35942940
2023-10-25,30.752,30.963,30.666,30.752,59435100
2023-10-26,30.675,30.990,30.627,30.685,56230635
2023-10-27,30.646,30.685,30.038,30.129,73297836
2023-10-30,30.340,30.742,30.263,30.666,49139301
2023-10-31,30.723,31.010,30.666,31.001,41185247
2023-11-01,31.058,31.327,30.987,31.202,51934456
2023-11-02,31.489,31.959,31.432,31.940,47573056
2023-11-03,32.246,32.515,32.237,32.361,58994869
2023-11-06,32.447,32.491,32.093,32.265,40733365
2023-11-07,32.170,32.294,32.112,32.218,27532327
2023-11-08,32.208,32.285,32.055,32.256,30273619
2023-11-09,32.361,32.409,32.059,32.122,34449616
2023-11-10,32.275,32.515,32.088,32.486,35269205
2023-11-13,32.371,32.524,32.323,32.438,28420517
2023-11-14,32.792,33.233,32.764,33.051,54475010
2023-11-15,33.108,33.329,33.099,33.233,35115396
2023-11-16,33.329,33.401,33.223,33.367,33331833
2023-11-17,33.492,33.549,33.405,33.540,31444658
2023-11-20,33.492,33.750,33.420,33.674,37523263
2023-11-21,33.626,33.741,33.597,33.655,27375555
2023-11-22,33.731,33.856,33.674,33.789,32831701
2023-11-24,33.789,33.947,33.774,33.894,13211838
2023-11-27,33.770,33.835,33.702,33.779,35132255
2023-11-28,33.741,33.884,33.683,33.770,39458736
2023-11-29,33.865,34.210,33.865,34.009,36771946
2023-11-30,34.086,34.392,33.975,34.392,37457433
2023-12-01,34.335,34.689,34.277,34.651,51436361
2023-12-04,34.450,34.747,34.411,34.613,41502785
2023-12-05,34.507,34.517,34.287,34.440,39640939
2023-12-06,34.632,34.761,34.220,34.268,35733369
2023-12-07,34.354,34.450,34.268,34.431,26136624
2023-12-08,34.392,34.670,34.354,34.613,33322426
2023-12-11,34.622,34.890,34.622,34.823,31268314
2023-12-12,34.910,35.082,34.766,35.072,37368299
2023-12-13,35.082,35.681,35.015,35.638,57176571
2023-12-14,35.925,36.126,35.800,35.992,67085816
2023-12-15,35.695,35.864,35.628,35.781,69474181
2023-12-18,35.957,36.024,35.861,35.899,43576993
2023-12-19,35.880,36.178,35.784,36.169,32615994
2023-12-20,36.072,36.158,35.524,35.524,53160146
2023-12-21,35.678,35.880,35.547,35.870,27612845
2023-12-22,35.976,36.092,35.812,35.947,30431289
2023-12-26,35.976,36.159,35.918,36.092,17896280
2023-12-27,36.015,36.207,35.962,36.207,32748207
2023-12-28,36.149,36.390,36.140,36.313,25391326
2023-12-29,36.303,36.361,36.092,36.198,30317789
2024-01-02,36.101,36.371,36.034,36.352,31455076
2024-01-03,36.188,36.246,35.986,36.043,47063370
2024-01-04,36.169,36.477,36.121,36.188,37025664
2024-01-05,36.188,36.534,36.169,36.342,44999988
2024-01-08,36.352,36.592,36.159,36.573,39227015
2024-01-09,36.380,36.385,36.230,36.342,36457674
2024-01-10,36.284,36.429,36.169,36.400,37217569
2024-01-11,36.352,36.400,35.976,36.265,49204898
2024-01-12,36.438,36.573,36.048,36.198,41469918
2024-01-16,35.889,36.015,35.746,35.947,44187029
2024-01-17,35.639,36.024,35.620,35.880,38843363
2024-01-18,35.832,35.971,35.572,35.938,42203402
2024-01-19,36.072,36.563,35.957,36.515,59613313
2024-01-22,36.669,36.871,36.607,36.688,51999438
2024-01-23,36.669,36.775,36.592,36.746,46407785
2024-01-24,36.900,37.093,36.862,36.891,44120240
2024-01-25,37.035,37.112,36.843,37.074,50860719
2024-01-26,37.016,37.274,36.977,37.208,38747320
2024-01-29,37.093,37.334,36.997,37.305,44321060
2024-01-30,37.343,37.815,37.324,37.776,43371562
2024-01-31,37.699,37.979,37.295,37.314,65997390
2024-02-01,37.247,37.396,36.823,37.372,63654480
2024-02-02,37.247,37.697,37.223,37.526,61981728
2024-02-05,37.314,37.430,37.136,37.305,37474272
2024-02-06,37.256,37.435,37.204,37.382,41190863
2024-02-07,37.584,37.704,37.324,37.661,39147170
2024-02-08,37.488,37.627,37.276,37.516,47487267
2024-02-09,37.468,37.637,37.372,37.622,50847271
2024-02-12,37.622,37.959,37.536,37.796,40084233
2024-02-13,37.507,37.598,36.987,37.285,63155542
2024-02-14,37.507,37.670,37.362,37.642,58915751
2024-02-15,37.757,38.364,37.747,38.287,58299169
2024-02-16,38.248,38.325,38.076,38.152,38024764
2024-02-20,37.882,38.181,37.849,38.046,40083739
2024-02-21,37.998,38.161,37.863,38.161,40522246
2024-02-22,38.373,38.744,38.306,38.604,55369859
2024-02-23,38.749,38.956,38.724,38.797,42329429
2024-02-26,38.758,39.018,38.537,38.604,38496282
2024-02-27,38.643,38.720,38.445,38.710,42739716
2024-02-28,38.633,38.989,38.619,38.855,40172609
2024-02-29,38.951,39.037,38.672,38.835,37753586
2024-03-01,38.826,38.912,38.657,38.787,40929176
2024-03-04,38.720,38.989,38.710,38.883,53589045
2024-03-05,38.749,39.115,38.749,38.893,50937289
2024-03-06,38.951,39.211,38.773,39.095,58651944
2024-03-07,39.240,39.312,38.893,39.037,35622022
2024-03-08,39.095,39.307,39.052,39.105,47422168
2024-03-11,38.960,39.211,38.893,39.172,36352334
2024-03-12,39.259,39.451,39.124,39.336,53374405
2024-03-13,39.413,39.634,39.384,39.625,43614483
2024-03-14,39.634,39.711,39.095,39.307,65779256
2024-03-15,39.086,39.451,39.009,39.269,67790461
2024-03-18,39.406,39.541,39.208,39.493,39269477
2024-03-19,39.522,39.705,39.498,39.686,36869280
2024-03-20,39.638,40.188,39.570,40.159,52427357
2024-03-21,40.256,40.585,40.208,40.488,49371168
2024-03-22,40.536,40.618,39.995,40.024,32138418
2024-03-25,39.995,40.063,39.870,39.870,31888625
2024-03-26,40.014,40.127,39.879,40.005,30234672
2024-03-27,40.198,40.488,40.096,40.478,36790989
2024-03-28,40.527,40.797,40.454,40.701,41626746
2024-04-01,40.739,40.773,40.401,40.478,37661244
2024-04-02,40.353,40.406,40.198,40.266,36479492
2024-04-03,40.275,40.546,40.135,40.246,39846595
2024-04-04,40.585,40.662,39.744,39.792,52830863
2024-04-05,39.947,40.271,39.812,40.169,47696764
2024-04-08,40.179,40.411,40.159,40.343,35281424
2024-04-09,40.362,40.464,39.787,40.111,52142501
2024-04-10,39.725,39.879,39.386,39.512,59688595
2024-04-11,39.493,39.551,38.995,39.232,57058032
2024-04-12,38.971,39.135,38.560,38.710,81502160
2024-04-15,39.212,39.367,38.406,38.517,72036922
2024-04-16,38.546,38.633,38.198,38.256,66971059
2024-04-17,38.430,38.599,38.200,38.352,41698723
2024-04-18,38.526,38.826,38.396,38.488,49054391
2024-04-19,38.700,39.092,38.623,39.019,55696363
2024-04-22,39.232,39.715,39.068,39.493,50868056
2024-04-23,39.676,39.841,39.570,39.744,36608690
2024-04-24,39.638,39.787,39.531,39.734,34069230
2024-04-25,39.541,39.647,39.159,39.502,50531540
2024-04-26,39.435,39.662,39.348,39.444,35914783
2024-04-29,39.435,39.606,39.241,39.386,36716530
2024-04-30,39.299,39.386,39.000,39.000,34595095
2024-05-01,38.971,39.473,38.923,39.000,54897766
2024-05-02,39.270,39.324,38.816,39.096,37207127
2024-05-03,39.328,39.415,38.995,39.183,45160795
2024-05-06,39.483,39.686,39.396,39.686,42474966
2024-05-07,39.783,39.899,39.715,39.821,42741418
2024-05-08,39.783,40.034,39.671,39.966,28484356
2024-05-09,39.870,40.266,39.860,40.266,31698754
2024-05-10,40.411,40.498,40.362,40.420,34419776
2024-05-13,40.536,40.604,40.256,40.256,29667432
2024-05-14,40.411,40.488,40.256,40.459,30739172
2024-05-15,40.556,40.797,40.541,40.759,36257245
2024-05-16,40.797,40.952,40.739,40.759,36151342
2024-05-17,40.826,41.058,40.778,41.058,29911301
2024-05-20,40.971,41.029,40.478,40.498,35837214
2024-05-21,40.575,40.797,40.556,40.759,33523355
2024-05-22,40.672,40.846,40.440,40.527,38788412
2024-05-23,40.488,40.527,39.812,39.966,51938919
2024-05-24,40.043,40.217,40.043,40.208,23554560
2024-05-28,40.121,40.121,39.618,39.763,31107003
2024-05-29,39.444,39.570,39.324,39.444,40753954
2024-05-30,39.483,39.744,39.386,39.657,32880520
2024-05-31,39.734,40.275,39.618,40.237,38791286
2024-06-03,40.227,40.271,39.633,39.985,38125832
2024-06-04,39.773,40.101,39.618,39.802,27677198
2024-06-05,39.928,39.966,39.628,39.918,23895659
2024-06-06,39.985,40.101,39.744,39.899,39168679
2024-06-07,39.908,40.304,39.831,40.082,42412404
2024-06-10,39.908,39.976,39.667,39.928,31723064
2024-06-11,39.734,39.754,39.280,39.473,54764619
2024-06-12,39.879,39.928,39.377,39.435,46600273
2024-06-13,39.435,39.444,39.135,39.406,39627934
2024-06-14,39.135,39.357,39.010,39.280,29178741
2024-06-17,39.183,39.638,39.116,39.628,36195650
2024-06-18,39.580,39.879,39.546,39.879,39028327
2024-06-20,39.792,40.193,39.749,40.092,43010170
2024-06-21,39.995,40.034,39.705,39.937,42672787
2024-06-24,40.104,40.594,40.002,40.346,45400950
2024-06-25,40.269,40.395,39.929,40.046,32961021
2024-06-26,39.861,39.881,39.599,39.794,38103496
2024-06-27,39.677,39.794,39.502,39.745,25549888
2024-06-28,39.832,40.133,39.711,39.881,44190120
2024-07-01,40.046,40.308,39.803,39.968,36250064
2024-07-02,39.891,40.434,39.871,40.434,27122060
2024-07-03,40.473,40.507,40.288,40.308,21182745
2024-07-05,40.395,40.395,40.065,40.298,21491621
2024-07-08,40.356,40.599,40.143,40.191,27870715
2024-07-09,40.230,40.764,40.182,40.502,33252182
2024-07-10,40.308,40.667,40.288,40.657,28539011
2024-07-11,40.696,41.045,40.565,40.977,45987509
2024-07-12,40.929,41.287,40.822,41.113,39169740
2024-07-15,41.258,41.753,41.229,41.714,46714442
2024-07-16,41.743,42.209,41.666,42.190,52415062
2024-07-17,42.141,42.587,42.073,42.510,54953590
2024-07-18,42.364,42.786,41.899,41.996,58924631
2024-07-19,41.976,42.064,41.520,41.569,47375388
2024-07-22,41.666,41.879,41.472,41.802,29166762
2024-07-23,41.908,42.093,41.811,41.879,23878695
2024-07-24,41.753,41.836,41.307,41.307,47944209
2024-07-25,41.384,42.068,41.375,41.462,45009663
2024-07-26,41.685,42.238,41.666,42.112,32743700
2024-07-29,42.209,42.233,41.840,42.054,35311538
2024-07-30,42.316,42.684,42.296,42.539,31522078
2024-07-31,42.636,42.791,42.403,42.432,38822166
2024-08-01,42.587,42.646,41.646,41.831,47215772
2024-08-02,41.355,41.501,40.550,40.802,78858581
2024-08-05,39.910,39.997,39.444,39.619,108268797
2024-08-06,39.794,40.730,39.687,40.259,57858737
2024-08-07,40.705,41.089,40.249,40.308,44057119
2024-08-08,40.570,41.006,40.511,40.958,41396320
2024-08-09,40.948,41.234,40.783,41.132,23917267
2024-08-12,41.210,41.317,40.832,40.919,20576793
2024-08-13,41.161,41.287,40.861,41.258,25004051
2024-08-14,41.355,41.840,41.326,41.763,30773980
2024-08-15,42.161,42.384,42.015,42.151,33438733
2024-08-16,42.102,42.461,42.102,42.461,25422320
2024-08-19,42.471,42.704,42.471,42.694,24539080
2024-08-20,42.646,42.680,42.471,42.558,19685030
2024-08-21,42.626,42.675,42.267,42.490,19979609
2024-08-22,42.539,42.733,42.500,42.733,24820219
2024-08-23,42.859,43.208,42.772,43.102,32870344
2024-08-26,43.247,43.470,43.140,43.237,23794402
2024-08-27,43.325,43.480,43.247,43.460,21654499
2024-08-28,43.344,43.805,43.305,43.567,24807558
2024-08-29,43.713,44.101,43.412,43.955,33837654
2024-08-30,44.081,44.411,43.878,44.372,29063079
2024-09-03,44.140,44.503,43.834,44.043,40025234
2024-09-04,44.120,44.401,43.863,44.091,32111485
2024-09-05,44.275,44.295,43.407,43.606,39653642
2024-09-06,43.606,43.849,42.869,42.966,51500257
2024-09-09,43.373,43.849,43.315,43.606,41145883
2024-09-10,43.752,43.790,42.660,43.160,59309569
2024-09-11,42.995,43.024,42.083,42.956,59593007
2024-09-12,43.034,43.189,42.684,43.053,37863606
2024-09-13,43.179,43.350,43.082,43.179,33020619
2024-09-16,43.363,43.752,43.363,43.742,37185926
2024-09-17,43.839,44.120,43.790,43.975,27985109
2024-09-18,43.994,44.324,43.742,43.839,41921408
2024-09-19,44.285,44.440,43.984,44.324,46610613
2024-09-20,44.227,44.295,43.979,44.295,48859485
2024-09-23,44.289,44.464,44.162,44.240,31719329
2024-09-24,44.104,44.104,43.710,43.870,40474229
2024-09-25,43.890,43.948,43.471,43.608,32654071
2024-09-26,43.734,43.919,43.588,43.831,31548735
2024-09-27,43.929,44.237,43.861,43.958,23302571
2024-09-30,43.851,44.143,43.656,44.124,23676892
2024-10-01,44.007,44.114,43.593,43.890,32810656
2024-10-02,43.870,44.036,43.646,43.939,37833560
2024-10-03,43.773,43.861,43.486,43.705,23623189
2024-10-04,44.133,44.484,43.958,44.445,40568956
2024-10-07,44.445,44.464,43.715,43.900,26686820
2024-10-08,44.065,44.260,43.987,44.153,28857635
2024-10-09,44.153,44.649,44.065,44.562,28427540
2024-10-10,44.610,44.649,44.240,44.425,34239728
2024-10-11,44.708,45.370,44.679,45.282,53024267
2024-10-14,45.360,45.613,45.233,45.564,35968848
2024-10-15,45.876,46.139,45.603,45.662,42496204
2024-10-16,45.837,46.246,45.749,46.227,45121738
2024-10-17,46.421,46.548,46.324,46.353,45974285
2024-10-18,46.353,46.460,46.100,46.363,34392441
2024-10-21,46.285,46.392,45.905,45.993,26293708
2024-10-22,45.759,45.983,45.545,45.905,30117564
2024-10-23,45.857,45.973,45.642,45.866,20765376
2024-10-24,45.876,45.959,45.623,45.905,19682120
2024-10-25,46.090,46.168,45.292,45.399,25610511
2024-10-28,45.633,46.003,45.618,45.964,31519295
2024-10-29,45.847,45.973,45.642,45.681,28022855
2024-10-30,45.740,46.178,45.701,45.886,28798816
2024-10-31,45.827,45.964,45.253,45.253,53592898
2024-11-01,45.399,45.759,45.292,45.409,40272040
2024-11-04,45.379,45.418,44.810,45.058,41842865
2024-11-05,45.097,45.496,45.010,45.477,35337702
2024-11-06,47.745,48.368,47.414,48.242,153978581
2024-11-07,48.135,48.135,47.375,47.463,70843805
2024-11-08,47.804,48.160,47.560,47.891,60575279
2024-11-11,48.368,48.811,48.359,48.573,63864243
2024-11-12,48.553,48.622,48.281,48.427,58704970
2024-11-13,48.524,48.804,48.373,48.456,31985620
2024-11-14,48.563,48.670,48.237,48.330,38378671
2024-11-15,48.330,48.690,48.300,48.553,40875609
2024-11-18,48.592,48.787,48.388,48.699,27236179
2024-11-19,48.310,48.563,48.115,48.378,27103635
2024-11-20,48.573,48.602,47.994,48.232,34044180
2024-11-21,48.476,49.065,48.349,48.846,51049258
2024-11-22,48.816,49.439,48.807,49.391,42189260
2024-11-25,49.663,49.892,49.517,49.712,47648882
2024-11-26,49.731,49.907,49.420,49.809,28511950
2024-11-27,49.878,50.257,49.853,49.907,31908411
2024-11-29,50.082,50.209,49.897,49.985,15228381
2024-12-02,50.063,50.130,49.362,49.488,55666218
2024-12-03,49.780,49.780,49.118,49.118,47078746
2024-12-04,49.069,49.108,48.763,48.933,41152453
2024-12-05,49.011,49.332,48.972,49.079,33709882
2024-12-06,49.069,49.235,48.938,49.069,23516509
2024-12-09,49.108,49.157,48.378,48.398,42136531
2024-12-10,48.437,48.661,48.081,48.388,38989709
2024-12-11,48.583,48.602,48.271,48.485,35151223
2024-12-12,48.612,48.651,48.271,48.271,23183323
2024-12-13,48.466,48.480,48.125,48.232,39289351
2024-12-16,48.261,48.320,48.052,48.145,35358771
2024-12-17,47.960,47.969,47.642,47.804,46255093
2024-12-18,47.891,47.998,46.334,46.373,72637812
2024-12-19,46.898,47.249,46.528,46.538,63850534
2024-12-20,46.441,47.594,46.343,47.229,56250706
2024-12-23,46.993,47.379,46.807,47.345,43174961
2024-12-24,47.443,47.922,47.350,47.902,18410870
2024-12-26,47.687,48.039,47.658,48.020,20875701
2024-12-27,47.766,48.078,47.414,47.668,33963829
2024-12-30,47.179,47.419,46.798,47.208,34934393
2024-12-31,47.326,47.492,47.091,47.257,25253384
2025-01-02,47.502,47.682,46.876,47.140,38367273
2025-01-03,47.414,47.541,47.008,47.511,25281087
2025-01-06,47.717,47.932,47.277,47.365,54468654
2025-01-07,47.570,47.678,47.047,47.257,57872577
2025-01-08,47.267,47.423,46.954,47.414,36541916
2025-01-10,47.032,47.071,46.103,46.269,53303592
2025-01-13,46.035,46.622,45.991,46.602,36121332
2025-01-14,46.788,47.218,46.685,47.179,39482794
2025-01-15,48.186,48.509,47.922,48.382,61378288
2025-01-16,48.362,48.738,48.357,48.704,33941795
2025-01-17,48.802,49.203,48.626,49.115,43836938
2025-01-21,49.281,49.584,49.266,49.526,33376976
2025-01-22,49.526,49.535,49.095,49.291,37348946
2025-01-23,49.369,49.662,49.359,49.574,32154342
2025-01-24,49.408,49.770,49.359,49.721,39217336
2025-01-27,49.633,50.298,49.496,50.269,61910550
2025-01-28,50.210,50.406,49.975,50.181,40016568
2025-01-29,50.044,50.591,50.034,50.142,43755748
2025-01-30,50.601,50.885,50.288,50.621,64461979
2025-01-31,50.679,50.816,50.293,50.327,40562550
2025-02-03,49.623,50.254,49.294,50.122,77671065
2025-02-04,50.181,50.249,49.868,50.005,41880138
2025-02-05,50.220,50.542,50.000,50.533,34872987
2025-02-06,50.826,50.968,50.611,50.953,34469020
2025-02-07,51.012,51.100,50.630,50.670,40735089
2025-02-10,50.758,50.821,50.054,50.269,38046321
2025-02-11,50.190,50.494,49.887,50.396,45311531
2025-02-12,50.142,50.239,49.790,50.220,45622827
2025-02-13,50.357,50.621,50.142,50.552,36491940
2025-02-14,50.621,50.865,50.601,50.650,29671626
2025-02-18,50.728,51.041,50.596,51.012,33607071
2025-02-19,50.885,51.090,50.748,51.031,31853029
2025-02-20,50.953,50.992,49.902,50.249,47233856
2025-02-21,50.269,50.357,49.521,49.623,51960427
2025-02-24,49.858,50.264,49.555,49.838,56860416
2025-02-25,50.132,50.264,49.188,49.829,50297816
2025-02-26,49.838,50.176,49.623,49.721,31353357
2025-02-27,49.897,50.650,49.858,49.995,44524652
2025-02-28,50.249,51.100,50.034,51.022,63746247
2025-03-03,51.158,51.467,50.225,50.591,76350637
2025-03-04,50.083,50.140,48.538,48.812,99669424
2025-03-05,48.831,49.326,48.460,49.095,75810415
2025-03-06,48.518,48.846,47.966,48.284,55660358
2025-03-07,48.108,48.235,47.179,48.030,87638904
2025-03-10,47.218,47.526,46.406,46.954,78478909
2025-03-11,46.886,47.008,46.230,46.553,73212374
2025-03-12,47.052,47.120,46.172,46.622,60899930
2025-03-13,46.734,47.008,46.230,46.367,50150888
2025-03-14,46.807,47.521,46.563,47.443,49698735
2025-03-17,47.257,48.230,47.242,48.000,43713886
2025-03-18,48.039,48.196,47.766,47.942,32821930
2025-03-19,47.971,48.724,47.770,48.470,44436502
2025-03-20,48.196,48.866,48.108,48.538,46478450
2025-03-21,48.294,48.538,47.942,48.362,53558505
2025-03-24,48.859,49.330,48.731,49.212,43300253
2025-03-25,49.389,49.565,49.144,49.487,24955586
2025-03-26,49.634,49.958,49.153,49.340,39884142
2025-03-27,49.251,49.502,48.854,49.242,32406163
2025-03-28,49.094,49.359,48.098,48.290,45514709
2025-03-31,47.809,49.124,47.672,48.879,38167525
2025-04-01,48.692,49.036,48.275,48.820,38084097
2025-04-02,48.427,49.384,48.349,49.222,41929686
2025-04-03,47.299,47.740,46.710,46.798,101493616
2025-04-04,45.208,45.542,43.266,43.373,128557057
2025-04-07,42.039,44.796,41.421,43.266,180585660
2025-04-08,44.944,45.356,42.427,43.099,99129465
2025-04-09,42.431,46.720,42.265,46.347,177826384
2025-04-10,45.655,45.729,43.707,45.051,93625364
2025-04-11,44.747,46.092,44.522,45.797,63856962
2025-04-14,46.465,46.725,45.989,46.268,52180144
2025-04-15,46.533,47.004,46.347,46.386,41977824
2025-04-16,46.288,46.451,45.316,45.660,48216290
2025-04-17,45.630,46.322,45.562,45.778,62070208
2025-04-21,45.542,45.675,44.296,44.796,43224131
2025-04-22,45.473,46.396,45.336,46.278,38364584
2025-04-23,47.142,47.814,46.671,46.828,50456400
2025-04-24,46.661,47.436,46.474,47.348,26906194
2025-04-25,47.112,47.328,46.808,47.122,28205515
2025-04-28,47.318,47.662,46.936,47.269,34034430
2025-04-29,47.279,47.848,47.063,47.760,42615104
2025-04-30,47.250,48.010,46.612,47.848,33871013
2025-05-01,47.667,48.152,47.529,47.838,34533463
2025-05-02,48.565,49.006,48.412,48.829,35147391
2025-05-05,48.417,48.898,48.182,48.515,24219393
2025-05-06,48.084,48.628,48.054,48.241,29044437
2025-05-07,48.398,48.785,48.339,48.525,30177616
2025-05-08,48.908,49.428,48.795,48.928,31397169
2025-05-09,49.026,49.099,48.785,48.928,22147693
2025-05-12,50.154,50.238,49.605,49.919,44419843
2025-05-13,50.046,50.360,49.958,50.125,34100857
2025-05-14,50.149,50.213,49.835,49.987,38891804
2025-05-15,49.919,50.400,49.879,50.321,34856871
2025-05-16,50.311,50.701,50.203,50.625,53576763
2025-05-19,50.360,50.802,50.282,50.655,26435089
2025-05-20,50.419,50.557,50.154,50.380,26991534
2025-05-21,50.066,50.208,49.305,49.350,40153767
2025-05-22,49.242,49.575,49.038,49.291,33773606
2025-05-23,48.658,49.350,48.643,49.114,33756313
2025-05-27,49.492,50.007,49.320,49.978,38763600
2025-05-28,49.938,50.066,49.565,49.644,31834685
2025-05-29,49.811,49.909,49.418,49.899,34213195
2025-05-30,49.732,50.090,49.511,50.007,38078178
2025-06-02,49.664,50.046,49.350,50.027,30241567
2025-06-03,49.870,50.174,49.467,50.125,33816367
2025-06-04,50.193,50.252,49.830,49.840,24681479
2025-06-05,49.850,49.929,49.507,49.703,42161034
2025-06-06,50.213,50.478,50.090,50.321,35097964
2025-06-09,50.380,50.400,49.742,50.046,28415323
2025-06-10,50.036,50.125,49.929,50.105,27819916
2025-06-11,50.154,50.380,49.860,50.046,39497957
2025-06-12,49.752,50.056,49.556,50.046,25584876
2025-06-13,49.408,49.516,48.879,49.026,55102697
2025-06-16,49.379,49.924,49.369,49.585,35749652
2025-06-17,49.330,49.536,49.148,49.301,31233145
2025-06-18,49.281,49.821,49.207,49.281,45878727
2025-06-20,49.423,49.634,49.276,49.418,44602488
2025-06-23,49.432,50.062,49.077,50.042,43164300
2025-06-24,50.535,50.978,50.490,50.791,41360680
2025-06-25,50.801,50.806,50.510,50.623,33232976
2025-06-26,50.653,51.037,50.623,50.998,37990643
2025-06-27,50.958,51.431,50.909,51.145,39082350
2025-06-30,51.382,51.636,51.337,51.569,42612667
2025-07-01,51.441,51.958,51.411,51.854,33956166
2025-07-02,51.943,51.953,51.539,51.815,40925416
2025-07-03,51.943,52.455,51.889,52.376,25990046
2025-07-07,52.317,52.435,51.613,51.874,34161058
2025-07-08,51.756,51.795,51.377,51.411,53891833
2025-07-09,51.677,51.697,51.342,51.598,36755525
2025-07-10,51.480,51.953,51.480,51.904,28087058
2025-07-11,51.559,51.608,51.283,51.362,30389570
2025-07-14,51.352,51.771,51.224,51.746,27727478
2025-07-15,51.539,51.644,50.860,50.860,47861648
2025-07-16,51.135,51.263,50.540,51.214,46880285
2025-07-17,51.076,51.795,51.017,51.707,48372617
2025-07-18,51.776,51.840,51.628,51.736,29889355
2025-07-21,51.766,52.130,51.569,51.588,36992794
2025-07-22,51.697,51.938,51.667,51.874,32395432
2025-07-23,51.992,52.288,51.756,52.288,32217011
2025-07-24,52.307,52.622,52.194,52.258,32478487
2025-07-25,52.288,52.669,52.179,52.622,29060073
2025-07-28,52.563,52.622,52.150,52.258,29215144
2025-07-29,52.435,52.480,51.874,51.992,38007897
2025-07-30,51.972,52.214,51.638,51.894,37382763
2025-07-31,51.677,52.179,51.470,51.569,46331409
2025-08-01,50.929,50.968,50.269,50.614,63268391
2025-08-04,50.811,51.116,50.697,51.116,40184918
2025-08-05,51.254,51.293,50.574,50.909,33661403
2025-08-06,51.017,51.229,50.870,51.155,34311262
2025-08-07,51.382,51.451,50.436,50.584,43261325
2025-08-08,50.879,51.175,50.712,51.057,39614367
2025-08-11,51.165,51.234,50.924,51.037,29447784
2025-08-12,51.254,51.746,51.249,51.657,37641171
2025-08-13,51.854,52.100,51.682,51.953,41290346
2025-08-14,51.904,52.238,51.726,52.199,35959446
2025-08-15,52.317,52.342,51.618,51.657,46260243
2025-08-18,51.584,51.756,51.490,51.697,25488683
2025-08-19,51.648,52.061,51.648,51.795,24952624
2025-08-20,51.835,52.199,51.702,52.061,39267616
2025-08-21,51.913,51.992,51.549,51.894,29132629
2025-08-22,52.160,52.859,52.135,52.750,47405292
2025-08-25,52.652,52.757,52.421,52.445,24837992
2025-08-26,52.288,52.869,52.288,52.849,27998845
2025-08-27,52.721,53.115,52.691,52.957,39660194
2025-08-28,53.065,53.081,52.873,53.026,28932249
2025-08-29,53.075,53.312,52.977,53.164,36181126
2025-09-02,52.878,52.878,52.302,52.770,38860551
2025-09-03,52.681,52.780,52.317,52.681,36540021
2025-09-04,52.869,53.248,52.745,53.233,32837762
2025-09-05,53.277,53.420,52.061,52.258,58569227
2025-09-08,52.278,52.356,52.027,52.297,49653789
2025-09-09,52.169,52.770,52.150,52.524,39012547
2025-09-10,52.356,52.578,52.120,52.347,33024249
2025-09-11,52.376,53.243,52.366,53.203,36755965
2025-09-12,53.134,53.238,52.888,52.977,25790549
2025-09-15,53.065,53.262,52.800,52.859,32027098
2025-09-16,52.790,52.849,52.450,52.741,28576268
2025-09-17,52.849,53.499,52.824,53.253,48134030
2025-09-18,53.282,53.661,53.164,53.302,36729582
2025-09-19,53.430,53.573,53.095,53.420,46885209
2025-09-22,53.056,53.411,52.996,53.352,32393009
2025-09-23,53.303,53.836,52.986,53.115,28698894
2025-09-24,53.184,53.312,52.853,52.967,23893354
2025-09-25,52.828,53.065,52.601,52.828,24757541
2025-09-26,53.065,53.446,52.996,53.214,30686069
2025-09-29,53.392,53.496,53.095,53.480,20713832
2025-09-30,53.411,53.584,52.779,53.224,32660839
2025-10-01,52.967,53.115,52.730,52.749,33210082
2025-10-02,52.670,52.838,52.427,52.710,32443383
2025-10-03,52.779,53.322,52.739,53.075,32111601
2025-10-06,53.283,53.416,52.655,53.056,32001339
2025-10-07,53.233,53.396,52.878,53.125,31250466
2025-10-08,53.283,53.303,52.700,52.868,26848679
2025-10-09,52.982,53.164,52.552,52.680,33922435
2025-10-10,52.818,53.036,51.534,51.534,73596160
2025-10-13,51.919,52.181,51.712,52.028,39651855
2025-10-14,51.821,53.006,51.618,52.601,62588716
2025-10-15,52.789,53.115,52.221,52.601,39526563
2025-10-16,52.453,52.483,50.922,51.139,85420094
2025-10-17,51.277,51.732,51.109,51.554,52288856
2025-10-20,51.732,52.260,51.663,52.157,39479562
2025-10-21,52.023,52.489,52.023,52.097,31213574
2025-10-22,52.147,52.186,51.490,51.801,53727459
2025-10-23,51.959,52.048,51.663,51.910,29483687
2025-10-24,52.216,52.641,52.171,52.473,31947795
2025-10-27,52.730,52.784,52.562,52.690,27154144
2025-10-28,52.690,52.759,52.305,52.354,33648003
2025-10-29,51.821,51.944,51.248,51.465,61873767
2025-10-30,51.396,52.186,51.391,51.603,48568670
2025-10-31,51.386,51.870,51.317,51.742,40425805
2025-11-03,51.702,51.712,51.030,51.524,38693242
2025-11-04,51.322,51.910,51.213,51.791,44675196
2025-11-05,51.860,52.186,51.554,51.969,38036340
2025-11-06,51.880,52.068,51.544,51.781,42625669
2025-11-07,51.653,52.166,51.465,52.147,46218724
2025-11-10,52.295,52.512,52.018,52.334,42010615
2025-11-11,52.433,52.698,52.245,52.571,29995846
2025-11-12,52.581,53.238,52.581,53.026,46052714
2025-11-13,52.927,53.115,52.245,52.344,50455272
2025-11-14,52.176,52.176,51.643,51.821,46154645
2025-11-17,51.840,51.860,50.637,50.833,70048477
2025-11-18,50.665,51.126,50.531,50.754,66043642
2025-11-19,50.763,51.025,50.576,50.941,46003923
2025-11-20,51.406,51.756,50.467,50.497,70096374
2025-11-21,50.842,51.341,50.521,51.050,68942896
2025-11-24,51.114,51.346,50.709,51.267,43789147
2025-11-25,51.485,52.028,51.287,51.910,50989805
2025-11-26,52.038,52.512,51.969,52.315,35268452
2025-11-28,52.463,52.907,52.394,52.690,16136126
2025-12-01,52.433,52.759,52.206,52.255,29296267
2025-12-02,52.354,52.502,52.008,52.206,29771514
2025-12-03,52.305,52.957,52.241,52.907,32017952
2025-12-04,52.947,53.263,52.828,53.016,33678672
2025-12-05,52.898,53.283,52.809,53.036,28532323
2025-12-08,53.056,53.065,52.641,52.838,31164191
2025-12-09,52.858,53.303,52.611,52.641,46335395
2025-12-10,52.641,53.431,52.571,53.243,45437522
2025-12-11,53.312,54.320,53.283,54.212,51786521
2025-12-12,54.498,54.546,54.053,54.291,64428933
2025-12-15,54.518,54.641,54.162,54.330,35356839
2025-12-16,54.380,54.498,53.826,53.984,37342295
2025-12-17,54.142,54.409,53.925,53.974,41112402
2025-12-18,54.113,54.355,53.703,53.886,35021622
2025-12-19,53.905,54.360,53.905,54.182,46595291
2025-12-22,54.279,54.963,54.269,54.844,37987770
2025-12-23,54.834,55.082,54.834,54.953,24732900
2025-12-24,55.033,55.408,54.929,55.251,15685769
2025-12-26,55.231,55.315,54.963,55.142,20410062
2025-12-29,55.112,55.201,54.785,54.844,34223838
2025-12-30,54.919,54.919,54.666,54.705,16160856
2025-12-31,54.745,54.785,54.279,54.299,22996209
2026-01-02,54.358,54.522,53.873,54.458,36087135
2026-01-05,54.349,56.024,54.349,55.647,58044124
2026-01-06,55.553,56.029,55.508,55.915,38950782
2026-01-07,55.746,55.855,55.062,55.132,44720867
2026-01-08,54.973,55.766,54.933,55.419,35358279
2026-01-09,55.499,55.677,55.241,55.251,29544907
2026-01-12,54.557,54.884,54.368,54.815,42021640
2026-01-13,54.676,54.755,53.684,53.764,77045093
2026-01-14,53.585,53.714,53.228,53.684,59754619
2026-01-15,53.754,54.230,53.744,53.902,48490757
2026-01-16,53.902,54.289,53.818,53.972,44363154
2026-01-20,53.149,53.645,52.643,52.742,57030827
2026-01-21,52.911,53.362,52.782,53.000,49360284
2026-01-22,53.189,53.585,53.174,53.347,46919268
2026-01-23,53.030,53.050,52.425,52.614,47057521
2026-01-26,52.643,53.089,52.633,52.951,31072708
2026-01-27,52.856,52.966,52.386,52.544,38633654
2026-01-28,52.475,52.752,52.306,52.534,45450809
2026-01-29,52.861,53.169,52.534,53.089,51975433
2026-01-30,52.921,53.194,52.564,52.980,42767032
2026-02-02,52.985,53.625,52.738,53.565,48031482
2026-02-03,53.258,53.699,52.703,53.070,66887064
2026-02-04,53.050,53.714,52.941,53.496,59506374
2026-02-05,53.476,53.595,52.723,52.832,64474987
2026-02-06,53.367,53.878,53.367,53.793,53073812
2026-02-09,53.615,53.922,53.436,53.476,31813028
2026-02-10,53.238,53.788,52.658,53.089,57920792
2026-02-11,53.208,53.466,52.237,52.286,60342416
2026-02-12,52.445,52.653,50.988,51.245,94645070
2026-02-13,51.102,51.483,50.809,51.206,56449294
2026-02-17,51.369,51.959,51.369,51.751,54064715
2026-02-18,51.895,52.326,51.825,52.138,45224038
2026-02-19,51.692,51.930,51.295,51.702,47344380
2026-02-20,51.592,52.044,51.275,52.039,52934136
2026-02-23,51.736,52.019,50.204,50.294,94600356
2026-02-24,50.016,50.740,49.803,50.542,64114146
2026-02-25,50.799,51.444,50.730,51.424,47652805
2026-02-26,51.622,52.202,51.533,52.049,60884262
2026-02-27,51.434,51.612,50.571,50.988,81998723
2026-03-02,50.170,51.186,50.026,50.859,70107181
2026-03-03,49.858,51.107,49.649,50.770,94738726
2026-03-04,50.889,51.206,50.636,51.057,51472435
2026-03-05,50.799,51.374,50.467,50.789,58432340
2026-03-06,50.006,50.180,49.322,50.135,75632744
2026-03-09,49.491,50.086,48.757,49.897,78178657
2026-03-10,49.897,50.254,49.322,49.629,70834225
2026-03-11,49.550,49.689,48.801,49.213,56301182
2026-03-12,48.559,48.797,48.370,48.410,68297920
2026-03-13,48.688,49.035,48.425,48.470,47595176
2026-03-16,48.826,49.317,48.688,48.876,45720120
2026-03-17,49.268,49.758,49.084,49.134,46974021
2026-03-18,48.945,49.282,48.499,48.549,49239115
2026-03-19,48.351,48.757,48.103,48.569,58374008
2026-03-20,48.534,48.916,48.370,48.658,82914015
2026-03-23,49.526,49.685,49.048,49.098,81044813
2026-03-24,48.629,49.416,48.609,49.108,43296378
2026-03-25,49.416,49.775,48.819,49.167,40438797
2026-03-26,48.938,49.317,48.704,48.878,45035730
2026-03-27,48.619,48.664,47.503,47.643,64823894
2026-03-30,48.061,48.549,47.922,48.191,58128933
2026-03-31,48.749,49.287,48.340,49.197,85361932
2026-04-01,49.626,49.676,48.968,49.267,61558255
2026-04-02,48.654,49.636,48.430,49.357,39519845
2026-04-06,49.337,49.830,49.277,49.705,27345833
2026-04-07,49.446,49.845,49.327,49.705,31750045
2026-04-08,51.011,51.300,50.782,51.021,48175438
2026-04-09,50.762,51.360,50.617,51.150,30330506
2026-04-10,51.051,51.110,50.463,50.592,35427511
2026-04-13,50.323,51.489,50.244,51.479,33635867
2026-04-14,51.330,51.728,51.260,51.599,36498429
2026-04-15,51.888,52.147,51.639,51.987,33804684
2026-04-16,51.908,52.227,51.733,51.848,25431953
2026-04-17,52.187,52.795,52.117,52.246,45183382
2026-04-20,52.152,52.575,52.077,52.446,26160648
2026-04-21,52.526,53.004,52.017,52.117,34150095
2026-04-22,52.296,52.461,51.888,52.027,31838385
2026-04-23,51.898,51.983,51.120,51.619,44647944
2026-04-24,51.399,51.489,51.140,51.240,27225299
2026-04-27,51.130,51.718,51.091,51.629,25764327
2026-04-28,52.017,52.212,51.619,51.669,24337454
2026-04-29,51.948,52.117,51.519,51.738,22153115
2026-04-30,51.330,52.067,51.021,51.948,31406439
2026-05-01,52.217,52.426,51.738,51.738,39618174
2026-05-04,51.599,52.007,51.310,51.399,44456298
2026-05-05,51.390,51.589,51.200,51.409,27419583
2026-05-06,51.738,52.052,51.594,51.659,39084589
2026-05-07,51.599,51.898,51.240,51.370,36983126
2026-05-08,51.499,51.559,50.956,51.061,29627685
2026-05-11,51.081,51.280,50.777,51.001,30759160
2026-05-12,51.001,51.519,50.632,51.399,44193716
2026-05-13,50.961,51.145,50.777,50.812,33440155
2026-05-14,51.091,51.310,50.916,51.110,37059716
2026-05-15,51.140,51.315,50.856,50.921,29789776
2026-05-18,50.831,51.619,50.792,51.559,32974643
2026-05-19,51.449,51.609,50.871,50.921,35956275
2026-05-20,51.051,51.529,50.602,51.479,42148379
2026-05-21,51.280,51.649,51.031,51.549,33344220
2026-05-22,51.718,51.987,51.659,51.758,23315083
2026-05-26,51.818,52.047,51.539,51.669,24530155
2026-05-27,51.559,51.808,51.120,51.240,45241810
2026-05-28,51.011,51.320,50.841,51.091,40574472
2026-05-29,51.101,51.609,50.991,51.399,34240301
2026-06-01,51.046,51.417,51.011,51.250,34507616
2026-06-02,51.051,51.479,50.802,51.280,30988845
2026-06-03,50.961,50.976,50.343,50.692,44906667
2026-06-04,51.360,52.117,51.300,52.007,57368132
2026-06-05,52.192,52.291,51.878,52.117,42101717
2026-06-08,52.057,52.286,51.778,51.788,39102711
2026-06-09,51.997,52.516,51.853,52.276,41695110
2026-06-10,52.311,52.625,52.027,52.047,31128419
2026-06-11,52.162,52.585,51.858,52.436,41295635
2026-06-12,52.775,53.363,52.625,53.153,51023311
2026-06-15,53.572,53.781,53.293,53.373,37492394
2026-06-16,53.816,54.239,53.657,54.160,37478299
2026-06-17,54.100,54.698,53.711,53.861,49571885
2026-06-18,54.359,54.419,53.273,53.383,37816814
2026-06-22,53.615,54.020,53.570,53.700,27962782
2026-06-23,53.630,54.025,53.490,53.880,33375254
2026-06-24,53.860,54.100,53.540,53.720,30809613
2026-06-25,53.920,54.680,53.400,53.450,31709920
2026-06-26,53.560,53.940,53.200,53.570,26643042
2026-06-29,53.700,54.025,53.680,53.720,31628022
2026-06-30,53.660,53.850,53.395,53.610,27725303
2026-07-01,53.825,55.080,53.750,54.780,47809756
2026-07-02,55.280,55.640,55.005,55.620,46285176
2026-07-06,55.845,56.160,55.575,56.140,32043701
2026-07-07,56.305,56.590,56.010,56.050,27116509
2026-07-08,55.790,55.800,54.950,54.970,41648111
2026-07-09,55.070,55.690,54.970,55.540,26542037
2026-07-10,55.990,56.030,55.360,55.710,24046315
2026-07-13,55.980,56.160,55.605,56.070,33390997
2026-07-14,55.600,56.800,55.590,56.180,43208810
2026-07-15,56.300,56.815,56.180,56.560,49425446
2026-07-16,56.760,56.840,56.385,56.750,27591219
2026-07-17,56.430,56.935,56.120,56.260,42881769
2026-07-20,56.300,56.380,55.890,56.040,38162632
2026-07-21,55.990,56.335,55.720,56.110,26398953
2026-07-22,56.140,56.275,55.910,56.050,25430855
2026-07-23,55.680,55.860,55.450,55.830,24311041
2026-07-24,55.830,56.380,55.690,56.310,32212936
2026-07-27,56.760,57.130,56.585,56.880,29805892
2026-07-28,57.130,57.600,56.950,57.600,34204441
2026-07-29,57.290,57.470,56.585,56.680,49038768
2026-07-30,56.820,57.050,56.185,57.000,33193785
2026-07-31,56.810,57.120,56.690,56.940,32543466
2026-08-03,57.290,57.550,57.000,57.380,31019439
2026-08-04,57.220,58.015,57.190,57.880,31466059
2026-08-05,58.180,58.405,57.800,58.000,34275586
2026-08-06,58.380,58.380,57.590,57.810,27704214
2026-08-07,57.610,57.790,57.340,57.600,20816712
2026-08-10,57.540,58.020,57.455,57.810,26070835
2026-08-11,57.780,58.095,57.715,57.800,19797010
2026-08-12,57.830,58.000,57.680,57.920,18531736
2026-08-13,58.190,58.305,57.750,58.260,23193475
2026-08-14,58.220,58.290,58.060,58.160,28130143
2026-08-17,57.960,58.265,57.550,57.580,45636699
