date,open,high,low,close,volume
2016-01-04,43.413,43.588,43.080,43.571,16404580
2016-01-05,43.679,43.763,43.296,43.688,8726272
2016-01-06,43.088,43.371,42.746,43.013,9980000
2016-01-07,42.321,42.571,41.730,41.847,17225551
2016-01-08,42.247,42.247,41.363,41.422,17198597
2016-01-11,41.697,41.730,41.055,41.447,18962436
2016-01-12,41.730,41.855,41.247,41.780,19297334
2016-01-13,41.972,42.055,40.651,40.772,18966894
2016-01-14,40.905,41.543,40.489,41.255,19261231
2016-01-15,40.105,40.689,40.005,40.528,20434577
2016-01-19,40.972,41.047,40.147,40.522,14844956
2016-01-20,39.947,40.347,39.006,39.997,26092675
2016-01-21,39.997,40.555,39.706,40.172,18593829
2016-01-22,40.689,40.814,40.172,40.522,12781561
2016-01-25,40.455,40.530,39.955,40.022,14533951
2016-01-26,40.114,40.797,40.105,40.780,12038307
2016-01-27,40.564,41.055,40.105,40.322,16437248
2016-01-28,40.522,40.664,40.139,40.555,12553037
2016-01-29,40.822,41.663,40.722,41.647,14570355
2016-02-01,41.313,41.752,41.047,41.547,15940646
2016-02-02,41.138,41.172,40.576,40.714,15284769
2016-02-03,41.039,41.438,40.280,41.372,25732880
2016-02-04,41.313,42.413,41.280,42.088,18452296
2016-02-05,41.863,42.105,41.488,41.688,15518119
2016-02-08,41.230,41.455,40.797,41.338,20001178
2016-02-09,40.855,41.872,40.855,41.588,15369951
2016-02-10,41.688,42.080,41.355,41.388,15079367
2016-02-11,40.672,41.122,40.076,40.564,19180314
2016-02-12,40.805,41.388,40.718,41.380,19249081
2016-02-16,41.905,42.263,41.547,42.213,15037927
2016-02-17,42.488,43.017,42.363,42.863,15619908
2016-02-18,42.905,42.996,42.680,42.838,9587830
2016-02-19,42.471,42.801,42.396,42.755,12613634
2016-02-22,43.155,43.688,43.155,43.479,12143817
2016-02-23,43.296,43.450,42.950,43.046,9727887
2016-02-24,42.538,43.180,42.267,43.071,17347268
2016-02-25,43.196,43.654,43.063,43.638,9312686
2016-02-26,43.746,44.029,43.688,43.696,8312343
2016-02-29,43.696,43.921,43.405,43.421,13823027
2016-03-01,43.596,44.333,43.596,44.271,13424822
2016-03-02,44.154,44.354,44.079,44.304,8877784
2016-03-03,44.279,44.662,44.204,44.621,9808973
2016-03-04,44.596,45.071,44.496,44.804,10006912
2016-03-07,44.571,44.950,44.504,44.937,11753981
2016-03-08,44.571,44.604,44.238,44.304,12241121
2016-03-09,44.421,44.571,44.296,44.446,11060113
2016-03-10,44.546,44.746,44.000,44.379,12693338
2016-03-11,44.787,45.125,44.754,45.021,11059850
2016-03-14,44.854,45.179,44.854,45.062,6946730
2016-03-15,44.737,45.037,44.596,45.037,6948723
2016-03-16,44.937,45.458,44.829,45.196,11447932
2016-03-17,45.479,46.337,45.204,46.187,17009423
2016-03-18,46.303,46.679,46.252,46.579,17059773
2016-03-21,46.520,46.855,46.458,46.855,7150439
2016-03-22,46.395,46.730,46.386,46.587,7570862
2016-03-23,46.487,46.546,46.244,46.286,10833202
2016-03-24,46.018,46.152,45.834,46.152,10403597
2016-03-28,46.160,46.282,45.959,46.169,6591652
2016-03-29,46.077,46.479,45.817,46.470,9271815
2016-03-30,46.880,46.911,46.554,46.554,8197593
2016-03-31,46.646,46.713,46.386,46.445,12949115
2016-04-01,46.177,46.663,45.842,46.663,16184593
2016-04-04,46.504,46.558,46.052,46.135,12014932
2016-04-05,45.825,46.060,45.683,45.851,11244897
2016-04-06,45.834,46.077,45.424,46.077,10962441
2016-04-07,45.691,45.934,45.491,45.633,13364507
2016-04-08,45.918,46.315,45.775,45.809,9188866
2016-04-11,46.035,46.336,45.809,45.825,7710122
2016-04-12,45.842,46.328,45.767,46.093,10724259
2016-04-13,46.520,46.906,46.462,46.780,13215527
2016-04-14,47.006,47.056,46.793,46.864,13195465
2016-04-15,46.947,46.973,46.805,46.931,10781632
2016-04-18,46.721,47.132,46.646,46.973,8618994
2016-04-19,47.224,47.492,47.123,47.307,9318780
2016-04-20,47.324,47.479,47.106,47.232,13632607
2016-04-21,47.215,47.391,47.065,47.115,11941761
2016-04-22,47.148,47.307,47.006,47.232,14750155
2016-04-25,47.190,47.207,46.780,47.006,10224099
2016-04-26,47.115,47.425,47.090,47.425,10139889
2016-04-27,47.483,47.877,47.291,47.760,9258143
2016-04-28,47.433,47.843,47.186,47.299,19554920
2016-04-29,47.031,47.224,46.738,47.023,16369932
2016-05-02,47.115,47.299,46.906,47.266,10145145
2016-05-03,46.956,46.956,46.554,46.880,11171359
2016-05-04,46.629,46.663,46.102,46.303,22102900
2016-05-05,46.428,46.546,46.177,46.278,12841127
2016-05-06,46.085,46.617,46.001,46.587,9934378
2016-05-09,46.487,46.579,46.278,46.378,7765106
2016-05-10,46.512,47.182,46.512,47.173,14983063
2016-05-11,47.140,47.291,46.780,46.780,12801978
2016-05-12,46.788,46.998,46.395,46.679,13992392
2016-05-13,46.604,46.788,45.968,46.093,13017961
2016-05-16,46.093,46.805,46.093,46.663,9210833
2016-05-17,46.512,46.922,46.278,46.437,11830078
2016-05-18,46.311,46.688,46.018,46.278,13609444
2016-05-19,45.909,46.077,45.541,45.842,15143060
2016-05-20,46.026,46.319,46.018,46.077,9397852
2016-05-23,46.018,46.177,45.834,45.993,7617219
2016-05-24,46.185,46.604,46.169,46.470,7274461
2016-05-25,46.554,46.910,46.554,46.788,11183819
2016-05-26,46.813,46.981,46.654,46.654,6108372
2016-05-27,46.755,46.847,46.705,46.830,6250015
2016-05-31,46.889,47.023,46.646,46.822,11290310
2016-06-01,46.579,46.889,46.396,46.864,11013018
2016-06-02,46.763,46.947,46.654,46.922,6113502
2016-06-03,46.822,46.998,46.512,46.880,11948796
2016-06-06,46.989,47.366,46.956,47.324,8888057
2016-06-07,47.416,47.693,47.333,47.550,8372740
2016-06-08,47.701,47.910,47.609,47.852,9201770
2016-06-09,47.592,47.868,47.542,47.843,9984738
2016-06-10,47.458,47.567,47.157,47.282,13734253
2016-06-13,47.266,47.324,46.772,46.772,18830446
2016-06-14,46.713,46.922,46.504,46.780,12839024
2016-06-15,46.914,47.161,46.755,46.797,10429620
2016-06-16,46.579,46.998,46.227,46.880,15040356
2016-06-17,46.790,47.085,46.697,46.925,15947789
2016-06-20,47.278,47.792,47.278,47.354,11778736
2016-06-21,47.388,47.480,47.236,47.320,8451422
2016-06-22,47.304,47.497,47.152,47.186,10509050
2016-06-23,47.657,47.767,47.472,47.733,8840642
2016-06-24,46.074,46.714,45.662,45.788,34954049
2016-06-27,45.333,45.569,44.441,44.710,40314346
2016-06-28,45.274,45.468,44.950,45.468,18523896
2016-06-29,45.948,46.344,45.822,46.276,14316349
2016-06-30,46.201,47.173,46.192,47.160,19397757
2016-07-01,47.177,47.539,47.144,47.312,23322746
2016-07-05,47.051,47.379,46.664,46.883,14808577
2016-07-06,46.748,47.152,46.386,47.118,12776363
2016-07-07,47.194,47.472,47.043,47.245,8697860
2016-07-08,47.657,48.272,47.270,48.188,16226352
2016-07-11,48.289,48.600,48.221,48.491,15259741
2016-07-12,48.743,49.009,48.651,48.937,13635142
2016-07-13,49.063,49.097,48.752,49.055,13119818
2016-07-14,49.375,49.569,49.223,49.425,11795390
2016-07-15,49.585,49.611,49.299,49.417,6238040
2016-07-18,49.350,49.465,49.215,49.375,5983637
2016-07-19,49.215,49.468,49.131,49.400,7393898
2016-07-20,49.383,49.670,49.341,49.493,5491553
2016-07-21,49.299,49.417,48.895,48.988,7583267
2016-07-22,48.769,49.084,48.583,49.080,8747793
2016-07-25,48.962,48.971,48.668,48.819,11063247
2016-07-26,48.887,49.299,48.819,49.223,9375992
2016-07-27,49.223,49.377,48.844,49.030,10760694
2016-07-28,48.836,49.122,48.684,49.013,6505645
2016-07-29,48.861,49.038,48.693,48.870,10712399
2016-08-01,48.777,48.988,48.626,48.811,7949577
2016-08-02,48.701,48.802,48.221,48.356,13473845
2016-08-03,48.356,48.609,48.327,48.592,6087911
2016-08-04,48.626,48.798,48.533,48.609,8028720
2016-08-05,48.887,49.148,48.819,49.097,7380052
2016-08-08,49.190,49.366,49.063,49.164,6052662
2016-08-09,49.131,49.291,49.059,49.148,4579816
2016-08-10,49.164,49.282,48.988,49.122,5293289
2016-08-11,49.257,49.526,49.240,49.442,8172109
2016-08-12,49.358,49.404,49.223,49.308,4357395
2016-08-15,49.451,49.695,49.417,49.636,8643489
2016-08-16,49.569,49.594,49.375,49.417,4725200
2016-08-17,49.316,49.611,49.299,49.560,8260516
2016-08-18,49.484,49.712,49.451,49.712,9830163
2016-08-19,49.425,49.762,49.400,49.695,8334304
2016-08-22,49.644,49.762,49.480,49.653,6624650
2016-08-23,49.804,49.964,49.695,49.695,8327265
2016-08-24,49.627,49.686,49.459,49.543,8569679
2016-08-25,49.535,49.661,49.383,49.535,8623173
2016-08-26,49.627,49.889,49.241,49.392,15676881
2016-08-29,49.400,49.754,49.400,49.745,7628192
2016-08-30,49.712,49.745,49.484,49.611,5953765
2016-08-31,49.484,49.526,49.148,49.333,9592234
2016-09-01,49.417,49.518,48.996,49.375,9397627
2016-09-02,49.602,49.787,49.455,49.619,11405371
2016-09-06,49.543,49.670,49.240,49.476,11028371
2016-09-07,49.308,49.598,49.308,49.535,6686796
2016-09-08,49.451,49.518,49.341,49.493,8202826
2016-09-09,49.047,49.148,48.095,48.095,19609082
2016-09-12,47.834,48.861,47.749,48.710,18644858
2016-09-13,48.339,48.508,47.893,47.994,21760619
2016-09-14,47.986,48.306,47.809,47.952,13591690
2016-09-15,47.859,48.423,47.784,48.331,15587525
2016-09-16,48.112,48.299,47.833,47.926,15706422
2016-09-19,48.146,48.455,48.036,48.138,8811033
2016-09-20,48.392,48.536,48.172,48.180,8007515
2016-09-21,48.375,48.874,48.239,48.806,14979817
2016-09-22,49.128,49.319,49.060,49.154,9377155
2016-09-23,49.094,49.094,48.823,48.866,11269594
2016-09-26,48.680,48.840,48.544,48.654,9560417
2016-09-27,48.578,49.060,48.502,48.993,6882690
2016-09-28,49.035,49.399,48.942,49.374,7366551
2016-09-29,49.264,49.543,48.891,48.984,11584232
2016-09-30,49.204,49.611,49.154,49.425,11206774
2016-10-03,49.272,49.526,49.171,49.467,12590041
2016-10-04,49.602,49.628,48.967,49.052,11208615
2016-10-05,49.187,49.466,49.077,49.365,8430857
2016-10-06,49.323,49.425,49.128,49.365,7474346
2016-10-07,49.035,49.052,48.519,48.730,12646117
2016-10-10,48.967,49.103,48.718,48.781,8706382
2016-10-11,48.680,48.722,48.061,48.273,13409076
2016-10-12,48.324,48.502,48.138,48.366,8374281
2016-10-13,47.951,48.468,47.841,48.349,12265969
2016-10-14,48.671,48.815,48.434,48.451,7633396
2016-10-17,48.451,48.578,48.299,48.324,5911197
2016-10-18,48.637,48.764,48.377,48.426,6044195
2016-10-19,48.553,48.722,48.403,48.578,7374089
2016-10-20,48.383,48.527,48.222,48.315,8215257
2016-10-21,47.926,48.282,47.748,48.248,9850732
2016-10-24,48.493,48.692,48.332,48.341,9737612
2016-10-25,48.146,48.362,48.095,48.214,8777485
2016-10-26,48.028,48.637,47.918,48.383,10043765
2016-10-27,48.510,48.569,47.926,48.053,8155419
2016-10-28,48.129,48.654,48.095,48.341,11514203
2016-10-31,48.527,48.620,48.400,48.434,9590906
2016-11-01,48.476,48.536,47.731,48.019,19622479
2016-11-02,47.985,48.194,47.723,47.841,14355944
2016-11-03,48.045,48.061,47.638,47.765,13887707
2016-11-04,47.757,48.210,47.664,47.808,8438088
2016-11-07,48.553,49.001,48.519,48.984,13794054
2016-11-08,49.010,49.433,48.895,49.281,12073896
2016-11-09,49.187,50.762,49.171,50.517,36607517
2016-11-10,51.050,51.672,50.906,51.592,41589801
2016-11-11,51.456,51.706,51.245,51.685,24055139
2016-11-14,52.066,52.100,51.812,51.905,17076979
2016-11-15,52.024,52.100,51.617,52.100,12828377
2016-11-16,51.981,52.049,51.626,51.803,14472901
2016-11-17,51.761,51.939,51.758,51.914,10382833
2016-11-18,51.964,51.964,51.736,51.897,9246448
2016-11-21,52.057,52.198,51.952,52.176,11767769
2016-11-22,52.320,52.455,52.244,52.413,8901275
2016-11-23,52.532,52.862,52.481,52.802,15506832
2016-11-25,52.955,53.090,52.870,53.090,4172535
2016-11-28,52.989,53.006,52.671,52.726,15898466
2016-11-29,52.692,52.938,52.540,52.769,12692440
2016-11-30,53.065,53.209,52.819,52.836,14903778
2016-12-01,52.938,53.340,52.836,53.183,24438467
2016-12-02,53.268,53.357,53.056,53.175,11902466
2016-12-05,53.404,53.497,53.023,53.133,9448801
2016-12-06,53.099,53.293,52.921,53.234,10543579
2016-12-07,53.251,54.242,53.217,54.225,10416830
2016-12-08,54.225,54.225,53.810,53.920,10688158
2016-12-09,53.920,54.216,53.898,54.165,7939580
2016-12-12,53.971,54.072,53.607,53.971,9519567
2016-12-13,54.123,54.191,53.717,53.895,8280852
2016-12-14,53.759,54.022,53.293,53.353,19782911
2016-12-15,53.293,53.793,53.268,53.412,12262075
2016-12-16,53.299,53.683,53.206,53.299,9523742
2016-12-19,53.427,53.632,53.325,53.597,5982939
2016-12-20,53.691,53.930,53.691,53.904,5011417
2016-12-21,53.870,53.896,53.683,53.700,4648984
2016-12-22,53.666,53.725,53.470,53.597,4642675
2016-12-23,53.589,53.708,53.546,53.649,5101030
2016-12-27,53.742,53.853,53.649,53.759,3499380
2016-12-28,53.827,53.862,53.189,53.197,8982414
2016-12-29,53.231,53.444,53.086,53.180,7757161
2016-12-30,53.316,53.444,52.822,52.993,6932299
2017-01-03,53.385,53.708,53.103,53.308,21592200
2017-01-04,53.453,53.725,53.385,53.623,8889278
2017-01-05,53.580,53.887,53.180,53.470,9850871
2017-01-06,53.478,53.921,53.299,53.776,12124458
2017-01-09,53.717,53.717,53.333,53.359,5970451
2017-01-10,53.453,53.785,53.342,53.580,8237838
2017-01-11,53.615,53.913,53.555,53.862,11113720
2017-01-12,53.810,53.862,53.121,53.640,11844617
2017-01-13,53.674,53.896,53.657,53.844,7130190
2017-01-17,53.555,53.644,53.274,53.427,10689396
2017-01-18,53.350,53.734,53.240,53.632,8098636
2017-01-19,54.202,54.296,53.704,54.023,8833174
2017-01-20,54.006,54.091,53.725,54.032,11620318
2017-01-23,53.972,54.083,53.436,53.734,14303720
2017-01-24,53.742,54.398,53.674,54.270,9199687
2017-01-25,54.637,54.909,54.534,54.841,12955643
2017-01-26,54.901,55.228,54.735,54.969,10141825
2017-01-27,55.037,55.165,54.832,54.926,8697845
2017-01-30,54.654,54.713,54.032,54.458,13354578
2017-01-31,54.270,54.270,53.708,53.981,19335161
2017-02-01,54.066,54.262,53.615,53.887,15358829
2017-02-02,53.802,53.942,53.563,53.785,9568357
2017-02-03,53.913,54.253,53.862,54.185,9874215
2017-02-06,54.151,54.396,54.074,54.262,7109341
2017-02-07,54.449,54.645,54.270,54.355,13347366
2017-02-08,54.313,54.330,54.100,54.279,7808374
2017-02-09,54.415,54.832,54.330,54.696,8176718
2017-02-10,54.952,55.182,54.824,55.131,7445764
2017-02-13,55.352,55.786,55.335,55.684,17349579
2017-02-14,55.607,55.710,55.403,55.710,8578572
2017-02-15,55.727,56.067,55.607,56.008,7845404
2017-02-16,56.008,56.033,55.650,56.025,10062432
2017-02-17,55.880,56.119,55.710,56.119,5194723
2017-02-21,56.204,56.451,56.127,56.400,9573858
2017-02-22,56.238,56.331,56.080,56.246,10614742
2017-02-23,56.340,56.400,55.693,55.880,16800135
2017-02-24,55.582,56.127,55.505,56.119,12662950
2017-02-27,56.170,56.369,55.982,56.323,10705384
2017-02-28,56.348,56.434,55.991,56.093,9629948
2017-03-01,56.578,57.226,56.570,57.038,16452551
2017-03-02,56.953,57.106,56.408,56.425,8453854
2017-03-03,56.434,56.578,56.221,56.485,5862845
2017-03-06,56.212,56.417,56.119,56.348,7164681
2017-03-07,56.331,56.417,56.113,56.187,8790796
2017-03-08,56.263,56.297,55.897,55.991,10728959
2017-03-09,55.957,56.093,55.497,55.735,9976098
2017-03-10,56.033,56.076,55.633,56.076,9780496
2017-03-13,56.016,56.153,55.880,56.042,11620274
2017-03-14,55.854,55.923,55.403,55.514,10810671
2017-03-15,55.642,56.327,55.573,56.144,14737224
2017-03-16,56.238,56.340,55.846,55.889,14152405
2017-03-17,56.059,56.341,55.948,56.196,10880067
2017-03-20,56.247,56.316,56.033,56.093,5752608
2017-03-21,56.247,56.290,55.161,55.238,12661009
2017-03-22,55.255,55.546,55.041,55.434,12266304
2017-03-23,55.494,55.725,55.246,55.357,10682508
2017-03-24,55.340,55.571,54.972,55.212,9924626
2017-03-27,54.681,55.118,54.373,55.015,11711951
2017-03-28,54.844,55.781,54.844,55.597,8972986
2017-03-29,55.537,55.640,55.392,55.588,8300971
2017-03-30,55.563,55.965,55.528,55.896,12838010
2017-03-31,55.751,55.939,55.665,55.665,7736081
2017-04-03,55.691,55.866,55.195,55.546,10474812
2017-04-04,55.537,55.691,55.419,55.691,9239723
2017-04-05,55.888,56.363,55.434,55.511,11422628
2017-04-06,55.546,55.922,55.445,55.665,7633721
2017-04-07,55.691,55.956,55.614,55.725,7522655
2017-04-10,55.759,56.187,55.742,55.862,6330948
2017-04-11,55.768,55.956,55.417,55.939,10172904
2017-04-12,55.888,55.990,55.135,55.169,11281502
2017-04-13,55.126,55.302,54.776,54.776,10118274
2017-04-17,54.947,55.396,54.878,55.374,8852403
2017-04-18,55.101,55.416,54.964,55.195,7502841
2017-04-19,55.392,55.588,55.143,55.246,9455266
2017-04-20,55.537,56.102,55.511,55.913,9492503
2017-04-21,55.931,56.140,55.802,55.965,10211435
2017-04-24,56.735,56.833,56.555,56.761,10498252
2017-04-25,57.000,57.188,56.846,57.034,12385030
2017-04-26,57.128,57.356,56.992,57.043,12033107
2017-04-27,57.000,57.214,56.799,57.026,8111444
2017-04-28,57.111,57.231,56.692,56.761,10386329
2017-05-01,56.880,56.880,56.461,56.589,11234074
2017-05-02,56.743,56.897,56.624,56.863,9450916
2017-05-03,56.701,56.992,56.589,56.906,8729178
2017-05-04,57.060,57.116,56.641,56.966,8143571
2017-05-05,57.043,57.274,56.923,57.257,7110794
2017-05-08,57.240,57.300,57.017,57.103,6078185
2017-05-09,57.146,57.325,57.111,57.180,5968980
2017-05-10,57.214,57.214,56.820,57.060,7471407
2017-05-11,56.880,57.120,56.538,57.043,8400034
2017-05-12,56.897,56.897,56.589,56.726,7186375
2017-05-15,56.726,57.034,56.726,56.992,8413529
2017-05-16,57.060,57.111,56.709,56.932,5848784
2017-05-17,56.393,56.478,55.777,55.794,15221012
2017-05-18,55.623,56.204,55.315,55.871,15260085
2017-05-19,56.050,56.859,56.050,56.606,10322281
2017-05-22,57.034,57.120,56.872,57.043,6506192
2017-05-23,57.137,57.214,56.897,57.163,7856044
2017-05-24,57.231,57.436,57.043,57.231,7889472
2017-05-25,57.359,57.680,57.317,57.608,6840816
2017-05-26,57.531,57.753,57.509,57.676,5991008
2017-05-30,57.513,57.736,57.432,57.659,6092540
2017-05-31,57.727,57.783,57.377,57.770,10518804
2017-06-01,57.924,58.283,57.736,58.129,16117970
2017-06-02,58.232,58.677,58.224,58.360,17769606
2017-06-05,58.292,58.455,58.129,58.155,16550717
2017-06-06,57.941,58.052,57.762,57.762,15201411
2017-06-07,57.881,57.881,57.436,57.693,8342447
2017-06-08,57.659,58.010,57.616,57.881,7040075
2017-06-09,57.941,58.189,57.800,58.104,10433658
2017-06-12,58.241,58.390,57.933,58.318,13889236
2017-06-13,58.403,58.579,58.318,58.557,6723498
2017-06-14,58.694,58.694,58.301,58.497,8892757
2017-06-15,58.155,58.848,58.138,58.848,20188089
2017-06-16,58.967,59.083,58.829,59.044,12871568
2017-06-19,59.336,59.478,59.160,59.405,6867011
2017-06-20,59.276,59.328,58.760,58.769,7242771
2017-06-21,58.855,58.881,58.305,58.374,7530233
2017-06-22,58.365,58.451,58.253,58.253,6921726
2017-06-23,58.305,58.597,58.176,58.468,6979349
2017-06-26,58.640,58.907,58.442,58.485,7161714
2017-06-27,58.417,58.477,58.030,58.047,7417217
2017-06-28,58.322,58.709,58.305,58.571,7314279
2017-06-29,58.632,58.679,57.746,58.073,9543636
2017-06-30,58.296,58.838,58.296,58.554,6748532
2017-07-03,58.821,59.122,58.735,58.915,5553136
2017-07-05,59.070,59.165,58.821,59.087,7235950
2017-07-06,58.941,59.018,58.503,58.571,5599858
2017-07-07,58.718,59.208,58.666,59.027,4166680
2017-07-10,58.984,59.474,58.915,59.199,7919515
2017-07-11,59.199,59.242,58.730,59.147,7683534
2017-07-12,59.483,59.745,59.405,59.474,5821774
2017-07-13,59.534,59.663,59.294,59.431,3938756
2017-07-14,59.526,59.814,59.414,59.689,5519169
2017-07-17,59.646,59.749,59.483,59.655,5113416
2017-07-18,59.560,59.637,59.341,59.517,6891118
2017-07-19,59.414,59.577,59.320,59.577,8864581
2017-07-20,59.629,59.663,59.165,59.242,7428029
2017-07-21,58.950,59.156,58.752,59.130,7643811
2017-07-24,59.070,59.156,58.915,59.001,7551671
2017-07-25,59.302,59.302,58.752,58.924,9077140
2017-07-26,59.096,59.096,58.864,59.001,6803993
2017-07-27,58.941,58.941,58.382,58.666,9900940
2017-07-28,58.606,58.846,58.477,58.803,11435656
2017-07-31,59.079,59.104,58.709,58.726,6787348
2017-08-01,58.778,58.881,58.378,58.554,16893671
2017-08-02,58.554,58.829,58.460,58.812,17642855
2017-08-03,58.700,59.104,58.700,59.104,13298775
2017-08-04,59.079,59.242,58.975,59.216,12746046
2017-08-07,59.173,59.290,59.079,59.216,7753092
2017-08-08,59.130,59.379,58.950,59.036,9136464
2017-08-09,58.915,59.130,58.889,59.053,8088193
2017-08-10,58.786,58.941,58.270,58.305,10779707
2017-08-11,58.331,58.614,58.270,58.339,10501194
2017-08-14,58.726,59.018,58.666,58.950,6680893
2017-08-15,58.915,58.993,58.726,58.821,5055014
2017-08-16,58.821,59.117,58.821,58.984,7725838
2017-08-17,58.666,58.829,57.927,57.961,10766247
2017-08-18,57.669,58.124,57.600,57.729,14111125
2017-08-21,57.789,57.866,57.557,57.823,7447304
2017-08-22,57.978,58.537,57.978,58.485,6559150
2017-08-23,58.245,58.245,57.935,57.935,7027114
2017-08-24,58.081,58.099,57.729,57.755,7917391
2017-08-25,58.021,58.249,57.952,58.030,7846272
2017-08-28,58.159,58.219,57.914,57.995,5999215
2017-08-29,57.806,58.468,57.669,58.417,8150182
2017-08-30,58.460,58.683,58.339,58.657,5463266
2017-08-31,58.769,58.975,58.667,58.855,8635037
2017-09-01,58.984,59.147,58.907,58.907,14501865
2017-09-05,58.752,58.821,58.184,58.313,16031137
2017-09-06,58.434,58.563,58.313,58.374,19701442
2017-09-07,58.417,58.494,58.150,58.494,13887023
2017-09-08,58.210,58.778,58.124,58.692,8066996
2017-09-11,58.915,59.216,58.915,59.199,8005620
2017-09-12,59.336,59.500,59.233,59.483,7606229
2017-09-13,59.440,59.483,59.268,59.397,5528446
2017-09-14,59.311,59.698,59.233,59.680,6864883
2017-09-15,59.718,59.951,59.588,59.925,9989759
2017-09-18,60.055,60.322,60.003,60.262,6143732
2017-09-19,60.314,60.396,60.253,60.322,7160002
2017-09-20,60.357,60.776,60.357,60.763,6676220
2017-09-21,60.728,61.000,60.625,60.944,4377660
2017-09-22,60.987,61.160,60.927,61.100,3533893
2017-09-25,61.169,61.186,60.677,61.100,6917087
2017-09-26,61.117,61.212,61.057,61.100,3997786
2017-09-27,61.255,61.408,61.013,61.169,6943694
2017-09-28,61.082,61.186,60.884,61.134,6124550
2017-09-29,61.100,61.324,60.987,61.316,6527169
2017-10-02,61.290,61.739,61.193,61.739,16764672
2017-10-03,61.773,62.006,61.687,62.006,11793428
2017-10-04,61.989,62.093,61.877,61.989,14772483
2017-10-05,61.955,62.196,61.842,62.136,15061346
2017-10-06,62.041,62.196,61.886,62.127,4445370
2017-10-09,62.153,62.274,61.860,61.955,7813987
2017-10-10,62.326,62.343,61.937,62.050,6264262
2017-10-11,61.972,62.050,61.877,62.015,7294426
2017-10-12,61.920,62.412,61.911,62.343,12112126
2017-10-13,62.602,62.715,62.175,62.231,5759041
2017-10-16,62.283,62.343,62.110,62.300,7215685
2017-10-17,62.127,62.222,62.006,62.136,5235976
2017-10-18,62.179,62.343,62.084,62.162,7887734
2017-10-19,61.911,62.335,61.794,62.335,6962546
2017-10-20,62.352,63.008,62.188,63.008,9043395
2017-10-23,63.000,63.008,62.594,62.611,6800578
2017-10-24,62.922,63.216,62.887,62.965,7921908
2017-10-25,62.922,62.922,62.037,62.343,11078774
2017-10-26,62.551,62.723,62.291,62.430,8323251
2017-10-27,62.343,62.628,62.309,62.456,7534191
2017-10-30,62.309,62.356,61.976,62.024,9082134
2017-10-31,62.084,62.248,61.747,61.773,8793310
2017-11-01,61.963,62.110,61.704,61.739,9104783
2017-11-02,61.704,62.127,61.557,62.093,6924338
2017-11-03,62.084,62.153,61.877,62.032,6974984
2017-11-06,62.076,62.179,61.983,62.067,7134560
2017-11-07,62.067,62.257,62.041,62.162,5181067
2017-11-08,62.076,62.132,61.937,62.058,5622722
2017-11-09,61.721,61.782,61.031,61.281,10441957
2017-11-10,61.152,61.445,61.048,61.367,5344848
2017-11-13,61.177,61.316,60.996,61.160,5256847
2017-11-14,60.996,61.082,60.806,60.996,7062101
2017-11-15,60.711,60.854,60.487,60.651,10669233
2017-11-16,60.927,61.298,60.823,61.221,6038903
2017-11-17,61.005,61.100,60.841,60.884,7745062
2017-11-20,60.944,61.238,60.892,61.160,6485659
2017-11-21,61.359,61.609,61.212,61.601,7387930
2017-11-22,61.644,61.859,61.575,61.670,7037442
2017-11-24,61.825,61.834,61.635,61.670,3387498
2017-11-27,61.825,61.851,61.661,61.773,4739301
2017-11-28,61.911,62.715,61.842,62.715,10065320
2017-11-29,62.732,63.302,62.602,63.267,12393505
2017-11-30,63.483,64.476,63.302,64.347,19672720
2017-12-01,64.235,64.330,62.836,63.552,29693745
2017-12-04,64.217,64.856,64.088,64.088,19276385
2017-12-05,64.200,64.381,63.492,63.544,16548272
2017-12-06,63.423,63.872,63.355,63.639,15569280
2017-12-07,63.561,64.364,63.544,64.226,10918707
2017-12-08,64.554,64.554,64.235,64.502,6804481
2017-12-11,64.554,64.623,64.260,64.373,5911620
2017-12-12,64.485,64.619,64.381,64.442,9259710
2017-12-13,64.606,65.038,64.334,64.692,8626629
2017-12-14,64.969,64.969,64.243,64.252,9214301
2017-12-15,64.636,64.871,64.280,64.706,8934953
2017-12-18,65.044,65.241,64.992,65.166,6017304
2017-12-19,65.366,65.483,65.010,65.183,6211569
2017-12-20,65.548,65.626,65.301,65.400,5778942
2017-12-21,65.643,65.704,65.291,65.452,9456432
2017-12-22,65.591,65.591,65.296,65.470,3730530
2017-12-26,65.548,65.756,65.400,65.539,4983944
2017-12-27,65.591,65.722,65.509,65.696,4730298
2017-12-28,65.878,65.887,65.578,65.826,4629635
2017-12-29,65.965,65.991,65.643,65.704,4825920
2018-01-02,65.921,66.104,65.617,66.095,14903889
2018-01-03,66.199,66.494,66.043,66.451,18155013
2018-01-04,66.738,66.989,66.616,66.937,16482955
2018-01-05,67.259,67.432,66.885,67.397,16996216
2018-01-08,67.467,67.719,67.376,67.675,5727464
2018-01-09,67.762,68.283,67.736,68.109,8967679
2018-01-10,67.979,68.322,67.779,68.101,11669537
2018-01-11,68.405,68.995,68.231,68.969,9448279
2018-01-12,69.282,69.677,69.160,69.612,7436215
2018-01-16,69.872,69.981,68.674,68.986,13343749
2018-01-17,69.108,69.435,68.891,69.368,7814286
2018-01-18,69.368,69.564,68.934,68.995,7790367
2018-01-19,69.273,69.282,68.882,69.195,8657709
2018-01-22,69.004,69.212,68.683,69.195,12175309
2018-01-23,69.186,69.299,68.900,69.230,8953776
2018-01-24,69.212,69.529,68.743,69.169,9660029
2018-01-25,69.342,69.447,68.656,69.238,12499163
2018-01-26,69.447,70.037,69.212,70.037,8008280
2018-01-29,69.916,70.298,69.542,69.568,12870292
2018-01-30,69.108,69.347,68.700,69.021,16742441
2018-01-31,69.655,69.916,69.004,69.230,15991881
2018-02-01,68.787,69.698,68.691,69.108,14169294
2018-02-02,68.691,68.807,67.706,67.719,17929518
2018-02-05,67.007,67.879,64.211,64.645,30309055
2018-02-06,63.429,66.017,63.073,65.826,31980611
2018-02-07,65.774,66.989,65.548,65.947,22666820
2018-02-08,66.026,66.130,63.373,63.403,27282131
2018-02-09,64.141,64.628,62.075,64.089,40362454
2018-02-12,64.610,65.591,64.176,65.123,20776899
2018-02-13,64.758,65.448,64.680,65.270,12974634
2018-02-14,64.949,66.173,64.879,66.095,13482821
2018-02-15,66.616,67.094,66.052,67.094,10800393
2018-02-16,66.937,67.788,66.885,67.111,11161691
2018-02-20,66.798,67.102,66.199,66.434,11838869
2018-02-21,66.503,67.662,66.434,66.451,8650501
2018-02-22,66.746,67.502,66.685,66.894,10545190
2018-02-23,67.206,67.484,66.833,67.450,6603270
2018-02-26,67.771,68.492,67.530,68.379,8623340
2018-02-27,68.405,68.834,67.510,67.519,11019325
2018-02-28,67.866,67.957,66.555,66.555,16203886
2018-03-01,66.581,67.063,64.905,65.253,35549373
2018-03-02,64.688,65.426,64.237,65.235,27076367
2018-03-05,64.827,66.182,64.584,66.017,23038366
2018-03-06,66.364,66.486,65.808,66.312,18536277
2018-03-07,65.496,66.451,65.332,66.303,13625412
2018-03-08,66.581,66.711,66.008,66.651,10849065
2018-03-09,67.094,68.118,66.889,68.118,13092642
2018-03-12,68.231,68.231,67.085,67.276,11093605
2018-03-13,67.467,67.814,66.816,66.946,11518752
2018-03-14,67.328,67.328,66.026,66.217,11626194
2018-03-15,66.425,66.790,65.983,66.408,8362982
2018-03-16,66.335,66.998,66.335,66.762,10839980
2018-03-19,66.571,66.597,65.708,66.248,10845665
2018-03-20,66.379,66.867,66.335,66.475,7111751
2018-03-21,66.483,67.238,66.274,66.553,13818748
2018-03-22,65.891,66.117,64.269,64.356,18793875
2018-03-23,64.452,64.949,63.362,63.415,15457050
2018-03-26,64.470,65.036,63.755,64.949,12196957
2018-03-27,65.254,65.602,63.676,64.051,14726013
2018-03-28,64.269,64.348,63.328,63.833,21892349
2018-03-29,64.173,65.254,64.077,64.766,14057057
2018-04-02,64.574,64.688,62.578,63.432,27498816
2018-04-03,63.755,64.356,63.319,64.313,20149088
2018-04-04,62.935,64.661,62.778,64.592,19987579
2018-04-05,64.949,65.402,64.757,65.246,16496058
2018-04-06,64.600,64.993,62.865,63.441,18353352
2018-04-09,63.798,64.269,63.144,63.249,10279198
2018-04-10,64.199,64.590,63.763,64.217,18495350
2018-04-11,63.641,64.252,63.633,63.746,10633910
2018-04-12,64.173,64.919,64.130,64.661,8921533
2018-04-13,65.097,65.131,64.191,64.504,9904130
2018-04-16,64.975,65.350,64.871,65.150,8232689
2018-04-17,65.655,65.969,65.472,65.699,8676816
2018-04-18,66.126,66.614,66.026,66.379,10138184
2018-04-19,66.292,66.466,65.751,66.196,12515388
2018-04-20,66.475,66.562,65.673,65.908,11612759
2018-04-23,66.161,66.178,65.516,65.830,14427793
2018-04-24,66.161,66.292,63.188,63.990,21104818
2018-04-25,64.060,64.374,63.188,64.173,14949377
2018-04-26,64.103,64.269,63.362,63.938,19955376
2018-04-27,63.641,63.929,63.400,63.807,11555792
2018-04-30,63.981,64.103,62.953,62.961,15867537
2018-05-01,62.865,62.892,61.715,62.674,21829489
2018-05-02,62.430,63.633,62.055,62.124,14789338
2018-05-03,61.819,62.595,61.052,62.273,25826562
2018-05-04,61.811,63.201,61.741,62.996,11695457
2018-05-07,63.206,63.598,63.127,63.415,11812606
2018-05-08,63.380,63.955,63.249,63.868,10341591
2018-05-09,64.069,64.766,63.999,64.557,14973378
2018-05-10,64.801,65.132,64.688,64.993,7213729
2018-05-11,65.080,65.411,64.958,65.132,8060037
2018-05-14,65.289,65.507,64.875,65.019,5856613
2018-05-15,64.670,64.853,64.522,64.801,10180484
2018-05-16,64.792,65.254,64.722,65.036,6281408
2018-05-17,65.010,65.568,64.967,65.289,7519490
2018-05-18,65.289,65.790,65.263,65.673,7482934
2018-05-21,66.344,66.963,66.257,66.667,13744056
2018-05-22,66.780,66.850,65.817,65.847,8754854
2018-05-23,65.446,65.786,65.184,65.786,12908999
2018-05-24,65.620,66.204,65.542,66.109,9371754
2018-05-25,65.978,66.200,65.795,65.987,8111816
2018-05-29,65.437,65.603,64.627,64.932,18470390
2018-05-30,65.359,65.912,65.141,65.847,11431713
2018-05-31,65.716,65.756,64.696,64.897,14117049
2018-06-01,65.272,65.725,65.228,65.612,9717092
2018-06-04,65.830,66.126,65.420,65.516,8788678
2018-06-05,65.516,65.725,65.311,65.594,7906097
2018-06-06,65.742,66.213,65.533,66.143,6751882
2018-06-07,66.300,66.510,66.004,66.422,9952435
2018-06-08,66.327,66.728,66.187,66.640,6557887
2018-06-11,66.649,66.972,66.562,66.771,5225259
2018-06-12,66.876,66.937,66.531,66.701,5802797
2018-06-13,66.728,66.771,66.126,66.170,8553710
2018-06-14,66.379,66.558,65.742,65.917,10501482
2018-06-15,65.481,65.875,65.026,65.753,14757419
2018-06-18,65.254,65.595,65.070,65.481,8330311
2018-06-19,64.728,64.772,63.853,64.098,17955385
2018-06-20,64.317,64.352,63.914,64.142,11975928
2018-06-21,63.906,64.019,63.118,63.337,15497833
2018-06-22,63.783,63.967,63.486,63.556,13657361
2018-06-25,63.057,63.214,62.343,62.750,23091537
2018-06-26,63.030,63.302,62.849,62.987,11351851
2018-06-27,63.240,63.906,62.453,62.479,19853403
2018-06-28,62.356,62.847,61.984,62.566,15329838
2018-06-29,62.829,63.398,62.671,62.698,14907976
2018-07-02,62.208,62.847,62.050,62.838,14098693
2018-07-03,63.083,63.372,62.470,62.636,7083332
2018-07-05,62.855,62.987,62.339,62.943,8465722
2018-07-06,62.890,63.350,62.518,63.162,9757529
2018-07-09,63.442,64.352,63.376,64.335,13033985
2018-07-10,64.361,64.685,64.195,64.536,9880441
2018-07-11,63.976,63.984,63.337,63.477,14207965
2018-07-12,63.949,64.291,63.556,64.221,12705631
2018-07-13,64.195,64.667,64.159,64.553,18494295
2018-07-16,64.676,64.820,64.124,64.291,9576084
2018-07-17,64.238,64.623,64.063,64.545,7326022
2018-07-18,64.772,65.437,64.693,65.254,13821348
2018-07-19,65.009,65.367,64.746,65.227,8790004
2018-07-20,65.140,65.402,64.877,65.157,7922415
2018-07-23,65.000,65.022,64.632,64.755,7822045
2018-07-24,65.087,65.402,64.737,65.026,12140416
2018-07-25,64.833,66.015,64.728,66.015,17967872
2018-07-26,65.875,66.654,65.866,66.523,15115428
2018-07-27,66.654,66.820,66.217,66.532,11281629
2018-07-30,66.619,66.960,65.805,65.875,13423598
2018-07-31,66.374,67.385,66.256,67.328,17709453
2018-08-01,67.074,67.118,66.247,66.418,14214593
2018-08-02,65.945,66.418,65.744,66.330,10812428
2018-08-03,66.278,66.435,65.976,66.392,11021674
2018-08-06,66.356,66.514,66.085,66.488,5460333
2018-08-07,66.715,67.057,66.527,66.960,8381937
2018-08-08,66.917,66.969,66.575,66.663,4745182
2018-08-09,66.645,66.820,66.247,66.295,13085874
2018-08-10,65.910,66.024,65.525,65.709,10684816
2018-08-13,65.980,66.006,65.219,65.394,13471775
2018-08-14,65.648,66.111,65.595,65.849,8500515
2018-08-15,65.306,65.639,64.763,65.534,20329384
2018-08-16,66.050,66.518,65.866,66.365,10447180
2018-08-17,66.208,66.908,66.181,66.768,13993103
2018-08-20,66.908,67.350,66.873,67.214,8239331
2018-08-21,67.293,67.801,67.293,67.713,10033984
2018-08-22,67.538,67.617,67.057,67.057,7149661
2018-08-23,67.092,67.092,66.707,66.864,8336522
2018-08-24,67.022,67.197,66.838,67.153,6411553
2018-08-27,67.486,68.020,67.407,68.002,9767530
2018-08-28,68.133,68.203,67.809,67.862,8440645
2018-08-29,67.915,68.037,67.713,67.915,6339043
2018-08-30,67.766,67.932,67.276,67.442,10145635
2018-08-31,67.276,67.608,67.215,67.486,7192428
2018-09-04,67.232,67.486,67.092,67.433,8597691
2018-09-05,67.319,67.932,67.144,67.915,10761284
2018-09-06,67.958,68.326,67.836,68.125,8082965
2018-09-07,67.941,68.230,67.556,67.915,11039720
2018-09-10,68.177,68.536,68.177,68.265,9550246
2018-09-11,67.967,68.449,67.810,68.247,6945629
2018-09-12,68.212,68.733,68.068,68.457,10906171
2018-09-13,68.790,69.109,68.615,68.869,8848986
2018-09-14,68.886,69.262,68.659,69.210,8478536
2018-09-17,69.175,69.534,69.114,69.236,8368638
2018-09-18,69.394,70.024,69.087,69.866,8691444
2018-09-19,69.796,70.243,69.718,69.805,7938275
2018-09-20,70.129,70.383,69.617,69.910,11466861
2018-09-21,70.140,70.360,70.035,70.360,15133937
2018-09-24,69.920,70.008,69.085,69.155,11999602
2018-09-25,69.243,69.331,68.874,68.944,12369579
2018-09-26,69.094,69.340,68.768,68.900,11426216
2018-09-27,69.076,69.318,68.768,68.997,8504177
2018-09-28,68.838,69.111,68.715,68.953,7545351
2018-10-01,69.797,69.964,69.313,69.560,16832131
2018-10-02,69.524,69.841,69.301,69.718,8524037
2018-10-03,70.008,70.378,69.859,70.008,10534891
2018-10-04,69.859,70.140,69.252,69.780,12521034
2018-10-05,69.824,70.143,69.058,69.419,14165540
2018-10-08,69.393,69.656,68.874,69.595,9359667
2018-10-09,69.393,69.498,68.513,68.522,11606904
2018-10-10,68.399,68.399,66.130,66.314,34050401
2018-10-11,65.883,66.464,64.379,64.564,54550493
2018-10-12,65.699,65.795,64.247,64.995,29409772
2018-10-15,64.951,65.637,64.898,65.118,15201219
2018-10-16,65.364,66.279,65.083,66.218,12547323
2018-10-17,66.235,66.446,65.382,65.734,15610606
2018-10-18,65.329,65.593,64.204,64.599,19139268
2018-10-19,64.564,64.986,64.133,64.362,17152370
2018-10-22,64.459,64.617,63.843,64.142,13675531
2018-10-23,62.656,63.544,62.154,63.087,25139942
2018-10-24,63.280,63.456,60.835,60.949,22170917
2018-10-25,61.213,61.838,60.905,61.380,23871513
2018-10-26,60.756,61.442,59.912,60.773,34330876
2018-10-29,61.618,61.758,58.918,59.762,23645624
2018-10-30,59.700,61.064,59.463,60.993,23445831
2018-10-31,61.574,62.216,61.424,61.459,14205471
2018-11-01,61.715,62.752,61.582,62.541,22653848
2018-11-02,63.104,63.262,62.049,62.436,23216442
2018-11-05,62.497,63.007,62.321,62.761,17524352
2018-11-06,62.700,63.465,62.612,63.421,15588995
2018-11-07,64.019,64.503,63.324,64.450,14217774
2018-11-08,64.309,64.678,64.080,64.344,11967438
2018-11-09,63.896,64.116,63.245,63.693,23409062
2018-11-12,63.649,63.693,62.335,62.436,10822335
2018-11-13,62.497,63.522,62.321,62.717,16032159
2018-11-14,63.139,63.561,62.093,62.506,18374116
2018-11-15,62.031,63.667,61.802,63.333,24411606
2018-11-16,63.148,63.623,62.761,63.315,15156011
2018-11-19,63.210,63.280,62.066,62.313,14365307
2018-11-20,61.284,61.618,60.756,61.020,18024908
2018-11-21,61.486,61.934,61.336,61.451,10846049
2018-11-23,60.993,61.745,60.985,61.328,6205521
2018-11-26,61.802,62.145,61.328,61.776,12896350
2018-11-27,61.486,61.741,61.064,61.671,14431248
2018-11-28,62.005,63.148,61.547,63.148,14139681
2018-11-29,63.007,63.482,62.559,63.183,12997957
2018-11-30,63.113,63.893,62.972,63.799,16428124
2018-12-03,65.004,65.488,64.265,64.538,19554593
2018-12-04,64.327,64.327,61.706,61.794,20580524
2018-12-06,60.650,61.459,59.630,61.451,28326215
2018-12-07,61.301,62.005,59.630,59.832,19238288
2018-12-10,59.771,60.193,58.663,59.982,25360052
2018-12-11,60.949,61.072,59.270,59.630,18475738
2018-12-12,60.422,60.861,59.920,59.964,14776421
2018-12-13,60.422,60.518,59.560,59.797,15917813
2018-12-14,59.155,59.749,58.777,58.970,14806200
2018-12-17,58.821,59.190,57.642,58.003,19796763
2018-12-18,58.601,59.051,57.959,58.293,15665189
2018-12-19,58.223,59.454,56.807,57.194,23553264
2018-12-20,56.816,57.326,55.523,56.147,25709873
2018-12-21,56.288,56.828,54.961,55.085,28744234
2018-12-24,54.572,54.820,53.351,53.395,15800225
2018-12-26,53.607,55.943,53.023,55.881,17549022
2018-12-27,55.058,56.607,54.448,56.581,13980668
2018-12-28,56.784,57.253,56.235,56.430,15917228
2018-12-31,56.766,57.111,56.395,56.996,10068931
2019-01-02,56.156,57.333,55.828,57.288,14687529
2019-01-03,56.890,56.890,55.297,55.545,25976240
2019-01-04,56.359,57.757,56.359,57.651,19883639
2019-01-07,57.890,58.496,57.342,58.120,15193145
2019-01-08,58.917,59.279,58.359,58.917,23069774
2019-01-09,59.147,59.589,58.934,59.315,10036734
2019-01-10,59.102,60.191,58.837,60.120,8900490
2019-01-11,59.713,60.089,59.501,60.058,10691276
2019-01-14,59.616,60.319,59.430,60.049,10105477
2019-01-15,59.996,60.253,59.527,59.863,12517456
2019-01-16,59.943,60.226,59.837,59.925,12029894
2019-01-17,59.678,61.288,59.598,60.952,22922580
2019-01-18,61.483,62.332,61.297,62.111,20020208
2019-01-22,61.580,61.598,60.421,60.828,15935259
2019-01-23,61.226,61.545,60.235,60.917,13243826
2019-01-24,61.138,61.501,60.881,61.226,10361834
2019-01-25,61.810,62.262,61.642,62.005,13065935
2019-01-28,61.120,61.443,60.863,61.412,13143954
2019-01-29,61.678,62.377,61.660,62.262,12384037
2019-01-30,62.908,63.531,62.200,63.235,16892456
2019-01-31,63.350,63.810,63.093,63.509,13867112
2019-02-01,63.695,64.076,63.434,63.607,11844953
2019-02-04,63.695,64.465,63.527,64.430,7688416
2019-02-05,64.536,65.022,64.332,64.987,9079115
2019-02-06,64.881,65.314,64.784,65.005,15557618
2019-02-07,64.589,64.934,64.062,64.562,15611371
2019-02-08,64.155,64.660,63.846,64.660,15977037
2019-02-11,64.845,65.164,64.806,65.005,7909836
2019-02-12,65.500,66.151,65.368,66.014,8909762
2019-02-13,66.252,66.606,66.075,66.403,8134248
2019-02-14,66.022,66.368,65.847,66.093,11703773
2019-02-15,66.500,66.987,66.359,66.978,9593226
2019-02-19,66.775,67.164,66.562,66.952,7994791
2019-02-20,66.925,67.305,66.845,67.270,8911369
2019-02-21,67.111,67.277,66.775,66.996,6782680
2019-02-22,67.235,67.474,66.969,67.438,9816903
2019-02-25,68.137,68.252,67.677,67.704,10108504
2019-02-26,67.527,67.925,67.500,67.518,11731052
2019-02-27,67.403,67.845,67.155,67.783,8033257
2019-02-28,67.792,67.828,67.509,67.553,8531259
2019-03-01,68.058,68.226,67.257,67.615,12786614
2019-03-04,67.934,68.221,66.792,67.314,19150433
2019-03-05,67.350,67.496,66.863,66.881,13820552
2019-03-06,66.783,66.907,66.235,66.252,18468355
2019-03-07,66.084,66.186,65.279,65.854,19104699
2019-03-08,65.226,65.748,65.137,65.722,14341278
2019-03-11,64.784,66.306,64.633,66.279,15298295
2019-03-12,66.191,66.270,65.606,65.730,17995791
2019-03-13,65.969,66.527,65.890,66.306,13387866
2019-03-14,66.297,66.465,65.916,66.084,9636528
2019-03-15,66.163,66.323,65.727,65.851,24900046
2019-03-18,65.753,66.545,65.682,66.492,10313893
2019-03-19,66.714,66.946,65.998,66.252,10778218
2019-03-20,66.083,66.332,65.433,65.798,11259449
2019-03-21,65.602,66.572,65.549,66.430,10638633
2019-03-22,66.056,66.100,64.881,64.926,18004399
2019-03-25,64.943,65.424,64.783,65.077,12372760
2019-03-26,65.540,65.780,65.108,65.513,10523982
2019-03-27,65.531,65.887,65.095,65.584,10556131
2019-03-28,65.771,66.158,65.584,66.065,10030122
2019-03-29,66.501,66.830,66.447,66.777,10138768
2019-04-01,67.391,68.263,67.346,68.156,15530976
2019-04-02,68.192,68.370,67.960,68.130,10397617
2019-04-03,68.405,68.494,67.747,67.925,12726012
2019-04-04,67.889,68.583,67.880,68.343,9236642
2019-04-05,68.601,68.753,68.428,68.539,7531373
2019-04-08,68.023,68.263,67.725,68.245,8819137
2019-04-09,67.774,67.800,67.199,67.320,9814477
2019-04-10,67.373,67.444,66.892,67.302,13974689
2019-04-11,67.320,67.952,67.275,67.880,9532153
2019-04-12,68.539,68.779,68.299,68.779,11175121
2019-04-15,68.681,68.824,68.294,68.397,7368111
2019-04-16,68.628,68.904,68.468,68.815,7101573
2019-04-17,69.224,69.411,68.886,68.904,10363901
2019-04-18,69.189,69.794,69.188,69.696,13192661
2019-04-22,69.429,69.643,69.144,69.482,6477790
2019-04-23,69.687,70.230,69.474,70.088,13760481
2019-04-24,70.088,70.266,69.852,69.883,7718026
2019-04-25,69.100,69.117,68.165,68.477,12555935
2019-04-26,68.512,68.993,68.388,68.993,12262594
2019-04-29,68.993,69.376,68.913,69.153,8759251
2019-04-30,69.438,69.616,68.842,69.429,9546653
2019-05-01,69.643,69.865,68.975,68.975,16918680
2019-05-02,68.806,69.091,68.361,68.939,16360969
2019-05-03,69.180,69.838,69.180,69.776,12904073
2019-05-06,68.316,69.233,68.263,69.109,11928825
2019-05-07,68.263,68.392,67.186,67.711,18356220
2019-05-08,67.587,68.187,67.489,67.711,16464956
2019-05-09,66.999,67.729,66.603,67.613,14923662
2019-05-10,67.168,68.049,66.385,67.880,17419836
2019-05-13,66.305,66.562,65.500,65.949,20011033
2019-05-14,66.189,67.137,66.100,66.634,11318011
2019-05-15,66.038,66.999,65.887,66.723,12289963
2019-05-16,67.026,67.555,66.892,67.337,7450005
2019-05-17,66.608,67.320,66.510,66.590,16305654
2019-05-20,66.172,66.670,66.109,66.421,11638491
2019-05-21,66.990,67.284,66.812,67.204,10612265
2019-05-22,66.973,67.053,66.652,66.652,9114746
2019-05-23,65.922,66.020,65.232,65.638,16205768
2019-05-24,66.074,66.189,65.486,65.664,11127434
2019-05-28,65.744,65.994,65.050,65.059,11263080
2019-05-29,64.774,65.055,64.151,64.765,14257069
2019-05-30,65.050,65.330,64.788,65.015,10103505
2019-05-31,64.320,64.565,64.071,64.125,13718389
2019-06-03,64.018,64.921,64.000,64.561,17514954
2019-06-04,65.184,66.127,65.068,66.100,16424739
2019-06-05,66.447,66.826,66.216,66.741,12865641
2019-06-06,66.812,67.030,66.247,66.857,11387334
2019-06-07,67.106,67.662,67.062,67.391,9234296
2019-06-10,68.032,68.219,67.458,67.480,9513873
2019-06-11,67.880,68.041,66.634,66.901,11936562
2019-06-12,66.848,67.079,66.688,67.044,5612474
2019-06-13,67.159,67.426,66.981,67.382,6987036
2019-06-14,67.302,67.382,66.830,67.115,5966596
2019-06-17,67.151,67.257,66.830,66.884,7708766
2019-06-18,67.231,68.267,67.231,68.183,12506299
2019-06-19,68.299,68.316,67.809,68.130,11171676
2019-06-20,68.931,69.358,68.490,69.269,14503224
2019-06-21,69.268,69.554,68.875,68.902,11526835
2019-06-24,68.929,69.179,68.736,68.768,8388348
2019-06-25,68.768,68.795,68.191,68.249,9267637
2019-06-26,68.437,68.616,68.246,68.419,7262692
2019-06-27,68.473,68.714,68.196,68.482,7573783
2019-06-28,68.580,69.250,68.580,69.206,11152333
2019-07-01,69.769,70.118,68.974,69.268,10319402
2019-07-02,69.340,69.434,69.018,69.179,9237308
2019-07-03,69.402,69.590,69.157,69.563,8091385
2019-07-05,69.241,69.286,68.339,69.286,6388987
2019-07-08,68.866,69.072,68.535,68.714,6039855
2019-07-09,68.294,68.643,68.187,68.562,10137495
2019-07-10,68.759,69.063,68.339,68.401,10124841
2019-07-11,68.383,68.875,68.276,68.866,7393867
2019-07-12,69.098,70.091,69.098,70.073,12152773
2019-07-15,70.073,70.073,69.688,69.787,4452546
2019-07-16,69.778,70.421,69.778,70.234,8115339
2019-07-17,69.831,69.892,68.705,68.732,11235096
2019-07-18,68.777,68.951,68.437,68.857,6647874
2019-07-19,69.304,69.653,69.183,69.233,7601729
2019-07-22,69.358,69.644,69.065,69.286,8448168
2019-07-23,69.796,70.185,69.510,70.162,10284179
2019-07-24,69.590,70.636,69.572,70.466,8692520
2019-07-25,70.466,70.681,70.010,70.323,8759039
2019-07-26,70.189,70.354,69.939,70.171,6148092
2019-07-29,70.091,70.211,69.930,70.046,5387503
2019-07-30,69.608,70.350,69.367,70.350,7071716
2019-07-31,70.386,70.529,69.027,69.563,12485267
2019-08-01,69.438,69.974,68.084,68.214,18665734
2019-08-02,67.981,68.124,67.311,67.775,12992427
2019-08-05,66.703,66.712,65.331,65.898,14505160
2019-08-06,66.354,66.944,66.041,66.891,11758586
2019-08-07,66.023,66.980,65.541,66.855,15604345
2019-08-08,67.150,68.035,67.069,67.990,9353090
2019-08-09,67.740,67.811,67.025,67.418,8213556
2019-08-12,66.944,67.177,66.274,66.488,15560643
2019-08-13,66.408,67.963,66.283,67.284,14380814
2019-08-14,66.256,66.390,65.152,65.228,13653813
2019-08-15,65.335,65.344,64.531,65.156,11981828
2019-08-16,65.693,66.551,65.621,66.417,9575517
2019-08-19,67.203,67.329,66.926,67.043,4113195
2019-08-20,66.917,67.065,66.596,66.649,4695401
2019-08-21,67.159,67.355,66.953,67.060,5399205
2019-08-22,67.248,67.525,66.654,67.159,7692406
2019-08-23,66.739,67.235,65.049,65.362,26475045
2019-08-26,66.122,66.229,65.273,65.845,14041865
2019-08-27,66.193,66.225,65.349,65.505,9943314
2019-08-28,65.326,66.310,65.049,66.310,11921308
2019-08-29,67.043,67.597,66.774,67.445,10651034
2019-08-30,67.892,68.169,67.583,67.722,7499557
2019-09-03,67.078,67.758,66.381,66.801,12787099
2019-09-04,67.337,67.722,66.801,67.650,9261936
2019-09-05,68.464,69.367,68.419,68.866,14266800
2019-09-06,69.125,69.241,68.803,69.009,6940265
2019-09-09,69.170,69.528,69.049,69.215,8080968
2019-09-10,69.036,69.867,68.790,69.849,9487322
2019-09-11,69.992,70.543,69.617,70.502,14262482
2019-09-12,70.699,70.886,70.229,70.547,18667744
2019-09-13,70.868,71.324,70.842,70.931,9357516
2019-09-16,70.725,70.985,70.564,70.868,8011584
2019-09-17,70.699,70.895,70.323,70.833,6250476
2019-09-18,70.421,70.757,69.939,70.725,8089649
2019-09-19,70.699,70.926,70.332,70.368,5076787
2019-09-20,70.441,70.684,69.722,69.920,10493363
2019-09-23,69.642,70.037,69.390,69.785,14480230
2019-09-24,70.091,70.262,69.039,69.390,11878529
2019-09-25,69.498,69.974,69.255,69.839,10002812
2019-09-26,69.956,70.167,69.570,69.938,9600984
2019-09-27,70.172,70.253,69.331,69.659,10226850
2019-09-30,69.740,69.992,69.740,69.758,6225132
2019-10-01,70.010,70.306,68.020,68.087,15974797
2019-10-02,67.503,67.512,66.308,66.802,12499799
2019-10-03,66.649,67.260,65.760,67.242,16635080
2019-10-04,67.287,68.024,67.215,67.943,9178972
2019-10-07,67.736,68.177,67.458,67.602,7305580
2019-10-08,66.919,67.278,66.514,66.559,11582441
2019-10-09,67.107,67.395,66.744,67.125,6271933
2019-10-10,66.991,67.979,66.991,67.736,9322185
2019-10-11,68.635,69.624,68.455,69.012,16252239
2019-10-14,68.878,69.075,68.658,68.878,4863349
2019-10-15,69.003,69.704,68.860,69.435,8985760
2019-10-16,69.309,69.749,69.273,69.399,8797300
2019-10-17,69.794,70.262,69.677,69.740,7978917
2019-10-18,69.588,69.731,69.066,69.138,9694456
2019-10-21,69.399,69.704,69.291,69.552,8428064
2019-10-22,69.633,70.306,69.372,70.100,11366733
2019-10-23,70.073,70.136,69.794,70.091,7390190
2019-10-24,70.208,70.284,69.686,70.190,8414560
2019-10-25,70.172,70.792,70.136,70.630,7718456
2019-10-28,70.783,71.196,70.774,70.828,8138157
2019-10-29,70.540,71.250,70.454,71.061,10429211
2019-10-30,71.196,71.376,70.805,71.313,9199172
2019-10-31,71.097,71.097,70.190,70.549,10693082
2019-11-01,71.043,72.086,70.998,72.086,19657846
2019-11-04,72.481,72.948,72.481,72.921,15294167
2019-11-05,73.056,73.398,72.863,73.074,14922470
2019-11-06,73.011,73.128,72.697,73.119,12252962
2019-11-07,73.505,73.847,73.249,73.371,10296960
2019-11-08,73.218,73.470,72.993,73.470,6323171
2019-11-11,73.020,73.618,72.903,73.505,5801492
2019-11-12,73.622,73.838,73.344,73.496,8292218
2019-11-13,73.200,73.461,72.966,73.191,9892093
2019-11-14,73.047,73.577,73.038,73.425,7355003
2019-11-15,73.838,74.117,73.775,73.964,6150736
2019-11-18,73.829,73.829,73.532,73.685,5119361
2019-11-19,73.919,73.982,73.456,73.622,9191660
2019-11-20,73.389,73.559,72.751,73.038,14726183
2019-11-21,73.047,73.245,72.787,73.011,6243650
2019-11-22,73.191,73.408,72.962,73.389,5205115
2019-11-25,73.658,74.063,73.470,73.919,9190033
2019-11-26,73.991,74.269,73.847,74.135,6069444
2019-11-27,74.081,74.090,73.775,74.063,9186238
2019-11-29,73.973,73.973,73.595,73.721,5494775
2019-12-02,73.712,73.820,72.472,72.508,18275618
2019-12-03,71.744,71.780,71.223,71.717,20415279
2019-12-04,72.095,72.697,71.924,71.996,16090198
2019-12-05,72.131,72.185,71.699,72.014,18539367
2019-12-06,72.688,73.020,72.661,72.885,8966740
2019-12-09,72.679,72.876,72.571,72.607,7266413
2019-12-10,72.598,72.814,72.391,72.517,9046866
2019-12-11,72.589,73.038,72.409,72.975,9070297
2019-12-12,73.011,73.856,72.823,73.622,15561356
2019-12-13,73.586,74.166,73.186,73.425,11754848
2019-12-16,73.676,73.793,73.380,73.389,8046730
2019-12-17,73.398,73.559,73.272,73.317,5949605
2019-12-18,73.326,73.344,72.876,73.011,6679260
2019-12-19,73.020,73.290,72.939,73.209,5743972
2019-12-20,73.458,73.720,73.296,73.548,8910760
2019-12-23,73.946,74.235,73.865,74.108,5675873
2019-12-24,74.135,74.235,73.774,73.856,4451649
2019-12-26,74.018,74.036,73.679,74.027,3914149
2019-12-27,74.262,74.262,73.865,73.964,5299313
2019-12-30,74.045,74.045,73.472,73.621,7716351
2019-12-31,73.440,73.774,73.309,73.576,6458168
2020-01-02,74.099,74.966,73.901,74.966,16121278
2020-01-03,74.108,74.912,74.045,74.822,17571308
2020-01-06,74.470,74.858,74.301,74.849,16152806
2020-01-07,74.569,74.975,74.316,74.695,16689119
2020-01-08,74.750,75.282,74.619,74.948,10677738
2020-01-09,75.264,75.346,75.030,75.264,7407222
2020-01-10,75.418,75.418,74.605,74.732,8856810
2020-01-13,74.966,75.427,74.822,75.346,7893766
2020-01-14,75.391,75.842,75.255,75.355,9649517
2020-01-15,75.364,75.788,75.300,75.472,12014515
2020-01-16,75.860,76.258,75.797,76.222,9493133
2020-01-17,76.276,76.587,76.131,76.231,7013382
2020-01-21,75.887,76.104,75.057,75.391,13003981
2020-01-22,75.599,75.770,74.939,74.993,7490498
2020-01-23,74.894,75.906,74.624,75.806,10758535
2020-01-24,75.951,76.014,74.894,75.454,13402179
2020-01-27,74.108,74.524,74.027,74.027,15013842
2020-01-28,74.271,74.876,73.928,74.506,14918013
2020-01-29,75.255,75.472,74.825,74.903,10355136
2020-01-30,74.181,75.066,74.027,74.984,13158159
2020-01-31,74.578,74.686,72.971,73.250,19083064
2020-02-03,73.648,74.262,73.142,73.223,15676588
2020-02-04,74.343,74.786,74.271,74.605,13597152
2020-02-05,75.445,75.860,75.057,75.851,12835778
2020-02-06,76.158,76.222,75.608,76.095,8627569
2020-02-07,75.806,75.996,75.481,75.544,12394523
2020-02-10,75.427,75.987,75.337,75.969,8072382
2020-02-11,76.357,76.619,76.068,76.258,6291531
2020-02-12,76.673,77.057,76.488,76.971,7808960
2020-02-13,76.574,76.863,76.276,76.538,8229619
2020-02-14,76.520,76.664,76.131,76.438,5319331
2020-02-18,76.122,76.335,75.648,76.005,10396570
2020-02-19,76.158,76.375,75.942,75.978,4638710
2020-02-20,75.842,76.393,75.319,75.869,9518717
2020-02-21,75.463,75.716,75.147,75.490,13184752
2020-02-24,73.341,73.801,72.889,73.341,18010120
2020-02-25,73.494,73.711,70.162,70.351,33000782
2020-02-26,70.794,71.697,69.665,69.819,18821676
2020-02-27,68.446,69.900,67.182,67.227,42593699
2020-02-28,65.177,66.531,64.391,65.999,79112486
2020-03-02,66.784,68.482,65.556,68.320,44798850
2020-03-03,68.500,70.017,66.242,66.649,53823946
2020-03-04,67.696,69.494,67.064,69.403,32387731
2020-03-05,67.434,67.931,65.719,66.008,28762243
2020-03-06,63.813,65.691,63.623,65.430,40681434
2020-03-09,60.237,61.727,58.778,59.397,24790678
2020-03-10,61.447,62.522,59.018,62.476,18385605
2020-03-11,60.544,61.095,58.160,58.810,28414904
2020-03-12,53.816,56.895,48.858,52.723,23659704
2020-03-13,55.839,56.886,52.913,56.841,18660276
2020-03-16,50.772,54.087,50.185,50.393,18656359
2020-03-17,51.188,52.985,49.318,52.714,24842119
2020-03-18,49.038,49.661,45.480,48.831,26018295
2020-03-19,48.226,49.634,46.320,48.867,16868076
2020-03-20,49.228,49.815,46.221,46.419,22341666
2020-03-23,46.260,46.260,43.421,44.386,34346563
2020-03-24,47.089,50.165,46.970,50.001,29349564
2020-03-25,50.956,54.652,49.728,52.631,27752642
2020-03-26,53.632,56.271,53.159,55.953,22108979
2020-03-27,53.814,56.032,52.758,53.596,22486458
2020-03-30,53.623,54.642,52.768,54.378,15757858
2020-03-31,53.923,54.834,53.477,53.705,12883809
2020-04-01,51.311,51.930,50.547,51.284,16056929
2020-04-02,50.829,52.667,50.629,51.967,23892629
2020-04-03,51.821,52.354,50.711,51.275,15912374
2020-04-06,53.587,55.143,53.523,54.824,19306715
2020-04-07,56.881,57.509,54.661,54.697,18390942
2020-04-08,55.452,56.990,54.997,56.681,11986330
2020-04-09,57.764,58.547,57.018,57.537,21132345
2020-04-13,57.172,57.209,55.330,55.853,11086552
2020-04-14,57.081,57.500,56.353,56.918,15293131
2020-04-15,55.671,55.780,54.415,55.343,12752296
2020-04-16,55.261,55.279,54.028,54.852,16117071
2020-04-17,56.727,57.618,56.526,57.427,18372254
2020-04-20,56.335,57.009,55.716,55.898,10475108
2020-04-21,54.688,55.307,54.360,54.579,9553311
2020-04-22,55.644,55.789,54.815,55.152,9184950
2020-04-23,55.580,56.745,55.566,55.589,14255113
2020-04-24,56.071,56.226,55.134,56.035,7139275
2020-04-27,56.426,57.782,56.317,57.427,9323242
2020-04-28,58.556,59.166,57.891,58.501,9938546
2020-04-29,59.675,60.267,59.084,59.621,12757415
2020-04-30,58.792,58.902,58.005,58.438,14309803
2020-05-01,57.409,57.564,56.294,56.672,9019225
2020-05-04,55.871,55.962,55.152,55.953,8551682
2020-05-05,56.472,56.936,56.108,56.171,8691224
2020-05-06,56.481,56.526,55.325,55.398,7048123
2020-05-07,56.144,56.763,55.826,56.044,8144418
2020-05-08,56.727,57.555,56.713,57.436,8663803
2020-05-11,56.863,57.154,56.326,56.717,8408009
2020-05-12,56.854,57.072,55.116,55.125,12327630
2020-05-13,54.797,54.861,53.241,53.741,15434424
2020-05-14,52.950,54.306,51.848,54.306,14221383
2020-05-15,53.669,54.451,53.423,54.115,17397984
2020-05-18,56.262,58.046,56.108,57.682,22116411
2020-05-19,57.573,58.124,56.936,56.945,12447641
2020-05-20,57.846,58.565,57.764,58.010,8643976
2020-05-21,58.019,58.610,57.709,58.146,7682314
2020-05-22,58.256,58.301,57.582,58.101,7112880
2020-05-26,59.930,61.004,59.903,60.540,14907267
2020-05-27,61.850,62.606,61.241,62.560,21889106
2020-05-28,63.188,63.388,61.859,61.969,17490267
2020-05-29,61.395,62.005,60.749,61.586,18881495
2020-06-01,61.523,62.192,61.286,61.723,12919243
2020-06-02,62.187,62.688,61.923,62.524,10852457
2020-06-03,63.434,65.136,63.407,64.963,16250749
2020-06-04,64.817,65.682,64.654,65.655,17880621
2020-06-05,68.403,69.359,67.793,68.066,19585502
2020-06-08,68.940,69.650,68.913,69.432,18906078
2020-06-09,68.166,68.258,67.403,67.702,14993941
2020-06-10,67.384,67.475,65.873,66.082,16693099
2020-06-11,63.270,63.789,61.350,61.441,26053834
2020-06-12,63.661,63.834,61.104,62.633,29159551
2020-06-15,60.640,63.643,60.394,63.252,18116220
2020-06-16,65.900,65.973,63.334,64.490,20563162
2020-06-17,64.635,64.758,63.871,64.026,9447915
2020-06-18,63.425,64.362,63.297,63.789,8630694
2020-06-19,64.735,64.808,62.574,63.006,13743234
2020-06-22,62.632,63.317,62.111,63.116,7931954
2020-06-23,63.756,63.839,62.970,63.126,8848908
2020-06-24,62.266,62.476,60.776,60.931,16922375
2020-06-25,60.529,61.663,59.999,61.608,11623662
2020-06-26,61.361,61.590,60.200,60.465,21429736
2020-06-29,61.361,62.449,60.968,62.449,10864777
2020-06-30,61.974,63.162,61.791,62.806,8868117
2020-07-01,63.427,63.935,62.463,62.522,9788027
2020-07-02,63.528,63.989,62.906,63.062,8279771
2020-07-06,64.040,64.305,63.499,63.967,10815394
2020-07-07,63.345,63.619,62.668,62.742,6111619
2020-07-08,62.714,63.135,62.211,62.742,8576514
2020-07-09,62.632,62.705,61.178,61.379,16782929
2020-07-10,61.325,62.230,61.325,62.175,9255405
2020-07-13,62.714,63.500,62.102,62.431,14555057
2020-07-14,62.211,63.857,61.955,63.784,12680203
2020-07-15,64.963,65.704,64.597,65.411,15470863
2020-07-16,65.109,65.749,64.808,65.429,13015505
2020-07-17,65.722,65.960,65.384,65.822,8605149
2020-07-20,65.448,65.603,64.826,65.018,9404391
2020-07-21,65.603,66.353,65.484,65.877,9344333
2020-07-22,65.621,66.499,65.603,66.407,7617763
2020-07-23,66.325,66.819,65.946,66.206,7537976
2020-07-24,66.106,66.471,65.484,65.676,10061412
2020-07-27,65.658,66.042,65.274,65.950,6198362
2020-07-28,65.640,66.042,65.443,65.493,5964528
2020-07-29,65.832,66.631,65.786,66.490,6935404
2020-07-30,66.024,66.197,65.342,65.822,9118598
2020-07-31,65.557,65.713,64.474,65.576,9836257
2020-08-03,65.658,66.078,65.245,65.850,12736973
2020-08-04,65.612,66.046,65.594,66.014,6560868
2020-08-05,66.462,67.358,66.380,67.276,8521055
2020-08-06,67.194,67.541,67.102,67.532,5879840
2020-08-07,67.486,68.711,67.386,68.684,12951805
2020-08-10,68.931,70.439,68.894,70.375,15627160
2020-08-11,71.362,71.920,70.604,70.750,17251534
2020-08-12,71.417,71.500,70.704,70.978,12586575
2020-08-13,70.595,71.079,70.329,70.604,13298709
2020-08-14,70.247,71.234,70.137,70.878,5908329
2020-08-17,71.015,71.161,70.416,70.549,5898662
2020-08-18,70.503,70.723,70.064,70.165,5144630
2020-08-19,70.247,70.613,69.827,69.982,6297926
2020-08-20,69.433,69.772,69.210,69.607,10528141
2020-08-21,69.543,70.083,69.497,69.891,7113579
2020-08-24,70.357,71.152,70.037,71.152,10164216
2020-08-25,71.637,71.637,70.686,71.061,12075460
2020-08-26,70.924,71.344,70.576,71.097,6370559
2020-08-27,71.500,71.957,71.116,71.353,10097860
2020-08-28,71.600,72.066,71.262,72.030,10283956
2020-08-31,71.829,72.094,71.134,71.134,9907511
2020-09-01,70.905,71.916,70.649,71.856,14432260
2020-09-02,72.112,73.246,71.911,73.045,15333471
2020-09-03,73.099,73.374,70.540,70.997,19994964
2020-09-04,71.628,72.108,70.220,71.161,21564553
2020-09-08,70.677,70.759,69.635,69.827,14909608
2020-09-09,70.467,71.490,70.284,70.905,16221975
2020-09-10,71.143,71.362,69.781,70.000,16546482
2020-09-11,70.265,71.289,70.211,70.951,16124340
2020-09-14,71.618,72.140,71.280,71.911,9615794
2020-09-15,72.204,72.382,71.838,71.957,13579144
2020-09-16,72.523,73.415,72.121,72.688,10292686
2020-09-17,71.646,73.282,71.317,72.834,19262453
2020-09-18,73.063,73.337,71.966,72.021,13318678
2020-09-21,70.718,70.874,68.931,69.626,23187609
2020-09-22,69.598,70.452,69.534,70.314,7512439
2020-09-23,70.461,71.204,68.979,69.057,16387636
2020-09-24,68.947,69.933,68.231,69.158,12111072
2020-09-25,68.736,70.433,68.736,70.195,7346467
2020-09-28,71.076,72.030,71.076,71.461,7409578
2020-09-29,71.333,71.626,70.626,70.828,10633049
2020-09-30,71.103,71.939,70.121,70.645,12182794
2020-10-01,71.140,71.461,69.938,70.433,14040087
2020-10-02,69.286,71.631,69.259,71.223,17886064
2020-10-05,71.828,72.521,71.828,72.370,8880316
2020-10-06,72.673,73.154,71.415,71.489,12563719
2020-10-07,72.333,73.283,72.306,73.067,10049844
2020-10-08,73.554,73.797,72.902,73.792,16341532
2020-10-09,74.251,74.572,73.838,74.068,12602978
2020-10-12,74.398,74.751,74.178,74.490,8661945
2020-10-13,73.967,74.416,73.444,73.664,11004553
2020-10-14,73.783,74.637,73.774,74.077,10038645
2020-10-15,73.278,74.375,73.159,74.343,12051778
2020-10-16,74.802,75.343,74.692,74.884,9422370
2020-10-19,74.976,75.366,73.679,73.957,8530911
2020-10-20,74.343,75.288,74.169,74.343,9806777
2020-10-21,74.068,74.682,73.590,73.590,8007834
2020-10-22,73.756,74.325,73.526,74.196,6742022
2020-10-23,74.581,74.811,73.921,74.490,8038318
2020-10-26,73.508,73.590,71.838,72.627,10692690
2020-10-27,72.416,72.498,71.021,71.039,8735681
2020-10-28,69.589,70.369,68.628,68.708,17321893
2020-10-29,68.662,70.305,68.497,69.708,14272860
2020-10-30,69.341,69.910,68.571,69.626,15373650
2020-11-02,70.663,71.640,70.149,71.507,14166521
2020-11-03,72.480,74.030,72.315,73.618,16356704
2020-11-04,73.012,74.508,72.379,72.856,23229805
2020-11-05,73.847,75.059,73.801,74.572,12157964
2020-11-06,74.435,74.976,74.113,74.646,10091581
2020-11-09,79.721,80.647,77.133,77.188,25393272
2020-11-10,77.445,78.858,77.206,78.546,18983159
2020-11-11,79.042,79.051,77.491,77.885,11081413
2020-11-12,77.096,77.826,76.467,76.995,10777133
2020-11-13,77.647,78.794,77.592,78.702,9281037
2020-11-16,80.446,80.748,79.317,80.620,14364228
2020-11-17,80.014,80.670,79.216,80.409,11028701
2020-11-18,81.042,80.051,79.878,80.051,11882699
2020-11-19,79.849,80.326,79.321,80.253,8431960
2020-11-20,80.060,80.381,79.344,79.528,7288207
2020-11-23,80.207,81.015,80.207,80.859,11395683
2020-11-24,82.097,82.735,81.694,82.272,13977035
2020-11-25,82.208,82.226,81.244,81.648,9382875
2020-11-27,81.868,82.130,81.267,81.510,5022728
2020-11-30,81.327,81.418,80.326,80.785,10378038
2020-12-01,81.684,82.070,80.547,80.583,14520424
2020-12-02,80.280,80.895,80.189,80.693,13219299
2020-12-03,80.803,81.639,80.744,80.904,11677460
2020-12-04,81.171,82.019,81.143,81.868,11723430
2020-12-07,81.822,81.914,81.230,81.473,7597045
2020-12-08,81.216,82.015,81.189,81.868,5038277
2020-12-09,82.153,82.348,81.464,82.052,12047064
2020-12-10,81.483,81.877,80.914,81.272,11621670
2020-12-11,80.767,81.639,80.758,81.464,6577523
2020-12-14,82.253,82.313,80.391,80.409,6841929
2020-12-15,80.996,81.850,80.505,81.528,7351282
2020-12-16,81.602,81.648,80.849,81.024,6805039
2020-12-17,81.501,81.620,81.051,81.519,9088007
2020-12-18,81.639,81.730,80.886,81.528,8639999
2020-12-21,79.903,81.415,79.608,81.037,9071127
2020-12-22,81.000,81.083,80.060,80.659,11451148
2020-12-23,81.074,81.516,80.972,81.083,8939370
2020-12-24,81.203,81.221,80.631,81.092,2367367
2020-12-28,81.626,81.894,81.101,81.193,4849933
2020-12-29,81.608,81.719,80.161,80.705,6729491
2020-12-30,80.843,81.442,80.797,81.221,5019093
2020-12-31,81.193,81.755,80.779,81.599,6756789
2021-01-04,81.700,81.774,79.175,79.627,16200756
2021-01-05,79.479,80.714,79.466,80.410,16005964
2021-01-06,80.926,82.995,80.677,82.327,19500573
2021-01-07,82.788,83.101,82.106,82.778,10115161
2021-01-08,82.963,83.193,81.746,82.576,11042025
2021-01-11,81.709,82.788,81.645,82.548,11911598
2021-01-12,82.530,83.571,82.060,83.368,10408090
2021-01-13,83.230,83.350,82.520,82.649,9230292
2021-01-14,83.073,83.534,82.788,82.935,10668515
2021-01-15,82.382,82.576,81.166,81.857,12923957
2021-01-19,82.557,82.829,82.096,82.124,8939282
2021-01-20,82.557,82.824,82.092,82.631,8374347
2021-01-21,82.447,82.640,81.861,81.986,9601732
2021-01-22,81.451,81.903,80.875,81.562,9728752
2021-01-25,81.184,81.415,80.207,81.009,18248784
2021-01-26,81.709,81.838,80.217,80.263,10480017
2021-01-27,79.184,79.387,78.065,78.668,23139485
2021-01-28,79.433,80.788,79.350,79.839,17927842
2021-01-29,79.323,79.719,77.876,78.116,20894975
2021-02-01,78.890,79.148,78.268,78.926,11318719
2021-02-02,79.857,80.963,79.774,80.604,10443587
2021-02-03,80.511,80.804,79.977,80.659,9662886
2021-02-04,80.935,81.663,80.820,81.525,7113712
2021-02-05,82.161,82.396,81.792,82.004,7481924
2021-02-08,82.336,82.741,82.152,82.705,8848303
2021-02-09,82.631,83.193,82.064,82.917,8298515
2021-02-10,83.285,83.313,82.410,82.788,10981942
2021-02-11,83.000,83.119,81.774,82.612,8869142
2021-02-12,82.428,83.276,82.336,83.211,7983451
2021-02-16,83.405,83.746,82.944,83.129,8227585
2021-02-17,82.769,82.963,82.248,82.898,7265976
2021-02-18,82.474,82.672,81.861,82.483,6410295
2021-02-19,83.073,84.087,83.009,83.838,8762418
2021-02-22,83.414,84.723,83.340,84.105,10552484
2021-02-23,84.262,84.575,83.110,84.363,16573604
2021-02-24,84.566,86.308,84.188,85.958,16795908
2021-02-25,85.948,86.050,84.022,84.373,19945608
2021-02-26,84.575,84.824,83.267,83.497,18163149
2021-03-01,84.713,86.271,84.594,85.635,11512363
2021-03-02,85.681,85.815,85.018,85.386,11542804
2021-03-03,85.460,86.483,85.266,85.478,17497785
2021-03-04,85.598,85.911,82.797,84.115,27730228
2021-03-05,84.916,86.391,83.184,86.105,22816197
2021-03-08,86.686,88.363,86.446,87.008,16782361
2021-03-09,87.450,87.897,86.639,86.649,12488573
2021-03-10,86.888,88.381,86.768,87.930,17275998
2021-03-11,88.188,88.750,87.469,87.994,12211007
2021-03-12,88.317,89.243,88.234,89.174,10112671
2021-03-15,89.533,89.948,88.639,89.920,11393159
2021-03-16,89.726,89.782,88.538,88.639,12538752
2021-03-17,88.814,89.846,88.584,89.662,14844047
2021-03-18,89.570,90.786,89.404,89.579,16893199
2021-03-19,89.634,89.671,88.399,88.897,18430601
2021-03-22,89.066,89.223,88.224,88.844,12319798
2021-03-23,88.243,89.047,86.967,87.291,16949009
2021-03-24,87.744,89.306,87.707,87.929,14581915
2021-03-25,87.698,89.472,86.838,89.334,18518502
2021-03-26,89.833,90.933,89.481,90.877,14395917
2021-03-29,90.776,91.431,90.434,90.896,12712826
2021-03-30,90.896,91.515,90.720,91.293,10185972
2021-03-31,91.506,91.746,90.692,90.997,12291304
2021-04-01,91.154,91.376,90.711,91.302,11193254
2021-04-05,92.190,92.740,92.023,92.430,10790371
2021-04-06,92.347,92.957,92.116,92.208,8203259
2021-04-07,92.227,92.458,91.492,91.783,8865775
2021-04-08,91.654,92.037,91.145,92.005,9151639
2021-04-09,92.171,92.946,92.042,92.901,9673208
2021-04-12,92.772,93.299,92.717,93.243,7723331
2021-04-13,92.809,93.077,92.134,92.790,10612031
2021-04-14,92.855,93.535,92.800,92.911,9347112
2021-04-15,93.225,93.410,92.606,93.280,12633430
2021-04-16,93.835,94.094,93.077,93.484,10221975
2021-04-19,93.336,93.354,92.633,93.095,8149073
2021-04-20,92.892,93.059,91.506,92.070,13644161
2021-04-21,91.949,93.364,91.765,93.327,11354109
2021-04-22,93.410,94.001,92.758,92.855,11791959
2021-04-23,92.966,94.112,92.800,93.872,8126728
2021-04-26,94.195,94.667,93.541,93.595,7824852
2021-04-27,93.964,94.519,93.641,94.371,13784989
2021-04-28,94.334,94.658,94.057,94.177,7881409
2021-04-29,94.741,94.963,94.149,94.842,11074457
2021-04-30,94.288,94.584,93.881,94.214,9875395
2021-05-03,94.926,95.443,94.574,95.184,9450621
2021-05-04,94.879,95.619,94.445,95.600,11689473
2021-05-05,95.841,96.146,95.591,95.693,10017289
2021-05-06,95.942,96.386,95.517,96.358,18276352
2021-05-07,96.127,97.606,95.776,97.375,19343026
2021-05-10,97.902,98.720,97.421,97.467,16332795
2021-05-11,96.497,96.746,95.055,96.026,25424512
2021-05-12,95.739,96.090,93.655,93.724,18125738
2021-05-13,93.779,95.933,93.724,95.480,16458269
2021-05-14,96.220,97.047,95.887,96.802,11217221
2021-05-17,96.506,96.848,95.804,96.506,11547805
2021-05-18,96.488,96.645,95.064,95.101,11195517
2021-05-19,94.048,94.574,93.049,94.565,16656454
2021-05-20,94.722,95.110,94.205,94.778,11635274
2021-05-21,95.314,96.016,94.907,95.240,13420164
2021-05-24,95.822,96.035,95.314,95.831,7097853
2021-05-25,96.062,96.543,95.415,95.536,8574746
2021-05-26,95.684,95.979,95.314,95.850,7615587
2021-05-27,96.719,97.329,96.628,97.162,11467430
2021-05-28,97.458,97.467,96.830,97.162,7606332
2021-06-01,98.105,98.262,97.347,97.541,9456917
2021-06-02,97.625,97.726,97.116,97.264,7547829
2021-06-03,96.756,97.597,96.358,97.052,10341797
2021-06-04,97.412,97.574,96.867,97.366,7117719
2021-06-07,97.551,97.569,96.432,96.691,8298796
2021-06-08,96.746,97.153,96.275,96.941,8848088
2021-06-09,96.876,96.876,95.915,95.952,10967076
2021-06-10,96.571,96.756,95.434,95.480,10645172
2021-06-11,95.850,96.146,95.175,95.674,10113477
2021-06-14,95.582,95.711,94.713,95.240,11312024
2021-06-15,95.379,95.850,94.990,95.647,8948605
2021-06-16,95.554,95.665,94.445,94.741,13977282
2021-06-17,94.685,94.926,92.402,93.280,20842876
2021-06-18,92.180,92.855,91.959,92.070,21546003
2021-06-21,92.823,94.223,92.739,94.102,15499875
2021-06-22,94.139,94.557,93.560,94.204,10644959
2021-06-23,94.390,94.650,93.963,93.991,9136320
2021-06-24,94.548,94.872,94.047,94.724,11687382
2021-06-25,94.798,95.252,94.650,94.909,13039331
2021-06-28,94.872,94.946,93.977,94.408,11997562
2021-06-29,94.714,95.113,94.130,94.223,11134252
2021-06-30,94.149,95.132,94.130,94.956,13677293
2021-07-01,95.512,95.688,95.132,95.632,13858570
2021-07-02,95.651,95.943,95.234,95.781,9911709
2021-07-06,95.558,95.688,93.824,94.863,11564061
2021-07-07,94.650,95.948,94.558,95.809,14971963
2021-07-08,94.297,95.076,93.685,94.473,17419296
2021-07-09,95.484,96.115,95.391,95.966,13341831
2021-07-12,95.484,96.207,95.141,96.096,10846529
2021-07-13,95.892,95.976,95.122,95.169,14880497
2021-07-14,95.410,95.781,94.821,95.160,10140034
2021-07-15,94.622,95.734,94.575,95.345,11070033
2021-07-16,95.670,95.688,94.382,94.501,17307422
2021-07-19,92.990,93.184,91.589,92.526,23792542
2021-07-20,92.804,95.229,92.674,95.113,20937025
2021-07-21,95.456,96.346,95.419,96.022,14447094
2021-07-22,96.198,96.207,95.521,95.670,6317580
2021-07-23,96.013,96.263,95.605,96.078,8055757
2021-07-26,95.818,96.356,95.410,96.031,7488369
2021-07-27,95.419,96.013,94.956,95.503,12402063
2021-07-28,95.809,96.022,94.779,95.280,11996632
2021-07-29,96.022,96.305,95.489,96.031,9767658
2021-07-30,95.549,96.050,95.382,95.846,12823815
2021-08-02,96.217,97.023,95.102,95.187,15906234
2021-08-03,95.373,96.476,94.557,96.430,14814300
2021-08-04,95.772,96.258,95.104,95.122,16181019
2021-08-05,95.512,95.892,95.206,95.568,12561508
2021-08-06,95.957,96.421,95.836,96.013,8677159
2021-08-09,95.586,95.864,95.169,95.632,7469683
2021-08-10,95.809,96.875,95.693,96.606,12730949
2021-08-11,96.801,97.867,96.448,97.858,12817434
2021-08-12,97.858,98.043,97.167,97.673,9265287
2021-08-13,97.682,97.830,97.237,97.367,8909471
2021-08-16,97.079,97.710,96.439,97.700,10231215
2021-08-17,97.116,97.162,95.725,96.643,15569891
2021-08-18,96.263,96.805,95.554,95.586,11955196
2021-08-19,94.872,95.568,94.381,94.918,17529721
2021-08-20,94.965,95.454,94.710,95.169,11752949
2021-08-23,95.614,96.365,95.568,95.948,8470964
2021-08-24,96.133,96.856,96.115,96.430,7593172
2021-08-25,96.504,97.367,96.203,97.051,9404192
2021-08-26,96.940,97.005,96.425,96.625,9951065
2021-08-27,96.949,97.561,96.736,97.292,10484388
2021-08-30,97.459,97.626,96.949,97.181,6528164
2021-08-31,97.116,97.320,96.694,96.912,9621180
2021-09-01,97.116,97.116,96.180,96.541,13116823
2021-09-02,96.940,97.589,96.921,97.580,9633661
2021-09-03,97.311,97.496,96.921,96.986,9855160
2021-09-07,96.652,96.717,95.243,95.308,17849865
2021-09-08,95.113,95.623,94.714,95.438,13561563
2021-09-09,95.280,95.957,94.742,94.974,9405154
2021-09-10,95.479,95.623,94.506,94.548,9547773
2021-09-13,95.271,95.512,94.084,94.798,12450994
2021-09-14,95.058,95.141,93.444,93.657,11493627
2021-09-15,93.704,94.928,93.500,94.687,9175020
2021-09-16,94.677,94.909,93.880,94.037,10516239
2021-09-17,93.713,93.935,92.892,93.036,16250702
2021-09-20,91.672,92.156,90.965,91.969,21453561
2021-09-21,92.416,92.472,91.069,91.486,14344680
2021-09-22,91.755,92.835,91.755,92.211,13080094
2021-09-23,92.649,94.137,92.611,93.625,11440233
2021-09-24,93.384,94.081,93.318,93.821,8252497
2021-09-27,93.951,94.751,93.858,93.914,9337978
2021-09-28,93.653,93.895,92.607,92.825,17057306
2021-09-29,93.235,93.411,92.788,92.928,12146944
2021-09-30,93.225,93.300,90.918,91.021,24624517
2021-10-01,91.597,92.760,90.686,92.267,17051790
2021-10-04,92.109,92.695,91.188,91.765,20182936
2021-10-05,91.932,93.263,91.532,92.788,12987940
2021-10-06,91.793,93.235,91.360,93.197,14702494
2021-10-07,93.914,94.602,93.839,93.923,9669740
2021-10-08,93.830,94.146,93.514,93.914,8565110
2021-10-11,93.793,94.388,93.151,93.160,9984042
2021-10-12,93.272,93.597,92.667,92.853,10048738
2021-10-13,93.021,93.439,92.035,93.049,12416671
2021-10-14,93.802,94.830,93.607,94.807,9752931
2021-10-15,95.458,96.128,95.328,95.719,11775253
2021-10-18,95.170,95.886,94.793,95.784,6780182
2021-10-19,96.258,96.384,95.691,96.351,6911167
2021-10-20,96.370,97.054,96.147,96.956,9258586
2021-10-21,96.751,97.198,96.509,97.151,7823823
2021-10-22,97.347,97.854,97.198,97.495,9826246
2021-10-25,97.347,98.091,97.030,97.719,8093599
2021-10-26,97.616,98.026,97.105,97.114,12313249
2021-10-27,97.300,97.365,95.956,95.979,9015118
2021-10-28,96.119,97.235,96.119,97.179,9260442
2021-10-29,97.002,97.561,96.816,97.207,6831642
2021-11-01,97.402,97.672,97.002,97.477,10775127
2021-11-02,97.616,97.891,97.337,97.802,8833899
2021-11-03,97.254,97.654,96.742,97.588,11567268
2021-11-04,97.868,98.328,97.756,97.979,10200412
2021-11-05,99.114,99.589,98.649,98.975,12906506
2021-11-08,99.849,100.082,98.998,99.384,8928874
2021-11-09,99.570,99.877,99.082,99.635,10637315
2021-11-10,99.496,99.812,98.803,99.077,10326009
2021-11-11,99.272,99.272,98.565,98.668,5921207
2021-11-12,98.947,99.617,98.630,99.449,7929020
2021-11-15,99.849,99.961,99.412,99.635,7672636
2021-11-16,99.644,100.143,99.561,99.654,6624957
2021-11-17,99.672,99.798,98.714,99.058,8164384
2021-11-18,99.384,99.384,98.342,98.854,9806241
2021-11-19,98.807,98.877,98.221,98.361,8935600
2021-11-22,98.677,99.551,98.435,98.630,11911854
2021-11-23,98.742,99.147,98.291,98.798,14090394
2021-11-24,98.472,98.891,98.342,98.686,10759492
2021-11-26,96.147,96.547,95.337,96.016,14694043
2021-11-29,96.993,97.012,95.672,96.184,11693054
2021-11-30,95.458,95.756,93.649,93.746,21058820
2021-12-01,95.170,95.553,92.407,92.444,19783644
2021-12-02,93.151,95.514,92.835,95.188,21918202
2021-12-03,95.374,95.616,94.118,95.077,19581309
2021-12-06,96.026,97.286,95.867,96.686,14450468
2021-12-07,97.421,98.477,97.379,97.672,10563313
2021-12-08,97.719,98.091,97.426,97.914,10419559
2021-12-09,97.523,98.109,97.272,97.607,7325757
2021-12-10,98.044,98.212,97.533,98.007,8304165
2021-12-13,97.784,97.970,96.826,96.993,12690151
2021-12-14,96.472,97.412,95.691,96.072,13174177
2021-12-15,96.333,97.040,95.691,96.909,16907165
2021-12-16,97.533,97.956,96.612,96.956,11864923
2021-12-17,96.937,97.049,95.272,95.300,19378299
2021-12-20,94.136,94.150,92.969,93.772,17968298
2021-12-21,94.473,95.832,94.435,95.640,10497409
2021-12-22,95.593,96.074,95.434,95.911,8295760
2021-12-23,96.256,97.358,96.237,97.040,7047047
2021-12-27,97.190,98.105,97.050,98.068,5196027
2021-12-28,97.974,98.810,97.918,98.563,5368611
2021-12-29,98.413,98.955,98.292,98.740,5922114
2021-12-30,98.843,99.328,98.306,98.385,6190472
2021-12-31,98.217,99.198,98.105,98.805,7726054
2022-01-03,99.011,99.226,97.484,97.993,10188198
2022-01-04,98.628,100.150,98.516,99.963,14572817
2022-01-05,100.225,100.738,98.969,99.011,16196111
2022-01-06,99.356,99.828,98.964,99.468,10437490
2022-01-07,99.496,100.103,99.403,99.440,11612823
2022-01-10,99.198,99.282,97.554,98.320,15670966
2022-01-11,98.423,99.020,97.358,98.908,11966498
2022-01-12,99.328,99.730,98.908,99.226,9937615
2022-01-13,99.496,100.327,99.090,99.440,10995414
2022-01-14,98.535,98.927,97.839,98.843,14758440
2022-01-18,97.918,98.114,97.143,97.703,13878208
2022-01-19,97.965,98.096,96.532,96.611,13367047
2022-01-20,96.798,97.792,95.252,95.378,16726049
2022-01-21,95.388,96.102,94.127,94.501,33329843
2022-01-24,92.922,95.182,91.559,95.042,37364256
2022-01-25,93.389,94.893,91.853,94.108,28146277
2022-01-26,94.650,95.705,92.334,93.287,27631026
2022-01-27,94.062,94.837,91.849,92.456,23178664
2022-01-28,92.063,93.109,90.523,93.100,22967153
2022-01-31,92.474,94.174,92.259,94.071,12179902
2022-02-01,94.659,95.677,94.090,95.369,17200876
2022-02-02,95.248,96.228,94.855,96.032,14199143
2022-02-03,95.378,95.827,94.370,94.501,14007507
2022-02-04,93.978,94.407,92.708,93.483,16025205
2022-02-07,93.726,94.286,93.231,93.557,10452048
2022-02-08,93.800,94.678,93.427,94.491,10375756
2022-02-09,95.285,95.920,95.257,95.789,13166231
2022-02-10,94.659,95.957,93.735,94.220,15559955
2022-02-11,94.248,94.687,92.325,92.782,18726857
2022-02-14,92.913,93.170,91.699,92.437,15297367
2022-02-15,93.352,94.230,93.296,93.828,10542100
2022-02-16,93.576,94.650,93.343,94.323,8221671
2022-02-17,93.576,93.782,92.437,92.596,10912273
2022-02-18,92.428,93.128,91.531,91.830,11969702
2022-02-22,91.765,92.297,90.448,90.943,16809488
2022-02-23,91.335,91.484,89.127,89.271,16296266
2022-02-24,87.955,90.607,87.217,90.411,27356090
2022-02-25,90.625,92.876,90.579,92.568,13511693
2022-02-28,91.708,93.464,91.662,93.277,18309758
2022-03-01,92.941,93.529,91.288,91.886,21884754
2022-03-02,92.334,94.295,92.203,93.847,16881389
2022-03-03,94.538,94.790,93.539,93.950,14831360
2022-03-04,92.997,93.856,92.446,93.744,17167408
2022-03-07,93.445,94.122,91.204,91.232,16533896
2022-03-08,91.456,93.109,90.588,90.672,22316849
2022-03-09,92.269,93.016,91.895,92.315,18757368
2022-03-10,91.158,92.371,91.074,92.194,13317230
2022-03-11,92.726,93.296,91.400,91.456,10695295
2022-03-14,92.007,92.764,91.120,91.765,12988137
2022-03-15,92.605,93.408,92.045,93.221,11204810
2022-03-16,93.810,94.622,92.586,94.454,15840798
2022-03-17,93.847,95.715,93.847,95.668,10897914
2022-03-18,95.500,96.111,94.790,96.032,14921779
2022-03-21,95.807,96.604,95.643,96.248,10821413
2022-03-22,96.548,97.011,96.266,96.772,8292013
2022-03-23,96.370,96.566,95.826,95.845,10475497
2022-03-24,96.332,96.622,95.836,96.576,7698944
2022-03-25,96.782,97.213,96.351,97.175,7350294
2022-03-28,97.091,97.231,96.309,97.203,7940905
2022-03-29,97.840,98.159,97.152,98.103,12157505
2022-03-30,98.000,98.590,97.559,97.990,8731245
2022-03-31,97.737,98.337,96.463,96.482,9441929
2022-04-01,96.894,96.974,95.030,95.732,11182296
2022-04-04,95.545,95.681,94.430,95.611,10435799
2022-04-05,95.236,95.999,94.055,94.252,15332440
2022-04-06,93.465,93.788,92.884,93.521,15572410
2022-04-07,93.184,94.177,92.341,93.840,12381318
2022-04-08,93.690,94.149,93.100,93.315,12923243
2022-04-11,93.015,94.065,92.847,93.015,11246239
2022-04-12,93.297,94.210,92.463,92.866,11473782
2022-04-13,93.053,93.835,93.044,93.737,7661132
2022-04-14,94.037,94.543,93.615,93.634,8252406
2022-04-18,93.371,94.252,92.912,93.306,8701060
2022-04-19,93.615,95.133,93.568,95.002,10920149
2022-04-20,95.807,96.173,95.386,95.517,8622956
2022-04-21,96.463,96.613,94.318,94.543,11117182
2022-04-22,94.065,94.116,92.135,92.219,12030414
2022-04-25,91.685,92.360,90.116,92.219,16391124
2022-04-26,91.535,91.882,90.177,90.205,14593789
2022-04-27,90.158,91.357,89.736,90.542,13363061
2022-04-28,90.795,91.919,89.689,91.563,13461569
2022-04-29,91.423,91.891,88.959,89.137,15135409
2022-05-02,89.043,90.120,87.595,89.324,19101390
2022-05-03,89.511,90.505,89.137,89.914,13316026
2022-05-04,89.867,92.734,89.624,92.519,18468914
2022-05-05,91.629,92.079,89.380,90.102,24943686
2022-05-06,89.736,89.774,88.031,89.493,24153890
2022-05-09,88.453,88.799,86.968,87.328,21188688
2022-05-10,88.275,88.537,85.895,86.757,22934962
2022-05-11,86.691,88.200,85.829,85.970,21838621
2022-05-12,85.530,86.673,84.499,86.129,18517448
2022-05-13,86.897,87.722,86.335,87.225,12837810
2022-05-16,86.972,87.797,86.382,87.104,10861462
2022-05-17,88.509,89.212,87.764,89.080,9490472
2022-05-18,88.284,88.443,85.511,85.764,11172988
2022-05-19,84.864,86.082,84.021,84.996,14479999
2022-05-20,85.258,85.436,82.480,84.077,15695078
2022-05-23,84.893,85.665,84.471,85.455,11989090
2022-05-24,85.014,85.605,83.609,85.408,9916454
2022-05-25,85.127,86.232,84.827,85.904,9460097
2022-05-26,86.682,88.078,86.504,87.647,8028136
2022-05-27,88.340,89.465,88.228,89.446,8669562
2022-05-31,88.509,89.338,87.881,88.724,14498307
2022-06-01,89.249,89.465,87.460,88.181,8713683
2022-06-02,88.790,89.914,88.003,89.867,8432475
2022-06-03,89.062,89.755,88.959,89.521,6828753
2022-06-06,90.167,90.444,89.703,89.896,8334561
2022-06-07,89.099,91.198,88.799,91.104,7427670
2022-06-08,90.420,90.645,89.244,89.455,7028755
2022-06-09,89.080,89.436,87.694,87.694,6737824
2022-06-10,86.139,86.335,85.080,85.108,10416664
2022-06-13,83.431,83.553,82.035,82.550,18353268
2022-06-14,82.906,83.525,81.660,82.344,10512790
2022-06-15,82.991,84.134,81.857,83.141,13335167
2022-06-16,81.520,81.567,79.946,80.367,13500712
2022-06-17,80.274,80.958,79.234,80.161,14253473
2022-06-21,81.425,81.933,80.860,81.622,9161580
2022-06-22,80.474,81.825,80.314,81.171,11136961
2022-06-23,81.133,81.453,79.750,80.757,9744442
2022-06-24,81.528,83.589,81.491,83.580,9633944
2022-06-27,84.022,84.022,83.006,83.382,6361269
2022-06-28,83.937,84.878,82.342,82.413,6476262
2022-06-29,82.573,82.582,81.284,81.933,6818421
2022-06-30,80.935,82.545,80.559,82.187,8707348
2022-07-01,82.036,83.175,81.406,82.902,11717965
2022-07-05,81.509,81.698,80.239,81.660,10994546
2022-07-06,81.848,82.639,81.077,82.130,9781654
2022-07-07,82.704,83.307,82.159,83.100,5865557
2022-07-08,82.883,83.250,82.083,82.723,4912620
2022-07-11,82.243,82.723,81.980,82.168,7984977
2022-07-12,81.792,83.020,81.618,81.914,8018035
2022-07-13,80.606,81.604,80.399,80.917,9497669
2022-07-14,79.759,80.545,79.303,80.456,6825169
2022-07-15,81.585,81.839,80.728,81.716,7855588
2022-07-18,82.441,82.761,80.973,81.227,6280275
2022-07-19,81.895,84.271,81.876,84.125,7325147
2022-07-20,84.154,85.001,83.853,84.775,8260587
2022-07-21,84.530,85.405,84.201,85.386,5899262
2022-07-22,85.669,85.942,84.718,85.113,5969790
2022-07-25,85.208,85.763,84.690,85.518,6154853
2022-07-26,85.245,85.838,84.859,85.057,5522179
2022-07-27,85.612,86.798,85.048,86.374,8661555
2022-07-28,86.807,88.271,86.563,88.181,8668188
2022-07-29,88.209,90.185,88.209,89.997,9000633
2022-08-01,89.433,90.383,89.263,90.091,8599364
2022-08-02,89.753,90.251,88.967,89.141,10039931
2022-08-03,89.527,90.261,88.906,89.978,5509580
2022-08-04,89.997,90.571,89.790,90.308,5339291
2022-08-05,89.386,90.515,89.386,90.449,7857346
2022-08-08,91.155,91.409,90.185,90.421,5606027
2022-08-09,90.411,90.552,89.898,90.091,4397961
2022-08-10,91.522,92.359,91.319,92.067,5967004
2022-08-11,92.670,93.375,92.378,92.557,5711551
2022-08-12,92.980,93.978,92.651,93.949,7808155
2022-08-15,93.300,94.307,93.159,94.175,6558369
2022-08-16,93.724,95.013,93.724,94.599,5564199
2022-08-17,93.488,94.279,93.347,93.846,6578411
2022-08-18,94.015,94.359,93.691,94.222,7003420
2022-08-19,93.639,93.667,92.759,93.008,6891435
2022-08-22,91.870,92.011,91.117,91.239,5804756
2022-08-23,91.277,92.011,91.126,91.409,9874670
2022-08-24,91.503,91.983,91.324,91.710,6443780
2022-08-25,92.124,93.140,92.039,93.112,6045854
2022-08-26,93.291,93.338,89.818,89.884,8006167
2022-08-29,89.310,90.195,88.962,89.480,6386888
2022-08-30,89.677,89.800,87.819,88.191,9546674
2022-08-31,88.548,88.708,87.353,87.447,9683616
2022-09-01,86.873,87.626,86.497,87.569,8790053
2022-09-02,88.548,88.656,86.318,86.723,9839321
2022-09-06,86.760,87.292,86.111,86.864,11438640
2022-09-07,86.553,88.478,86.534,88.256,7934138
2022-09-08,87.720,88.553,87.165,88.520,6979522
2022-09-09,89.094,89.856,89.052,89.668,7440034
2022-09-12,90.185,90.665,89.734,90.204,5874020
2022-09-13,88.266,88.962,86.476,86.807,11236335
2022-09-14,86.760,87.024,85.556,86.638,8889119
2022-09-15,86.572,87.184,85.462,85.735,10685781
2022-09-16,83.815,84.323,83.222,83.947,19141355
2022-09-19,83.365,85.204,83.308,85.086,8455445
2022-09-20,84.452,84.509,83.327,84.027,6652517
2022-09-21,84.774,85.435,82.901,82.911,10846671
2022-09-22,82.712,82.835,81.540,81.663,8925684
2022-09-23,80.850,80.935,79.148,80.131,13831576
2022-09-26,79.885,80.566,78.930,79.290,9241612
2022-09-27,80.008,80.263,78.354,79.025,12179578
2022-09-28,79.365,81.209,79.110,80.765,11920112
2022-09-29,80.055,80.131,78.628,79.365,9357400
2022-09-30,79.138,79.847,78.240,78.325,8935651
2022-10-03,79.195,81.322,78.945,80.689,8612659
2022-10-04,81.918,83.516,81.918,83.497,9676136
2022-10-05,82.589,83.748,82.192,83.043,7055835
2022-10-06,82.618,83.232,81.880,82.088,8813313
2022-10-07,81.304,81.436,80.022,80.519,7415187
2022-10-10,81.190,81.625,80.122,80.802,7564257
2022-10-11,80.481,81.880,80.263,80.784,8661731
2022-10-12,80.736,81.110,80.112,80.150,6727367
2022-10-13,78.335,82.339,78.250,81.918,18956141
2022-10-14,82.495,82.637,79.951,80.122,9433052
2022-10-17,81.540,82.315,81.445,81.871,9541174
2022-10-18,83.639,84.064,82.675,83.847,10160563
2022-10-19,83.440,84.008,82.589,83.251,7705459
2022-10-20,83.005,83.497,81.474,81.616,8773288
2022-10-21,81.691,84.022,81.398,83.856,13148218
2022-10-24,84.452,85.289,84.216,84.972,9388681
2022-10-25,84.878,86.182,84.830,86.116,9807949
2022-10-26,86.901,87.657,86.107,86.419,10250443
2022-10-27,87.260,88.480,87.251,87.430,9223889
2022-10-28,87.610,89.539,87.383,89.463,9161737
2022-10-31,89.028,89.775,88.773,89.208,9144913
2022-11-01,89.870,89.983,88.565,89.123,9673189
2022-11-02,88.678,90.503,87.501,87.553,13884866
2022-11-03,86.665,89.265,86.609,88.470,13330964
2022-11-04,89.700,90.144,88.404,89.889,11497477
2022-11-07,90.295,90.995,89.723,90.853,8286935
2022-11-08,91.146,92.073,90.551,91.647,8951572
2022-11-09,91.099,91.714,90.253,90.371,9217726
2022-11-10,92.943,94.285,92.508,94.162,18633783
2022-11-11,94.389,94.777,93.718,94.106,9975360
2022-11-14,93.831,94.796,93.500,93.529,8854133
2022-11-15,94.541,94.720,93.359,94.172,10514104
2022-11-16,94.058,94.243,93.278,93.491,9612086
2022-11-17,92.290,93.368,91.808,93.330,8754393
2022-11-18,94.172,94.446,93.415,94.021,7661541
2022-11-21,93.775,94.607,93.746,94.323,7072582
2022-11-22,94.739,95.269,94.645,95.051,7470202
2022-11-23,95.165,95.770,95.094,95.410,5649134
2022-11-25,95.618,95.968,95.505,95.779,2665905
2022-11-28,95.354,95.439,93.737,94.039,7870228
2022-11-29,94.247,94.767,93.964,94.616,5563377
2022-11-30,94.597,96.195,93.548,96.176,18295432
2022-12-01,96.536,96.780,95.462,96.205,13848743
2022-12-02,95.174,97.093,95.174,96.753,10768068
2022-12-05,95.874,95.987,94.966,95.136,11070756
2022-12-06,95.354,95.401,93.297,94.011,8854732
2022-12-07,93.841,94.550,93.709,93.888,7173701
2022-12-08,94.229,95.023,94.106,94.446,6462406
2022-12-09,94.399,94.796,93.642,93.671,7208049
2022-12-12,93.888,95.306,93.813,95.278,7043316
2022-12-13,97.604,97.680,94.933,95.637,17589507
2022-12-14,95.751,96.706,94.909,95.458,10428901
2022-12-15,94.172,94.593,92.668,93.151,11588870
2022-12-16,92.271,92.947,91.841,92.754,17357140
2022-12-19,92.502,93.357,91.818,92.264,8814778
2022-12-20,92.065,92.977,91.960,92.378,9294162
2022-12-21,93.461,94.278,93.148,94.117,8220939
2022-12-22,93.471,93.547,91.485,92.920,11024801
2022-12-23,92.910,93.604,92.502,93.471,6142448
2022-12-27,93.613,94.221,93.252,93.756,5213773
2022-12-28,93.927,94.145,92.511,92.530,6803903
2022-12-29,92.958,93.955,92.882,93.670,8308994
2022-12-30,93.110,93.475,92.421,93.300,6874386
2023-01-03,93.841,93.993,92.635,93.499,11407708
2023-01-04,93.803,94.630,93.594,94.326,12235998
2023-01-05,93.794,94.012,93.053,93.309,9649569
2023-01-06,94.250,96.131,94.079,95.865,16270435
2023-01-09,96.102,96.962,95.309,95.437,12846692
2023-01-10,95.124,96.017,95.067,95.960,9166198
2023-01-11,96.520,96.900,95.983,96.881,7395403
2023-01-12,97.233,97.831,96.416,97.451,9883217
2023-01-13,96.625,97.413,96.378,97.337,14206882
2023-01-17,97.280,97.413,96.406,96.511,9275086
2023-01-18,96.843,97.057,94.639,94.696,15025986
2023-01-19,94.117,94.354,92.739,92.749,17155790
2023-01-20,92.825,94.069,92.445,94.041,12816602
2023-01-23,94.335,95.580,93.931,95.067,11113556
2023-01-24,94.535,95.974,94.041,95.694,11341177
2023-01-25,94.649,95.413,93.855,95.162,11728321
2023-01-26,95.836,95.836,94.497,95.684,14985518
2023-01-27,95.475,96.534,95.399,96.083,14187326
2023-01-30,95.485,96.416,95.062,95.143,10057928
2023-01-31,95.428,96.786,95.086,96.758,10367547
2023-02-01,96.368,98.159,95.931,97.461,16673662
2023-02-02,97.822,98.791,97.214,98.221,13459841
2023-02-03,97.584,98.515,97.451,97.708,13567815
2023-02-06,97.233,97.842,97.076,97.470,10260898
2023-02-07,97.185,98.026,96.188,97.774,10946134
2023-02-08,97.271,97.689,96.900,97.223,7429670
2023-02-09,97.698,97.926,96.078,96.349,8882518
2023-02-10,96.131,97.109,96.026,97.033,7710516
2023-02-13,97.223,97.974,97.052,97.917,5781413
2023-02-14,97.575,98.097,96.639,97.651,7722300
2023-02-15,97.109,98.282,96.919,98.259,6005678
2023-02-16,96.995,97.983,96.819,97.242,8838672
2023-02-17,97.176,97.936,96.796,97.879,8778990
2023-02-21,97.147,97.451,95.542,95.637,9805042
2023-02-22,95.722,96.188,95.000,95.399,8867098
2023-02-23,95.884,96.425,94.829,95.846,8995627
2023-02-24,94.858,95.447,94.430,95.295,9288384
2023-02-27,96.444,96.872,95.922,96.140,8677659
2023-02-28,96.017,96.520,95.827,95.922,10854248
2023-03-01,95.836,96.805,95.660,96.302,10365100
2023-03-02,95.722,97.617,95.722,97.432,10570469
2023-03-03,97.822,98.648,97.271,98.487,12097384
2023-03-06,98.553,98.971,98.164,98.306,9714963
2023-03-07,98.316,98.458,96.967,97.043,11034151
2023-03-08,97.119,97.508,96.568,97.271,11508799
2023-03-09,97.822,98.135,95.694,95.836,11018125
2023-03-10,95.684,96.169,93.751,94.050,27405284
2023-03-13,93.091,94.392,92.711,93.518,28616509
2023-03-14,94.715,95.466,93.404,94.506,15383970
2023-03-15,92.787,92.929,90.720,92.179,34251561
2023-03-16,91.580,93.642,91.324,93.366,24109997
2023-03-17,92.958,93.119,91.400,91.837,23170159
2023-03-20,92.252,93.282,92.252,93.053,14476374
2023-03-21,94.140,94.522,93.644,94.131,11495161
2023-03-22,94.102,94.570,92.290,92.328,14178362
2023-03-23,92.471,93.625,91.489,92.061,15857521
2023-03-24,91.374,92.509,90.802,92.442,15993229
2023-03-27,93.186,93.530,92.605,93.215,7668573
2023-03-28,93.034,94.064,93.034,93.692,9909054
2023-03-29,94.541,95.104,94.360,95.056,9387900
2023-03-30,95.524,95.714,94.951,95.256,8160225
2023-03-31,95.819,96.573,95.619,96.516,12006462
2023-04-03,96.306,97.078,95.991,96.687,11174147
2023-04-04,96.745,96.745,94.169,94.522,18801870
2023-04-05,94.035,94.455,93.005,93.291,16606921
2023-04-06,93.320,93.644,92.853,93.263,10886017
2023-04-10,92.900,94.131,92.900,94.112,10568933
2023-04-11,94.388,95.113,94.312,94.675,9753250
2023-04-12,95.190,95.552,94.732,94.989,11277162
2023-04-13,95.028,95.524,94.016,95.342,12289364
2023-04-14,95.018,95.752,94.665,95.228,9254961
2023-04-17,95.466,96.005,95.333,95.981,8007231
2023-04-18,96.449,97.012,96.086,96.439,9924810
2023-04-19,96.096,96.525,95.934,96.363,7734385
2023-04-20,95.800,96.563,95.800,96.191,9265132
2023-04-21,96.363,96.506,95.600,95.972,10668592
2023-04-24,95.972,96.535,95.814,96.201,6942092
2023-04-25,95.628,95.667,94.360,94.427,12306936
2023-04-26,93.816,94.064,92.452,92.643,16058811
2023-04-27,92.919,94.584,92.776,94.474,14421565
2023-04-28,94.360,95.543,94.360,95.390,10717185
2023-05-01,95.400,96.449,95.390,95.905,8551052
2023-05-02,95.562,95.733,93.826,94.904,12240502
2023-05-03,95.218,95.876,94.469,94.541,13371646
2023-05-04,94.446,94.641,92.996,93.511,15150060
2023-05-05,94.369,95.209,94.250,94.923,9231340
2023-05-08,95.295,95.457,94.236,94.579,7610199
2023-05-09,94.350,94.932,94.159,94.789,8068090
2023-05-10,95.390,95.504,93.368,94.446,12580503
2023-05-11,93.950,94.074,93.344,93.873,11573818
2023-05-12,94.283,94.574,93.239,93.940,8619981
2023-05-15,93.902,94.718,93.568,94.398,8433593
2023-05-16,93.950,94.045,93.120,93.120,9416185
2023-05-17,93.702,95.023,93.654,94.722,12387385
2023-05-18,94.570,95.562,94.298,95.409,10834877
2023-05-19,96.144,96.234,94.694,95.180,10028252
2023-05-22,95.218,95.752,94.388,95.161,9038745
2023-05-23,94.741,95.008,93.849,94.016,11744727
2023-05-24,93.740,93.764,92.671,92.805,11654874
2023-05-25,92.872,93.339,92.276,93.110,14259326
2023-05-26,93.387,94.169,93.272,93.807,10790508
2023-05-30,93.940,94.169,93.196,93.663,9828302
2023-05-31,93.301,93.435,92.075,92.385,13021510
2023-06-01,92.605,93.778,92.291,93.568,12573724
2023-06-02,94.551,96.573,94.493,96.287,21451290
2023-06-05,96.487,96.268,95.495,95.619,10667738
2023-06-06,95.390,96.373,95.304,96.220,10509541
2023-06-07,96.277,97.832,95.943,97.765,13384323
2023-06-08,97.594,98.161,97.136,97.937,10074643
2023-06-09,97.956,98.023,97.040,97.679,9870982
2023-06-12,97.775,98.547,97.412,98.376,9906935
2023-06-13,98.557,99.601,98.433,99.520,14474163
2023-06-14,99.797,100.035,98.819,99.253,14953607
2023-06-15,99.215,100.946,99.158,100.751,12776557
2023-06-16,101.066,101.686,100.431,100.589,14448993
2023-06-20,99.946,100.233,99.448,99.840,9527540
2023-06-21,99.323,100.678,99.112,100.396,12206164
2023-06-22,100.013,100.128,99.495,99.668,11641830
2023-06-23,98.806,99.294,98.552,98.911,11246245
2023-06-26,98.873,99.926,98.748,99.735,7639179
2023-06-27,99.946,101.047,99.773,100.932,8210160
2023-06-28,100.961,101.128,100.582,100.932,7866645
2023-06-29,100.817,101.938,100.740,101.909,10236142
2023-06-30,102.531,103.068,102.091,102.780,11431351
2023-07-03,102.388,103.001,101.962,102.800,6786819
2023-07-05,102.167,102.589,101.909,102.244,9504777
2023-07-06,101.440,101.794,100.884,101.478,11209510
2023-07-07,101.181,102.685,101.152,101.708,9359547
2023-07-10,101.736,103.154,101.727,103.154,11765374
2023-07-11,103.393,104.523,103.365,104.370,10283418
2023-07-12,105.213,105.232,104.073,104.188,13492924
2023-07-13,104.284,104.562,103.891,104.322,8964851
2023-07-14,104.246,104.284,103.484,104.016,9288269
2023-07-17,103.834,104.753,103.594,104.408,6517827
2023-07-18,104.456,105.347,104.408,104.993,8098214
2023-07-19,104.744,105.251,104.322,104.945,8563479
2023-07-20,105.117,105.677,104.744,105.414,10643896
2023-07-21,105.299,105.529,104.897,104.916,8993437
2023-07-24,104.878,105.495,104.811,105.155,6754882
2023-07-25,104.207,105.103,103.997,105.021,8768435
2023-07-26,105.385,105.864,105.222,105.759,10555284
2023-07-27,105.797,105.797,104.576,104.849,11837837
2023-07-28,105.682,105.701,105.098,105.500,7466858
2023-07-31,105.634,105.912,105.342,105.749,6587320
2023-08-01,105.577,106.420,105.404,106.065,9004496
2023-08-02,105.462,105.922,104.772,104.954,9906031
2023-08-03,104.571,104.820,104.131,104.294,7991777
2023-08-04,104.696,104.772,103.499,103.661,10631148
2023-08-07,104.054,105.079,104.006,104.935,8462591
2023-08-08,104.294,104.657,103.585,104.456,7669054
2023-08-09,104.466,104.868,104.006,104.399,7881704
2023-08-10,104.543,105.299,103.877,104.112,7259255
2023-08-11,103.891,104.547,103.834,104.284,5720489
2023-08-14,104.207,104.380,103.910,104.322,6113073
2023-08-15,103.642,103.757,102.871,102.991,6911664
2023-08-16,102.800,103.623,102.330,102.416,10281134
2023-08-17,102.780,102.953,101.521,101.555,10867832
2023-08-18,100.961,102.072,100.894,101.746,10763929
2023-08-21,101.727,101.947,100.903,101.622,6464708
2023-08-22,101.938,102.187,101.143,101.382,8152808
2023-08-23,101.382,102.541,101.382,102.426,7643256
2023-08-24,102.033,102.756,101.143,101.181,9483808
2023-08-25,101.708,102.388,100.855,102.033,13142477
2023-08-28,102.531,103.207,102.493,102.867,7673900
2023-08-29,102.790,103.705,102.483,103.652,9326470
2023-08-30,103.776,104.465,103.700,104.121,7849616
2023-08-31,104.294,104.533,103.633,103.652,5593457
2023-09-01,104.370,104.519,103.762,104.198,7034227
2023-09-05,104.016,104.040,102.407,102.445,8452439
2023-09-06,102.148,102.771,101.430,102.005,8586633
2023-09-07,101.622,102.105,101.037,101.669,7561221
2023-09-08,101.708,101.832,100.946,101.162,6829536
2023-09-11,101.411,101.612,100.635,101.191,6308003
2023-09-12,100.673,101.392,100.568,100.827,8099496
2023-09-13,100.693,101.018,99.697,100.156,10646114
2023-09-14,100.769,101.162,100.549,101.143,10123899
2023-09-15,100.760,101.181,100.271,100.559,11446141
2023-09-18,100.555,101.247,100.343,100.670,6446704
2023-09-19,100.420,100.583,99.521,100.247,7360657
2023-09-20,100.824,101.285,99.795,99.853,8289916
2023-09-21,99.487,99.526,98.179,98.218,8931413
2023-09-22,98.035,98.506,97.833,97.881,10971237
2023-09-25,97.458,98.410,97.425,98.372,7355703
2023-09-26,97.737,98.045,96.756,96.872,11490558
2023-09-27,97.458,97.896,96.824,97.593,12676669
2023-09-28,97.525,98.689,97.396,98.006,9804841
2023-09-29,98.602,98.689,97.160,97.487,11042003
2023-10-02,97.208,97.477,96.093,96.535,11079233
2023-10-03,96.198,96.910,95.463,95.862,12055516
2023-10-04,95.833,96.343,95.112,96.170,11394488
2023-10-05,96.035,96.285,95.208,95.602,10336350
2023-10-06,95.237,97.468,94.900,96.910,13842696
2023-10-09,97.285,98.545,97.102,98.429,11059733
2023-10-10,98.824,99.607,98.429,99.026,9658289
2023-10-11,99.285,99.670,98.843,99.622,7806551
2023-10-12,99.929,99.929,97.963,98.718,8102173
2023-10-13,98.824,99.189,97.410,97.843,9605414
2023-10-16,98.727,99.425,98.352,98.881,8344074
2023-10-17,98.439,99.833,98.401,99.189,10707202
2023-10-18,98.535,98.583,96.631,96.795,13582698
2023-10-19,96.987,97.554,95.698,95.900,12535101
2023-10-20,96.006,96.198,94.871,94.910,13641093
2023-10-23,94.766,95.795,94.420,94.468,12076901
2023-10-24,95.670,95.828,94.746,95.179,9324414
2023-10-25,95.035,95.121,93.915,93.958,10996003
2023-10-26,94.016,94.679,93.506,93.564,15387378
2023-10-27,93.612,93.766,92.424,92.737,13062062
2023-10-30,93.352,94.205,92.996,93.891,11242837
2023-10-31,93.679,94.688,93.535,94.583,10540279
2023-11-01,94.679,95.078,94.035,94.891,14715342
2023-11-02,95.939,96.939,95.727,96.843,10739783
2023-11-03,97.727,98.227,97.650,97.699,10001212
2023-11-06,97.775,97.824,96.977,97.439,6899395
2023-11-07,96.775,97.348,96.540,97.199,7244512
2023-11-08,97.410,97.727,97.025,97.420,7494226
2023-11-09,98.035,98.194,97.025,97.208,12232889
2023-11-10,97.747,98.713,97.400,98.612,9576284
2023-11-13,98.381,98.920,98.208,98.699,6598125
2023-11-14,99.901,101.079,99.901,100.680,12872960
2023-11-15,100.958,101.660,100.814,100.891,8516339
2023-11-16,100.997,101.468,100.502,100.910,8611090
2023-11-17,101.420,101.593,101.103,101.555,8034836
2023-11-20,101.449,102.132,101.026,101.862,7339115
2023-11-21,101.699,101.973,101.362,101.785,7676531
2023-11-22,101.757,102.319,101.555,102.007,9059705
2023-11-24,102.045,102.449,101.997,102.257,4439216
2023-11-27,101.930,102.016,101.526,101.680,9157922
2023-11-28,101.824,102.290,101.295,101.439,7975998
2023-11-29,102.007,102.329,101.622,101.824,9101395
2023-11-30,102.016,102.997,101.699,102.939,14101564
2023-12-01,103.035,104.632,102.959,104.564,13279848
2023-12-04,103.747,104.786,103.747,104.737,11010881
2023-12-05,104.295,104.459,103.752,103.891,10056343
2023-12-06,104.362,104.978,104.189,104.353,8336286
2023-12-07,104.584,104.752,104.151,104.449,8457594
2023-12-08,104.487,105.286,104.449,104.776,7150079
2023-12-11,105.045,105.901,104.987,105.776,9380234
2023-12-12,105.930,106.473,105.584,106.257,6524590
2023-12-13,106.257,107.637,105.699,107.440,12976840
2023-12-14,108.180,109.084,108.031,108.824,15473907
2023-12-15,108.565,109.026,108.152,108.680,13801076
2023-12-18,108.950,109.023,108.559,108.680,6977243
2023-12-19,108.989,109.637,108.921,109.521,5249451
2023-12-20,108.738,109.632,107.684,107.751,8329723
2023-12-21,108.515,108.907,108.022,108.863,6962110
2023-12-22,109.086,109.767,108.950,109.385,5500229
2023-12-26,109.472,110.415,109.308,110.159,5181566
2023-12-27,110.140,110.584,109.951,110.323,5894109
2023-12-28,110.198,110.584,110.053,110.352,8240788
2023-12-29,110.207,110.613,109.753,110.217,7936472
2024-01-02,109.482,110.169,108.767,109.105,8558812
2024-01-03,108.506,108.699,107.413,107.481,18631231
2024-01-04,107.674,108.520,107.548,107.616,10716007
2024-01-05,107.539,108.235,107.355,107.742,7888165
2024-01-08,107.452,108.448,106.973,108.448,10856070
2024-01-09,107.713,108.235,107.316,108.109,8452236
2024-01-10,108.128,108.796,108.027,108.660,9109285
2024-01-11,108.689,108.844,107.519,108.409,9081734
2024-01-12,108.776,109.013,107.974,108.399,6630984
2024-01-16,107.858,107.945,106.944,107.307,10834163
2024-01-17,106.543,107.268,106.311,106.581,7604700
2024-01-18,106.978,108.191,106.838,108.022,9060563
2024-01-19,108.273,109.008,107.423,108.728,10355673
2024-01-22,109.105,109.850,109.105,109.569,9913128
2024-01-23,109.598,109.951,109.008,109.482,10275272
2024-01-24,109.927,109.946,108.747,108.805,9638754
2024-01-25,109.347,109.869,109.066,109.850,9899014
2024-01-26,109.966,110.333,109.366,109.675,7031104
2024-01-29,109.569,110.401,109.424,110.391,5849927
2024-01-30,109.608,110.584,109.608,110.430,8300023
2024-01-31,110.352,110.555,109.129,109.153,14462350
2024-02-01,109.840,111.034,109.240,111.010,13946124
2024-02-02,110.778,112.238,110.352,111.754,12830173
2024-02-05,111.310,111.542,110.517,111.145,9536697
2024-02-06,111.281,112.199,111.019,112.141,8722946
2024-02-07,112.518,113.224,112.465,112.886,7557092
2024-02-08,113.156,113.219,112.441,112.905,8532405
2024-02-09,113.060,113.089,112.446,113.079,10106029
2024-02-12,113.011,113.548,112.905,113.243,8383277
2024-02-13,112.267,112.296,111.281,112.083,14254175
2024-02-14,112.944,114.002,112.813,113.959,11889523
2024-02-15,114.094,114.873,113.930,114.810,11644333
2024-02-16,114.549,114.926,113.998,114.123,8740981
2024-02-20,113.727,114.133,113.495,113.765,7392099
2024-02-21,113.785,114.268,113.461,114.220,8873136
2024-02-22,114.887,115.844,114.810,115.632,10604355
2024-02-23,115.893,116.492,115.796,116.241,8757428
2024-02-26,116.231,116.492,115.941,116.067,7951384
2024-02-27,116.318,116.357,115.752,116.241,6275518
2024-02-28,116.125,116.937,116.023,116.637,8324040
2024-02-29,116.995,117.256,116.424,116.995,9662140
2024-03-01,116.956,117.565,116.618,117.498,10782475
2024-03-04,117.498,118.257,117.498,117.923,11886583
2024-03-05,117.662,117.981,116.463,116.956,11999053
2024-03-06,117.420,118.223,117.290,117.565,8644890
2024-03-07,118.320,118.668,118.025,118.513,7936776
2024-03-08,118.793,119.412,117.918,118.252,10157147
2024-03-11,117.884,118.136,116.816,117.643,9179266
2024-03-12,117.633,118.279,117.092,118.165,9125439
2024-03-13,117.981,118.750,117.981,118.484,8009280
2024-03-14,118.668,118.793,117.203,117.981,9684849
2024-03-15,117.507,118.474,117.449,118.000,10739945
2024-03-18,118.425,118.696,118.076,118.211,7178846
2024-03-19,118.260,119.240,118.192,119.230,8842389
2024-03-20,119.075,120.840,118.949,120.665,10400920
2024-03-21,121.228,122.149,121.029,121.858,9965069
2024-03-22,122.207,122.300,121.407,121.441,6771120
2024-03-25,121.412,121.499,120.578,120.656,7658197
2024-03-26,120.656,120.976,120.166,120.219,7292864
2024-03-27,120.995,122.159,120.927,122.149,7162947
2024-03-28,122.304,122.489,121.936,122.169,7287003
2024-04-01,122.295,122.363,121.150,121.228,6905416
2024-04-02,120.743,121.141,120.413,120.665,11049425
2024-04-03,120.578,121.621,120.578,121.286,7589921
2024-04-04,122.081,122.586,119.860,120.219,10659802
2024-04-05,120.607,122.203,120.549,121.887,10718638
2024-04-08,122.062,122.266,121.587,121.674,6096168
2024-04-09,121.839,122.169,120.001,121.393,9042275
2024-04-10,119.889,120.723,119.472,120.355,14119552
2024-04-11,120.413,120.980,119.496,120.491,8228823
2024-04-12,119.734,120.161,118.696,119.201,11604276
2024-04-15,120.830,121.005,117.988,118.347,10374512
2024-04-16,118.308,118.638,117.474,118.076,11046171
2024-04-17,118.735,118.764,116.737,117.465,11084186
2024-04-18,118.027,118.507,116.878,117.057,9195781
2024-04-19,117.309,117.959,116.553,116.844,10832189
2024-04-22,117.552,118.507,116.999,117.726,10484898
2024-04-23,118.561,119.526,118.386,119.366,9869962
2024-04-24,119.259,119.472,117.421,118.415,11063926
2024-04-25,117.756,119.055,116.970,118.774,10321245
2024-04-26,118.473,119.327,118.454,118.968,6958081
2024-04-29,119.210,119.870,119.167,119.763,6339754
2024-04-30,119.589,119.763,117.814,117.862,15476006
2024-05-01,117.678,119.147,117.280,117.571,15569516
2024-05-02,118.134,118.478,116.931,118.250,11999709
2024-05-03,119.366,119.501,118.522,119.075,9068460
2024-05-06,119.860,120.369,119.754,120.277,7157439
2024-05-07,120.500,120.956,120.297,120.607,5244265
2024-05-08,119.889,120.767,119.870,120.607,5062545
2024-05-09,120.840,121.810,120.704,121.810,6681974
2024-05-10,122.343,122.421,121.664,121.897,6081265
2024-05-13,122.169,122.304,121.315,121.383,5946868
2024-05-14,121.616,121.829,121.087,121.354,5105853
2024-05-15,121.994,122.232,121.776,122.149,8404115
2024-05-16,121.936,122.169,121.373,121.422,7135961
2024-05-17,121.519,121.703,120.956,121.558,5714068
2024-05-20,121.587,122.236,121.470,121.790,4337686
2024-05-21,121.567,121.587,121.077,121.393,6010008
2024-05-22,121.208,121.849,120.879,121.538,7910476
2024-05-23,121.829,121.897,119.875,120.103,9078387
2024-05-24,120.559,120.976,120.059,120.714,7556872
2024-05-28,120.665,120.665,118.837,119.240,8525837
2024-05-29,118.231,118.318,117.455,117.552,16725409
2024-05-30,117.707,118.439,117.678,118.357,7816700
2024-05-31,118.638,119.841,117.678,119.792,9703498
2024-06-03,120.180,120.229,117.232,118.328,15241012
2024-06-04,118.085,118.551,117.368,118.037,10061456
2024-06-05,118.483,119.244,117.785,119.230,8666035
2024-06-06,119.094,119.385,118.051,118.522,6523878
2024-06-07,118.221,119.433,117.920,118.648,7036253
2024-06-10,118.473,119.181,118.415,119.016,6642646
2024-06-11,118.376,118.493,117.552,118.337,11216986
2024-06-12,119.433,120.156,118.939,119.463,11106940
2024-06-13,119.298,119.366,117.688,118.696,8056073
2024-06-14,117.678,117.678,116.058,117.503,15315753
2024-06-17,117.096,118.992,116.912,118.803,12522104
2024-06-18,118.774,119.453,118.546,119.443,8176569
2024-06-20,119.307,119.841,119.041,119.521,6350738
2024-06-21,119.501,119.569,118.250,119.269,8231075
2024-06-24,119.587,120.876,119.324,119.772,8650688
2024-06-25,119.674,119.674,118.190,118.750,11365647
2024-06-26,118.594,118.614,117.962,118.429,7350500
2024-06-27,118.545,118.774,118.127,118.555,4804094
2024-06-28,118.886,119.665,118.030,118.604,9796383
2024-07-01,119.159,119.402,117.066,117.329,10008559
2024-07-02,117.154,118.010,117.066,117.971,6789098
2024-07-03,118.108,118.828,117.903,118.400,5467693
2024-07-05,118.370,118.370,117.022,117.971,6367106
2024-07-08,118.302,118.935,117.757,118.117,7405651
2024-07-09,118.176,118.356,117.567,117.601,4617857
2024-07-10,117.767,118.687,117.524,118.653,6930874
2024-07-11,118.964,120.589,118.789,120.161,11119824
2024-07-12,120.852,121.558,120.549,120.852,10565175
2024-07-15,121.212,122.292,120.949,121.718,9680754
2024-07-16,122.078,124.871,122.064,124.755,15501435
2024-07-17,124.210,124.472,123.129,123.158,14511177
2024-07-18,123.149,124.385,122.020,122.195,9267893
2024-07-19,122.467,122.721,121.251,121.523,9955265
2024-07-22,122.098,122.847,121.144,122.759,8335023
2024-07-23,122.146,123.197,122.078,122.526,9433055
2024-07-24,121.922,122.166,119.767,119.889,11370794
2024-07-25,120.044,122.721,119.733,120.852,14738964
2024-07-26,122.234,123.776,122.030,122.915,10620823
2024-07-29,123.304,123.304,122.312,122.701,8946624
2024-07-30,123.227,123.927,122.560,123.061,7811181
2024-07-31,124.492,125.616,123.879,124.433,10947569
2024-08-01,124.122,125.115,121.382,122.127,17283232
2024-08-02,120.803,121.017,118.312,119.441,16916329
2024-08-05,117.154,118.575,115.971,117.368,20011986
2024-08-06,118.059,120.463,117.543,118.779,13732555
2024-08-07,119.898,120.901,118.137,118.205,8307803
2024-08-08,119.081,121.017,119.061,120.930,7976768
2024-08-09,120.774,121.193,119.704,120.949,5891407
2024-08-12,120.959,121.144,119.942,120.336,5733417
2024-08-13,120.901,121.699,120.034,121.601,7808313
2024-08-14,121.562,122.312,121.489,122.098,5506399
2024-08-15,123.256,124.093,122.915,123.742,5717499
2024-08-16,123.587,123.918,123.022,123.567,5448648
2024-08-19,123.674,124.355,123.538,124.317,3483000
2024-08-20,124.258,124.424,123.601,123.976,6443293
2024-08-21,124.268,124.939,124.122,124.725,4989374
2024-08-22,124.939,125.222,124.175,124.570,6355618
2024-08-23,124.998,126.107,124.755,125.815,5887991
2024-08-26,126.088,126.516,125.416,125.679,6226603
2024-08-27,125.494,125.820,125.066,125.757,4000997
2024-08-28,125.815,126.467,125.066,125.699,4336432
2024-08-29,126.282,127.684,125.640,126.584,8226169
2024-08-30,127.032,128.063,126.117,127.937,8348075
2024-09-03,127.304,127.509,124.623,125.105,9332550
2024-09-04,125.027,125.990,124.755,125.231,7809778
2024-09-05,124.969,125.115,123.076,123.772,8044545
2024-09-06,123.927,124.832,122.273,122.516,9567351
2024-09-09,123.557,124.891,123.519,124.394,7283338
2024-09-10,124.881,124.881,123.562,124.609,6270232
2024-09-11,124.307,124.988,121.757,124.832,7969929
2024-09-12,124.862,125.806,124.171,125.796,7012604
2024-09-13,126.341,127.548,126.088,127.071,7913827
2024-09-16,127.625,128.492,126.954,127.723,6400819
2024-09-17,127.976,128.879,127.698,128.423,7820720
2024-09-18,128.628,130.088,128.122,128.316,9191596
2024-09-19,130.419,130.769,129.406,130.526,8957842
2024-09-20,129.513,129.878,128.891,129.611,10907553
2024-09-23,130.115,130.696,129.627,130.486,8284047
2024-09-24,130.847,131.462,130.545,131.423,7507910
2024-09-25,131.824,131.960,130.711,130.808,4422410
2024-09-26,131.873,132.273,131.292,131.462,6620703
2024-09-27,131.863,132.497,131.443,131.648,5859384
2024-09-30,131.648,132.366,130.877,132.244,5321281
2024-10-01,132.175,132.942,131.121,132.312,9398639
2024-10-02,132.068,132.576,131.511,132.068,5189889
2024-10-03,131.687,132.068,130.906,131.394,6361414
2024-10-04,132.429,132.712,131.101,132.312,5797673
2024-10-07,131.658,132.532,131.336,131.990,5737838
2024-10-08,132.497,132.693,131.775,132.283,4980573
2024-10-09,132.292,133.552,132.107,133.464,5064881
2024-10-10,132.937,133.147,132.331,132.781,5495633
2024-10-11,133.269,135.202,133.269,135.153,8764835
2024-10-14,135.124,136.032,134.597,135.964,6817631
2024-10-15,136.110,136.471,134.802,134.919,7808900
2024-10-16,135.134,136.257,135.070,135.964,8207845
2024-10-17,135.983,136.179,135.329,135.573,5065108
2024-10-18,135.925,136.042,135.163,135.983,4782065
2024-10-21,135.964,136.159,134.958,135.505,5216679
2024-10-22,134.909,135.012,133.171,133.864,8579700
2024-10-23,133.728,134.299,132.790,133.474,8480719
2024-10-24,133.269,133.269,132.175,132.556,6720484
2024-10-25,133.161,133.523,131.931,132.205,6399716
2024-10-28,132.869,133.181,132.556,132.595,7132173
2024-10-29,132.195,132.932,131.414,132.419,11192611
2024-10-30,131.834,132.908,131.609,132.195,10469056
2024-10-31,131.150,131.492,130.262,130.672,16640117
2024-11-01,131.336,132.048,130.813,130.847,7482335
2024-11-04,130.984,131.692,130.340,130.701,6744634
2024-11-05,131.160,132.917,130.828,132.888,7469389
2024-11-06,137.350,138.336,135.886,138.092,17738786
2024-11-07,138.483,138.541,137.077,137.262,10062802
2024-11-08,137.663,139.161,137.399,138.737,8270291
2024-11-11,139.518,140.323,139.489,139.811,8236970
2024-11-12,140.143,140.279,138.043,138.610,7161103
2024-11-13,138.756,139.684,138.717,138.903,6033427
2024-11-14,138.766,138.951,136.408,136.559,9977368
2024-11-15,136.081,136.901,135.476,135.827,6628806
2024-11-18,135.807,136.198,135.310,135.641,6414204
2024-11-19,134.802,135.876,134.567,135.524,5555054
2024-11-20,135.847,135.993,134.676,135.671,6527692
2024-11-21,136.325,137.848,135.798,137.370,9677406
2024-11-22,137.731,139.323,137.604,139.283,7924330
2024-11-25,139.996,140.533,139.542,140.152,7411720
2024-11-26,139.986,140.567,139.459,140.318,6524874
2024-11-27,140.748,141.100,139.762,139.801,5561250
2024-11-29,140.016,140.855,140.016,140.592,3091515
2024-12-02,140.504,140.709,139.371,139.557,6217462
2024-12-03,139.606,139.840,138.214,138.678,4528073
2024-12-04,138.698,139.293,138.317,139.283,5727725
2024-12-05,139.283,139.401,137.560,137.594,5233992
2024-12-06,138.004,138.322,137.018,137.243,5432813
2024-12-09,137.272,137.428,135.978,136.052,7434370
2024-12-10,135.886,136.227,134.929,135.720,7382815
2024-12-11,136.423,136.628,135.349,135.407,6168901
2024-12-12,135.476,135.671,134.474,134.538,7081577
2024-12-13,134.694,134.836,134.050,134.187,6709920
2024-12-16,134.333,134.802,133.874,134.304,6573467
2024-12-17,133.728,134.030,132.756,133.074,6861679
2024-12-18,133.259,133.557,129.227,129.314,13428143
2024-12-19,129.939,130.886,129.100,129.148,12507788
2024-12-20,129.021,131.628,128.699,130.662,11849876
2024-12-23,130.503,130.832,129.546,130.631,8022266
2024-12-24,130.493,131.705,130.248,131.651,2972912
2024-12-26,131.347,132.073,131.013,131.749,4749605
2024-12-27,130.994,131.749,130.008,130.768,6060009
2024-12-30,129.345,130.057,128.197,129.453,8725559
2024-12-31,129.855,130.052,128.904,129.296,6010140
2025-01-02,130.248,130.464,128.266,128.845,7227799
2025-01-03,129.296,130.513,128.874,130.238,7676135
2025-01-06,130.905,131.322,129.713,129.954,6899931
2025-01-07,130.248,130.670,129.384,129.826,6841232
2025-01-08,129.581,130.464,128.791,130.336,8277709
2025-01-10,129.659,129.777,128.599,128.874,9997303
2025-01-13,128.148,130.464,128.006,130.385,8365618
2025-01-14,131.308,132.122,130.719,131.926,6746834
2025-01-15,133.879,134.085,132.520,132.760,9184173
2025-01-16,133.123,134.566,132.976,134.369,6556511
2025-01-17,135.233,135.679,134.642,135.174,6869566
2025-01-21,136.361,137.951,136.361,137.951,12177718
2025-01-22,138.383,138.530,137.564,137.627,7206044
2025-01-23,138.501,139.244,137.932,139.021,7353419
2025-01-24,138.952,138.996,138.157,138.432,6457675
2025-01-27,136.332,136.901,135.905,136.577,10909294
2025-01-28,136.901,137.019,135.272,135.675,8900229
2025-01-29,135.763,136.626,135.135,135.213,9101061
2025-01-30,135.017,136.975,135.017,136.725,8169865
2025-01-31,136.685,137.127,135.606,135.763,10145762
2025-02-03,133.388,135.390,132.799,134.418,13906841
2025-02-04,134.546,135.174,134.163,134.458,7577294
2025-02-05,134.929,135.164,133.609,134.556,8179152
2025-02-06,134.821,135.302,134.232,135.164,7368336
2025-02-07,135.782,135.954,134.487,134.762,10408865
2025-02-10,135.635,136.018,135.056,135.969,5446353
2025-02-11,135.518,136.087,135.125,136.018,5787806
2025-02-12,134.075,135.655,133.859,135.174,7694533
2025-02-13,135.164,135.665,134.742,135.311,8539145
2025-02-14,135.498,135.665,134.816,134.978,5800023
2025-02-18,135.439,136.293,135.302,136.038,7227047
2025-02-19,135.704,136.479,135.488,136.175,9454236
2025-02-20,136.018,136.038,134.312,135.282,9306742
2025-02-21,135.419,135.419,131.798,132.318,14561321
2025-02-24,132.829,133.064,131.543,131.720,10876120
2025-02-25,131.730,132.868,130.994,132.397,9898767
2025-02-26,133.074,133.810,132.304,132.476,8330405
2025-02-27,132.780,133.879,131.838,132.014,9624632
2025-02-28,132.377,133.903,131.730,133.781,9887953
2025-03-03,134.556,135.066,131.171,131.877,12682993
2025-03-04,130.425,131.494,128.344,129.306,15191387
2025-03-05,129.767,131.887,129.630,131.347,12117571
2025-03-06,129.993,131.102,129.276,130.219,12029093
2025-03-07,129.483,132.083,129.070,131.740,17504512
2025-03-10,130.062,131.573,128.648,129.679,15124156
2025-03-11,129.384,129.551,127.000,127.687,13177113
2025-03-12,128.855,129.031,126.578,127.677,12728289
2025-03-13,127.373,127.962,125.866,126.372,10596970
2025-03-14,127.579,128.923,127.049,128.678,8920031
2025-03-17,128.491,131.053,128.354,130.454,6918327
2025-03-18,129.904,130.101,128.673,129.414,8051806
2025-03-19,129.836,131.877,129.679,131.131,8274853
2025-03-20,130.091,131.435,129.846,130.474,8078264
2025-03-21,129.345,129.934,128.531,129.777,10036541
2025-03-24,131.335,132.408,131.015,132.182,8446934
2025-03-25,132.447,132.817,131.739,132.379,5337191
2025-03-26,132.585,133.253,131.104,131.502,6899514
2025-03-27,131.463,131.911,130.193,130.804,8413976
2025-03-28,130.371,130.715,128.038,128.107,10196911
2025-03-31,127.113,129.780,126.404,129.012,9650165
2025-04-01,128.717,130.016,127.614,129.741,8722274
2025-04-02,128.264,131.419,128.215,130.961,6397961
2025-04-03,126.571,127.674,123.786,123.874,15962474
2025-04-04,120.331,120.754,115.941,116.088,28516353
2025-04-07,112.850,119.888,110.980,115.547,42518250
2025-04-08,119.140,119.760,112.840,114.592,21272378
2025-04-09,113.421,125.547,113.421,124.770,36610661
2025-04-10,122.506,123.018,118.027,121.551,26233976
2025-04-11,121.276,124.337,120.070,123.697,13750376
2025-04-14,125.193,125.813,123.943,124.986,8060912
2025-04-15,124.780,125.803,124.174,124.366,6230178
2025-04-16,123.766,124.445,121.699,122.663,8043549
2025-04-17,122.752,124.504,122.713,123.333,7850413
2025-04-21,122.142,122.398,119.238,120.567,9083486
2025-04-22,121.551,123.215,121.187,122.673,7493366
2025-04-23,126.020,127.103,123.840,124.209,9718348
2025-04-24,124.160,127.231,123.781,126.994,7145451
2025-04-25,126.689,127.467,126.089,126.985,5826880
2025-04-28,127.201,128.254,126.207,127.408,6202243
2025-04-29,127.024,128.491,126.916,128.235,5040622
2025-04-30,127.378,129.524,125.844,129.160,7532291
2025-05-01,129.711,131.064,129.189,130.134,9338739
2025-05-02,131.788,132.989,131.601,132.467,7227670
2025-05-05,131.660,133.323,131.571,132.536,4523354
2025-05-06,131.148,132.123,130.868,131.375,5404111
2025-05-07,131.768,132.625,131.325,132.044,5304684
2025-05-08,133.068,135.194,132.821,133.865,7914977
2025-05-09,134.131,134.416,133.077,133.973,4541551
2025-05-12,138.107,138.147,136.798,138.097,8322008
2025-05-13,138.540,139.943,138.380,139.062,9795222
2025-05-14,138.973,139.200,137.999,138.393,6517957
2025-05-15,138.786,140.140,138.589,139.928,5761914
2025-05-16,140.145,141.523,139.682,141.523,5384176
2025-05-19,140.154,142.123,140.154,142.005,5459238
2025-05-20,141.434,142.192,140.942,141.493,6825769
2025-05-21,140.735,141.139,138.895,139.101,9600479
2025-05-22,138.845,139.923,138.324,139.072,8993181
2025-05-23,137.497,139.116,137.438,138.619,8233228
2025-05-27,140.253,141.173,139.475,141.060,11862318
2025-05-28,141.277,141.532,140.159,140.361,9058310
2025-05-29,140.942,141.040,139.495,140.489,12106694
2025-05-30,140.351,141.065,139.338,140.578,14254857
2025-06-02,140.391,140.460,138.629,140.401,12641358
2025-06-03,140.371,141.572,140.312,141.483,10896856
2025-06-04,141.828,142.295,141.547,141.562,7975889
2025-06-05,142.005,142.079,140.922,141.464,13814347
2025-06-06,142.724,143.275,142.197,142.655,11289254
2025-06-09,143.029,143.235,142.246,142.527,9162862
2025-06-10,142.802,142.802,141.161,141.907,15625648
2025-06-11,142.034,142.413,140.597,141.975,15837337
2025-06-12,140.873,141.720,140.711,141.601,13097397
2025-06-13,140.597,141.656,139.987,140.410,14060516
2025-06-16,141.247,142.261,141.080,141.375,13711235
2025-06-17,140.853,141.326,140.115,140.312,12654492
2025-06-18,140.450,141.405,139.884,139.977,14008947
2025-06-20,140.834,141.163,139.662,140.135,13985281
2025-06-23,140.394,142.112,139.486,142.033,15902375
2025-06-24,142.793,143.455,141.993,143.218,11518370
2025-06-25,143.316,143.391,141.638,141.954,9751624
2025-06-26,142.576,143.662,142.270,143.494,9728657
2025-06-27,143.909,145.558,143.578,144.926,13380945
2025-06-30,145.192,145.849,144.718,145.646,10914699
2025-07-01,145.291,146.476,145.044,146.130,13189145
2025-07-02,145.913,146.278,145.429,146.278,11061850
2025-07-03,146.782,147.639,146.663,147.522,4864902
2025-07-07,147.498,147.917,145.992,147.009,10687731
2025-07-08,147.019,147.414,146.259,146.969,10845500
2025-07-09,147.967,148.134,147.004,147.996,10173626
2025-07-10,148.164,149.334,148.105,148.826,12386050
2025-07-11,148.085,148.697,147.720,148.292,7065296
2025-07-14,148.283,149.221,147.996,149.092,9070028
2025-07-15,149.556,149.556,147.957,147.977,10278663
2025-07-16,148.391,148.603,146.505,148.500,9998324
2025-07-17,149.063,150.050,148.895,149.872,13374380
2025-07-18,150.336,150.539,148.870,149.536,10201927
2025-07-21,150.000,150.109,148.682,148.747,10089287
2025-07-22,148.223,149.398,147.804,149.102,15053947
2025-07-23,150.346,151.857,150.109,151.778,14747528
2025-07-24,151.620,152.622,151.106,151.521,11695649
2025-07-25,151.985,153.091,151.412,153.022,9376677
2025-07-28,153.101,153.180,152.113,152.548,9214824
2025-07-29,152.587,152.637,150.307,150.810,13546495
2025-07-30,150.603,150.899,149.369,150.070,13795687
2025-07-31,149.586,151.121,149.586,150.079,16520525
2025-08-01,148.046,148.436,146.249,147.838,19191996
2025-08-04,148.352,149.344,148.213,149.201,11355636
2025-08-05,148.974,149.675,147.878,148.895,12724813
2025-08-06,149.033,149.329,147.907,149.013,10736769
2025-08-07,149.852,149.912,147.888,148.796,11095074
2025-08-08,149.230,149.862,148.529,148.914,9124955
2025-08-11,148.934,149.023,148.070,148.431,9643517
2025-08-12,149.053,150.025,148.766,149.971,9518325
2025-08-13,150.395,150.627,148.826,150.544,12787183
2025-08-14,149.527,149.966,148.929,149.211,9516399
2025-08-15,149.063,149.339,148.421,148.529,8795989
2025-08-18,148.539,149.270,148.391,149.112,7342153
2025-08-19,149.280,150.366,148.835,149.438,9035363
2025-08-20,149.280,149.650,148.362,149.300,9549574
2025-08-21,149.082,149.462,148.510,148.766,7679830
2025-08-22,149.576,152.237,149.527,151.195,9299106
2025-08-25,150.938,151.437,149.660,149.685,6869066
2025-08-26,149.744,151.373,149.685,151.225,6927530
2025-08-27,151.156,151.447,150.909,151.205,5876411
2025-08-28,151.699,151.797,150.899,151.472,7166861
2025-08-29,151.244,151.363,149.487,150.079,8806439
2025-09-02,148.510,148.806,147.710,148.648,9798684
2025-09-03,148.608,148.707,147.206,147.898,12036227
2025-09-04,148.174,149.596,147.779,149.566,10148910
2025-09-05,149.823,150.149,147.503,149.013,16780980
2025-09-08,149.211,149.611,148.204,149.349,11647484
2025-09-09,149.082,149.092,147.429,148.342,12179379
2025-09-10,148.589,149.912,148.559,149.438,16515040
2025-09-11,149.517,151.323,149.300,150.859,17820576
2025-09-12,150.544,150.899,149.561,149.655,8907506
2025-09-15,150.000,150.741,149.773,150.346,9412942
2025-09-16,150.573,150.741,149.418,149.902,10336393
2025-09-17,149.961,150.761,148.243,149.221,12549537
2025-09-18,149.586,151.161,149.265,150.810,13071962
2025-09-19,151.304,151.506,149.976,151.175,8778274
2025-09-22,150.693,151.917,150.381,151.684,5688612
2025-09-23,152.031,152.933,151.119,151.724,8589315
2025-09-24,152.051,152.378,150.906,150.941,5938429
2025-09-25,150.435,150.465,149.320,149.920,7145773
2025-09-26,150.752,151.892,150.713,151.268,6958954
2025-09-29,152.448,152.596,151.218,151.734,7177672
2025-09-30,151.555,153.052,151.526,152.904,8211339
2025-10-01,152.160,152.785,151.793,152.477,8753542
2025-10-02,152.636,153.469,151.962,152.874,8495439
2025-10-03,153.082,154.073,152.616,153.082,7430003
2025-10-06,153.578,154.098,152.844,153.796,6861252
2025-10-07,154.024,154.430,152.576,152.923,11204266
2025-10-08,153.310,154.480,152.631,154.252,9686222
2025-10-09,154.411,154.599,151.759,151.972,9751329
2025-10-10,152.378,152.874,148.601,148.611,24285287
2025-10-13,149.701,150.732,149.389,150.157,11014233
2025-10-14,148.789,152.606,148.690,151.922,11015888
2025-10-15,152.467,153.320,149.959,151.288,10338455
2025-10-16,151.734,151.992,149.543,150.296,13796416
2025-10-17,150.138,151.040,149.691,150.425,10806290
2025-10-20,151.228,152.522,151.169,152.200,8192702
2025-10-21,152.497,154.306,152.398,153.548,11589351
2025-10-22,153.885,154.123,151.099,151.555,13612303
2025-10-23,151.882,153.677,151.882,153.449,8035349
2025-10-24,154.658,154.693,153.508,153.578,7502416
2025-10-27,154.629,154.708,153.757,154.450,5828897
2025-10-28,154.559,154.941,153.330,153.350,9022194
2025-10-29,153.469,154.926,153.023,153.746,16439601
2025-10-30,153.161,155.635,152.983,153.360,11840006
2025-10-31,153.171,154.292,152.958,153.726,10414852
2025-11-03,153.717,153.717,151.932,153.072,9797584
2025-11-04,151.446,151.679,150.499,151.298,13391611
2025-11-05,150.901,152.715,150.723,151.882,11121933
2025-11-06,151.932,152.443,150.901,151.278,11735403
2025-11-07,150.723,152.229,149.840,152.011,13518696
2025-11-10,152.676,153.295,151.213,152.874,10900426
2025-11-11,152.884,153.355,152.031,152.914,8652451
2025-11-12,153.191,154.197,152.963,153.062,9583286
2025-11-13,152.993,153.498,150.376,150.693,15475429
2025-11-14,149.850,151.565,149.493,150.703,13433124
2025-11-17,150.703,150.980,148.591,149.226,15294114
2025-11-18,148.571,149.463,147.813,148.561,19820317
2025-11-19,148.710,149.563,148.313,149.057,12575703
2025-11-20,151.040,151.407,146.450,146.559,27790848
2025-11-21,147.203,148.998,145.870,148.343,20982881
2025-11-24,148.532,149.312,147.649,148.710,12658971
2025-11-25,149.067,150.866,148.026,150.613,13636100
2025-11-26,150.723,152.249,150.594,151.486,10206178
2025-11-28,151.744,152.537,151.456,152.368,3507601
2025-12-01,151.228,151.689,150.063,150.138,10704609
2025-12-02,150.931,151.892,150.381,151.446,9712465
2025-12-03,151.625,152.923,151.238,152.884,9128940
2025-12-04,152.963,154.133,152.780,153.677,9249455
2025-12-05,153.697,153.989,152.785,153.251,8228822
2025-12-08,153.439,153.677,152.695,153.062,6721860
2025-12-09,152.676,153.687,151.873,151.942,7375198
2025-12-10,152.755,155.367,152.517,154.718,13463324
2025-12-11,154.559,156.522,154.420,156.374,9999316
2025-12-12,156.859,157.097,154.916,155.392,12062922
2025-12-15,156.225,156.383,155.263,155.640,10889494
2025-12-16,155.501,155.937,154.073,154.718,10277870
2025-12-17,154.430,155.105,152.046,152.210,11612541
2025-12-18,153.558,154.435,152.735,153.201,10021221
2025-12-19,153.360,154.772,153.261,154.520,6958125
2025-12-22,155.243,156.344,154.885,156.218,5369044
2025-12-23,156.188,156.536,155.845,156.158,5044584
2025-12-24,156.158,156.854,155.969,156.665,2238514
2025-12-26,156.526,156.586,155.954,156.377,4155285
2025-12-29,156.078,156.735,155.700,156.039,4455430
2025-12-30,156.058,156.238,155.556,155.591,3810543
2025-12-31,155.661,155.730,154.238,154.298,3691791
2026-01-02,154.795,157.168,154.159,157.143,10122861
2026-01-05,157.461,159.719,157.461,159.003,16194215
2026-01-06,158.595,161.301,158.336,161.161,12757217
2026-01-07,161.629,161.738,158.023,158.127,12333000
2026-01-08,159.172,160.505,158.913,159.321,11555358
2026-01-09,159.779,161.355,159.779,161.072,9439632
2026-01-12,160.773,162.385,160.515,162.305,7420804
2026-01-13,163.011,163.668,162.554,163.141,9580524
2026-01-14,162.912,163.429,161.942,163.399,10727243
2026-01-15,164.195,165.165,164.116,164.901,9197398
2026-01-16,165.518,166.314,165.240,166.015,13483103
2026-01-20,163.887,164.832,162.315,162.663,14435539
2026-01-21,163.509,166.125,163.300,165.478,14068572
2026-01-22,165.677,166.125,164.314,164.623,9937631
2026-01-23,164.623,164.936,162.842,163.350,11673764
2026-01-26,163.350,163.797,162.982,163.509,8231540
2026-01-27,163.787,164.503,162.842,164.185,9439271
2026-01-28,163.549,164.404,162.653,163.270,10144860
2026-01-29,164.369,166.025,163.181,164.981,16332576
2026-01-30,163.787,165.429,162.862,164.563,11612496
2026-02-02,164.344,166.732,164.180,166.642,11466587
2026-02-03,166.642,168.900,166.035,168.045,16444043
2026-02-04,169.079,169.865,166.955,168.492,21338399
2026-02-05,167.358,168.423,166.563,167.478,18699265
2026-02-06,168.990,172.471,168.905,172.262,11992055
2026-02-09,171.894,173.202,171.725,172.779,9472644
2026-02-10,172.789,173.918,172.511,172.988,8820220
2026-02-11,174.490,175.813,173.157,173.913,12551881
2026-02-12,174.843,176.813,171.536,171.834,18156993
2026-02-13,172.183,174.381,171.725,173.247,13617879
2026-02-17,172.998,175.037,172.481,174.152,13810820
2026-02-18,174.450,175.062,173.451,174.112,10623810
2026-02-19,174.132,176.002,173.824,175.405,13431103
2026-02-20,175.197,177.275,174.679,176.291,13104054
2026-02-23,175.475,175.982,173.426,173.903,10566589
2026-02-24,173.655,176.276,173.446,176.042,9756534
2026-02-25,176.619,176.818,173.515,174.669,11757666
2026-02-26,175.206,176.032,172.988,175.763,13764908
2026-02-27,174.441,176.286,174.102,176.201,9692680
2026-03-02,175.565,178.355,174.729,177.952,21917955
2026-03-03,175.087,175.256,171.755,174.510,20481283
2026-03-04,175.395,175.992,173.759,175.037,13604207
2026-03-05,173.884,174.311,169.308,171.148,21309968
2026-03-06,168.860,169.756,167.368,169.039,22680265
2026-03-09,167.249,170.492,165.289,170.034,19492520
2026-03-10,169.765,171.466,168.915,169.119,16791064
2026-03-11,168.830,169.417,167.478,168.592,14287609
2026-03-12,167.090,167.229,164.280,164.364,15925578
2026-03-13,165.409,165.936,162.857,163.777,15836161
2026-03-16,165.289,166.254,164.464,165.180,11091286
2026-03-17,166.334,166.667,164.175,165.618,12772836
2026-03-18,165.289,166.284,164.185,164.305,11942211
2026-03-19,162.594,164.111,161.385,163.190,17990084
2026-03-20,163.151,163.777,159.455,160.813,19199317
2026-03-23,163.690,165.765,162.612,162.642,18508387
2026-03-24,160.967,164.149,160.737,163.590,14110202
2026-03-25,165.445,165.904,163.909,164.687,12205799
2026-03-26,163.321,164.198,160.687,160.867,15416447
2026-03-27,160.189,160.887,158.453,158.802,13923669
2026-03-30,160.149,160.338,155.690,156.218,17459632
2026-03-31,158.303,161.834,157.655,161.326,15855947
2026-04-01,163.076,165.351,162.862,164.019,17035339
2026-04-02,161.316,165.326,160.737,163.361,11097207
2026-04-06,163.131,164.228,162.363,164.198,7105762
2026-04-07,163.241,164.268,162.393,163.869,10068187
2026-04-08,169.176,170.632,168.687,170.014,12808578
2026-04-09,169.455,172.727,169.376,171.760,8179966
2026-04-10,172.059,172.268,170.782,171.091,5169823
2026-04-13,170.563,172.348,170.183,172.298,6814093
2026-04-14,172.697,173.605,171.595,172.917,5490650
2026-04-15,172.677,172.717,169.655,170.752,13548327
2026-04-16,170.822,171.630,169.096,169.904,8629169
2026-04-17,171.809,174.692,171.705,173.076,9529223
2026-04-20,172.697,173.540,172.129,173.465,5735342
2026-04-21,173.096,174.248,170.503,171.011,8752877
2026-04-22,172.877,173.485,169.904,170.612,10595713
2026-04-23,171.400,174.348,171.171,173.635,14418982
2026-04-24,173.535,173.745,171.530,172.039,7665349
2026-04-27,172.079,173.076,171.091,172.079,6689528
2026-04-28,171.251,171.430,169.116,170.553,9000028
2026-04-29,170.822,171.281,168.807,169.505,9059904
2026-04-30,171.061,174.378,170.712,174.144,12012115
2026-05-01,174.792,174.991,172.508,172.528,6800745
2026-05-04,172.069,172.777,170.233,170.553,7618505
2026-05-05,171.720,172.622,170.772,171.979,6189421
2026-05-06,174.842,176.897,173.814,176.428,10545979
2026-05-07,176.996,177.276,172.996,173.565,10627970
2026-05-08,174.712,174.882,172.657,172.767,5883790
2026-05-11,172.807,175.111,172.448,174.602,6277196
2026-05-12,173.994,174.353,171.710,173.914,7468782
2026-05-13,173.804,174.173,172.089,173.186,6070834
2026-05-14,173.735,174.288,172.408,174.074,7364444
2026-05-15,172.368,172.368,170.503,170.972,7826324
2026-05-18,171.131,171.141,169.076,170.323,8696027
2026-05-19,169.206,169.755,167.690,168.318,7503644
2026-05-20,168.807,171.051,167.949,170.303,10524816
2026-05-21,169.385,170.872,168.488,170.104,8534983
2026-05-22,171.321,172.448,169.990,171.341,6910533
2026-05-26,172.757,174.343,172.439,173.864,6798426
2026-05-27,174.104,174.423,173.036,173.864,7414198
2026-05-28,173.056,174.273,171.625,173.366,8670016
2026-05-29,173.136,173.440,171.939,172.697,7054759
2026-06-01,171.161,172.428,169.964,171.969,8235321
2026-06-02,172.508,174.064,171.939,173.755,8663957
2026-06-03,173.296,175.663,173.116,173.615,6900640
2026-06-04,174.493,176.039,173.844,175.720,6670285
2026-06-05,175.171,175.929,173.041,173.745,8893424
2026-06-08,174.483,174.892,172.837,173.196,5372371
2026-06-09,173.934,176.149,171.296,175.161,9457448
2026-06-10,174.134,174.139,169.026,169.236,13851882
2026-06-11,170.852,175.241,170.563,174.712,11046111
2026-06-12,175.580,176.168,174.193,175.740,6961639
2026-06-15,178.353,179.530,178.064,178.233,7522146
2026-06-16,179.131,180.647,178.862,179.400,8978384
2026-06-17,179.520,181.874,178.682,179.151,11053156
2026-06-18,182.044,182.463,179.999,180.458,8059187
2026-06-22,180.775,182.280,180.690,181.800,6669171
2026-06-23,179.160,180.010,177.230,178.150,8927800
2026-06-24,179.070,181.890,178.340,180.210,7088938
2026-06-25,182.240,186.090,182.055,184.120,7869172
2026-06-26,182.640,183.070,180.910,181.200,8856194
2026-06-29,181.510,183.580,181.350,182.760,7860473
2026-06-30,183.320,185.450,182.700,185.230,6530882
2026-07-01,184.370,185.650,182.720,183.360,8112773
2026-07-02,184.710,185.480,181.910,183.910,6535995
2026-07-06,184.700,186.445,184.700,185.560,6701926
2026-07-07,184.535,184.920,180.660,182.380,7721520
2026-07-08,180.760,181.890,179.080,180.420,7333324
2026-07-09,182.430,182.750,180.730,181.110,5381864
2026-07-10,181.150,182.580,180.160,181.920,5315828
2026-07-13,181.520,182.180,179.800,180.370,5384899
2026-07-14,181.670,182.510,179.860,180.450,6672878
2026-07-15,180.780,181.020,177.780,180.060,7491727
2026-07-16,178.790,180.560,178.550,180.150,6093169
2026-07-17,178.260,181.460,177.600,179.410,8061743
2026-07-20,180.610,181.265,177.590,178.120,6044619
2026-07-21,179.510,179.940,177.760,178.660,4836072
2026-07-22,178.200,179.840,178.140,178.850,4350196
2026-07-23,179.090,182.980,179.090,181.940,8556033
2026-07-24,181.920,183.900,181.740,182.660,5507718
2026-07-27,183.620,184.420,180.840,183.200,6195737
2026-07-28,182.630,182.950,181.440,182.490,5708678
2026-07-29,181.000,181.440,176.350,176.660,9881888
2026-07-30,178.930,179.100,175.960,178.390,7368172
2026-07-31,180.500,180.924,177.890,179.840,7206270
2026-08-03,180.460,183.347,180.100,183.160,8814029
2026-08-04,185.640,186.870,183.280,186.400,10497957
2026-08-05,186.580,188.190,185.990,186.350,5641064
2026-08-06,186.700,187.460,184.500,184.760,5520599
2026-08-07,185.450,185.870,183.990,185.180,6170231
2026-08-10,185.930,185.930,184.370,184.600,3438696
2026-08-11,185.080,187.260,185.030,185.700,4893903
2026-08-12,187.170,187.410,185.150,185.880,4052141
2026-08-13,186.480,186.670,184.740,185.790,4942559
2026-08-14,186.180,186.880,185.600,186.510,3590373
2026-08-17,186.390,187.390,186.180,186.320,5363153
