date,open,high,low,close,volume
2016-01-04,18.746,18.844,18.546,18.840,43277256
2016-01-05,18.898,18.942,18.706,18.791,32134430
2016-01-06,18.514,18.682,18.445,18.559,27716730
2016-01-07,18.180,18.415,18.002,18.011,33681318
2016-01-08,18.167,18.227,17.846,17.868,38466208
2016-01-11,17.993,18.064,17.761,17.984,38270242
2016-01-12,18.176,18.238,17.966,18.198,31683258
2016-01-13,18.332,18.332,17.676,17.708,43924652
2016-01-14,17.783,18.180,17.572,18.042,39591126
2016-01-15,17.454,17.703,17.320,17.534,40355518
2016-01-19,17.739,17.770,17.396,17.552,39317500
2016-01-20,17.253,17.587,16.949,17.413,59263690
2016-01-21,17.512,17.766,17.293,17.512,44271706
2016-01-22,17.846,18.002,17.819,17.997,22496470
2016-01-25,17.899,18.055,17.757,17.788,20961274
2016-01-26,17.859,18.002,17.746,17.962,22947362
2016-01-27,17.815,17.922,17.512,17.592,36044704
2016-01-28,17.850,17.886,17.605,17.819,35133602
2016-01-29,17.966,18.394,17.931,18.381,32226628
2016-02-01,18.305,18.532,18.289,18.448,29594640
2016-02-02,18.394,18.398,18.060,18.118,27902310
2016-02-03,18.234,18.243,17.815,18.095,43012494
2016-02-04,18.060,18.231,17.922,18.113,36406086
2016-02-05,18.042,18.073,17.534,17.605,47554770
2016-02-08,17.309,17.400,17.050,17.351,49641702
2016-02-09,17.142,17.516,17.113,17.271,49510712
2016-02-10,17.418,17.621,17.289,17.307,33949952
2016-02-11,17.081,17.373,17.048,17.262,49254670
2016-02-12,17.400,17.516,17.302,17.503,21786846
2016-02-16,17.699,17.819,17.603,17.815,20586624
2016-02-17,17.917,18.216,17.895,18.180,22257672
2016-02-18,18.243,18.265,18.073,18.109,23156792
2016-02-19,18.042,18.176,17.995,18.122,17159018
2016-02-22,18.287,18.390,18.260,18.363,13181300
2016-02-23,18.287,18.305,18.037,18.073,16378968
2016-02-24,17.877,18.247,17.783,18.211,20288724
2016-02-25,18.274,18.448,18.131,18.439,18806838
2016-02-26,18.541,18.559,18.349,18.390,19545890
2016-02-29,18.372,18.544,18.260,18.260,27203790
2016-03-01,18.416,18.804,18.390,18.804,24608840
2016-03-02,18.737,18.858,18.704,18.858,17496488
2016-03-03,18.866,18.869,18.710,18.858,15767770
2016-03-04,18.862,18.998,18.784,18.907,15771826
2016-03-07,18.800,18.875,18.653,18.791,31626998
2016-03-08,18.679,18.829,18.608,18.675,23401066
2016-03-09,18.702,18.840,18.702,18.835,24321172
2016-03-10,18.916,19.000,18.586,18.817,25876848
2016-03-11,19.005,19.112,18.960,19.107,17640294
2016-03-14,19.049,19.165,19.040,19.129,20121858
2016-03-15,19.054,19.219,19.045,19.201,12642200
2016-03-16,19.112,19.455,19.107,19.424,29513716
2016-03-17,19.388,19.557,19.366,19.495,18734296
2016-03-18,19.569,19.582,19.437,19.524,18828740
2016-03-21,19.479,19.600,19.470,19.591,16006942
2016-03-22,19.502,19.672,19.499,19.596,26225716
2016-03-23,19.569,19.591,19.443,19.484,21350192
2016-03-24,19.399,19.537,19.372,19.537,13486666
2016-03-28,19.555,19.580,19.452,19.488,12815918
2016-03-29,19.452,19.806,19.430,19.793,20163014
2016-03-30,19.896,20.008,19.864,19.909,21976644
2016-03-31,19.882,19.967,19.833,19.869,29189854
2016-04-01,19.730,20.030,19.712,20.021,19309814
2016-04-04,19.990,20.035,19.905,19.945,15292340
2016-04-05,19.815,19.864,19.712,19.752,21452288
2016-04-06,19.757,19.945,19.685,19.945,22276954
2016-04-07,19.802,19.842,19.582,19.658,21262440
2016-04-08,19.761,19.835,19.591,19.658,17525592
2016-04-11,19.743,19.860,19.605,19.605,16277170
2016-04-12,19.640,19.755,19.506,19.739,19183948
2016-04-13,19.855,19.972,19.833,19.941,15753200
2016-04-14,19.914,19.999,19.867,19.936,13005498
2016-04-15,19.909,19.961,19.820,19.860,12921750
2016-04-18,19.802,19.945,19.770,19.945,14226040
2016-04-19,19.981,20.003,19.721,19.833,12941994
2016-04-20,19.851,19.963,19.793,19.873,13755664
2016-04-21,19.846,19.885,19.752,19.802,22555794
2016-04-22,19.488,19.587,19.354,19.457,29848882
2016-04-25,19.403,19.468,19.354,19.461,18715052
2016-04-26,19.484,19.528,19.304,19.367,14734742
2016-04-27,19.121,19.300,19.049,19.278,25559258
2016-04-28,19.309,19.376,18.973,19.036,45339218
2016-04-29,18.928,18.960,18.731,18.870,23792330
2016-05-02,18.910,19.029,18.830,19.009,25105356
2016-05-03,18.879,18.919,18.771,18.834,25062384
2016-05-04,18.749,18.830,18.722,18.776,22491310
2016-05-05,18.830,18.872,18.740,18.785,27119836
2016-05-06,18.704,18.924,18.704,18.924,18459772
2016-05-09,18.933,19.013,18.910,18.924,15082366
2016-05-10,18.982,19.170,18.960,19.170,27840378
2016-05-11,19.121,19.228,19.031,19.031,14304130
2016-05-12,19.103,19.103,18.857,18.978,18673256
2016-05-13,18.973,19.089,18.883,18.906,21842710
2016-05-16,18.924,19.215,18.924,19.170,12788336
2016-05-17,19.112,19.204,18.918,18.978,19880136
2016-05-18,18.928,19.161,18.901,19.013,21807448
2016-05-19,18.969,18.991,18.796,18.910,17269694
2016-05-20,19.013,19.181,19.000,19.139,11745874
2016-05-23,19.130,19.210,19.085,19.103,16855390
2016-05-24,19.179,19.493,19.179,19.461,18922986
2016-05-25,19.542,19.658,19.515,19.596,19683850
2016-05-26,19.596,19.688,19.556,19.658,13034286
2016-05-27,19.654,19.779,19.631,19.752,15576036
2016-05-31,19.770,19.820,19.676,19.793,24742846
2016-06-01,19.726,19.795,19.694,19.743,13770914
2016-06-02,19.663,19.726,19.564,19.726,15529000
2016-06-03,19.699,19.723,19.573,19.681,16609426
2016-06-06,19.694,19.786,19.676,19.717,17271170
2016-06-07,19.779,19.842,19.775,19.797,8818878
2016-06-08,19.793,19.869,19.761,19.837,16316954
2016-06-09,19.757,19.864,19.743,19.842,25839042
2016-06-10,19.690,19.755,19.622,19.690,16565194
2016-06-13,19.515,19.631,19.466,19.470,23704154
2016-06-14,19.425,19.546,19.376,19.515,16841186
2016-06-15,19.546,19.584,19.443,19.466,14156216
2016-06-16,19.367,19.537,19.260,19.506,19192540
2016-06-17,19.467,19.512,19.289,19.377,22930428
2016-06-20,19.548,19.627,19.453,19.458,13711938
2016-06-21,19.516,19.638,19.498,19.593,11487730
2016-06-22,19.597,19.669,19.503,19.525,12990500
2016-06-23,19.651,19.809,19.579,19.791,19526850
2016-06-24,19.093,19.416,18.990,19.030,47246058
2016-06-27,18.891,18.891,18.571,18.648,37033988
2016-06-28,18.855,19.017,18.823,19.017,26489394
2016-06-29,19.147,19.341,19.141,19.309,21008478
2016-06-30,19.354,19.530,19.309,19.521,26710648
2016-07-01,19.534,19.625,19.507,19.566,14949410
2016-07-05,19.462,19.489,19.363,19.422,17361480
2016-07-06,19.359,19.561,19.291,19.557,15701684
2016-07-07,19.539,19.647,19.485,19.557,12332120
2016-07-08,19.651,19.876,19.629,19.863,25496330
2016-07-11,19.926,20.023,19.908,19.980,11663590
2016-07-12,20.115,20.169,20.052,20.142,32085632
2016-07-13,20.200,20.214,20.135,20.146,21218882
2016-07-14,20.259,20.322,20.214,20.277,30976528
2016-07-15,20.345,20.345,20.200,20.259,9729610
2016-07-18,20.291,20.417,20.255,20.394,8214498
2016-07-19,20.358,20.399,20.319,20.349,8915844
2016-07-20,20.507,20.651,20.480,20.615,10769822
2016-07-21,20.619,20.646,20.457,20.507,10946770
2016-07-22,20.493,20.628,20.448,20.628,9414500
2016-07-25,20.592,20.639,20.538,20.601,8489802
2016-07-26,20.624,20.707,20.547,20.646,18115370
2016-07-27,20.871,20.871,20.718,20.817,21820152
2016-07-28,20.844,20.891,20.747,20.831,12659340
2016-07-29,20.921,20.957,20.844,20.907,21179498
2016-08-01,20.907,20.988,20.869,20.948,15683392
2016-08-02,20.907,20.952,20.691,20.790,22224812
2016-08-03,20.772,20.862,20.768,20.862,15961880
2016-08-04,20.867,20.984,20.849,20.975,16752728
2016-08-05,21.042,21.186,21.020,21.177,12126104
2016-08-08,21.200,21.254,21.128,21.173,10439170
2016-08-09,21.173,21.272,21.173,21.218,29836954
2016-08-10,21.227,21.236,21.123,21.150,7112598
2016-08-11,21.218,21.285,21.195,21.227,10518650
2016-08-12,21.222,21.222,21.159,21.204,6937428
2016-08-15,21.231,21.348,21.215,21.308,16561484
2016-08-16,21.272,21.272,21.150,21.150,9077956
2016-08-17,21.159,21.168,21.020,21.141,10575092
2016-08-18,21.137,21.173,21.071,21.150,7086418
2016-08-19,21.092,21.182,21.042,21.164,9576618
2016-08-22,21.105,21.186,21.069,21.164,9257330
2016-08-23,21.227,21.290,21.222,21.240,16630616
2016-08-24,21.231,21.240,21.074,21.123,13648868
2016-08-25,21.087,21.195,21.051,21.168,11825304
2016-08-26,21.155,21.330,21.062,21.177,24227142
2016-08-29,21.168,21.290,21.168,21.258,13965544
2016-08-30,21.218,21.263,21.114,21.186,11436310
2016-08-31,21.159,21.182,21.083,21.150,22322322
2016-09-01,21.146,21.236,21.051,21.218,18479200
2016-09-02,21.321,21.371,21.218,21.312,13814352
2016-09-06,21.326,21.420,21.299,21.420,30214754
2016-09-07,21.420,21.479,21.362,21.474,23169954
2016-09-08,21.398,21.402,21.242,21.299,16605200
2016-09-09,21.105,21.179,20.777,20.777,33618382
2016-09-12,20.673,21.168,20.642,21.123,38020954
2016-09-13,21.042,21.117,20.885,20.970,34717530
2016-09-14,20.975,21.200,20.970,21.069,34217484
2016-09-15,21.114,21.456,21.069,21.416,32638296
2016-09-16,21.425,21.425,21.244,21.339,31766118
2016-09-19,21.393,21.497,21.239,21.298,14242630
2016-09-20,21.371,21.411,21.256,21.285,10002192
2016-09-21,21.366,21.538,21.285,21.524,24095766
2016-09-22,21.651,21.680,21.601,21.655,20997078
2016-09-23,21.651,21.651,21.429,21.465,23973076
2016-09-26,21.375,21.412,21.298,21.339,19240758
2016-09-27,21.366,21.583,21.312,21.574,17569098
2016-09-28,21.592,21.624,21.479,21.615,18097440
2016-09-29,21.588,21.640,21.420,21.484,22813794
2016-09-30,21.533,21.662,21.515,21.597,18510656
2016-10-03,21.538,21.588,21.482,21.533,12462884
2016-10-04,21.606,21.640,21.381,21.456,17804468
2016-10-05,21.515,21.583,21.493,21.533,18015692
2016-10-06,21.551,21.603,21.456,21.583,10011748
2016-10-07,21.601,21.628,21.420,21.524,12147880
2016-10-10,21.637,21.723,21.624,21.673,13315900
2016-10-11,21.673,21.701,21.334,21.429,17454658
2016-10-12,21.447,21.524,21.337,21.465,11040734
2016-10-13,21.325,21.398,21.149,21.330,19338408
2016-10-14,21.416,21.556,21.393,21.411,18896562
2016-10-17,21.411,21.454,21.352,21.366,10150152
2016-10-18,21.524,21.578,21.456,21.484,10117874
2016-10-19,21.470,21.547,21.429,21.524,10069954
2016-10-20,21.470,21.479,21.321,21.425,12296006
2016-10-21,21.456,21.497,21.398,21.484,16153890
2016-10-24,21.597,21.705,21.578,21.691,10786268
2016-10-25,21.723,21.723,21.574,21.615,8724810
2016-10-26,21.434,21.608,21.425,21.493,12559412
2016-10-27,21.588,21.592,21.438,21.465,17642134
2016-10-28,21.524,21.664,21.389,21.443,20837750
2016-10-31,21.497,21.529,21.434,21.434,11759920
2016-11-01,21.479,21.502,21.102,21.249,18130580
2016-11-02,21.249,21.312,21.061,21.113,16334580
2016-11-03,21.054,21.099,20.900,20.910,20251452
2016-11-04,20.891,21.041,20.821,20.873,16307934
2016-11-07,21.181,21.334,21.131,21.325,26451996
2016-11-08,21.285,21.517,21.262,21.429,19560062
2016-11-09,21.104,21.438,20.991,21.402,54258858
2016-11-10,21.524,21.524,20.765,21.059,79031016
2016-11-11,20.941,21.167,20.941,21.122,28183102
2016-11-14,21.140,21.154,20.702,20.801,37941936
2016-11-15,20.941,21.168,20.932,21.095,34741692
2016-11-16,21.045,21.303,21.018,21.289,20248488
2016-11-17,21.316,21.443,21.267,21.425,17048202
2016-11-18,21.475,21.520,21.364,21.407,17645982
2016-11-21,21.484,21.641,21.452,21.624,17951420
2016-11-22,21.696,21.727,21.642,21.691,16978374
2016-11-23,21.678,21.678,21.529,21.606,16233588
2016-11-25,21.619,21.701,21.597,21.696,6219016
2016-11-28,21.678,21.814,21.664,21.714,14975686
2016-11-29,21.701,21.832,21.651,21.728,11856860
2016-11-30,21.759,21.759,21.465,21.470,23633180
2016-12-01,21.443,21.497,20.968,21.027,43731158
2016-12-02,21.009,21.154,20.959,21.104,20105306
2016-12-05,21.221,21.359,21.136,21.307,18010072
2016-12-06,21.357,21.407,21.271,21.371,18509578
2016-12-07,21.357,21.794,21.343,21.777,19945868
2016-12-08,21.786,21.927,21.728,21.832,19354102
2016-12-09,21.913,21.990,21.877,21.990,24614908
2016-12-12,21.922,21.972,21.854,21.922,19170460
2016-12-13,22.017,22.306,22.003,22.198,27933932
2016-12-14,22.211,22.297,22.076,22.121,35830024
2016-12-15,22.148,22.331,22.112,22.220,23140036
2016-12-16,22.277,22.282,22.021,22.055,21131472
2016-12-19,22.073,22.286,22.055,22.214,13253980
2016-12-20,22.273,22.332,22.241,22.296,11412970
2016-12-21,22.286,22.296,22.205,22.250,9247362
2016-12-22,22.250,22.264,22.134,22.205,22210390
2016-12-23,22.182,22.232,22.143,22.227,12717306
2016-12-27,22.250,22.423,22.241,22.318,13681306
2016-12-28,22.345,22.375,22.109,22.119,15555154
2016-12-29,22.119,22.180,22.069,22.123,9593088
2016-12-30,22.173,22.173,21.883,21.951,17003232
2017-01-03,22.091,22.223,22.014,22.146,27881128
2017-01-04,22.164,22.255,22.150,22.223,14446162
2017-01-05,22.200,22.314,22.173,22.259,11005730
2017-01-06,22.259,22.454,22.196,22.423,17501270
2017-01-09,22.436,22.491,22.405,22.418,16626928
2017-01-10,22.423,22.500,22.345,22.423,15471630
2017-01-11,22.382,22.527,22.352,22.527,15173014
2017-01-12,22.441,22.498,22.259,22.473,13725442
2017-01-13,22.473,22.582,22.473,22.541,9665856
2017-01-17,22.482,22.516,22.405,22.454,9651506
2017-01-18,22.518,22.545,22.457,22.513,12315404
2017-01-19,22.513,22.593,22.441,22.482,14500062
2017-01-20,22.582,22.663,22.545,22.604,17510800
2017-01-23,22.582,22.654,22.486,22.645,23955258
2017-01-24,22.627,22.820,22.618,22.786,13021906
2017-01-25,22.908,23.004,22.890,23.004,18395582
2017-01-26,22.999,23.015,22.877,22.940,14252976
2017-01-27,23.022,23.072,22.981,23.031,12046024
2017-01-30,22.954,22.954,22.740,22.845,16893154
2017-01-31,22.772,22.795,22.631,22.731,19115690
2017-02-01,22.940,22.976,22.777,22.904,23362282
2017-02-02,22.836,22.897,22.740,22.858,17197738
2017-02-03,22.945,23.038,22.940,23.008,13667150
2017-02-06,22.976,23.024,22.917,23.022,13453036
2017-02-07,23.067,23.140,23.049,23.113,20106368
2017-02-08,23.135,23.190,23.047,23.153,12706170
2017-02-09,23.167,23.285,23.153,23.226,9740044
2017-02-10,23.281,23.330,23.219,23.294,8355740
2017-02-13,23.335,23.426,23.303,23.399,13159406
2017-02-14,23.371,23.476,23.303,23.476,12467510
2017-02-15,23.458,23.571,23.435,23.553,11895034
2017-02-16,23.585,23.671,23.551,23.607,14123098
2017-02-17,23.580,23.689,23.544,23.689,14175394
2017-02-21,23.739,23.821,23.703,23.812,15237406
2017-02-22,23.789,23.857,23.739,23.839,13769630
2017-02-23,23.871,23.889,23.730,23.834,13405336
2017-02-24,23.694,23.898,23.680,23.889,15545010
2017-02-27,23.884,23.884,23.821,23.875,15951262
2017-02-28,23.834,23.857,23.725,23.762,15242994
2017-03-01,23.907,24.129,23.852,24.098,18190594
2017-03-02,24.075,24.079,23.925,23.939,14340224
2017-03-03,23.921,23.993,23.871,23.993,15713950
2017-03-06,23.893,23.998,23.852,23.957,13430324
2017-03-07,23.939,24.057,23.921,23.957,13960894
2017-03-08,23.984,24.057,23.950,23.984,11361862
2017-03-09,23.989,24.016,23.862,23.980,15300374
2017-03-10,24.093,24.157,24.007,24.107,14709576
2017-03-13,24.107,24.157,24.084,24.129,14922490
2017-03-14,24.111,24.111,23.982,24.075,14479744
2017-03-15,24.111,24.279,24.039,24.238,17867128
2017-03-16,24.329,24.336,24.225,24.252,21955906
2017-03-17,24.348,24.385,24.298,24.307,13790712
2017-03-20,24.312,24.384,24.261,24.321,9083682
2017-03-21,24.394,24.453,23.965,23.974,29811092
2017-03-22,23.979,24.161,23.947,24.125,22766640
2017-03-23,24.088,24.161,24.022,24.061,22718704
2017-03-24,24.143,24.225,23.995,24.079,26281800
2017-03-27,23.879,24.129,23.847,24.079,13690016
2017-03-28,24.056,24.307,24.015,24.252,16907916
2017-03-29,24.243,24.307,24.189,24.293,11410264
2017-03-30,24.275,24.369,24.257,24.339,17508686
2017-03-31,24.316,24.375,24.268,24.293,12206996
2017-04-03,24.316,24.353,24.122,24.271,26035894
2017-04-04,24.170,24.289,24.161,24.289,15041594
2017-04-05,24.312,24.476,24.166,24.189,20955746
2017-04-06,24.216,24.266,24.134,24.193,13870176
2017-04-07,24.157,24.243,24.093,24.179,12938776
2017-04-10,24.193,24.250,24.086,24.134,9687274
2017-04-11,24.093,24.127,23.847,24.043,16914270
2017-04-12,24.020,24.045,23.913,23.961,17368430
2017-04-13,23.933,24.093,23.865,23.865,19533176
2017-04-17,23.938,24.093,23.938,24.084,14132066
2017-04-18,24.020,24.125,23.983,24.079,12487170
2017-04-19,24.116,24.202,24.015,24.061,14521006
2017-04-20,24.125,24.318,24.088,24.280,15163704
2017-04-21,24.289,24.293,24.184,24.230,15233098
2017-04-24,24.494,24.535,24.439,24.517,16209978
2017-04-25,24.617,24.693,24.574,24.644,20089544
2017-04-26,24.662,24.703,24.594,24.617,16294352
2017-04-27,24.681,24.735,24.656,24.717,17183438
2017-04-28,24.795,24.831,24.722,24.781,22836734
2017-05-01,24.872,24.997,24.827,24.968,15125920
2017-05-02,25.018,25.059,24.931,25.022,15070136
2017-05-03,24.940,24.995,24.863,24.977,14308906
2017-05-04,24.986,25.000,24.877,24.959,15159700
2017-05-05,25.000,25.057,24.938,25.050,13651626
2017-05-08,25.068,25.173,25.022,25.159,12140224
2017-05-09,25.187,25.257,25.141,25.191,15388562
2017-05-10,25.218,25.305,25.161,25.287,10604088
2017-05-11,25.209,25.269,25.109,25.255,18196096
2017-05-12,25.278,25.332,25.250,25.319,9307690
2017-05-15,25.351,25.460,25.337,25.460,19898530
2017-05-16,25.519,25.578,25.433,25.578,18122140
2017-05-17,25.378,25.401,24.868,24.881,37089908
2017-05-18,24.817,25.123,24.776,25.027,33644496
2017-05-19,25.164,25.250,25.136,25.173,20438228
2017-05-22,25.232,25.405,25.228,25.373,21020508
2017-05-23,25.478,25.506,25.351,25.419,13220948
2017-05-24,25.487,25.528,25.426,25.524,18855466
2017-05-25,25.606,25.760,25.554,25.706,12227072
2017-05-26,25.683,25.724,25.626,25.692,72564404
2017-05-30,25.701,25.829,25.670,25.802,11850564
2017-05-31,25.897,25.907,25.674,25.761,28492286
2017-06-01,25.815,25.825,25.663,25.825,16872474
2017-06-02,25.920,26.066,25.836,26.061,16982024
2017-06-05,26.061,26.153,26.030,26.084,13531666
2017-06-06,26.052,26.166,26.002,26.034,15370378
2017-06-07,26.093,26.162,25.979,26.116,17407336
2017-06-08,26.162,26.194,26.030,26.175,14204860
2017-06-09,26.212,26.257,25.164,25.528,70284958
2017-06-12,25.264,25.419,24.959,25.378,71412776
2017-06-13,25.501,25.642,25.373,25.560,36586886
2017-06-14,25.660,25.665,25.225,25.437,32361208
2017-06-15,25.150,25.360,25.041,25.323,29500916
2017-06-16,25.323,25.331,25.172,25.277,43222516
2017-06-19,25.469,25.670,25.455,25.652,19858398
2017-06-20,25.643,25.657,25.446,25.446,21915470
2017-06-21,25.533,25.602,25.455,25.588,24586300
2017-06-22,25.666,25.684,25.515,25.597,17585610
2017-06-23,25.574,25.821,25.533,25.757,32847142
2017-06-26,25.895,25.949,25.593,25.620,19455870
2017-06-27,25.483,25.529,25.199,25.199,25791078
2017-06-28,25.295,25.538,25.126,25.515,25951924
2017-06-29,25.396,25.396,24.856,25.057,41946846
2017-06-30,25.163,25.204,25.012,25.034,30743736
2017-07-03,25.140,25.185,24.833,24.861,33105874
2017-07-05,24.952,25.156,24.870,25.108,29618778
2017-07-06,24.888,25.016,24.819,24.879,25586714
2017-07-07,24.970,25.249,24.952,25.167,17636324
2017-07-10,25.172,25.407,25.135,25.350,11188466
2017-07-11,25.323,25.446,25.227,25.405,13713076
2017-07-12,25.579,25.757,25.563,25.734,33103872
2017-07-13,25.771,25.874,25.725,25.785,16250162
2017-07-14,25.895,26.041,25.858,26.013,13379230
2017-07-17,26.036,26.091,25.968,26.018,19674180
2017-07-18,25.968,26.137,25.904,26.137,19840352
2017-07-19,26.178,26.293,26.155,26.270,13347148
2017-07-20,26.343,26.352,26.174,26.325,20745736
2017-07-21,26.210,26.297,26.183,26.293,11839646
2017-07-24,26.279,26.379,26.224,26.357,10756250
2017-07-25,26.274,26.359,26.192,26.306,13760566
2017-07-26,26.448,26.453,26.320,26.407,21205294
2017-07-27,26.594,26.627,25.981,26.306,46094344
2017-07-28,26.174,26.329,26.151,26.279,20586162
2017-07-31,26.320,26.379,26.123,26.151,21965656
2017-08-01,26.283,26.306,26.187,26.283,16614310
2017-08-02,26.553,26.558,26.192,26.357,25147874
2017-08-03,26.393,26.393,26.217,26.297,21375688
2017-08-04,26.352,26.437,26.297,26.357,9513838
2017-08-07,26.393,26.517,26.382,26.517,15366012
2017-08-08,26.480,26.686,26.407,26.480,20921396
2017-08-09,26.311,26.485,26.297,26.466,13945624
2017-08-10,26.325,26.352,25.929,25.945,29823704
2017-08-11,25.986,26.208,25.954,26.123,29936216
2017-08-14,26.361,26.576,26.306,26.540,19517068
2017-08-15,26.594,26.638,26.498,26.581,14105130
2017-08-16,26.622,26.755,26.572,26.659,18111838
2017-08-17,26.558,26.599,26.137,26.137,25937764
2017-08-18,26.137,26.293,26.009,26.110,33392960
2017-08-21,26.128,26.155,25.927,26.100,15957242
2017-08-22,26.238,26.508,26.219,26.489,16922458
2017-08-23,26.343,26.496,26.334,26.425,17847492
2017-08-24,26.489,26.515,26.270,26.402,16188218
2017-08-25,26.489,26.567,26.343,26.398,16666114
2017-08-28,26.462,26.496,26.375,26.448,11986608
2017-08-29,26.233,26.597,26.201,26.562,17379608
2017-08-30,26.590,26.773,26.528,26.755,15308042
2017-08-31,26.819,26.960,26.787,26.915,18851536
2017-09-01,26.983,27.006,26.858,26.892,12026268
2017-09-05,26.814,26.862,26.476,26.654,23803436
2017-09-06,26.736,26.773,26.562,26.677,18227470
2017-09-07,26.764,26.823,26.668,26.768,15387618
2017-09-08,26.727,26.764,26.528,26.549,12518444
2017-09-11,26.759,26.951,26.759,26.924,14074598
2017-09-12,27.002,27.038,26.864,26.988,15723494
2017-09-13,26.956,26.960,26.846,26.951,16256570
2017-09-14,26.851,26.981,26.800,26.860,15253402
2017-09-15,26.840,26.996,26.794,26.973,26247618
2017-09-18,27.015,27.095,26.895,26.996,20823928
2017-09-19,27.038,27.171,26.969,27.116,11232264
2017-09-20,27.111,27.120,26.817,27.006,17901644
2017-09-21,26.996,26.996,26.771,26.859,16209298
2017-09-22,26.771,26.909,26.758,26.872,9649604
2017-09-25,26.785,26.785,26.436,26.556,27146100
2017-09-26,26.698,26.762,26.569,26.652,18106628
2017-09-27,26.771,27.006,26.730,26.923,15270956
2017-09-28,26.854,26.967,26.799,26.955,11178474
2017-09-29,27.001,27.162,26.969,27.139,24857428
2017-10-02,27.208,27.266,27.047,27.180,15143724
2017-10-03,27.203,27.256,27.171,27.244,12932442
2017-10-04,27.198,27.267,27.107,27.226,13299272
2017-10-05,27.309,27.492,27.295,27.488,12845308
2017-10-06,27.396,27.543,27.387,27.529,11852764
2017-10-09,27.570,27.658,27.552,27.598,13898486
2017-10-10,27.685,27.708,27.483,27.625,10945834
2017-10-11,27.589,27.726,27.589,27.717,9961884
2017-10-12,27.653,27.782,27.616,27.648,12212792
2017-10-13,27.749,27.830,27.749,27.782,11899912
2017-10-16,27.850,27.887,27.786,27.883,16612714
2017-10-17,27.873,27.883,27.791,27.883,10263346
2017-10-18,27.965,27.988,27.864,27.952,12182634
2017-10-19,27.832,27.901,27.685,27.869,13745128
2017-10-20,28.039,28.089,27.993,28.057,14814796
2017-10-23,28.103,28.126,27.892,27.924,14110468
2017-10-24,27.979,28.048,27.888,28.002,16071630
2017-10-25,27.938,28.020,27.667,27.850,18451816
2017-10-26,28.011,28.085,27.945,27.965,18872898
2017-10-27,28.415,28.796,28.415,28.718,29078326
2017-10-30,28.728,28.893,28.674,28.783,17149376
2017-10-31,28.893,28.964,28.778,28.907,20222672
2017-11-01,29.044,29.081,28.760,28.911,19101338
2017-11-02,28.911,28.953,28.705,28.925,20449188
2017-11-03,29.077,29.182,28.907,29.155,15319308
2017-11-06,29.136,29.228,29.118,29.219,12000460
2017-11-07,29.251,29.260,29.111,29.233,11551240
2017-11-08,29.233,29.398,29.152,29.393,18200928
2017-11-09,29.168,29.210,28.865,29.159,20490836
2017-11-10,29.122,29.182,29.051,29.159,11966348
2017-11-13,29.049,29.187,29.044,29.150,8600580
2017-11-14,29.063,29.122,28.927,29.090,14741514
2017-11-15,28.948,28.988,28.794,28.874,16985068
2017-11-16,29.086,29.338,29.086,29.279,15282166
2017-11-17,29.237,29.260,29.070,29.090,16604380
2017-11-20,29.159,29.223,29.118,29.201,13159872
2017-11-21,29.315,29.527,29.292,29.508,16347912
2017-11-22,29.508,29.517,29.403,29.453,24231644
2017-11-24,29.499,29.632,29.490,29.618,8678154
2017-11-27,29.568,29.657,29.517,29.618,13778320
2017-11-28,29.664,29.742,29.545,29.715,22623292
2017-11-29,29.664,29.669,28.856,29.058,67280466
2017-11-30,29.187,29.393,29.081,29.315,42094950
2017-12-01,29.136,29.311,28.741,29.164,38423612
2017-12-04,29.347,29.361,28.668,28.695,33611094
2017-12-05,28.645,29.035,28.521,28.705,27854162
2017-12-06,28.590,28.950,28.519,28.888,26524670
2017-12-07,28.907,29.122,28.888,29.067,23371218
2017-12-08,29.260,29.347,29.134,29.205,20118036
2017-12-11,29.191,29.458,29.173,29.458,22843210
2017-12-12,29.439,29.554,29.329,29.448,16794002
2017-12-13,29.550,29.600,29.421,29.458,20712274
2017-12-14,29.494,29.584,29.407,29.421,21892090
2017-12-15,29.511,29.797,29.438,29.756,42610426
2017-12-18,29.968,30.051,29.917,30.018,21521560
2017-12-19,29.959,29.977,29.760,29.834,23953688
2017-12-20,29.963,29.963,29.682,29.825,17930374
2017-12-21,29.876,29.926,29.735,29.765,31883702
2017-12-22,29.714,29.772,29.668,29.746,10971386
2017-12-26,29.562,29.581,29.440,29.548,12438454
2017-12-27,29.553,29.636,29.530,29.581,10693626
2017-12-28,29.668,29.687,29.581,29.631,19316402
2017-12-29,29.650,29.659,29.452,29.475,13386376
2018-01-02,29.594,29.839,29.521,29.839,27445634
2018-01-03,29.894,30.106,29.862,30.088,22663588
2018-01-04,30.207,30.318,30.138,30.240,21493182
2018-01-05,30.396,30.585,30.336,30.558,19355940
2018-01-08,30.544,30.728,30.525,30.673,13467810
2018-01-09,30.733,30.742,30.544,30.595,21212828
2018-01-10,30.429,30.498,30.341,30.489,20815570
2018-01-11,30.558,30.627,30.484,30.613,15775522
2018-01-12,30.576,30.834,30.535,30.793,16308626
2018-01-16,30.982,31.090,30.592,30.673,36443524
2018-01-17,30.848,31.161,30.747,31.134,29376164
2018-01-18,31.134,31.270,31.106,31.189,29845832
2018-01-19,31.249,31.300,31.088,31.249,23894424
2018-01-22,31.226,31.558,31.162,31.553,18004134
2018-01-23,31.655,31.756,31.590,31.691,20460122
2018-01-24,31.774,31.830,31.341,31.447,37019024
2018-01-25,31.645,31.673,31.314,31.392,25951826
2018-01-26,31.609,31.890,31.539,31.890,20097276
2018-01-29,31.797,31.797,31.558,31.599,55179862
2018-01-30,31.341,31.498,31.231,31.314,29662480
2018-01-31,31.498,31.597,31.341,31.549,30697754
2018-02-01,31.433,31.795,31.429,31.576,32649928
2018-02-02,31.221,31.249,30.636,30.641,43929410
2018-02-05,30.313,30.887,29.346,29.359,98559604
2018-02-06,28.963,30.251,28.797,30.203,90269306
2018-02-07,30.129,30.438,29.816,29.816,47425108
2018-02-08,29.899,29.954,28.571,28.580,55628546
2018-02-09,29.041,29.493,28.102,29.281,72700350
2018-02-12,29.594,29.991,29.378,29.806,35629510
2018-02-13,29.636,29.954,29.551,29.880,19084076
2018-02-14,29.714,30.477,29.696,30.429,32117682
2018-02-15,30.719,31.009,30.359,31.009,24304924
2018-02-16,30.917,31.295,30.885,30.963,20334290
2018-02-20,30.807,31.235,30.774,30.991,33835298
2018-02-21,31.111,31.371,30.788,30.793,29102436
2018-02-22,30.899,31.108,30.742,30.830,21958774
2018-02-23,31.083,31.475,31.009,31.475,20772336
2018-02-26,31.609,31.968,31.609,31.968,21594380
2018-02-27,31.982,32.127,31.645,31.645,25581182
2018-02-28,31.825,31.959,31.415,31.420,30464096
2018-03-01,31.493,31.613,30.664,30.899,42973632
2018-03-02,30.548,31.256,30.465,31.194,38392218
2018-03-05,31.046,31.618,30.977,31.512,21777850
2018-03-06,31.691,31.733,31.441,31.581,20303876
2018-03-07,31.346,31.788,31.346,31.756,22219500
2018-03-08,31.853,31.922,31.696,31.894,15247928
2018-03-09,32.120,32.498,32.079,32.498,24685070
2018-03-12,32.595,32.729,32.507,32.599,27012490
2018-03-13,32.765,32.881,32.116,32.226,27618832
2018-03-14,32.387,32.415,32.037,32.198,27762896
2018-03-15,32.208,32.406,32.060,32.217,23002886
2018-03-16,32.269,32.384,32.139,32.181,24404544
2018-03-19,31.880,31.931,31.284,31.543,39736776
2018-03-20,31.464,31.648,31.353,31.529,18765592
2018-03-21,31.460,31.755,31.254,31.339,21866934
2018-03-22,30.960,31.141,30.507,30.530,42390126
2018-03-23,30.512,30.646,29.703,29.717,41901576
2018-03-26,30.322,30.886,29.902,30.845,50251594
2018-03-27,31.034,31.053,29.624,29.855,59497120
2018-03-28,29.786,30.144,29.481,29.657,53621974
2018-03-29,29.869,30.544,29.661,30.244,35867594
2018-04-02,30.123,30.258,29.194,29.522,52034278
2018-04-03,29.744,29.883,29.314,29.814,36101442
2018-04-04,29.268,30.313,29.203,30.230,36298462
2018-04-05,30.507,30.553,30.151,30.355,32738166
2018-04-06,30.040,30.318,29.481,29.610,40477792
2018-04-09,29.828,30.424,29.802,29.841,21859336
2018-04-10,30.313,30.701,30.147,30.577,32233516
2018-04-11,30.387,30.669,30.345,30.396,17315530
2018-04-12,30.586,30.896,30.546,30.761,21256066
2018-04-13,30.974,30.988,30.512,30.660,22421532
2018-04-16,30.872,31.011,30.692,30.896,19477356
2018-04-17,31.168,31.570,31.113,31.469,30445548
2018-04-18,31.436,31.506,31.196,31.386,19764440
2018-04-19,31.187,31.219,30.926,31.039,25811632
2018-04-20,30.946,30.969,30.477,30.609,32476956
2018-04-23,30.724,30.812,30.355,30.498,37920506
2018-04-24,30.674,30.724,29.749,29.966,34847618
2018-04-25,30.013,30.073,29.587,29.971,30581602
2018-04-26,30.345,30.637,30.221,30.516,33086880
2018-04-27,30.822,30.845,30.299,30.461,26312966
2018-04-30,30.540,30.727,30.223,30.262,17372230
2018-05-01,30.221,30.660,30.147,30.641,18547774
2018-05-02,30.835,30.951,30.553,30.609,26587458
2018-05-03,30.470,30.796,30.200,30.678,31090834
2018-05-04,30.563,31.316,30.526,31.261,21682576
2018-05-07,31.409,31.624,31.358,31.478,26914812
2018-05-08,31.427,31.575,31.284,31.547,30294852
2018-05-09,31.626,31.936,31.524,31.936,28826678
2018-05-10,32.084,32.375,32.051,32.352,23132532
2018-05-11,32.319,32.430,32.199,32.306,17521296
2018-05-14,32.412,32.555,32.266,32.301,20261844
2018-05-15,32.074,32.104,31.829,31.996,28525184
2018-05-16,32.047,32.213,31.973,32.139,13360970
2018-05-17,32.024,32.241,31.841,31.973,21600288
2018-05-18,31.866,32.010,31.811,31.839,15765838
2018-05-21,32.130,32.271,31.954,32.116,22578472
2018-05-22,32.273,32.319,32.000,32.070,14782094
2018-05-23,31.806,32.306,31.802,32.306,29387520
2018-05-24,32.296,32.333,31.944,32.269,22401318
2018-05-25,32.292,32.361,32.167,32.245,18782710
2018-05-29,32.084,32.250,31.857,32.070,58660774
2018-05-30,32.232,32.347,32.139,32.306,19930320
2018-05-31,32.306,32.527,32.241,32.315,30568062
2018-06-01,32.532,32.870,32.477,32.865,25445770
2018-06-04,32.948,33.161,32.916,33.128,19866076
2018-06-05,33.212,33.304,33.119,33.244,34549522
2018-06-06,33.299,33.461,33.128,33.461,35379084
2018-06-07,33.443,33.443,32.953,33.193,39047264
2018-06-08,32.943,33.195,32.874,33.138,19809558
2018-06-11,33.156,33.281,33.082,33.175,14647010
2018-06-12,33.235,33.362,33.179,33.336,15626796
2018-06-13,33.336,33.484,33.152,33.165,29278064
2018-06-14,33.295,33.482,33.244,33.401,22654852
2018-06-15,33.287,33.329,33.079,33.278,33641244
2018-06-18,33.046,33.338,32.944,33.315,16580400
2018-06-19,32.907,33.157,32.721,33.144,25913358
2018-06-20,33.222,33.371,33.176,33.213,22931226
2018-06-21,33.343,33.362,32.881,32.958,29634226
2018-06-22,33.041,33.051,32.717,32.851,31479976
2018-06-25,32.587,32.619,31.888,32.169,36055482
2018-06-26,32.271,32.510,32.192,32.299,27725688
2018-06-27,32.401,32.550,31.849,31.858,44109208
2018-06-28,31.816,32.355,31.816,32.248,35598096
2018-06-29,32.373,32.510,32.216,32.234,20019628
2018-07-02,31.956,32.531,31.909,32.522,25091816
2018-07-03,32.619,32.642,32.113,32.137,12722822
2018-07-05,32.336,32.610,32.243,32.591,27319992
2018-07-06,32.610,33.023,32.531,32.972,25604018
2018-07-09,33.148,33.232,32.976,33.222,17455208
2018-07-10,33.227,33.394,33.227,33.301,22986258
2018-07-11,33.065,33.301,33.014,33.171,25950142
2018-07-12,33.315,33.714,33.278,33.696,23706650
2018-07-13,33.700,33.742,33.549,33.659,18516886
2018-07-16,33.668,33.737,33.515,33.580,13331906
2018-07-17,33.338,33.886,33.320,33.830,14903150
2018-07-18,33.821,33.826,33.654,33.775,14163914
2018-07-19,33.691,33.821,33.594,33.654,14910636
2018-07-20,33.784,33.849,33.621,33.663,14439772
2018-07-23,33.594,33.853,33.461,33.835,25151016
2018-07-24,34.174,34.306,33.879,34.020,21557280
2018-07-25,34.030,34.447,33.979,34.447,30577610
2018-07-26,33.858,34.030,33.798,33.918,25094380
2018-07-27,33.960,33.983,33.130,33.338,63555088
2018-07-30,33.320,33.371,32.628,32.819,35695422
2018-07-31,32.921,33.120,32.724,32.907,29954010
2018-08-01,33.144,33.311,33.023,33.204,29322790
2018-08-02,32.898,33.663,32.898,33.621,26209846
2018-08-03,33.631,33.742,33.478,33.742,14491404
2018-08-06,33.728,33.942,33.647,33.923,15000690
2018-08-07,34.044,34.171,33.993,34.053,20545474
2018-08-08,34.034,34.211,33.946,34.146,14198320
2018-08-09,34.178,34.290,34.132,34.160,23446470
2018-08-10,33.904,34.048,33.788,33.886,23138324
2018-08-13,33.937,34.197,33.830,33.840,24129538
2018-08-14,33.956,34.088,33.765,34.048,18359070
2018-08-15,33.835,33.960,33.478,33.742,35584450
2018-08-16,34.002,34.095,33.816,33.891,18209678
2018-08-17,33.788,34.034,33.677,33.942,18048310
2018-08-20,34.020,34.030,33.756,33.891,21239666
2018-08-21,33.983,34.160,33.904,33.946,16004864
2018-08-22,33.844,34.099,33.793,34.048,12742490
2018-08-23,33.988,34.308,33.988,34.123,18735636
2018-08-24,34.215,34.475,34.211,34.466,13115270
2018-08-27,34.652,34.800,34.559,34.781,16414910
2018-08-28,34.851,34.918,34.744,34.842,14770726
2018-08-29,34.884,35.180,34.879,35.157,22364694
2018-08-30,35.060,35.278,34.944,35.051,21040624
2018-08-31,35.018,35.171,34.958,35.078,20538340
2018-09-04,34.916,34.995,34.707,34.944,22147840
2018-09-05,34.897,34.925,34.331,34.508,32853106
2018-09-06,34.457,34.531,33.988,34.257,27957566
2018-09-07,34.034,34.415,33.997,34.141,28461928
2018-09-10,34.266,34.313,34.060,34.248,33309762
2018-09-11,34.150,34.614,34.067,34.540,27190024
2018-09-12,34.466,34.471,34.118,34.396,32536466
2018-09-13,34.610,34.888,34.600,34.800,25454888
2018-09-14,34.832,34.923,34.614,34.772,18878312
2018-09-17,34.721,34.781,34.299,34.336,29584222
2018-09-18,34.294,34.721,34.294,34.554,19301994
2018-09-19,34.549,34.665,34.271,34.466,20870938
2018-09-20,34.670,34.909,34.563,34.874,27401990
2018-09-21,35.001,35.057,34.717,34.731,46041090
2018-09-24,34.563,34.908,34.428,34.903,34513604
2018-09-25,34.861,34.932,34.717,34.861,21101056
2018-09-26,34.899,35.052,34.670,34.731,26641122
2018-09-27,34.857,35.031,34.857,34.936,28466394
2018-09-28,34.838,35.099,34.819,35.066,23421136
2018-10-01,35.290,35.376,35.127,35.234,20668132
2018-10-02,35.192,35.439,35.080,35.238,28013910
2018-10-03,35.359,35.501,35.278,35.345,26585128
2018-10-04,35.173,35.201,34.480,34.708,46584834
2018-10-05,34.694,34.801,33.937,34.270,44577448
2018-10-08,34.107,34.212,33.495,33.884,39946006
2018-10-09,33.870,34.205,33.798,34.005,30277864
2018-10-10,33.800,33.805,32.334,32.357,88285980
2018-10-11,32.264,32.813,31.687,31.947,136539014
2018-10-12,32.850,33.076,32.329,32.971,71818738
2018-10-15,32.850,32.878,32.413,32.431,38305496
2018-10-16,32.841,33.516,32.762,33.409,41998566
2018-10-17,33.451,33.474,32.957,33.255,48329842
2018-10-18,33.106,33.130,32.408,32.604,45921136
2018-10-19,32.794,33.148,32.469,32.590,44283472
2018-10-22,32.743,33.074,32.548,32.860,31962022
2018-10-23,32.175,32.906,31.850,32.734,48132162
2018-10-24,32.650,32.729,31.230,31.268,68330712
2018-10-25,31.715,32.511,31.663,32.343,46754352
2018-10-26,31.538,32.273,31.240,31.696,85487188
2018-10-29,32.133,32.362,30.532,31.161,68110624
2018-10-30,31.133,31.619,30.867,31.510,61121858
2018-10-31,31.980,32.515,31.966,32.259,42288280
2018-11-01,32.306,32.659,32.031,32.636,31106194
2018-11-02,32.385,32.576,31.728,31.998,40426280
2018-11-05,31.980,32.031,31.505,31.966,28416460
2018-11-06,31.938,32.320,31.910,32.166,18268418
2018-11-07,32.538,33.111,32.497,33.111,32629600
2018-11-08,32.985,33.125,32.874,33.083,20819498
2018-11-09,32.799,32.827,32.236,32.511,25883862
2018-11-12,32.213,32.268,31.328,31.365,32862118
2018-11-13,31.440,31.943,31.310,31.403,31407076
2018-11-14,31.752,31.817,30.866,31.026,38993470
2018-11-15,31.077,31.877,30.895,31.803,52602890
2018-11-16,31.431,31.943,31.365,31.752,35946042
2018-11-19,31.603,31.635,30.458,30.541,38397238
2018-11-20,29.690,30.290,29.503,29.885,56129526
2018-11-21,30.290,30.411,29.978,30.104,33006568
2018-11-23,29.783,30.160,29.767,29.829,10676228
2018-11-26,30.220,30.504,30.060,30.504,25069258
2018-11-27,30.295,30.611,30.118,30.565,23076418
2018-11-28,30.872,31.635,30.756,31.635,33219412
2018-11-29,31.538,31.584,31.161,31.328,28230836
2018-11-30,31.347,31.649,31.193,31.626,33019678
2018-12-03,32.417,32.450,31.975,32.324,32463328
2018-12-04,32.096,32.166,31.026,31.100,41982160
2018-12-06,30.369,31.170,30.216,31.170,43156012
2018-12-07,31.021,31.163,29.932,30.071,39875610
2018-12-10,29.904,30.602,29.731,30.486,40895946
2018-12-11,30.960,31.019,30.276,30.523,31626698
2018-12-12,31.016,31.244,30.746,30.760,33857812
2018-12-13,30.909,31.137,30.635,30.811,25639102
2018-12-14,30.444,30.611,30.029,30.057,31032410
2018-12-17,29.946,30.150,29.182,29.420,46526942
2018-12-18,29.648,29.908,29.415,29.652,39253146
2018-12-19,29.610,30.136,28.749,29.066,67212678
2018-12-20,28.940,29.233,28.130,28.544,79003666
2018-12-21,28.556,28.907,27.560,27.682,83227408
2018-12-24,27.420,27.757,26.920,26.943,42234030
2018-12-26,27.130,28.570,26.976,28.570,58120328
2018-12-27,28.173,28.785,27.628,28.776,46877688
2018-12-28,28.987,29.188,28.463,28.711,39686634
2018-12-31,28.958,29.089,28.739,28.982,33720144
2019-01-02,28.388,29.174,28.351,29.001,30885848
2019-01-03,28.262,28.280,27.500,27.537,49893460
2019-01-04,28.042,28.878,27.953,28.757,41535958
2019-01-07,28.757,29.211,28.692,29.015,23817886
2019-01-08,29.295,29.398,28.912,29.258,26005206
2019-01-09,29.417,29.791,29.384,29.636,28044770
2019-01-10,29.403,29.781,29.267,29.767,21868172
2019-01-11,29.594,29.728,29.529,29.711,15451204
2019-01-14,29.449,29.538,29.333,29.435,14484124
2019-01-15,29.529,29.940,29.478,29.880,28653992
2019-01-16,29.912,30.090,29.852,29.908,18937286
2019-01-17,29.800,30.272,29.721,30.099,20256830
2019-01-18,30.399,30.618,30.202,30.558,27303100
2019-01-22,30.310,30.361,29.805,30.043,29985024
2019-01-23,30.170,30.392,29.810,30.146,19152240
2019-01-24,30.254,30.506,30.240,30.399,28341796
2019-01-25,30.628,30.920,30.516,30.829,20061630
2019-01-28,30.371,30.427,30.165,30.417,19324938
2019-01-29,30.478,30.483,30.043,30.090,17147974
2019-01-30,30.590,31.114,30.455,31.025,33990650
2019-01-31,30.866,31.161,30.768,30.993,36501832
2019-02-01,31.007,31.343,30.960,31.175,19475592
2019-02-04,31.217,31.680,31.194,31.675,15208574
2019-02-05,31.783,32.021,31.745,31.942,24121328
2019-02-06,31.979,32.138,31.855,32.049,20379298
2019-02-07,31.755,31.890,31.395,31.610,29264256
2019-02-08,31.325,31.792,31.306,31.792,16977592
2019-02-11,31.890,31.989,31.703,31.778,14869320
2019-02-12,31.998,32.240,31.951,32.199,19418198
2019-02-13,32.358,32.475,32.222,32.241,18241772
2019-02-14,32.119,32.412,32.096,32.297,19484026
2019-02-15,32.540,32.587,32.372,32.554,14712004
2019-02-19,32.423,32.662,32.391,32.564,16638228
2019-02-20,32.592,32.734,32.428,32.601,19704170
2019-02-21,32.522,32.744,32.414,32.615,19508122
2019-02-22,32.765,33.050,32.755,33.031,24493372
2019-02-25,33.279,33.419,33.167,33.190,40341002
2019-02-26,33.073,33.354,33.045,33.260,28267918
2019-02-27,33.134,33.270,32.886,33.228,19555064
2019-02-28,33.106,33.260,33.050,33.134,18876662
2019-03-01,33.396,33.447,33.092,33.359,24668054
2019-03-04,33.499,33.581,32.863,33.232,31652944
2019-03-05,33.214,33.256,33.031,33.134,17907760
2019-03-06,33.111,33.148,32.919,32.961,26244230
2019-03-07,32.868,32.896,32.540,32.648,36996572
2019-03-08,32.255,32.671,32.190,32.643,25781428
2019-03-11,32.760,33.375,32.760,33.345,29154388
2019-03-12,33.438,33.656,33.335,33.541,36101754
2019-03-13,33.686,33.959,33.667,33.761,35667260
2019-03-14,33.817,33.934,33.735,33.831,21313326
2019-03-15,33.949,34.394,33.925,34.240,42049040
2019-03-18,34.263,34.474,34.172,34.385,29675274
2019-03-19,34.526,34.620,34.319,34.455,32306404
2019-03-20,34.418,34.643,34.155,34.362,27408586
2019-03-21,34.366,35.300,34.359,35.225,54548296
2019-03-22,35.042,35.187,34.378,34.394,53494722
2019-03-25,34.282,34.474,34.024,34.244,43893788
2019-03-26,34.545,34.765,34.233,34.432,27930572
2019-03-27,34.484,34.615,33.935,34.235,31662352
2019-03-28,34.338,34.516,34.165,34.376,21079408
2019-03-29,34.662,34.727,34.493,34.713,28694356
2019-04-01,35.051,35.229,34.854,35.187,25181008
2019-04-02,35.215,35.356,35.107,35.309,23574354
2019-04-03,35.520,35.774,35.455,35.595,27738446
2019-04-04,35.581,35.675,35.234,35.445,23006154
2019-04-05,35.562,35.652,35.504,35.614,13419570
2019-04-08,35.530,35.769,35.380,35.750,14619822
2019-04-09,35.595,35.724,35.501,35.581,26880252
2019-04-10,35.614,35.839,35.595,35.830,17235610
2019-04-11,35.905,35.914,35.708,35.783,15394676
2019-04-12,35.985,36.032,35.783,36.032,17110744
2019-04-15,36.032,36.121,35.825,36.017,19821386
2019-04-16,36.130,36.238,36.027,36.200,19219094
2019-04-17,36.430,36.449,36.224,36.402,24495744
2019-04-18,36.482,36.515,36.233,36.505,22983898
2019-04-22,36.336,36.604,36.304,36.590,16168736
2019-04-23,36.646,37.035,36.609,36.989,33386010
2019-04-24,37.017,37.171,36.946,37.003,21876536
2019-04-25,37.171,37.275,36.796,36.993,22775170
2019-04-26,36.768,36.862,36.461,36.852,22100438
2019-04-29,36.857,36.979,36.820,36.862,21226662
2019-04-30,36.843,36.974,36.638,36.923,37685738
2019-05-01,37.293,37.387,36.824,36.829,30893652
2019-05-02,36.820,37.085,36.440,36.637,49977504
2019-05-03,36.768,37.017,36.716,36.984,26576840
2019-05-06,36.102,36.759,35.961,36.698,26044958
2019-05-07,36.285,36.426,35.581,35.910,41251422
2019-05-08,35.792,36.177,35.731,35.867,27334930
2019-05-09,35.422,35.741,35.023,35.623,38601820
2019-05-10,35.394,35.896,34.884,35.736,39192590
2019-05-13,34.727,34.934,34.291,34.390,50922414
2019-05-14,34.563,35.159,34.535,34.943,36808560
2019-05-15,34.699,35.431,34.643,35.323,30097750
2019-05-16,35.347,35.905,35.300,35.647,30889952
2019-05-17,35.281,35.839,35.276,35.361,27087992
2019-05-20,34.765,35.037,34.575,34.746,29349224
2019-05-21,35.112,35.286,35.032,35.173,29682256
2019-05-22,34.943,35.201,34.924,34.990,23042162
2019-05-23,34.516,34.535,34.123,34.376,32171392
2019-05-24,34.563,34.742,34.348,34.385,23500038
2019-05-28,34.493,34.713,34.268,34.287,51545540
2019-05-29,34.033,34.249,33.855,34.085,29509612
2019-05-30,34.165,34.364,34.061,34.296,22841060
2019-05-31,33.883,34.043,33.710,33.724,24079564
2019-06-03,33.775,33.963,32.905,33.133,39407396
2019-06-04,33.555,34.240,33.384,34.240,30192348
2019-06-05,34.695,34.765,34.291,34.685,28791682
2019-06-06,34.779,35.159,34.617,35.089,23844922
2019-06-07,35.272,35.950,35.201,35.741,23984138
2019-06-10,35.999,36.444,35.999,36.107,26927558
2019-06-11,36.473,36.510,35.900,36.107,23100250
2019-06-12,35.933,36.029,35.820,35.905,15193886
2019-06-13,36.032,36.139,35.881,36.013,19735522
2019-06-14,35.684,35.816,35.544,35.699,16883378
2019-06-17,35.722,35.903,35.647,35.727,18702260
2019-06-18,36.107,36.552,35.994,36.374,32362366
2019-06-19,36.468,36.599,36.219,36.505,24742580
2019-06-20,37.040,37.162,36.730,37.040,27783792
2019-06-21,36.898,37.181,36.846,36.861,41430742
2019-06-24,36.926,37.051,36.875,36.931,16432236
2019-06-25,36.912,36.945,36.209,36.253,26245330
2019-06-26,36.606,36.901,36.597,36.644,18138362
2019-06-27,36.766,36.865,36.658,36.738,13675232
2019-06-28,36.851,36.893,36.620,36.733,35566712
2019-07-01,37.576,37.623,37.162,37.317,28581414
2019-07-02,37.298,37.439,37.214,37.416,15568960
2019-07-03,37.510,37.703,37.435,37.703,10683544
2019-07-05,37.397,37.698,37.261,37.632,11848254
2019-07-08,37.341,37.390,37.171,37.345,14919874
2019-07-09,37.152,37.505,37.096,37.477,18499652
2019-07-10,37.684,38.000,37.654,37.774,20217888
2019-07-11,37.868,38.058,37.788,37.915,22704846
2019-07-12,38.033,38.216,37.967,38.193,15506842
2019-07-15,38.296,38.367,38.211,38.320,12572252
2019-07-16,38.273,38.277,37.896,37.962,16011988
2019-07-17,38.033,38.117,37.858,37.863,13416000
2019-07-18,37.778,38.202,37.750,38.146,16044786
2019-07-19,38.527,38.541,37.934,37.981,23359484
2019-07-22,38.127,38.511,38.122,38.419,13849326
2019-07-23,38.640,38.668,38.343,38.630,11011016
2019-07-24,38.579,38.965,38.579,38.950,18514202
2019-07-25,38.866,38.866,38.584,38.790,19846740
2019-07-26,38.809,38.950,38.772,38.875,22240320
2019-07-29,38.894,38.917,38.550,38.852,16946438
2019-07-30,38.583,38.769,38.499,38.602,14733898
2019-07-31,38.809,38.852,37.618,38.018,33738500
2019-08-01,38.084,38.889,37.637,37.825,57666010
2019-08-02,37.519,37.534,36.870,37.209,44743892
2019-08-05,36.216,36.267,35.368,35.656,55653126
2019-08-06,36.136,36.380,35.834,36.249,38301878
2019-08-07,35.834,36.573,35.637,36.475,41164844
2019-08-08,36.766,37.378,36.672,37.369,31983156
2019-08-09,37.148,37.251,36.663,36.945,31145204
2019-08-12,36.691,36.828,36.291,36.460,21786782
2019-08-13,36.427,37.515,36.347,37.374,52165450
2019-08-14,36.686,36.851,36.131,36.225,47138692
2019-08-15,36.258,36.347,35.853,36.159,31337116
2019-08-16,36.531,36.923,36.479,36.846,21724900
2019-08-19,37.425,37.519,37.211,37.407,15755680
2019-08-20,37.359,37.548,37.197,37.218,16675410
2019-08-21,37.576,37.750,37.487,37.656,16806116
2019-08-22,37.755,37.840,37.232,37.567,15187988
2019-08-23,37.359,37.703,36.173,36.324,40797850
2019-08-26,36.771,36.842,36.522,36.828,20717046
2019-08-27,37.068,37.134,36.559,36.771,20065978
2019-08-28,36.573,36.865,36.310,36.804,14278976
2019-08-29,37.303,37.557,37.171,37.444,16239888
2019-08-30,37.689,37.736,37.166,37.435,20150634
2019-09-03,37.124,37.453,36.846,36.978,23676102
2019-09-04,37.378,37.628,37.341,37.609,15454904
2019-09-05,38.103,38.550,38.084,38.395,20086632
2019-09-06,38.480,38.499,38.258,38.362,18297420
2019-09-09,38.541,38.560,37.873,38.075,25219228
2019-09-10,37.901,37.901,37.454,37.882,19717334
2019-09-11,38.000,38.287,37.920,38.277,18818546
2019-09-12,38.513,38.795,38.322,38.484,25541448
2019-09-13,38.423,38.423,38.160,38.202,33066488
2019-09-16,37.887,38.190,37.849,38.108,15447334
2019-09-17,38.136,38.263,38.049,38.263,15410752
2019-09-18,38.202,38.287,37.741,38.258,17594580
2019-09-19,38.376,38.682,38.291,38.343,16409086
2019-09-20,38.470,38.489,37.800,37.899,30171576
2019-09-23,37.903,38.130,37.823,38.017,15778682
2019-09-24,38.267,38.413,37.488,37.649,35462006
2019-09-25,37.597,38.201,37.252,38.097,23922078
2019-09-26,38.083,38.272,37.842,38.140,18233822
2019-09-27,38.140,38.220,37.346,37.630,25564206
2019-09-30,37.790,38.116,37.738,38.026,22013782
2019-10-01,38.196,38.451,37.658,37.672,22044818
2019-10-02,37.422,37.431,36.688,36.964,39519776
2019-10-03,36.950,37.431,36.492,37.417,34952914
2019-10-04,37.682,38.083,37.644,38.036,22041260
2019-10-07,37.908,38.192,37.847,37.875,21242298
2019-10-08,37.630,37.745,37.176,37.181,28962734
2019-10-09,37.568,37.873,37.512,37.734,20556994
2019-10-10,37.696,38.144,37.667,37.993,18957044
2019-10-11,38.461,38.857,38.399,38.517,31991170
2019-10-14,38.480,38.654,38.475,38.494,11332648
2019-10-15,38.650,39.013,38.612,38.919,16237854
2019-10-16,38.706,38.723,38.506,38.650,20251024
2019-10-17,38.782,38.890,38.371,38.574,13732280
2019-10-18,38.517,38.576,37.955,38.206,17452630
2019-10-21,38.432,38.635,38.295,38.617,12690960
2019-10-22,38.692,38.829,38.069,38.097,18916006
2019-10-23,37.979,38.135,37.899,38.130,17907690
2019-10-24,38.536,38.720,38.392,38.687,14604536
2019-10-25,38.687,39.202,38.664,39.155,16305452
2019-10-28,39.500,39.670,39.481,39.651,14459710
2019-10-29,39.618,39.688,39.278,39.292,15519176
2019-10-30,39.410,39.580,39.145,39.533,25558670
2019-10-31,39.594,39.636,39.254,39.509,22460778
2019-11-01,39.641,39.981,39.580,39.981,19840808
2019-11-04,40.288,40.312,40.104,40.189,20362994
2019-11-05,40.302,40.316,40.005,40.142,15796996
2019-11-06,40.137,40.158,39.920,40.123,17077226
2019-11-07,40.392,40.666,40.326,40.439,28080944
2019-11-08,40.335,40.666,40.175,40.666,12573144
2019-11-11,40.434,40.741,40.383,40.685,8488164
2019-11-12,40.741,40.973,40.642,40.822,16535628
2019-11-13,40.661,40.949,40.652,40.911,15372324
2019-11-14,40.751,40.897,40.638,40.864,12182156
2019-11-15,41.152,41.195,41.025,41.195,14124992
2019-11-18,41.181,41.378,41.025,41.318,13040040
2019-11-19,41.483,41.519,41.247,41.398,14087364
2019-11-20,41.303,41.424,40.837,41.148,24758730
2019-11-21,41.067,41.114,40.855,40.940,18755318
2019-11-22,41.058,41.124,40.725,40.888,11778480
2019-11-25,41.072,41.483,41.058,41.483,14739396
2019-11-26,41.506,41.624,41.440,41.521,19454636
2019-11-27,41.648,41.752,41.523,41.752,18697254
2019-11-29,41.643,41.708,41.558,41.629,11041082
2019-12-02,41.648,41.648,40.855,41.034,23166938
2019-12-03,40.387,40.699,40.213,40.671,22501992
2019-12-04,40.935,40.968,40.774,40.836,13829692
2019-12-05,40.982,41.020,40.793,40.987,15619854
2019-12-06,41.299,41.478,41.266,41.440,18410968
2019-12-09,41.369,41.502,41.223,41.223,11606584
2019-12-10,41.289,41.473,41.152,41.256,12350172
2019-12-11,41.365,41.570,41.280,41.535,9878458
2019-12-12,41.417,42.040,41.318,41.979,24190434
2019-12-13,41.936,42.352,41.856,42.257,26256724
2019-12-16,42.578,42.781,42.569,42.635,19746972
2019-12-17,42.710,42.729,42.479,42.536,14919020
2019-12-18,42.588,42.696,42.517,42.531,12969966
2019-12-19,42.559,42.843,42.545,42.838,13723788
2019-12-20,43.088,43.135,42.974,43.083,23400644
2019-12-23,43.201,43.313,43.154,43.206,15530360
2019-12-24,43.282,43.282,43.121,43.220,4890334
2019-12-26,43.310,43.552,43.282,43.543,8269232
2019-12-27,43.718,43.718,43.429,43.538,19332354
2019-12-30,43.528,43.533,42.953,43.287,16491014
2019-12-31,43.140,43.471,43.083,43.424,11603230
2020-01-02,43.817,44.239,43.732,44.239,26567048
2020-01-03,43.595,44.045,43.590,43.741,30024644
2020-01-06,43.306,43.893,43.225,43.846,15631100
2020-01-07,43.921,44.042,43.760,43.827,15421778
2020-01-08,43.874,44.490,43.794,44.296,23255632
2020-01-09,44.703,44.826,44.476,44.798,15555456
2020-01-10,44.992,45.051,44.618,44.694,15330616
2020-01-13,44.897,45.305,44.874,45.253,15525464
2020-01-14,45.309,45.352,44.966,45.039,16136486
2020-01-15,45.068,45.309,44.938,45.092,14415222
2020-01-16,45.380,45.707,45.317,45.698,11543136
2020-01-17,45.911,46.048,45.665,46.006,21660644
2020-01-21,45.864,46.252,45.854,45.987,17973390
2020-01-22,46.276,46.475,46.115,46.153,15490038
2020-01-23,46.200,46.408,46.002,46.370,14956086
2020-01-24,46.712,46.816,45.992,46.153,23615928
2020-01-27,45.077,45.409,44.864,45.054,35570598
2020-01-28,45.447,46.039,45.352,45.916,31183790
2020-01-29,46.295,46.361,45.847,46.034,21129804
2020-01-30,46.015,46.475,45.736,46.432,19921946
2020-01-31,46.162,46.186,44.997,45.158,26962398
2020-02-03,45.210,45.866,45.158,45.755,25073330
2020-02-04,46.550,47.053,46.434,46.953,19096508
2020-02-05,47.725,47.749,46.887,47.228,32693880
2020-02-06,47.422,47.673,47.209,47.659,13503506
2020-02-07,47.436,47.621,47.126,47.223,16597714
2020-02-10,46.948,47.872,46.939,47.863,16346140
2020-02-11,48.227,48.270,47.557,47.702,15105176
2020-02-12,48.028,48.237,47.758,48.218,12152676
2020-02-13,47.839,48.341,47.768,48.090,14800860
2020-02-14,48.185,48.379,48.031,48.298,12392468
2020-02-18,47.910,48.223,47.858,48.118,20636240
2020-02-19,48.431,48.763,48.398,48.692,16615562
2020-02-20,48.587,48.703,47.526,48.185,26324070
2020-02-21,47.938,47.981,46.811,47.105,29895224
2020-02-24,44.845,45.812,44.433,45.158,42363486
2020-02-25,45.565,45.731,43.552,43.713,62933180
2020-02-26,43.879,44.864,43.581,43.912,38891650
2020-02-27,42.472,43.372,41.515,41.543,67825842
2020-02-28,39.890,42.256,39.819,41.861,111858704
2020-03-02,42.614,44.291,41.866,44.281,70008566
2020-03-03,44.533,44.840,42.150,42.600,94983700
2020-03-04,43.519,44.443,42.917,44.428,44725782
2020-03-05,43.244,44.068,42.747,43.026,49016666
2020-03-06,41.586,42.368,40.970,42.117,57631182
2020-03-09,38.644,40.738,38.607,38.919,59118994
2020-03-10,40.587,41.520,39.137,41.515,71164506
2020-03-11,40.402,40.653,38.990,39.554,63346508
2020-03-12,36.683,38.796,35.528,35.693,65490066
2020-03-13,37.939,39.971,36.141,39.881,65849666
2020-03-16,33.974,37.522,33.723,34.372,81244838
2020-03-17,35.182,37.157,34.078,36.712,100812882
2020-03-18,34.272,35.917,33.287,35.329,107400986
2020-03-19,35.002,36.660,34.163,35.456,123450576
2020-03-20,36.124,36.494,33.718,33.832,90443988
2020-03-23,33.663,34.391,32.429,33.524,84958290
2020-03-24,35.553,36.986,35.410,36.958,75324924
2020-03-25,37.239,38.615,36.201,36.910,57480160
2020-03-26,37.377,39.291,37.286,39.196,56425784
2020-03-27,37.982,38.696,37.263,37.425,58485442
2020-03-30,37.925,39.091,37.806,39.001,47480114
2020-03-31,38.910,39.610,38.072,38.272,39998984
2020-04-01,36.948,37.739,36.175,36.448,54984652
2020-04-02,36.320,37.348,36.172,37.301,44215446
2020-04-03,37.139,37.539,36.263,36.725,31554538
2020-04-06,38.339,40.117,38.096,39.858,35948090
2020-04-07,41.263,41.277,39.458,39.501,44295582
2020-04-08,40.020,40.727,39.644,40.563,27428654
2020-04-09,41.044,41.251,40.284,40.572,39259980
2020-04-13,40.410,40.720,39.834,40.663,25301270
2020-04-14,41.567,42.444,41.401,42.368,31778366
2020-04-15,41.525,41.782,41.134,41.444,25856714
2020-04-16,41.987,42.053,41.263,41.948,23666026
2020-04-17,42.691,42.701,41.891,42.506,28283922
2020-04-20,41.929,42.487,41.768,41.825,20404954
2020-04-21,41.234,41.334,39.829,40.072,32763394
2020-04-22,41.044,41.844,40.896,41.615,24035784
2020-04-23,41.710,42.182,41.296,41.329,21168722
2020-04-24,41.501,42.213,41.235,42.206,16885444
2020-04-27,42.587,42.710,42.310,42.568,15594380
2020-04-28,43.096,43.125,41.944,42.001,25262580
2020-04-29,42.896,43.875,42.744,43.725,22924254
2020-04-30,43.815,43.815,43.206,43.529,30861076
2020-05-01,42.572,43.168,42.172,42.334,23990374
2020-05-04,42.139,42.939,41.944,42.896,21458068
2020-05-05,43.387,44.039,43.310,43.487,17374664
2020-05-06,43.906,44.249,43.629,43.825,16940236
2020-05-07,44.420,44.732,44.353,44.482,21091028
2020-05-08,44.906,45.196,44.644,45.134,15233094
2020-05-11,44.825,45.700,44.734,45.434,20771340
2020-05-12,45.620,45.749,44.463,44.496,27042010
2020-05-13,44.520,44.862,43.153,43.729,33941982
2020-05-14,43.425,44.315,42.948,44.287,30472118
2020-05-15,43.587,44.520,43.463,44.510,28033410
2020-05-18,45.387,45.858,45.229,45.601,20034156
2020-05-19,45.620,46.139,45.415,45.434,20091340
2020-05-20,46.063,46.515,46.039,46.430,18191988
2020-05-21,46.382,46.520,45.756,45.782,20580494
2020-05-22,45.715,46.006,45.529,45.949,18489960
2020-05-26,46.868,46.901,45.860,45.901,26000762
2020-05-27,45.896,46.182,44.920,46.163,38856738
2020-05-28,45.991,46.915,45.958,46.072,21152488
2020-05-29,46.210,46.763,45.825,46.653,35557606
2020-06-01,46.434,46.737,46.229,46.639,26723266
2020-06-02,46.734,47.077,46.291,47.077,22414144
2020-06-03,47.268,47.596,47.063,47.444,22036526
2020-06-04,47.258,47.587,46.791,47.053,15136434
2020-06-05,47.387,48.430,47.306,48.291,20749756
2020-06-08,48.206,48.553,47.763,48.534,16130398
2020-06-09,48.291,49.001,48.249,48.763,14707610
2020-06-10,49.115,49.949,49.025,49.577,24389048
2020-06-11,48.715,48.787,46.720,46.734,39738622
2020-06-12,47.987,48.225,46.515,47.339,43286572
2020-06-15,46.477,48.010,46.325,47.796,29926356
2020-06-16,48.939,49.234,48.058,48.815,27937550
2020-06-17,49.091,49.268,48.725,48.806,17318140
2020-06-18,48.715,49.077,48.610,49.025,13713534
2020-06-19,49.615,49.672,48.453,48.687,25118398
2020-06-22,48.748,49.646,48.672,49.603,14737232
2020-06-23,50.047,50.534,49.889,49.961,19027988
2020-06-24,49.756,50.032,48.567,48.834,25425518
2020-06-25,48.906,49.512,48.376,49.459,20534420
2020-06-26,49.364,49.436,48.337,48.485,44275346
2020-06-29,48.481,49.020,47.898,49.015,18545372
2020-06-30,49.020,50.095,48.953,49.894,16499416
2020-07-01,49.927,50.266,49.698,49.975,21708962
2020-07-02,50.448,50.720,50.161,50.266,19142696
2020-07-06,50.916,51.384,50.887,51.145,16065428
2020-07-07,51.088,51.603,50.558,50.610,15862728
2020-07-08,51.011,51.441,50.739,51.436,13327056
2020-07-09,51.857,51.866,50.882,51.623,17768368
2020-07-10,51.503,51.632,50.997,51.608,14723830
2020-07-13,52.048,52.391,50.410,50.539,28850374
2020-07-14,50.138,51.193,49.603,51.121,30015230
2020-07-15,51.589,51.840,50.796,51.398,23778936
2020-07-16,50.849,50.992,50.372,50.763,17172502
2020-07-17,51.064,51.155,50.543,51.011,12710564
2020-07-20,51.155,52.439,50.868,52.315,17016722
2020-07-21,52.687,52.706,51.599,51.790,18794840
2020-07-22,51.837,52.368,51.794,52.205,15028048
2020-07-23,51.928,52.272,50.617,50.849,23349334
2020-07-24,49.999,50.562,49.407,50.233,22908620
2020-07-27,50.539,51.078,50.438,51.026,16907928
2020-07-28,50.868,51.026,50.391,50.429,17825484
2020-07-29,50.620,51.298,50.620,51.159,13186986
2020-07-30,50.696,51.479,50.424,51.446,21553936
2020-07-31,52.258,52.749,51.408,52.730,25188046
2020-08-03,53.447,54.201,53.423,54.029,24329080
2020-08-04,53.915,54.172,53.681,54.168,17971638
2020-08-05,54.340,54.492,54.096,54.368,12958938
2020-08-06,54.325,55.185,54.203,55.132,16365296
2020-08-07,54.913,54.915,53.881,54.311,27476250
2020-08-10,54.416,54.507,53.425,54.158,16476896
2020-08-11,53.981,54.211,53.074,53.184,18832892
2020-08-12,53.614,54.533,53.547,54.392,14192714
2020-08-13,54.468,54.870,54.220,54.416,11451094
2020-08-14,54.440,54.535,54.077,54.378,8328076
2020-08-17,54.707,54.865,54.640,54.741,8167440
2020-08-18,54.846,55.094,54.483,54.946,8903168
2020-08-19,55.084,55.328,54.786,54.879,14233604
2020-08-20,54.674,55.719,54.616,55.610,12794434
2020-08-21,55.662,56.378,55.634,56.316,15275312
2020-08-24,57.128,57.147,56.331,56.803,16427092
2020-08-25,56.674,57.114,56.589,57.090,18613232
2020-08-26,57.687,58.403,57.558,58.250,16454086
2020-08-27,58.494,58.761,57.773,58.298,18172534
2020-08-28,58.527,59.000,58.451,58.809,13090200
2020-08-31,59.043,59.377,58.675,58.995,19035068
2020-09-01,59.525,60.198,59.153,60.122,25618740
2020-09-02,60.982,60.986,59.597,60.657,40387036
2020-09-03,59.688,59.735,56.727,57.200,54158540
2020-09-04,56.880,57.692,53.981,56.402,62544210
2020-09-08,54.258,55.548,53.757,53.852,47857498
2020-09-09,55.166,56.154,54.564,55.610,36782866
2020-09-10,56.374,56.460,54.024,54.354,32082056
2020-09-11,54.865,55.075,53.251,53.938,37158088
2020-09-14,54.836,55.366,54.578,55.070,24725258
2020-09-15,55.910,56.011,55.240,55.614,18251166
2020-09-16,55.863,55.939,54.702,54.755,19636414
2020-09-17,53.475,54.679,53.389,54.301,30399486
2020-09-18,54.392,54.488,52.707,53.365,41825256
2020-09-21,52.407,53.838,52.220,53.814,38372456
2020-09-22,54.422,54.804,53.498,54.666,25013082
2020-09-23,54.694,54.747,52.799,52.962,23705342
2020-09-24,52.469,53.919,52.402,53.259,31816220
2020-09-25,53.287,54.694,52.952,54.532,19324548
2020-09-28,55.436,55.580,54.977,55.575,17425554
2020-09-29,55.503,55.738,55.269,55.388,24451460
2020-09-30,55.360,56.422,55.336,55.853,22317484
2020-10-01,56.628,56.705,56.082,56.441,27076048
2020-10-02,55.053,55.967,54.790,55.010,37251168
2020-10-05,55.403,56.250,55.369,56.216,12269280
2020-10-06,56.082,56.614,55.149,55.345,26861064
2020-10-07,55.924,56.470,55.879,56.360,12983938
2020-10-08,56.853,56.853,56.460,56.652,10108914
2020-10-09,56.920,57.533,56.906,57.518,14419670
2020-10-12,58.365,59.476,58.073,59.088,19148142
2020-10-13,59.279,59.385,58.485,58.710,17613172
2020-10-14,58.853,59.165,57.963,58.399,14532070
2020-10-15,57.432,58.250,57.279,58.136,13185372
2020-10-16,58.456,58.691,57.915,57.968,11542502
2020-10-19,58.265,58.480,56.728,56.915,16612706
2020-10-20,57.121,57.705,56.752,57.102,14566928
2020-10-21,56.963,57.561,56.886,57.016,12170532
2020-10-22,57.040,57.226,56.097,56.748,13486498
2020-10-23,56.829,56.839,56.212,56.685,10313392
2020-10-26,56.058,56.506,54.766,55.455,18189120
2020-10-27,55.723,55.965,55.417,55.733,19063712
2020-10-28,54.675,54.709,53.278,53.369,32756678
2020-10-29,53.574,54.886,53.541,54.259,19408076
2020-10-30,53.498,53.833,52.440,53.058,25848604
2020-11-02,53.464,53.900,52.684,53.192,24037350
2020-11-03,53.608,54.608,53.388,54.130,20968104
2020-11-04,55.776,56.657,55.216,56.236,30763368
2020-11-05,57.714,58.150,57.475,57.982,22187746
2020-11-06,57.844,58.375,57.054,58.188,19454390
2020-11-09,59.423,59.997,57.714,57.767,39766100
2020-11-10,57.264,57.667,56.231,56.690,23537598
2020-11-11,57.264,58.193,57.150,58.035,14488372
2020-11-12,58.035,58.322,57.248,57.518,14353752
2020-11-13,57.954,58.126,57.408,58.006,11852724
2020-11-16,58.011,58.672,57.891,58.566,14864182
2020-11-17,58.274,58.557,57.993,58.241,9937748
2020-11-18,58.140,57.619,57.513,57.619,9543106
2020-11-19,57.504,58.188,57.250,58.083,12151186
2020-11-20,58.136,58.150,57.466,57.485,9915516
2020-11-23,57.662,58.040,56.973,57.470,9808372
2020-11-24,57.690,58.382,57.274,58.270,13639828
2020-11-25,58.471,58.638,58.174,58.394,12186372
2020-11-27,58.705,58.954,58.595,58.705,7025828
2020-11-30,58.686,59.184,58.021,59.098,32227118
2020-12-01,59.586,60.184,59.337,59.854,22681518
2020-12-02,59.600,59.830,59.150,59.763,16037836
2020-12-03,59.830,60.127,59.564,59.724,13775406
2020-12-04,59.811,60.332,59.681,60.323,10356570
2020-12-07,60.356,60.672,60.251,60.495,8905420
2020-12-08,60.438,60.883,60.179,60.691,7883640
2020-12-09,60.653,60.832,59.322,59.528,17270208
2020-12-10,59.165,59.897,59.026,59.614,9996974
2020-12-11,59.255,59.490,58.820,59.490,13023260
2020-12-14,59.672,60.241,59.634,59.705,11056028
2020-12-15,60.351,60.701,59.964,60.701,9114556
2020-12-16,60.782,61.328,60.581,61.112,10309258
2020-12-17,61.558,61.730,61.304,61.596,11503004
2020-12-18,61.687,61.696,60.988,61.380,17693324
2020-12-21,60.601,61.469,60.058,61.440,15231368
2020-12-22,61.781,62.251,61.498,61.972,14335242
2020-12-23,62.044,62.090,61.411,61.502,11300634
2020-12-24,61.608,62.064,61.565,61.910,4384594
2020-12-28,62.524,62.735,62.231,62.610,8170826
2020-12-29,62.951,63.033,62.203,62.313,8841352
2020-12-30,62.529,62.658,62.188,62.279,8141770
2020-12-31,62.308,62.548,61.867,62.371,11058124
2021-01-04,62.687,62.702,60.557,61.354,21017108
2021-01-05,61.215,61.853,61.176,61.752,12377618
2021-01-06,60.869,61.872,60.500,60.687,27256600
2021-01-07,61.272,62.443,61.248,62.323,19651458
2021-01-08,62.630,62.893,62.016,62.726,12387622
2021-01-11,62.116,62.649,61.948,62.207,17857386
2021-01-12,62.131,62.212,61.320,61.910,17090372
2021-01-13,61.992,62.495,61.872,62.303,13605164
2021-01-14,62.457,62.586,61.665,61.757,15624330
2021-01-15,61.665,61.939,60.999,61.123,12640728
2021-01-19,61.546,62.025,61.330,61.920,11626346
2021-01-20,62.395,63.368,62.308,63.148,11770018
2021-01-21,63.488,64.174,63.148,63.963,8948204
2021-01-22,63.695,64.040,63.565,63.719,11241458
2021-01-25,64.438,64.659,62.697,64.251,18205172
2021-01-26,64.476,64.577,64.050,64.294,8593180
2021-01-27,63.987,64.193,62.510,63.081,24481674
2021-01-28,63.402,64.395,63.186,63.340,16181604
2021-01-29,63.023,63.272,61.511,61.848,19023606
2021-02-01,62.582,63.704,62.121,63.397,11232674
2021-02-02,64.011,64.443,63.920,64.256,8595392
2021-02-03,64.385,64.520,63.843,64.035,11574808
2021-02-04,64.381,65.057,64.196,65.057,8134236
2021-02-05,65.254,65.263,64.726,64.913,9412698
2021-02-08,65.177,65.623,65.086,65.594,11713686
2021-02-09,65.421,65.829,65.402,65.517,10552568
2021-02-10,65.781,65.863,64.865,65.421,9464396
2021-02-11,65.863,66.184,65.609,66.141,7565610
2021-02-12,65.968,66.525,65.786,66.482,6755508
2021-02-16,66.745,66.793,66.093,66.266,9717580
2021-02-17,65.657,65.824,65.019,65.681,15275356
2021-02-18,64.999,65.469,64.534,65.359,10956892
2021-02-19,65.695,65.752,64.971,65.263,11749434
2021-02-22,64.462,64.673,63.786,63.824,14262652
2021-02-23,62.764,64.040,61.694,63.647,24197360
2021-02-24,63.172,64.678,62.687,64.620,16472046
2021-02-25,64.045,64.472,62.083,62.361,34313730
2021-02-26,62.980,63.656,62.136,62.692,35511884
2021-03-01,63.757,64.750,63.354,64.712,24792436
2021-03-02,64.803,64.846,63.591,63.685,25034094
2021-03-03,63.378,63.560,62.016,62.083,29889498
2021-03-04,61.891,62.342,59.943,60.711,76953654
2021-03-05,61.469,62.030,59.823,61.857,46085774
2021-03-08,61.800,62.097,60.298,60.361,35242304
2021-03-09,61.771,62.798,61.689,62.414,22995442
2021-03-10,63.085,63.095,62.116,62.164,18458340
2021-03-11,63.100,63.886,62.965,63.493,13362766
2021-03-12,62.735,63.057,62.332,63.037,12441746
2021-03-15,63.085,63.747,62.834,63.709,16587886
2021-03-16,64.198,64.803,63.915,64.189,13106450
2021-03-17,63.671,64.520,63.186,64.136,19366482
2021-03-18,63.258,63.366,62.279,62.356,17581816
2021-03-19,62.371,62.644,61.872,62.169,27224820
2021-03-22,62.501,63.698,62.400,63.390,15984116
2021-03-23,63.563,63.842,62.827,62.996,12929120
2021-03-24,63.375,63.387,62.222,62.231,14209876
2021-03-25,61.861,62.472,61.395,62.193,22573060
2021-03-26,62.159,63.842,62.135,63.774,14879902
2021-03-29,63.582,63.760,62.962,63.443,17317004
2021-03-30,62.996,63.063,62.462,62.842,13242392
2021-03-31,63.323,64.231,63.270,63.842,15430338
2021-04-01,64.539,65.130,64.476,65.125,14358354
2021-04-05,65.505,66.587,65.418,66.471,12925240
2021-04-06,66.365,66.582,65.966,66.188,11316084
2021-04-07,66.135,66.656,65.894,66.538,10085024
2021-04-08,67.163,67.514,67.048,67.500,14144514
2021-04-09,67.255,68.168,67.135,68.149,9432554
2021-04-12,67.870,68.038,67.488,67.822,15944214
2021-04-13,68.082,68.514,67.957,68.461,11316230
2021-04-14,68.452,68.485,67.606,67.735,11252646
2021-04-15,68.356,68.952,68.346,68.899,11034396
2021-04-16,68.952,69.014,68.596,68.884,11696022
2021-04-19,68.577,68.894,67.904,68.312,10308660
2021-04-20,68.168,68.464,67.327,67.707,9896526
2021-04-21,67.586,68.413,67.399,68.389,9265146
2021-04-22,68.269,68.562,67.288,67.586,11684762
2021-04-23,67.711,68.812,67.697,68.596,8889572
2021-04-26,68.620,69.019,68.572,68.947,7734918
2021-04-27,69.057,69.110,68.533,68.779,10886184
2021-04-28,68.377,68.471,67.973,68.139,10693576
2021-04-29,68.697,68.783,67.389,68.082,13489318
2021-04-30,67.389,67.755,66.995,67.154,10593908
2021-05-03,67.514,67.649,66.796,66.966,10816832
2021-05-04,66.466,66.486,65.034,65.765,19952250
2021-05-05,66.303,66.331,65.481,65.606,11293892
2021-05-06,65.577,66.303,65.106,66.264,14339016
2021-05-07,66.928,67.226,66.543,66.832,19197072
2021-05-10,66.510,66.543,65.120,65.144,20280712
2021-05-11,63.899,65.082,63.746,64.947,27046810
2021-05-12,63.991,64.342,62.952,63.121,29413396
2021-05-13,63.813,64.532,63.529,63.957,22615040
2021-05-14,64.673,65.589,64.548,65.366,16820166
2021-05-17,64.981,65.000,64.294,64.885,16266890
2021-05-18,65.072,65.207,64.322,64.366,11737252
2021-05-19,63.366,64.640,63.212,64.592,30581220
2021-05-20,64.851,66.046,64.842,65.827,16828138
2021-05-21,66.164,66.226,65.406,65.467,14147588
2021-05-24,66.010,66.861,65.976,66.630,13228222
2021-05-25,66.913,67.048,66.500,66.654,11245866
2021-05-26,66.745,66.937,66.428,66.644,13311384
2021-05-27,66.587,66.861,66.279,66.293,11351448
2021-05-28,66.630,66.913,66.495,66.529,9223702
2021-06-01,66.827,66.899,66.082,66.202,12907302
2021-06-02,66.337,66.928,66.212,66.659,10097312
2021-06-03,66.120,66.385,65.635,66.039,12721344
2021-06-04,66.442,67.384,66.442,67.308,11182546
2021-06-07,67.250,67.370,66.964,67.293,11783900
2021-06-08,67.615,67.899,67.111,67.298,8899992
2021-06-09,67.625,67.740,67.308,67.346,9763472
2021-06-10,67.485,68.009,67.245,67.841,11275848
2021-06-11,67.928,68.245,67.865,68.245,12099842
2021-06-14,68.312,68.942,68.033,68.937,11426686
2021-06-15,68.884,68.884,68.389,68.514,15079914
2021-06-16,68.644,68.774,67.473,68.144,19202854
2021-06-17,67.947,69.216,67.947,68.932,15864350
2021-06-18,68.601,68.870,68.221,68.303,20816514
2021-06-21,68.334,69.076,67.891,69.037,12275962
2021-06-22,68.994,69.702,68.917,69.663,9253166
2021-06-23,69.673,69.830,69.432,69.586,8270928
2021-06-24,70.034,70.238,69.885,70.025,12278938
2021-06-25,70.087,70.140,69.827,69.943,14384594
2021-06-28,70.232,70.757,70.217,70.675,12557646
2021-06-29,70.713,71.224,70.550,71.190,9827004
2021-06-30,71.079,71.286,70.892,71.113,11013592
2021-07-01,71.017,71.233,70.752,71.233,11636706
2021-07-02,71.575,72.247,71.556,72.173,12780426
2021-07-06,72.327,72.789,71.754,72.447,11870606
2021-07-07,72.909,72.991,72.259,72.842,14883700
2021-07-08,71.696,72.353,71.373,72.153,17086694
2021-07-09,72.067,72.885,71.961,72.818,9775798
2021-07-12,73.107,73.141,72.640,72.876,9620016
2021-07-13,72.750,73.704,72.688,73.174,15202410
2021-07-14,73.762,74.089,73.391,73.714,12885626
2021-07-15,73.627,73.685,72.717,73.107,12506684
2021-07-16,73.251,73.598,72.312,72.384,15080942
2021-07-19,71.522,71.719,70.973,71.388,24253974
2021-07-20,71.744,72.847,71.330,72.447,14713302
2021-07-21,72.418,73.160,72.283,73.145,12233956
2021-07-22,73.300,73.742,73.300,73.685,9577934
2021-07-23,74.012,74.453,73.747,74.417,12576150
2021-07-26,74.229,74.511,73.950,74.378,8992932
2021-07-27,74.287,74.311,72.746,73.675,18089898
2021-07-28,73.699,73.971,72.881,73.584,13941150
2021-07-29,73.507,74.176,73.497,73.926,12030296
2021-07-30,73.454,73.954,73.434,73.877,10149456
2021-08-02,74.210,74.311,73.511,73.613,12205870
2021-08-03,73.747,74.123,73.150,74.085,10825226
2021-08-04,74.027,74.417,73.791,74.234,11322782
2021-08-05,74.369,74.667,74.147,74.643,6672474
2021-08-06,74.383,74.667,74.364,74.581,7602836
2021-08-09,74.667,74.802,74.268,74.340,7197888
2021-08-10,74.475,74.542,73.591,73.805,10421342
2021-08-11,74.060,74.195,73.439,73.815,10832258
2021-08-12,73.738,74.282,73.434,74.239,6948712
2021-08-13,74.287,74.662,74.205,74.643,5631216
2021-08-16,74.465,74.990,73.834,74.980,9494214
2021-08-17,74.523,74.643,73.898,74.359,19052572
2021-08-18,74.186,74.518,73.251,73.333,13481182
2021-08-19,72.929,74.325,72.823,74.051,19291272
2021-08-20,74.330,75.072,74.152,75.004,14769484
2021-08-23,75.202,76.080,75.197,75.972,10802474
2021-08-24,76.069,76.155,75.818,75.886,9537024
2021-08-25,76.064,76.266,75.717,75.842,9430450
2021-08-26,75.751,75.905,75.303,75.366,12056660
2021-08-27,75.433,76.146,75.303,76.093,14088762
2021-08-30,76.319,77.001,76.319,76.912,10026624
2021-08-31,76.960,76.984,76.362,76.507,21971112
2021-09-01,76.772,77.119,76.464,76.526,20290356
2021-09-02,76.810,76.912,76.136,76.444,21771398
2021-09-03,76.353,76.950,76.329,76.748,21204800
2021-09-07,76.839,76.931,76.403,76.767,19724352
2021-09-08,76.757,76.781,75.929,76.473,11466304
2021-09-09,76.526,76.791,76.122,76.184,11161142
2021-09-10,76.608,76.796,75.358,75.433,17080146
2021-09-13,76.006,76.204,74.961,75.457,22636668
2021-09-14,75.780,75.934,75.158,75.361,18431550
2021-09-15,75.616,76.081,75.192,76.021,16338340
2021-09-16,75.751,76.141,75.281,76.064,16148502
2021-09-17,75.866,75.871,74.768,74.879,22662994
2021-09-20,73.773,74.150,72.526,73.508,35664744
2021-09-21,73.957,74.138,73.252,73.537,18454970
2021-09-22,73.937,74.835,73.609,74.545,27990666
2021-09-23,74.931,75.722,74.700,75.544,19534632
2021-09-24,75.086,75.722,75.052,75.597,11652460
2021-09-27,74.960,75.134,74.386,74.864,15014904
2021-09-28,73.904,74.073,72.587,72.645,38190688
2021-09-29,72.944,73.325,72.428,72.553,25011958
2021-09-30,72.977,73.291,71.993,72.032,33416518
2021-10-01,72.292,73.277,71.559,73.117,45483858
2021-10-04,72.698,72.782,70.855,71.424,50769638
2021-10-05,71.569,72.854,71.501,72.442,32967314
2021-10-06,71.607,72.968,71.369,72.915,40004756
2021-10-07,73.547,74.150,73.445,73.580,19895606
2021-10-08,73.865,73.918,73.185,73.306,18426370
2021-10-11,72.977,73.880,72.850,72.900,14970528
2021-10-12,73.185,73.277,72.403,72.524,17848356
2021-10-13,72.838,73.127,72.365,72.968,19522248
2021-10-14,73.711,74.647,73.605,74.613,15200408
2021-10-15,74.873,75.225,74.647,75.211,12779234
2021-10-18,74.791,75.886,74.584,75.848,11630214
2021-10-19,76.050,76.600,75.896,76.600,13201412
2021-10-20,76.673,76.784,76.055,76.388,12025294
2021-10-21,76.156,76.723,76.000,76.682,10023166
2021-10-22,76.653,76.972,76.099,76.417,12489968
2021-10-25,76.706,76.943,76.369,76.668,10336932
2021-10-26,77.184,77.507,76.846,76.885,13189518
2021-10-27,77.015,77.406,76.740,76.817,17448022
2021-10-28,77.285,77.647,77.141,77.589,12756776
2021-10-29,76.827,77.970,76.735,77.922,20131650
2021-11-01,77.922,77.961,77.411,77.806,24421238
2021-11-02,77.912,78.684,77.912,78.491,26814254
2021-11-03,78.626,79.114,78.168,78.950,25977518
2021-11-04,79.249,80.377,79.109,80.185,28691366
2021-11-05,80.773,81.053,80.098,80.599,24224128
2021-11-08,80.860,81.173,80.672,81.034,12780914
2021-11-09,81.154,81.241,80.288,80.701,16823116
2021-11-10,80.078,80.479,79.128,79.369,25787270
2021-11-11,79.939,79.972,79.610,79.741,10103808
2021-11-12,80.006,80.843,79.871,80.710,12244554
2021-11-15,81.034,81.149,80.170,80.628,12490390
2021-11-16,80.532,81.588,80.484,81.477,13538818
2021-11-17,81.318,81.743,80.976,81.231,15413854
2021-11-18,81.699,82.158,81.111,82.042,19967758
2021-11-19,82.336,82.954,82.062,82.640,17717568
2021-11-22,82.963,84.058,81.670,81.719,28464990
2021-11-23,81.405,81.791,80.498,81.530,29241354
2021-11-24,81.043,82.143,80.648,82.124,18240360
2021-11-26,80.952,81.579,79.755,80.074,24767408
2021-11-29,81.265,82.295,81.009,82.076,24979764
2021-11-30,81.767,82.515,80.696,81.391,54064892
2021-12-01,82.249,82.871,80.204,80.276,39091240
2021-12-02,79.533,81.386,79.360,81.014,46872488
2021-12-03,81.246,81.497,78.655,79.659,48469016
2021-12-06,79.890,80.657,79.061,80.416,37798190
2021-12-07,82.018,83.325,82.006,83.224,28690978
2021-12-08,83.253,83.663,82.679,83.605,23257906
2021-12-09,83.397,83.942,82.635,82.703,17200914
2021-12-10,83.571,84.468,83.325,84.362,24777048
2021-12-13,84.536,84.700,82.987,83.108,20973984
2021-12-14,82.104,82.630,80.759,81.743,27094776
2021-12-15,81.810,83.991,81.034,83.909,28268580
2021-12-16,84.222,84.357,81.048,81.530,31275606
2021-12-17,80.633,81.776,80.213,80.985,44823176
2021-12-20,79.745,80.271,79.435,80.020,32647612
2021-12-21,80.875,82.113,80.126,82.045,16810832
2021-12-22,81.934,83.176,81.716,83.118,13375996
2021-12-23,83.229,83.915,83.219,83.582,9792570
2021-12-27,83.915,85.394,83.896,85.375,13278942
2021-12-28,85.534,85.563,84.718,84.930,11423872
2021-12-29,84.959,85.346,84.563,85.003,9687768
2021-12-30,85.037,85.322,84.341,84.442,10526424
2021-12-31,84.360,84.563,83.993,84.031,10243072
2022-01-03,84.143,84.906,83.775,84.829,20302758
2022-01-04,84.974,85.061,83.297,83.930,16647938
2022-01-05,83.442,83.505,81.320,81.349,23628274
2022-01-06,80.701,81.774,80.455,80.938,23765972
2022-01-07,80.885,81.272,79.667,80.194,30487172
2022-01-10,79.000,80.310,77.951,80.208,32497126
2022-01-11,80.001,81.286,79.406,81.170,19207590
2022-01-12,81.774,82.335,81.146,81.552,18143422
2022-01-13,81.973,82.209,79.238,79.440,20942646
2022-01-14,78.899,80.160,78.899,80.112,22350960
2022-01-18,78.947,79.416,77.971,78.188,24709834
2022-01-19,78.435,79.401,77.019,77.096,24961324
2022-01-20,77.782,78.655,75.999,76.100,37609054
2022-01-21,75.917,76.792,74.568,74.588,48016522
2022-01-24,73.346,75.027,70.678,74.974,67429544
2022-01-25,73.505,74.631,72.398,73.239,48886298
2022-01-26,75.230,76.108,72.795,73.669,53595970
2022-01-27,74.863,75.259,72.896,73.162,39456128
2022-01-28,74.071,76.381,72.969,76.361,44235786
2022-01-31,76.381,78.382,76.009,78.280,29121082
2022-02-01,78.386,78.614,77.347,78.483,23389270
2022-02-02,78.652,79.252,78.121,79.121,25504816
2022-02-03,78.000,78.531,76.540,76.825,27862254
2022-02-04,76.415,77.811,76.091,77.135,29721824
2022-02-07,77.193,77.652,76.328,76.622,14622526
2022-02-08,76.381,77.777,76.202,77.570,21139770
2022-02-09,78.570,79.314,78.246,79.290,17795578
2022-02-10,77.715,79.034,76.811,77.217,31692166
2022-02-11,77.294,77.632,74.573,74.858,34877342
2022-02-14,74.660,75.436,73.964,74.834,41030386
2022-02-15,75.960,76.854,75.694,76.801,24445134
2022-02-16,76.279,76.990,75.448,76.724,20318228
2022-02-17,76.009,76.086,74.286,74.428,24906424
2022-02-18,74.684,74.791,73.109,73.674,25310594
2022-02-22,72.901,74.162,72.195,72.993,26892444
2022-02-23,73.752,73.950,71.089,71.166,37879086
2022-02-24,68.720,73.650,68.493,73.597,50967782
2022-02-25,73.708,74.622,72.804,74.597,28301662
2022-02-28,73.805,74.776,73.186,74.462,34821198
2022-03-01,74.182,74.564,72.403,72.973,29924982
2022-03-02,73.510,74.863,72.940,74.554,25592400
2022-03-03,75.182,75.187,73.288,73.665,23449298
2022-03-04,73.089,73.394,71.799,72.374,26732740
2022-03-07,72.311,72.645,69.687,69.726,32864264
2022-03-08,69.537,71.543,68.363,69.387,36898320
2022-03-09,71.272,72.461,70.702,72.133,35324580
2022-03-10,70.857,71.069,69.798,70.871,27448470
2022-03-11,71.499,71.678,69.518,69.624,21457722
2022-03-14,69.305,70.093,68.136,68.334,27852442
2022-03-15,68.875,70.770,68.646,70.629,22993792
2022-03-16,71.524,72.952,70.389,72.925,27175046
2022-03-17,72.534,73.491,72.142,73.442,18518824
2022-03-18,73.181,75.081,72.824,74.945,27897888
2022-03-21,74.543,75.201,73.821,74.804,22341420
2022-03-22,74.857,76.271,74.756,75.879,17485806
2022-03-23,75.172,75.864,74.639,74.712,12360626
2022-03-24,75.128,76.673,74.877,76.654,14260518
2022-03-25,76.775,76.881,75.651,76.610,14875198
2022-03-28,76.257,77.554,76.063,77.520,18592516
2022-03-29,78.426,79.239,77.864,79.167,18828382
2022-03-30,78.760,78.983,77.700,78.111,18680356
2022-03-31,78.101,78.247,76.838,76.954,19424120
2022-04-01,77.031,77.211,75.869,76.726,28209560
2022-04-04,76.925,78.223,76.896,78.184,23048296
2022-04-05,77.845,78.024,76.271,76.537,23587872
2022-04-06,75.264,75.438,74.063,74.727,34224724
2022-04-07,74.330,75.346,73.821,74.843,23194798
2022-04-08,74.509,74.683,73.637,73.797,26353572
2022-04-11,72.872,72.964,71.841,71.938,21595330
2022-04-12,72.829,73.381,71.347,71.618,22170460
2022-04-13,71.662,72.993,71.395,72.770,14446724
2022-04-14,72.848,72.979,70.967,71.003,17407032
2022-04-18,70.654,71.695,70.635,71.236,14051566
2022-04-19,71.056,72.698,70.795,72.572,13562068
2022-04-20,73.274,73.468,72.291,72.504,15652582
2022-04-21,73.211,73.899,71.056,71.274,18509218
2022-04-22,71.197,71.613,69.182,69.279,22094484
2022-04-25,68.974,70.369,68.543,70.320,28706916
2022-04-26,69.681,69.788,67.667,67.701,25953286
2022-04-27,68.456,70.025,68.306,68.703,40048486
2022-04-28,69.783,71.860,69.410,71.453,27762416
2022-04-29,70.674,71.497,68.345,68.476,29589830
2022-05-02,68.398,69.609,67.623,69.517,37004312
2022-05-03,69.507,70.064,68.994,69.638,27469808
2022-05-04,69.909,72.214,68.752,72.083,28650488
2022-05-05,71.022,71.110,67.798,68.616,36440228
2022-05-06,67.991,69.153,67.042,68.064,34861176
2022-05-09,66.834,67.265,65.130,65.430,41124220
2022-05-10,66.989,67.367,65.440,66.427,36369318
2022-05-11,65.827,67.076,64.132,64.331,34781840
2022-05-12,63.377,64.592,62.186,63.667,36506002
2022-05-13,64.534,66.108,64.118,65.783,24495704
2022-05-16,65.236,66.079,64.646,65.202,17423424
2022-05-17,66.607,67.192,65.851,67.091,18602228
2022-05-18,66.205,66.398,63.779,64.021,23670032
2022-05-19,63.542,64.408,63.019,63.319,20874898
2022-05-20,64.200,64.374,61.511,63.459,20252548
2022-05-23,63.658,64.999,63.459,64.917,17219494
2022-05-24,64.011,64.336,62.835,63.953,17122034
2022-05-25,63.532,65.178,63.483,64.699,13656628
2022-05-26,64.321,66.539,64.186,66.253,15556630
2022-05-27,66.994,68.509,66.868,68.495,16281786
2022-05-31,68.229,68.674,67.343,68.006,19418896
2022-06-01,68.737,69.199,67.299,67.803,13297218
2022-06-02,67.323,69.449,67.008,69.444,13868082
2022-06-03,68.127,68.597,67.468,67.783,11263278
2022-06-06,68.635,69.061,67.451,67.788,12588948
2022-06-07,67.067,68.727,66.931,68.597,11016652
2022-06-08,68.393,68.723,67.633,67.822,8814288
2022-06-09,67.328,67.987,65.996,66.011,9763408
2022-06-10,64.873,65.076,63.454,63.474,20886296
2022-06-13,61.474,62.060,60.438,60.661,36332694
2022-06-14,61.116,61.450,60.477,61.043,18250344
2022-06-15,61.803,63.251,60.966,62.331,25069120
2022-06-16,60.748,60.801,59.298,59.794,32690792
2022-06-17,59.784,60.912,59.363,60.341,27684400
2022-06-21,61.226,62.319,61.226,61.882,17244996
2022-06-22,61.207,62.474,61.037,61.620,15158814
2022-06-23,62.149,62.661,61.581,62.542,16042172
2022-06-24,63.261,64.805,63.261,64.790,25491336
2022-06-27,64.999,65.191,64.062,64.353,13917288
2022-06-28,64.411,65.052,62.396,62.426,15262200
2022-06-29,62.348,62.926,61.843,62.552,13607150
2022-06-30,61.722,62.494,60.741,61.717,15720322
2022-07-01,61.328,62.013,60.799,61.858,13930078
2022-07-05,61.018,62.649,60.668,62.634,14339670
2022-07-06,62.770,63.678,62.460,63.173,16166924
2022-07-07,63.450,64.625,63.450,64.479,13082248
2022-07-08,63.790,64.716,63.591,64.508,12626922
2022-07-11,63.945,64.222,63.183,63.620,11416688
2022-07-12,63.853,64.212,62.382,62.751,16553392
2022-07-13,61.571,62.989,61.299,62.586,15162656
2022-07-14,62.086,63.382,61.285,63.159,13726762
2022-07-15,63.766,64.300,63.499,64.270,13529292
2022-07-18,64.902,65.135,63.406,63.649,9897492
2022-07-19,64.358,65.659,63.969,65.591,12330544
2022-07-20,65.601,66.892,65.426,66.615,12536930
2022-07-21,66.698,67.567,66.004,67.552,12957540
2022-07-22,67.523,67.800,66.234,66.620,10581244
2022-07-25,66.591,66.664,65.698,66.198,13951166
2022-07-26,66.145,66.164,64.882,65.125,10167826
2022-07-27,66.198,68.281,66.101,67.926,17087890
2022-07-28,68.004,69.116,67.397,68.960,12407944
2022-07-29,69.174,70.237,68.883,70.019,10176750
2022-08-01,69.388,70.567,69.218,69.868,12516006
2022-08-02,69.266,70.174,68.776,69.373,15921800
2022-08-03,69.713,71.417,69.698,71.218,14243530
2022-08-04,71.194,71.577,70.737,71.543,11679820
2022-08-05,70.398,71.577,70.339,71.378,7920378
2022-08-08,71.315,71.869,70.388,70.771,11102826
2022-08-09,70.198,70.339,69.684,70.063,8565724
2022-08-10,71.728,72.034,71.155,71.975,19273034
2022-08-11,72.427,72.849,71.563,71.694,11025814
2022-08-12,72.165,73.126,71.941,73.121,8093878
2022-08-15,72.830,73.689,72.747,73.582,7162446
2022-08-16,73.247,73.728,72.699,73.383,10990642
2022-08-17,72.713,73.417,72.335,72.859,12632760
2022-08-18,72.932,73.529,72.650,73.238,9976866
2022-08-19,72.636,72.723,71.746,71.907,10146520
2022-08-22,70.927,70.951,69.728,69.902,10744248
2022-08-23,69.766,70.456,69.623,69.718,14777366
2022-08-24,69.669,70.058,69.378,69.761,8983272
2022-08-25,69.941,70.946,69.849,70.941,7126616
2022-08-26,70.912,71.082,67.863,67.912,14321890
2022-08-29,67.179,67.669,66.756,67.014,13231526
2022-08-30,67.392,67.508,65.712,66.314,13268762
2022-08-31,66.713,66.926,65.635,65.669,14171324
2022-09-01,65.028,65.431,63.979,65.348,15988250
2022-09-02,66.023,66.397,64.159,64.499,16606508
2022-09-06,64.586,64.863,63.649,64.071,14990208
2022-09-07,64.198,65.358,63.979,65.096,11656950
2022-09-08,64.615,65.659,64.324,65.319,11210568
2022-09-09,65.863,66.790,65.737,66.611,11417100
2022-09-12,67.023,67.708,67.014,67.679,10180954
2022-09-13,65.746,66.115,63.911,64.086,20146016
2022-09-14,64.387,64.790,63.702,64.319,13229162
2022-09-15,63.804,64.193,62.460,62.838,14885142
2022-09-16,62.290,62.617,61.600,62.489,20762120
2022-09-19,61.864,63.057,61.826,62.998,15683274
2022-09-20,62.410,63.023,62.083,62.629,12109608
2022-09-21,62.955,63.879,61.641,61.650,16808704
2022-09-22,61.305,61.694,60.677,61.022,16034248
2022-09-23,60.468,60.560,59.431,60.224,19396678
2022-09-26,60.039,61.047,59.635,59.806,17194090
2022-09-27,60.599,61.168,59.329,59.884,18714718
2022-09-28,59.484,60.808,59.027,60.516,18933394
2022-09-29,59.650,59.786,58.243,58.939,31096686
2022-09-30,58.701,59.572,57.703,57.810,19512912
2022-10-03,58.268,59.957,58.044,59.601,17332280
2022-10-04,60.808,61.670,60.764,61.602,17779080
2022-10-05,60.769,62.254,60.414,61.806,14600312
2022-10-06,61.645,62.322,61.227,61.300,14348220
2022-10-07,60.049,60.054,58.462,58.779,15748926
2022-10-10,58.779,58.861,57.212,57.791,16706192
2022-10-11,57.460,57.856,56.482,56.905,21044812
2022-10-12,56.949,57.338,56.632,56.730,14111642
2022-10-13,55.197,58.796,54.982,58.492,38114618
2022-10-14,58.969,59.095,56.754,56.847,22484424
2022-10-17,58.239,58.871,58.083,58.579,14599528
2022-10-18,60.098,60.312,58.331,59.076,13997984
2022-10-19,58.560,59.489,58.312,58.905,10983990
2022-10-20,58.925,60.219,58.647,58.939,12429648
2022-10-21,58.793,60.643,58.594,60.516,17125742
2022-10-24,60.774,61.577,60.034,61.353,13385182
2022-10-25,61.504,62.570,61.504,62.526,10264990
2022-10-26,60.949,62.424,60.852,61.134,15169380
2022-10-27,61.363,61.738,60.297,60.438,11694842
2022-10-28,60.774,63.198,60.774,63.067,14935444
2022-10-31,62.439,62.609,61.864,62.234,13292266
2022-11-01,63.008,63.120,61.446,61.714,9413280
2022-11-02,61.670,62.463,59.562,59.582,18095240
2022-11-03,58.750,58.857,57.786,57.830,16010698
2022-11-04,59.032,59.192,57.538,58.886,17896288
2022-11-07,58.988,59.966,58.569,59.869,10427628
2022-11-08,60.365,61.173,59.553,60.443,12721946
2022-11-09,59.884,59.908,58.784,58.871,11962548
2022-11-10,61.777,63.777,61.465,63.709,27932116
2022-11-11,63.651,65.013,63.339,64.799,15977826
2022-11-14,64.288,65.048,63.937,64.244,14526560
2022-11-15,65.705,65.972,64.371,65.023,12716116
2022-11-16,64.522,64.712,63.865,64.132,10095986
2022-11-17,63.110,64.512,63.086,64.215,8160310
2022-11-18,64.940,64.960,63.748,64.288,11912342
2022-11-21,63.923,64.186,63.471,63.597,8363846
2022-11-22,63.875,64.863,63.417,64.828,9019194
2022-11-23,64.687,65.597,64.643,65.403,9480606
2022-11-25,64.960,65.223,64.833,65.023,3262932
2022-11-28,64.288,64.702,63.373,63.631,13040250
2022-11-29,63.548,63.738,62.750,63.008,11570226
2022-11-30,62.979,66.181,62.916,66.172,23334454
2022-12-01,66.235,66.581,65.447,66.264,15165810
2022-12-02,65.155,66.099,64.901,65.880,8934382
2022-12-05,65.374,65.741,64.356,64.785,11526568
2022-12-06,64.716,64.814,62.989,63.398,11799696
2022-12-07,63.169,63.563,62.624,63.076,10413890
2022-12-08,63.427,64.293,63.047,64.108,8965786
2022-12-09,63.821,64.609,63.475,63.714,10402948
2022-12-12,63.816,65.106,63.797,65.106,14806196
2022-12-13,67.476,67.813,65.208,65.875,18607506
2022-12-14,65.812,66.581,64.556,65.320,19540956
2022-12-15,64.249,64.488,62.638,62.877,19226176
2022-12-16,62.663,63.033,61.728,62.045,23999244
2022-12-19,62.052,62.150,60.812,61.218,14276568
2022-12-20,60.895,61.623,60.600,61.310,12622074
2022-12-21,61.593,62.616,61.442,62.325,14670552
2022-12-22,61.545,61.610,59.721,60.754,15324906
2022-12-23,60.319,60.876,59.874,60.817,8231592
2022-12-27,60.607,60.715,59.885,60.241,9530210
2022-12-28,60.095,60.656,59.202,59.270,10362964
2022-12-29,59.851,61.027,59.844,60.822,10954286
2022-12-30,60.192,60.773,59.817,60.739,8905870
2023-01-03,61.388,61.793,59.734,60.163,15196140
2023-01-04,60.476,60.705,59.656,60.319,11813004
2023-01-05,60.017,60.173,59.045,59.148,11341030
2023-01-06,59.670,61.154,58.967,60.881,13825480
2023-01-09,61.427,62.709,61.408,61.588,21427266
2023-01-10,61.437,62.067,61.110,61.969,17209054
2023-01-11,62.164,63.043,61.974,63.043,13757972
2023-01-12,63.141,63.800,62.369,63.512,15358670
2023-01-13,62.911,63.785,62.765,63.692,10153164
2023-01-17,63.604,64.356,63.526,63.980,10425718
2023-01-18,64.341,64.683,63.116,63.155,13935922
2023-01-19,62.662,63.014,62.189,62.418,14645026
2023-01-20,62.731,64.153,62.506,64.107,14127872
2023-01-23,64.366,65.942,64.219,65.566,23472876
2023-01-24,65.196,65.786,65.098,65.537,12575678
2023-01-25,64.429,65.566,63.829,65.401,14342294
2023-01-26,66.040,66.474,65.357,66.445,11161740
2023-01-27,66.025,67.192,65.996,66.723,13549320
2023-01-30,65.957,66.245,65.393,65.449,9705914
2023-01-31,65.449,66.391,65.405,66.362,8871606
2023-02-01,66.313,68.466,65.996,67.924,18852750
2023-02-02,69.086,70.169,68.768,69.779,18824052
2023-02-03,68.578,70.330,68.476,69.198,16145326
2023-02-06,68.432,68.969,68.095,68.354,12977458
2023-02-07,68.456,70.325,68.427,70.062,15708144
2023-02-08,70.199,70.574,69.076,69.217,12577078
2023-02-09,70.286,70.404,68.563,68.837,12624028
2023-02-10,68.324,68.754,67.870,68.519,9861570
2023-02-13,68.788,69.857,68.744,69.706,8411828
2023-02-14,69.379,70.399,68.944,70.003,12621946
2023-02-15,69.579,70.335,69.413,70.330,10492454
2023-02-16,69.310,70.096,69.056,69.110,13001292
2023-02-17,68.617,68.695,67.651,68.246,10606678
2023-02-21,67.333,67.739,66.565,66.626,12277714
2023-02-22,66.762,67.065,66.211,66.528,14338388
2023-02-23,67.768,67.885,66.679,67.631,13120416
2023-02-24,66.430,66.714,66.040,66.426,14347584
2023-02-27,67.094,67.436,66.660,66.782,9388976
2023-02-28,66.567,67.280,66.450,66.635,10486298
2023-03-01,66.665,66.772,65.942,66.147,15069354
2023-03-02,65.967,67.172,65.854,66.962,10971264
2023-03-03,67.392,68.405,67.329,68.402,14439668
2023-03-06,68.842,69.662,68.673,68.729,15999230
2023-03-07,68.676,68.939,67.704,67.875,14120110
2023-03-08,68.114,68.519,67.714,68.437,13246948
2023-03-09,68.544,69.315,67.324,67.455,15624590
2023-03-10,67.358,67.526,66.006,66.269,30556804
2023-03-13,65.854,67.553,65.444,66.631,34439492
2023-03-14,67.490,68.407,67.211,68.168,21202102
2023-03-15,67.421,68.290,67.092,68.207,23060034
2023-03-16,67.968,70.218,67.743,70.120,26089096
2023-03-17,70.257,70.862,69.613,70.023,23079062
2023-03-20,69.902,70.303,69.378,70.215,11981616
2023-03-21,70.596,70.910,69.860,70.782,13066400
2023-03-22,70.782,72.191,70.039,70.078,14224492
2023-03-23,70.973,72.181,70.548,71.218,17595818
2023-03-24,70.993,71.438,70.523,71.404,11875410
2023-03-27,71.511,71.756,70.685,70.851,10810586
2023-03-28,70.729,70.753,69.880,70.518,9968016
2023-03-29,71.404,72.157,71.301,71.996,14256586
2023-03-30,72.661,72.935,72.343,72.832,11202418
2023-03-31,72.744,73.940,72.651,73.874,15069766
2023-04-03,73.424,73.859,73.072,73.757,21142120
2023-04-04,73.864,74.119,73.077,73.351,15824730
2023-04-05,73.003,73.072,71.991,72.514,15737560
2023-04-06,71.986,73.018,71.673,72.925,15696014
2023-04-10,72.201,72.901,71.805,72.886,9517176
2023-04-11,72.759,72.769,72.079,72.201,12791580
2023-04-12,72.690,72.886,71.670,71.790,13235772
2023-04-13,72.069,73.238,71.952,73.126,13641796
2023-04-14,72.715,73.316,72.084,72.720,13003696
2023-04-17,72.813,73.145,72.416,72.984,8306424
2023-04-18,73.541,73.737,72.891,73.209,9213060
2023-04-19,72.548,73.135,72.451,72.998,8623212
2023-04-20,72.328,73.238,72.196,72.519,11416252
2023-04-21,72.201,72.414,71.815,72.284,12237748
2023-04-24,71.996,72.348,71.428,71.966,9079936
2023-04-25,71.614,71.751,70.406,70.430,11022646
2023-04-26,71.668,72.216,71.306,71.477,13603396
2023-04-27,71.815,73.045,71.638,72.994,12084768
2023-04-28,72.994,73.801,72.915,73.786,11791940
2023-05-01,73.727,74.186,73.610,73.830,8194378
2023-05-02,73.918,74.001,72.759,73.140,12058870
2023-05-03,73.228,73.703,72.490,72.524,11630198
2023-05-04,72.235,72.666,71.878,72.177,10860910
2023-05-05,72.876,74.236,72.773,73.987,12229996
2023-05-08,73.845,74.011,73.493,73.947,6795686
2023-05-09,73.541,73.678,73.302,73.380,12473400
2023-05-10,74.021,74.446,73.556,74.275,10551820
2023-05-11,74.153,74.153,73.429,73.943,8957092
2023-05-12,74.070,74.177,73.272,73.845,7907956
2023-05-15,73.918,74.471,73.652,74.456,6796922
2023-05-16,74.354,74.941,74.329,74.535,9398476
2023-05-17,74.848,75.655,74.503,75.528,11916612
2023-05-18,75.621,77.186,75.621,77.073,15491208
2023-05-19,77.093,77.225,76.775,77.039,9805102
2023-05-22,76.809,77.387,76.682,77.186,10794178
2023-05-23,76.800,77.117,76.017,76.046,11690952
2023-05-24,75.444,75.792,75.078,75.488,10925504
2023-05-25,77.494,78.693,77.088,78.385,18077998
2023-05-26,78.585,80.752,78.575,80.610,15159996
2023-05-30,81.794,82.205,80.870,81.041,18123690
2023-05-31,80.576,81.334,80.322,80.366,19301020
2023-06-01,80.111,81.525,79.852,81.183,17419456
2023-06-02,81.662,82.024,81.070,81.647,14270542
2023-06-05,81.599,82.141,81.035,81.178,12090636
2023-06-06,80.982,81.334,80.576,81.158,9975664
2023-06-07,81.002,81.633,79.779,79.945,13703760
2023-06-08,80.062,80.936,80.006,80.811,10667444
2023-06-09,81.202,82.044,80.938,81.212,14415564
2023-06-12,81.770,83.010,81.603,82.978,13792040
2023-06-13,83.717,83.878,82.807,83.482,16595880
2023-06-14,83.384,84.372,83.096,84.343,16769036
2023-06-15,84.001,85.811,83.981,85.429,17732672
2023-06-16,86.241,86.246,84.641,84.725,17366668
2023-06-20,84.236,84.756,83.697,84.148,14139162
2023-06-21,83.824,83.986,82.658,82.903,12057926
2023-06-22,82.530,83.613,82.515,83.579,15225170
2023-06-23,82.550,83.160,82.324,82.672,14728914
2023-06-26,82.746,83.471,82.020,82.079,10890262
2023-06-27,82.408,83.888,82.329,83.697,13832904
2023-06-28,83.231,84.197,83.167,83.746,11371684
2023-06-29,83.834,84.045,83.388,83.893,9128292
2023-06-30,84.726,85.442,84.662,85.226,11398444
2023-07-03,85.211,85.251,84.613,85.045,6182200
2023-07-05,84.452,85.153,84.378,84.520,9396398
2023-07-06,83.687,84.373,83.430,84.295,12116420
2023-07-07,84.158,84.942,83.878,83.927,11622510
2023-07-10,83.623,84.153,83.305,84.148,16877102
2023-07-11,84.324,84.422,83.506,84.329,9997360
2023-07-12,85.172,85.685,84.707,85.285,16104564
2023-07-13,85.868,86.584,85.697,86.398,9349222
2023-07-14,86.613,87.290,86.020,86.270,11543822
2023-07-17,86.432,87.626,86.334,87.373,11860560
2023-07-18,87.172,88.790,86.716,88.363,16406770
2023-07-19,88.584,88.952,87.805,88.143,20989930
2023-07-20,87.579,87.949,86.111,86.383,24356046
2023-07-21,86.932,87.368,86.236,86.339,14871416
2023-07-24,86.721,86.932,86.158,86.491,11308260
2023-07-25,86.770,87.770,86.756,87.481,10802206
2023-07-26,86.564,86.775,85.697,86.305,15501528
2023-07-27,87.471,87.736,85.662,86.055,13856950
2023-07-28,86.854,87.486,86.672,87.226,11287748
2023-07-31,87.305,87.535,86.927,87.427,10139704
2023-08-01,87.143,87.761,86.912,87.574,8848614
2023-08-02,86.805,86.859,85.099,85.408,15826848
2023-08-03,84.711,85.560,84.658,85.060,11321866
2023-08-04,84.770,85.278,83.770,83.903,14431702
2023-08-07,84.256,84.545,83.530,84.138,9535996
2023-08-08,83.550,83.599,82.653,83.491,11461802
2023-08-09,83.604,83.604,82.128,82.412,14301782
2023-08-10,83.040,83.760,82.015,82.422,12731314
2023-08-11,81.765,82.295,81.530,81.814,10771912
2023-08-14,81.731,83.128,81.535,83.118,10328006
2023-08-15,82.873,83.167,82.109,82.300,9366346
2023-08-16,82.123,82.594,81.510,81.515,9779464
2023-08-17,81.878,82.028,80.618,80.741,12614734
2023-08-18,79.922,81.192,79.873,80.863,13658668
2023-08-21,81.280,82.574,81.202,82.408,13132846
2023-08-22,83.148,83.197,82.133,82.314,11365560
2023-08-23,82.515,84.045,82.510,83.800,10113242
2023-08-24,84.854,84.859,81.805,81.868,13928906
2023-08-25,82.197,83.158,81.466,82.702,15686580
2023-08-28,83.329,83.555,82.736,83.378,8964298
2023-08-29,83.138,85.133,83.050,85.050,13713878
2023-08-30,85.064,85.778,84.770,85.692,12266660
2023-08-31,85.888,86.437,85.795,86.109,11963490
2023-09-01,86.648,86.760,85.932,86.373,9244660
2023-09-05,86.158,86.952,85.878,86.682,10060370
2023-09-06,86.344,86.560,85.236,85.765,18143226
2023-09-07,84.172,84.711,83.863,84.525,12513846
2023-09-08,84.520,85.246,84.481,84.702,8584962
2023-09-11,85.447,85.525,84.398,85.143,8272768
2023-09-12,84.432,84.731,83.447,83.599,12243414
2023-09-13,83.564,84.258,83.329,83.809,10008760
2023-09-14,84.324,84.626,83.795,84.417,9473262
2023-09-15,84.113,84.138,82.574,82.795,13116818
2023-09-18,82.546,83.460,82.522,83.185,9943806
2023-09-19,82.831,83.352,82.379,83.141,8237334
2023-09-20,83.366,83.475,81.800,81.834,10766130
2023-09-21,80.974,81.549,80.547,80.586,14742824
2023-09-22,80.940,81.500,80.576,80.758,12537866
2023-09-25,80.552,81.141,80.346,81.019,10577338
2023-09-26,80.488,80.532,79.285,79.560,14925956
2023-09-27,79.943,80.100,78.893,79.682,11665226
2023-09-28,79.304,80.758,78.931,80.247,12829318
2023-09-29,81.038,81.790,80.247,80.522,15883816
2023-10-02,80.562,81.623,80.439,81.387,13656154
2023-10-03,80.925,81.480,79.594,80.007,14838716
2023-10-04,80.071,81.220,80.071,81.004,15194224
2023-10-05,80.999,81.244,80.139,81.112,12022956
2023-10-06,80.557,82.984,80.321,82.630,16625532
2023-10-09,82.124,83.185,81.746,83.057,13139160
2023-10-10,83.116,83.853,82.885,83.185,20403202
2023-10-11,83.440,83.995,83.175,83.956,10389272
2023-10-12,84.030,84.894,83.396,84.034,15405834
2023-10-13,84.202,84.344,82.541,82.831,15191938
2023-10-16,82.969,84.005,82.954,83.627,14544178
2023-10-17,82.576,83.669,81.981,83.239,15318272
2023-10-18,82.654,83.327,82.045,82.384,12862902
2023-10-19,82.713,83.268,81.770,81.913,19991730
2023-10-20,81.873,81.932,80.444,80.527,15350452
2023-10-23,80.026,81.441,79.579,80.621,15158934
2023-10-24,80.940,81.299,80.301,81.176,11180350
2023-10-25,81.564,81.662,79.980,80.218,15529614
2023-10-26,80.360,80.714,78.346,78.685,20646480
2023-10-27,79.167,79.943,78.793,79.142,16231560
2023-10-30,79.560,80.274,79.319,79.992,14180952
2023-10-31,80.031,80.630,79.407,80.562,10893520
2023-11-01,80.704,82.227,80.704,82.119,20945768
2023-11-02,82.861,83.583,82.748,83.509,16192668
2023-11-03,83.425,84.707,83.244,84.369,15661728
2023-11-06,84.481,84.953,84.216,84.924,11099142
2023-11-07,85.150,86.102,85.022,85.852,13029784
2023-11-08,86.147,86.481,85.754,86.338,10722660
2023-11-09,86.466,87.097,85.822,85.935,14374674
2023-11-10,86.456,88.237,86.358,88.180,13350358
2023-11-13,87.812,87.886,87.296,87.664,11725036
2023-11-14,89.005,89.642,88.730,89.418,16508432
2023-11-15,89.816,89.953,89.187,89.531,13147708
2023-11-16,89.354,90.076,89.192,89.978,11554076
2023-11-17,89.777,90.135,89.403,89.791,13278420
2023-11-20,89.904,91.329,89.895,91.093,11119662
2023-11-21,90.680,90.823,90.025,90.356,13350782
2023-11-22,90.926,91.535,90.513,90.759,11213670
2023-11-24,90.607,90.685,90.238,90.582,4193852
2023-11-27,90.454,91.100,90.292,90.577,8420186
2023-11-28,90.273,90.990,90.273,90.749,11012338
2023-11-29,91.412,91.805,90.761,90.818,10765424
2023-11-30,91.196,91.319,90.189,90.951,13744008
2023-12-01,90.715,91.319,90.278,91.157,13992110
2023-12-04,90.248,90.248,89.064,90.047,18221854
2023-12-05,89.565,90.690,89.565,90.587,10841330
2023-12-06,91.152,91.285,89.752,89.821,14731346
2023-12-07,90.248,91.064,90.057,90.911,13928806
2023-12-08,90.715,91.761,90.602,91.687,12808850
2023-12-11,91.417,92.508,91.206,92.488,37795384
2023-12-12,92.149,93.132,92.071,93.102,15055390
2023-12-13,93.323,94.148,93.102,93.922,29394994
2023-12-14,93.996,94.350,92.999,93.691,15427442
2023-12-15,93.593,94.703,93.593,94.163,18131392
2023-12-18,94.147,94.659,93.749,94.448,10138376
2023-12-19,94.428,94.817,94.374,94.807,9003672
2023-12-20,94.699,95.034,93.360,93.375,13734894
2023-12-21,94.325,94.635,93.631,94.423,11335948
2023-12-22,94.694,94.822,94.079,94.546,10215416
2023-12-26,94.605,95.135,94.605,94.940,6207558
2023-12-27,94.989,95.132,94.531,94.935,11764568
2023-12-28,95.270,95.368,95.002,95.048,9615352
2023-12-29,95.098,95.290,94.285,94.758,12190650
2024-01-02,93.468,93.616,91.691,92.277,23545468
2024-01-03,91.435,91.937,91.174,91.336,18190046
2024-01-04,90.775,91.403,90.578,90.667,12127296
2024-01-05,90.770,91.425,90.298,90.642,16350522
2024-01-08,91.100,92.981,91.007,92.917,16434662
2024-01-09,92.203,93.330,92.006,93.064,10633898
2024-01-10,93.109,94.059,92.912,93.857,9785434
2024-01-11,94.320,94.792,93.010,94.335,13297020
2024-01-12,94.487,94.856,94.167,94.640,8834636
2024-01-16,94.522,95.272,93.975,94.876,11775604
2024-01-17,94.172,94.522,93.384,94.408,14108960
2024-01-18,95.669,96.410,95.309,96.323,18918730
2024-01-19,96.954,98.563,96.742,98.544,18333144
2024-01-22,99.026,99.582,98.603,98.977,14968922
2024-01-23,99.070,99.440,98.494,99.376,13263826
2024-01-24,100.060,101.064,99.774,100.060,17651226
2024-01-25,100.981,101.485,100.013,100.478,17071494
2024-01-26,99.774,100.215,99.095,99.322,10553188
2024-01-29,99.445,100.252,99.248,100.232,7639594
2024-01-30,100.198,100.350,99.100,99.405,12251508
2024-01-31,98.460,98.864,97.269,97.318,16295208
2024-02-01,97.707,98.679,97.643,98.544,14303488
2024-02-02,97.874,99.878,97.842,99.563,12872552
2024-02-05,99.966,100.075,98.854,99.789,10086508
2024-02-06,99.898,100.070,98.691,99.331,12677116
2024-02-07,100.030,100.670,99.632,100.646,11365888
2024-02-08,100.818,101.232,100.695,100.961,9948188
2024-02-09,101.384,102.453,101.266,102.320,11612252
2024-02-12,102.315,102.630,101.394,101.542,10753232
2024-02-13,99.341,100.488,99.038,99.819,19459342
2024-02-14,100.562,100.941,99.853,100.862,11791680
2024-02-15,100.995,101.094,100.090,100.651,10796390
2024-02-16,100.922,101.123,99.590,99.725,11090418
2024-02-20,99.139,99.494,97.722,98.711,17447586
2024-02-21,97.756,98.091,97.018,98.091,15966358
2024-02-22,100.626,101.574,100.395,101.301,18551698
2024-02-23,102.103,102.231,100.744,101.064,12323940
2024-02-26,101.507,101.758,101.059,101.163,18248884
2024-02-27,101.438,101.438,100.498,101.251,9984454
2024-02-28,100.917,101.049,100.410,100.774,8329080
2024-02-29,101.310,102.135,100.744,101.896,11986746
2024-03-01,102.157,103.905,102.108,103.757,13136718
2024-03-04,103.609,104.350,103.378,103.757,20443828
2024-03-05,102.733,102.782,100.552,101.207,18042886
2024-03-06,102.265,102.776,101.325,102.009,14303188
2024-03-07,102.881,103.934,102.369,103.619,12120812
2024-03-08,103.806,104.540,102.014,102.078,14912100
2024-03-11,101.611,102.024,101.064,101.798,15648378
2024-03-12,102.777,103.895,101.803,103.885,17382880
2024-03-13,103.570,103.629,102.334,102.763,12815488
2024-03-14,103.196,103.560,102.155,102.782,16023244
2024-03-15,101.305,101.768,100.818,101.232,19633360
2024-03-18,102.116,102.772,101.648,101.727,14176566
2024-03-19,101.228,102.269,100.721,102.254,13390280
2024-03-20,102.333,103.433,101.972,103.398,13357416
2024-03-21,104.503,104.503,103.383,103.472,12312034
2024-03-22,103.477,103.886,103.107,103.507,11506956
2024-03-25,102.525,103.258,102.229,102.821,8777878
2024-03-26,103.191,103.359,102.313,102.397,8538360
2024-03-27,103.043,103.097,102.131,102.920,12495056
2024-03-28,102.678,102.994,102.491,102.698,8854310
2024-04-01,102.915,103.586,102.609,102.984,11693262
2024-04-02,101.840,102.139,101.164,101.993,11418378
2024-04-03,101.480,102.792,101.455,102.264,10669964
2024-04-04,103.240,103.600,100.592,100.647,16464724
2024-04-05,101.086,102.318,100.804,101.800,12808782
2024-04-08,101.865,102.200,101.307,101.682,8126136
2024-04-09,102.205,102.417,100.918,102.195,9401156
2024-04-10,101.031,101.318,100.509,100.943,13836754
2024-04-11,101.391,103.127,100.901,102.959,10563606
2024-04-12,101.731,102.210,100.918,101.293,16186814
2024-04-15,101.914,101.978,99.217,99.370,17189072
2024-04-16,99.586,100.104,99.093,99.488,14914022
2024-04-17,99.853,100.020,97.979,98.053,13090378
2024-04-18,98.023,98.275,96.830,96.934,15280726
2024-04-19,96.564,96.879,94.695,94.937,21879976
2024-04-22,95.666,96.362,94.715,95.785,13293442
2024-04-23,96.184,97.348,96.041,97.205,12151638
2024-04-24,97.925,98.327,97.111,97.649,9160164
2024-04-25,96.431,97.619,96.002,97.437,11567984
2024-04-26,98.206,99.256,97.821,98.536,10104168
2024-04-29,99.044,99.192,98.381,98.960,7494846
2024-04-30,98.620,99.019,96.751,96.781,14929054
2024-05-01,96.263,97.880,95.770,95.790,20453588
2024-05-02,97.012,97.303,95.790,97.170,13339990
2024-05-03,99.799,100.213,99.443,99.877,13316494
2024-05-06,100.257,101.051,100.104,101.051,8020934
2024-05-07,101.347,101.396,100.711,100.721,10021020
2024-05-08,100.361,101.115,100.336,101.007,7175942
2024-05-09,100.844,101.056,100.474,100.977,9589686
2024-05-10,101.505,101.958,101.031,101.352,8754014
2024-05-13,102.096,102.180,101.510,101.830,6581988
2024-05-14,101.796,102.873,101.736,102.732,9825164
2024-05-15,103.378,105.079,103.304,105.045,14308640
2024-05-16,105.107,105.432,104.636,104.680,12066506
2024-05-17,104.922,104.986,103.876,104.448,7616034
2024-05-20,104.552,105.874,104.458,105.676,6277268
2024-05-21,105.272,106.021,105.085,105.849,6140482
2024-05-22,106.150,106.473,105.459,106.086,11782914
2024-05-23,107.299,107.308,104.887,105.223,9400432
2024-05-24,105.489,106.337,105.139,106.110,5906412
2024-05-28,106.712,106.796,105.891,106.559,8786428
2024-05-29,105.435,106.391,105.435,105.883,8569076
2024-05-30,104.705,104.863,103.147,103.467,10459704
2024-05-31,103.773,103.793,101.347,103.630,12081012
2024-06-03,104.424,104.517,102.649,103.891,9628062
2024-06-04,103.837,104.273,103.304,104.108,6405330
2024-06-05,104.932,106.421,104.764,106.421,8788864
2024-06-06,106.480,106.552,105.785,106.066,7057672
2024-06-07,106.179,106.766,105.790,106.312,6398624
2024-06-10,105.952,106.870,105.883,106.584,6735392
2024-06-11,106.312,108.595,106.263,108.566,12719204
2024-06-12,109.643,112.087,109.444,110.967,17821256
2024-06-13,111.998,112.308,111.164,111.845,12693594
2024-06-14,111.687,112.328,111.613,112.264,7864554
2024-06-17,112.540,114.362,112.156,113.965,11602698
2024-06-18,114.079,114.483,113.655,114.108,8677722
2024-06-20,114.621,114.690,112.447,112.826,13816200
2024-06-21,112.851,113.292,112.116,112.629,13560786
2024-06-24,111.466,111.970,109.846,109.875,13748560
2024-06-25,110.681,111.950,110.058,111.891,9129082
2024-06-26,111.723,112.291,110.893,111.763,9459596
2024-06-27,111.545,112.370,111.412,111.817,7923534
2024-06-28,112.207,113.813,111.604,111.758,12488204
2024-07-01,111.926,112.790,110.300,112.602,9281668
2024-07-02,111.624,113.175,111.624,113.166,7076520
2024-07-03,113.003,114.746,112.909,114.692,6249128
2024-07-05,114.820,115.552,114.346,115.043,6671838
2024-07-08,115.413,116.164,115.216,115.828,7671038
2024-07-09,116.419,116.698,115.072,115.734,8684664
2024-07-10,116.530,117.495,115.878,117.414,8749384
2024-07-11,117.592,117.641,114.141,114.475,14110386
2024-07-12,114.791,116.722,114.391,115.497,9767552
2024-07-15,116.085,116.846,115.048,115.705,8627990
2024-07-16,115.976,116.035,114.494,115.319,7652214
2024-07-17,112.681,112.795,110.780,110.834,12440482
2024-07-18,112.049,112.069,109.446,110.844,10837174
2024-07-19,110.256,110.933,108.868,109.110,8472826
2024-07-22,110.552,111.822,110.083,111.693,10601500
2024-07-23,111.229,112.252,111.101,111.249,5530746
2024-07-24,109.796,110.142,106.388,106.645,14300720
2024-07-25,106.531,108.119,103.967,105.504,21157926
2024-07-26,106.926,107.692,105.938,106.842,11697862
2024-07-29,107.692,108.156,106.057,106.368,7343814
2024-07-30,106.763,106.867,102.900,103.696,10694518
2024-07-31,106.897,108.477,106.146,108.087,14614086
2024-08-01,107.791,109.041,102.950,104.056,16991430
2024-08-02,101.290,102.125,99.418,101.132,18621698
2024-08-05,94.801,99.650,94.228,97.763,31429906
2024-08-06,99.012,101.095,97.960,99.091,24575710
2024-08-07,101.492,101.986,97.353,97.486,17653500
2024-08-08,99.250,101.379,97.812,101.127,14513588
2024-08-09,101.067,102.164,100.455,101.581,9535506
2024-08-12,101.897,103.202,101.423,102.411,8580200
2024-08-13,103.681,105.590,103.552,105.558,9999538
2024-08-14,106.210,106.674,104.708,106.136,8922464
2024-08-15,107.509,109.298,107.277,109.189,9557224
2024-08-16,108.611,109.582,108.314,109.372,6706302
2024-08-19,109.115,111.180,108.670,111.175,13004212
2024-08-20,110.883,111.550,110.132,110.784,7242466
2024-08-21,110.854,111.822,110.503,111.437,7538728
2024-08-22,112.059,112.321,108.645,108.873,9083638
2024-08-23,109.955,111.118,109.223,110.636,10680964
2024-08-26,110.537,110.954,108.690,109.248,6268872
2024-08-27,108.571,110.142,108.038,109.910,7656002
2024-08-28,109.767,109.979,107.485,108.393,9002260
2024-08-29,108.423,109.950,107.139,107.415,13331612
2024-08-30,108.586,109.263,107.415,108.843,10048446
2024-09-03,107.692,107.771,103.251,103.844,14765758
2024-09-04,102.792,104.758,102.465,103.577,12330000
2024-09-05,102.831,104.703,102.737,103.419,8875232
2024-09-06,103.335,103.582,100.272,100.736,12441080
2024-09-09,101.986,102.500,101.043,102.386,10921976
2024-09-10,103.093,104.140,102.110,103.918,10122906
2024-09-11,104.274,107.628,102.624,107.465,12768732
2024-09-12,107.386,108.813,106.630,108.354,10606110
2024-09-13,108.487,109.169,108.048,108.897,8047324
2024-09-16,108.112,108.828,107.480,108.482,6897782
2024-09-17,109.569,109.737,107.722,108.270,6989920
2024-09-18,108.542,109.302,107.178,107.282,12741686
2024-09-19,110.295,111.152,109.693,110.468,13934078
2024-09-20,110.034,110.424,108.947,109.930,14492708
2024-09-23,110.031,110.175,109.576,109.912,7490526
2024-09-24,110.373,110.887,109.185,110.665,7025806
2024-09-25,110.447,111.466,110.397,110.981,6111536
2024-09-26,113.149,113.272,111.268,112.451,9244746
2024-09-27,112.610,112.644,110.986,111.402,6093760
2024-09-30,110.917,111.798,110.363,111.729,5501888
2024-10-01,111.397,111.461,108.358,109.007,11295304
2024-10-02,109.031,110.311,108.413,109.813,4532304
2024-10-03,109.492,111.075,109.477,110.269,5784880
2024-10-04,111.694,111.773,110.323,111.496,5015344
2024-10-07,110.996,111.734,110.452,110.729,4430412
2024-10-08,111.526,112.986,111.271,112.798,7864790
2024-10-09,112.887,114.218,112.535,114.060,7579782
2024-10-10,113.297,114.324,112.981,114.030,5692236
2024-10-11,113.758,114.485,113.589,114.228,8848914
2024-10-14,114.955,115.955,114.901,115.718,9810124
2024-10-15,115.807,116.086,112.753,113.174,14179308
2024-10-16,113.530,113.698,112.305,113.525,5758844
2024-10-17,115.109,115.173,113.872,113.872,6051182
2024-10-18,114.465,114.698,114.035,114.277,4537056
2024-10-21,113.921,114.827,113.713,114.812,6322384
2024-10-22,114.203,115.084,113.876,114.693,6169170
2024-10-23,114.267,114.441,112.086,113.050,6083640
2024-10-24,113.510,113.662,112.709,113.382,4832722
2024-10-25,114.025,115.250,113.807,113.971,8314782
2024-10-28,114.787,114.787,113.911,113.936,5899140
2024-10-29,114.154,115.802,113.728,115.470,7451664
2024-10-30,114.416,114.723,113.560,113.634,8341134
2024-10-31,112.387,112.387,109.947,109.987,12110206
2024-11-01,110.105,111.640,109.957,110.813,11565790
2024-11-04,110.917,111.526,110.259,110.729,6311970
2024-11-05,111.070,112.377,111.070,112.288,7272966
2024-11-06,114.456,115.698,114.114,115.485,10967820
2024-11-07,116.287,117.633,116.232,117.499,10462922
2024-11-08,117.351,117.757,116.945,117.370,7236376
2024-11-11,117.356,117.430,116.024,116.722,7267210
2024-11-12,116.643,117.019,115.950,116.871,7530784
2024-11-13,116.623,117.326,116.104,116.465,6329838
2024-11-14,116.653,116.856,115.881,116.069,6601984
2024-11-15,114.634,114.782,112.812,113.189,11229832
2024-11-18,113.189,114.035,112.699,113.555,6172120
2024-11-19,112.842,114.579,112.842,114.485,6906800
2024-11-20,114.584,114.624,112.862,114.386,8874798
2024-11-21,115.495,116.089,113.728,115.549,10591736
2024-11-22,115.341,115.876,114.926,115.609,7090838
2024-11-25,116.480,116.683,115.079,115.604,11137288
2024-11-26,116.128,116.544,115.688,116.183,6229916
2024-11-27,115.396,115.465,113.594,114.609,6369324
2024-11-29,114.876,115.915,114.762,115.673,4168342
2024-12-02,115.757,117.207,115.727,116.772,9398226
2024-12-03,116.277,117.222,116.049,117.192,5575908
2024-12-04,118.657,119.395,118.311,119.335,10840578
2024-12-05,119.147,119.286,118.568,118.731,5637936
2024-12-06,118.939,119.706,118.811,119.192,6654834
2024-12-09,118.746,119.171,118.113,118.415,8032486
2024-12-10,118.014,118.336,116.400,116.772,11234994
2024-12-11,117.697,118.840,117.291,118.464,8689540
2024-12-12,117.707,118.234,117.420,117.801,7218390
2024-12-13,118.865,119.330,117.366,118.306,8676910
2024-12-16,118.459,119.593,118.207,119.489,9443270
2024-12-17,118.642,119.231,118.187,118.766,8144904
2024-12-18,119.167,119.494,114.668,114.936,16927156
2024-12-19,116.104,116.480,114.911,115.059,13385794
2024-12-20,114.277,117.717,113.921,116.777,14924892
2024-12-23,117.109,118.061,116.485,118.011,7973320
2024-12-24,118.433,119.236,118.254,119.231,4653314
2024-12-26,118.849,119.746,118.467,119.310,7150976
2024-12-27,118.507,118.661,116.566,117.724,8726512
2024-12-30,116.009,117.154,115.290,116.227,7950320
2024-12-31,116.544,116.623,114.883,115.260,9381230
2025-01-02,116.172,116.499,113.902,114.988,12780246
2025-01-03,115.691,116.985,115.463,116.861,9121130
2025-01-06,118.195,119.494,117.882,118.348,8975322
2025-01-07,118.968,118.968,115.567,115.974,10007298
2025-01-08,116.242,116.261,114.819,115.934,10023790
2025-01-10,114.715,114.735,112.737,113.406,11665792
2025-01-13,111.582,112.683,111.260,112.603,10655948
2025-01-14,113.476,113.785,112.003,112.901,7220436
2025-01-15,114.442,115.483,114.066,115.146,10465306
2025-01-16,116.083,116.157,114.234,114.259,5368522
2025-01-17,116.321,116.460,115.538,116.048,6743384
2025-01-21,116.435,117.302,115.627,117.015,6744152
2025-01-22,118.596,119.935,118.428,119.657,10243754
2025-01-23,118.735,119.895,118.621,119.870,7604470
2025-01-24,120.247,120.247,118.237,118.621,6607604
2025-01-27,113.307,114.494,111.765,112.806,20705510
2025-01-28,113.570,116.073,112.370,115.815,11260678
2025-01-29,115.587,115.642,113.758,114.874,9050006
2025-01-30,114.670,115.483,113.882,115.087,8840270
2025-01-31,116.157,116.851,114.105,114.413,10744628
2025-02-03,111.879,113.560,111.282,112.871,13752870
2025-02-04,113.258,114.675,113.218,114.497,8371284
2025-02-05,114.601,116.113,114.239,116.088,5398084
2025-02-06,116.088,116.643,115.572,116.405,6808074
2025-02-07,116.876,117.436,115.022,115.409,8553266
2025-02-10,116.321,117.387,116.286,117.094,6054166
2025-02-11,116.445,117.620,116.366,117.149,6456566
2025-02-12,115.498,117.034,115.369,116.896,8555660
2025-02-13,117.104,118.626,116.941,118.552,7829570
2025-02-14,118.452,119.050,118.234,118.953,4557224
2025-02-18,119.568,120.054,119.013,120.039,6023966
2025-02-19,119.905,120.524,119.067,120.049,5714100
2025-02-20,119.935,120.093,118.403,119.667,5987748
2025-02-21,119.702,119.751,116.366,116.425,9057584
2025-02-24,116.876,117.203,114.616,114.760,7447556
2025-02-25,114.517,114.621,112.499,113.272,10434292
2025-02-26,114.383,115.587,113.629,114.507,7630670
2025-02-27,115.131,115.250,110.288,110.338,10100010
2025-02-28,109.842,111.909,108.905,111.795,14172158
2025-03-03,112.370,112.598,107.592,108.395,12516182
2025-03-04,107.592,110.224,106.209,108.310,17720982
2025-03-05,108.648,110.189,107.190,109.832,11931086
2025-03-06,107.577,109.277,106.266,106.784,16431978
2025-03-07,106.660,108.603,105.401,108.330,11263990
2025-03-10,106.189,106.387,102.650,103.725,21561806
2025-03-11,103.408,105.044,102.258,103.304,14832708
2025-03-12,105.148,105.842,103.676,104.930,10981696
2025-03-13,104.627,104.860,102.535,102.937,12383066
2025-03-14,104.285,106.159,104.251,106.050,10041532
2025-03-17,105.966,107.547,105.658,106.789,10148780
2025-03-18,106.030,106.139,104.776,105.163,11487380
2025-03-19,105.703,107.780,105.262,106.531,8838650
2025-03-20,105.321,106.937,105.163,105.772,7145274
2025-03-21,104.451,106.204,104.067,106.060,10425692
2025-03-24,107.832,108.331,107.549,108.075,8200134
2025-03-25,108.006,108.577,107.951,108.433,7481704
2025-03-26,108.100,108.358,105.597,106.014,7888662
2025-03-27,105.289,105.885,104.480,105.036,6577750
2025-03-28,104.490,104.912,102.141,102.488,10667580
2025-03-31,100.701,102.771,99.683,102.538,14219082
2025-04-01,102.131,103.377,101.296,103.288,9480114
2025-04-02,101.813,104.912,101.733,104.053,9291958
2025-04-03,99.067,99.668,96.872,96.951,19451384
2025-04-04,93.927,94.672,90.530,90.565,33804576
2025-04-07,86.870,95.253,85.639,91.106,44557864
2025-04-08,94.498,95.764,87.620,89.254,25811426
2025-04-09,89.438,101.793,89.323,101.237,36988888
2025-04-10,97.756,98.426,93.227,96.524,19747556
2025-04-11,96.042,98.923,95.322,98.501,14423198
2025-04-14,101.555,101.619,98.327,99.399,11904498
2025-04-15,99.553,100.517,99.295,99.762,7200060
2025-04-16,97.085,98.118,94.622,96.296,13222484
2025-04-17,96.986,96.986,95.367,95.774,7480756
2025-04-21,94.260,94.498,91.963,93.301,8973362
2025-04-22,94.543,96.127,93.991,95.576,9312868
2025-04-23,99.241,100.288,97.944,98.347,13413710
2025-04-24,99.315,102.156,99.156,102.017,9316954
2025-04-25,101.709,103.717,101.609,103.526,6518460
2025-04-28,103.392,103.901,101.813,103.357,5574412
2025-04-29,102.861,104.271,102.861,103.839,9144446
2025-04-30,101.798,104.658,101.207,104.271,10203730
2025-05-01,106.550,107.539,105.706,105.801,11532768
2025-05-02,107.010,108.070,106.724,107.569,8125414
2025-05-05,106.645,107.762,106.590,106.997,6757276
2025-05-06,105.408,106.888,105.086,106.109,7958152
2025-05-07,106.109,107.638,105.379,107.171,8171378
2025-05-08,108.234,109.220,107.271,108.194,8704344
2025-05-09,108.676,108.875,107.504,108.060,7330446
2025-05-12,112.644,113.116,111.508,113.076,13478206
2025-05-13,113.483,115.897,113.354,115.519,12757350
2025-05-14,116.060,116.723,115.589,116.269,10247902
2025-05-15,115.638,117.083,115.499,116.428,9536352
2025-05-16,116.805,116.805,115.638,116.646,8111660
2025-05-19,114.923,116.738,114.883,116.478,11863048
2025-05-20,115.752,116.060,115.162,116.041,10273646
2025-05-21,114.953,116.557,113.399,113.860,18643572
2025-05-22,113.915,114.913,113.637,113.890,11372044
2025-05-23,111.909,113.369,111.786,112.634,12003920
2025-05-27,114.387,115.469,114.004,115.311,14208308
2025-05-28,115.450,115.909,114.665,114.834,10789124
2025-05-29,116.572,116.691,114.437,115.027,14013150
2025-05-30,114.973,115.027,112.937,114.670,13494118
2025-06-02,114.367,115.752,114.228,115.683,12878766
2025-06-03,115.837,117.510,115.752,117.421,14312342
2025-06-04,117.570,117.960,117.014,117.595,10899200
2025-06-05,117.943,118.970,116.756,117.262,15887010
2025-06-06,118.394,118.916,118.032,118.370,9026022
2025-06-09,118.831,119.686,118.742,118.951,11100938
2025-06-10,118.931,119.795,118.484,119.616,9832436
2025-06-11,119.904,120.388,118.737,119.353,9600038
2025-06-12,119.328,120.738,119.308,120.460,11210374
2025-06-13,119.065,119.971,118.335,118.772,13193708
2025-06-16,119.487,121.051,119.487,120.694,13866252
2025-06-17,120.187,121.036,119.556,119.840,10525356
2025-06-18,120.133,120.738,119.373,119.984,11065960
2025-06-20,120.411,120.818,118.891,119.452,11490654
2025-06-23,119.565,120.913,118.754,120.809,12277030
2025-06-24,122.037,123.126,121.893,122.977,11329482
2025-06-25,123.614,124.211,123.504,124.027,9228680
2025-06-26,124.584,125.081,124.091,124.882,11289294
2025-06-27,125.220,125.698,124.166,124.733,12196514
2025-06-30,125.827,126.300,125.220,125.957,13365120
2025-07-01,125.554,125.817,123.977,124.832,15144754
2025-07-02,124.519,126.235,124.427,126.151,11950194
2025-07-03,126.837,128.195,126.787,127.812,7112818
2025-07-07,127.319,127.653,126.230,126.797,11560830
2025-07-08,127.464,127.722,126.951,127.479,15715164
2025-07-09,127.931,128.727,127.292,128.245,12933510
2025-07-10,128.563,128.677,127.150,127.822,9994226
2025-07-11,127.215,128.006,127.056,127.260,9238974
2025-07-14,126.946,127.469,125.942,127.155,8125248
2025-07-15,128.638,128.941,128.240,128.284,15657054
2025-07-16,128.329,128.754,126.742,128.682,17782658
2025-07-17,128.837,130.055,128.583,129.851,11955064
2025-07-18,130.349,130.393,129.419,129.767,10281074
2025-07-21,129.911,130.821,129.759,129.936,9246618
2025-07-22,129.836,129.928,127.807,128.732,13448894
2025-07-23,129.065,129.637,128.299,129.468,10091792
2025-07-24,129.784,130.269,129.284,130.015,12159626
2025-07-25,129.976,130.642,129.705,130.314,8001970
2025-07-28,130.811,131.388,130.540,131.353,11517532
2025-07-29,132.209,132.940,131.135,131.358,13739048
2025-07-30,131.498,132.099,130.617,131.652,13934616
2025-07-31,133.308,133.308,130.050,130.687,16414360
2025-08-01,129.264,129.309,127.225,127.867,19438016
2025-08-04,129.070,130.488,129.070,130.463,12376904
2025-08-05,130.946,131.060,129.083,129.384,11176052
2025-08-06,129.508,131.010,129.423,130.841,10167088
2025-08-07,132.298,132.512,129.871,130.960,10318098
2025-08-08,131.453,132.418,131.110,132.269,11016472
2025-08-11,132.184,132.781,131.070,131.373,9425422
2025-08-12,132.030,133.442,131.299,133.408,11154956
2025-08-13,134.179,134.323,132.967,133.457,13990174
2025-08-14,132.781,133.627,132.475,133.169,15484334
2025-08-15,132.990,132.990,131.632,132.159,13373126
2025-08-18,131.993,132.560,131.866,132.443,12233766
2025-08-19,132.393,132.423,129.886,130.130,17366906
2025-08-20,129.802,129.802,127.255,129.249,23064292
2025-08-21,128.936,129.453,128.225,128.782,15148558
2025-08-22,128.643,131.378,128.284,130.528,13756014
2025-08-25,130.523,131.050,129.876,130.234,10691774
2025-08-26,130.344,131.005,130.155,130.831,11081002
2025-08-27,130.960,131.687,130.359,131.537,11538638
2025-08-28,131.697,132.861,131.040,132.577,12380568
2025-08-29,131.995,132.020,130.065,130.543,17481146
2025-09-02,128.235,129.344,127.474,129.225,18226030
2025-09-03,129.886,130.254,129.026,129.995,15636628
2025-09-04,129.463,130.689,128.936,130.637,24397396
2025-09-05,131.876,131.925,129.419,130.747,38561884
2025-09-08,131.433,132.204,131.403,131.726,20556492
2025-09-09,132.020,132.119,131.045,131.980,19354906
2025-09-10,134.651,135.278,133.731,134.373,25957146
2025-09-11,135.218,135.407,134.606,134.825,23429236
2025-09-12,135.094,135.223,134.447,134.736,15612228
2025-09-15,134.950,135.979,134.785,135.949,16268022
2025-09-16,136.263,136.355,135.313,135.477,16081462
2025-09-17,135.387,135.551,133.612,135.009,18948526
2025-09-18,136.760,137.745,136.099,137.342,20883330
2025-09-19,137.894,138.864,137.447,138.735,15670762
2025-09-22,138.519,140.879,138.464,140.765,15771162
2025-09-23,140.573,140.800,138.930,139.550,16457122
2025-09-24,139.923,139.923,137.762,138.688,13471012
2025-09-25,137.428,138.788,136.577,138.444,21349698
2025-09-26,138.593,138.987,137.637,138.862,16534048
2025-09-29,139.659,140.396,139.281,139.604,16107478
2025-09-30,139.604,140.506,139.311,140.366,18215140
2025-10-01,139.649,141.840,139.609,141.741,17411244
2025-10-02,143.060,143.090,141.865,142.508,17607828
2025-10-03,142.637,143.364,141.303,141.791,17457914
2025-10-06,143.703,144.141,143.150,143.225,17945644
2025-10-07,143.962,144.171,141.517,142.269,15588378
2025-10-08,142.597,144.769,142.520,144.764,14038684
2025-10-09,144.699,144.828,143.768,144.520,11989432
2025-10-10,144.821,145.087,138.583,138.638,44574582
2025-10-13,141.796,142.488,140.989,142.015,22030324
2025-10-14,140.152,141.621,138.564,140.192,26956776
2025-10-15,142.159,142.717,139.836,141.581,20937568
2025-10-16,142.602,143.234,140.720,141.686,23166204
2025-10-17,140.844,142.358,139.948,141.935,25511538
2025-10-20,142.747,144.131,142.662,143.519,13805140
2025-10-21,143.429,144.104,142.901,143.593,12503878
2025-10-22,143.529,143.843,140.386,142.174,20723262
2025-10-23,141.616,144.196,141.616,143.967,11923498
2025-10-24,145.665,146.693,145.451,146.203,14359558
2025-10-27,148.255,149.031,148.016,148.902,15166990
2025-10-28,149.624,150.964,149.111,150.376,15055150
2025-10-29,151.738,152.383,150.331,151.457,21506188
2025-10-30,150.595,151.372,149.544,149.594,19218542
2025-10-31,151.103,151.213,148.872,149.739,16303828
2025-11-03,151.173,151.502,149.529,150.351,13983640
2025-11-04,147.630,148.603,146.138,146.382,16722508
2025-11-05,146.121,148.145,145.899,146.955,14447042
2025-11-06,146.721,146.880,143.260,144.002,24797372
2025-11-07,142.772,143.539,140.236,143.504,25546968
2025-11-10,146.068,147.453,145.311,147.174,18286348
2025-11-11,146.203,146.467,144.948,145.919,14871586
2025-11-12,147.139,147.139,145.491,146.372,13179216
2025-11-13,145.555,145.755,141.945,142.722,22385816
2025-11-14,140.087,144.798,139.584,143.499,27429542
2025-11-17,142.154,143.708,140.112,141.253,24675354
2025-11-18,140.033,140.755,137.682,138.957,36747558
2025-11-19,138.967,141.492,138.608,139.923,27668896
2025-11-20,143.145,143.680,135.217,135.531,56551772
2025-11-21,135.755,137.866,133.205,136.054,44958908
2025-11-24,136.970,139.786,136.885,139.296,20124882
2025-11-25,138.071,140.028,136.108,139.669,21303330
2025-11-26,141.317,141.925,140.227,141.322,13359394
2025-11-28,141.621,142.562,141.238,142.538,6792182
2025-12-01,141.153,143.028,140.720,142.602,12846540
2025-12-02,143.489,144.933,143.070,144.071,15719056
2025-12-03,143.374,144.515,142.655,144.415,11623232
2025-12-04,144.609,145.212,143.917,144.953,9995268
2025-12-05,145.640,146.735,145.122,146.028,6627969
2025-12-08,146.855,147.801,146.347,147.054,8272771
2025-12-09,146.760,147.672,146.387,147.443,6978176
2025-12-10,147.114,148.638,146.247,148.150,8961059
2025-12-11,146.486,147.552,144.544,147.393,9769253
2025-12-12,146.367,146.506,142.701,143.130,14873172
2025-12-15,143.857,144.066,141.466,141.745,10790253
2025-12-16,141.357,142.412,140.749,142.004,10790905
2025-12-17,142.163,142.283,138.777,138.846,18178746
2025-12-18,141.307,141.865,140.241,140.988,12319524
2025-12-19,142.034,144.056,142.014,144.036,14265937
2025-12-22,145.660,145.660,144.298,144.812,8864472
2025-12-23,144.393,145.630,144.014,145.600,7546050
2025-12-24,145.440,146.148,145.330,145.949,3676257
2025-12-26,146.258,146.627,145.889,146.178,5052923
2025-12-29,145.001,146.029,144.692,145.520,9822319
2025-12-30,145.500,145.909,145.026,145.061,6387446
2025-12-31,145.360,145.450,143.555,143.624,9528387
2026-01-02,145.280,146.168,143.061,143.954,15299454
2026-01-05,145.660,146.039,143.899,144.273,17476328
2026-01-06,144.861,146.413,144.283,146.298,14985672
2026-01-07,146.178,147.026,145.690,146.178,13957071
2026-01-08,145.580,145.580,143.156,143.894,16870541
2026-01-09,144.223,146.228,143.679,145.799,15652618
2026-01-12,144.842,146.932,144.702,146.438,12867188
2026-01-13,146.498,147.166,145.495,146.128,16552152
2026-01-14,145.151,145.580,142.976,144.353,22104224
2026-01-15,146.577,147.216,144.961,145.111,17370878
2026-01-16,146.368,146.597,144.672,145.271,14156676
2026-01-20,142.747,143.754,141.270,141.500,20029177
2026-01-21,142.437,144.692,141.619,143.465,27892847
2026-01-22,145.261,145.350,143.814,144.532,12971563
2026-01-23,144.183,145.475,143.405,144.742,14654456
2026-01-26,144.921,146.358,144.542,145.729,10195625
2026-01-27,147.066,148.263,146.677,147.695,12436175
2026-01-28,148.642,149.540,148.253,148.872,19497406
2026-01-29,147.485,147.575,142.926,146.518,25580964
2026-01-30,145.690,146.398,142.647,143.535,18342641
2026-02-02,143.186,145.794,143.046,144.911,16337576
2026-02-03,145.525,145.620,139.834,141.739,30464494
2026-02-04,140.492,140.672,135.778,137.789,45649454
2026-02-05,136.891,138.148,134.751,135.304,42950873
2026-02-06,137.679,141.130,137.090,140.791,37131922
2026-02-09,140.258,143.679,139.574,143.006,24629514
2026-02-10,143.475,143.804,142.043,142.208,22564318
2026-02-11,144.163,144.408,140.981,142.627,18905713
2026-02-12,142.966,143.425,138.582,138.876,32154746
2026-02-13,139.225,140.572,137.599,139.225,26637122
2026-02-17,138.307,140.113,136.691,139.145,25743800
2026-02-18,139.719,141.774,138.936,140.572,13705785
2026-02-19,139.754,140.372,138.941,139.873,13483972
2026-02-20,138.866,141.410,138.636,140.542,14942420
2026-02-23,139.844,140.312,137.559,138.188,22021923
2026-02-24,138.906,140.602,137.858,139.983,13030621
2026-02-25,141.021,142.996,140.871,142.667,13296046
2026-02-26,142.597,142.667,138.926,140.672,19364871
2026-02-27,137.978,139.430,137.609,138.427,15328602
2026-03-02,136.701,139.624,136.232,139.205,20156667
2026-03-03,136.028,137.998,134.666,137.170,34153036
2026-03-04,138.198,140.292,137.709,139.504,15201380
2026-03-05,138.826,140.921,137.759,139.844,19424199
2026-03-06,137.489,139.494,136.462,136.961,19677214
2026-03-09,135.644,139.873,135.135,139.425,22760857
2026-03-10,139.504,141.051,138.686,139.425,24338517
2026-03-11,140.243,141.250,139.185,140.093,14017700
2026-03-12,138.936,139.410,137.320,137.509,32372780
2026-03-13,138.118,139.370,136.187,136.472,15701792
2026-03-16,138.387,139.744,138.188,138.447,16626428
2026-03-17,139.055,139.933,138.597,139.205,12034647
2026-03-18,138.976,139.734,137.599,137.629,12634543
2026-03-19,135.674,138.836,135.115,138.098,18087931
2026-03-20,137.649,137.649,134.000,134.965,27251819
2026-03-23,137.335,139.033,136.057,136.786,21818519
2026-03-24,135.887,136.756,134.708,135.987,16843862
2026-03-25,137.125,137.829,136.116,136.596,13872406
2026-03-26,135.018,135.357,132.261,132.341,15434571
2026-03-27,131.372,131.887,129.420,129.764,15895156
2026-03-30,131.112,131.392,126.528,127.347,18830030
2026-03-31,128.995,133.055,128.825,132.741,19405309
2026-04-01,133.954,135.882,133.599,134.748,17050137
2026-04-02,131.747,135.877,131.197,135.827,12266188
2026-04-06,136.316,137.085,135.547,136.616,10147634
2026-04-07,136.007,137.325,133.949,137.265,8585455
2026-04-08,142.958,143.388,140.566,141.520,13358980
2026-04-09,141.590,142.014,140.182,141.900,8235144
2026-04-10,142.329,143.388,141.750,142.449,9310140
2026-04-13,142.159,145.495,141.960,145.435,10407699
2026-04-14,146.724,147.762,145.905,147.762,10183303
2026-04-15,148.092,150.190,147.782,150.120,10622480
2026-04-16,150.809,151.997,149.565,151.838,11778014
2026-04-17,153.875,154.619,153.326,154.165,10630441
2026-04-20,154.115,154.564,152.851,154.375,8131598
2026-04-21,154.814,155.883,153.965,154.504,12657267
2026-04-22,156.033,157.970,155.333,157.900,13830378
2026-04-23,156.582,157.606,153.765,155.653,12151377
2026-04-24,158.240,160.208,157.411,160.028,11059778
2026-04-27,159.828,160.427,158.619,160.377,8963915
2026-04-28,156.921,158.450,155.973,157.661,9252973
2026-04-29,158.639,158.959,157.561,158.919,7506934
2026-04-30,159.458,159.608,156.692,159.309,9276361
2026-05-01,160.198,162.090,159.948,161.676,10161809
2026-05-04,162.510,163.044,160.687,161.856,10739960
2026-05-05,163.673,165.821,163.324,165.431,9813549
2026-05-06,167.679,169.876,166.640,169.826,11304664
2026-05-07,170.056,171.744,168.498,169.486,11031513
2026-05-08,171.384,175.389,171.094,175.309,11222155
2026-05-11,175.939,178.086,175.659,177.667,10461797
2026-05-12,175.939,176.778,170.990,174.990,15950695
2026-05-13,177.057,177.527,174.051,176.638,9817869
2026-05-14,177.147,179.999,176.653,179.285,11424870
2026-05-15,175.999,178.486,174.420,176.048,14518963
2026-05-18,177.407,177.637,171.704,174.151,19162640
2026-05-19,172.473,174.970,170.626,173.032,15751423
2026-05-20,174.450,177.037,173.741,176.927,12630253
2026-05-21,175.619,178.765,175.619,178.386,10873195
2026-05-22,179.814,181.512,179.345,180.174,10742209
2026-05-26,182.980,185.777,182.366,184.918,12500330
2026-05-27,185.957,186.041,182.321,184.209,12300345
2026-05-28,184.608,187.355,183.569,186.626,11167566
2026-05-29,189.103,191.400,188.968,190.791,15040309
2026-06-01,192.089,196.264,190.921,195.525,18968777
2026-06-02,196.214,198.142,195.515,197.972,10175184
2026-06-03,198.132,198.492,194.292,195.995,11582093
2026-06-04,191.290,194.506,189.462,192.938,13142622
2026-06-05,188.658,188.993,179.584,180.084,26816074
2026-06-08,184.998,186.486,182.950,183.959,14684968
2026-06-09,185.687,186.856,172.673,180.553,29884444
2026-06-10,177.946,182.191,175.939,176.418,20059836
2026-06-11,177.577,183.440,176.283,182.990,18238394
2026-06-12,183.020,185.617,181.426,184.578,15014349
2026-06-15,190.143,191.850,189.522,191.560,13097839
2026-06-16,190.998,192.019,186.206,186.216,10077157
2026-06-17,188.778,189.762,185.078,185.577,14396140
2026-06-18,190.191,191.765,189.153,191.210,12101594
2026-06-22,192.950,194.300,190.860,192.150,11313040
2026-06-23,184.680,187.250,183.700,184.190,14633591
2026-06-24,184.065,185.660,180.790,183.050,12323693
2026-06-25,188.145,188.410,180.375,184.570,13230220
2026-06-26,181.000,183.110,179.760,181.110,13433883
2026-06-29,183.120,185.660,178.670,185.410,11857031
2026-06-30,185.760,190.940,185.600,190.520,10729882
2026-07-01,186.830,187.980,185.380,185.620,9960304
2026-07-02,185.490,187.380,178.720,180.590,14192634
2026-07-06,182.660,185.710,182.040,183.570,8923121
2026-07-07,179.840,180.720,176.360,179.180,12254781
2026-07-08,177.480,181.630,177.150,181.400,10528340
2026-07-09,184.760,186.400,183.560,185.350,7756590
2026-07-10,184.005,186.230,183.090,185.780,6162013
2026-07-13,183.100,183.900,180.540,181.280,8595097
2026-07-14,183.710,184.430,181.330,183.620,6399550
2026-07-15,185.110,185.290,178.220,181.580,9256842
2026-07-16,179.000,179.480,176.410,177.520,8666508
2026-07-17,172.850,177.920,171.340,175.590,12036704
2026-07-20,177.190,178.700,175.520,175.710,7638589
2026-07-21,179.560,181.015,178.170,180.780,7506833
2026-07-22,178.155,181.430,178.150,180.270,5357598
2026-07-23,178.800,180.390,177.200,178.450,7177020
2026-07-24,177.820,179.010,175.050,175.880,7739565
2026-07-27,177.830,178.300,171.730,174.300,8376633
2026-07-28,171.210,172.170,167.540,171.090,10049334
2026-07-29,171.120,172.510,166.462,166.570,14380490
2026-07-30,172.810,176.090,172.160,175.730,15103710
2026-07-31,177.460,178.620,172.700,175.350,9146173
2026-08-03,174.010,178.920,173.040,178.040,9343373
2026-08-04,182.520,187.705,181.870,186.900,13495817
2026-08-05,187.340,188.620,185.710,185.910,7571369
2026-08-06,183.190,186.910,182.060,185.330,6706016
2026-08-07,187.990,188.730,185.740,187.970,6361238
2026-08-10,188.080,188.840,186.265,186.320,6486751
2026-08-11,187.690,187.710,185.070,186.090,5759202
2026-08-12,189.470,189.590,188.330,188.860,5887231
2026-08-13,189.130,191.740,188.860,190.770,4873867
2026-08-14,191.140,191.350,189.250,190.010,3634377
2026-08-17,190.790,191.750,190.105,190.320,6099468
