date,open,high,low,close,volume
2016-01-04,37.676,37.692,37.314,37.692,17281160
2016-01-05,37.782,38.024,37.684,37.934,8630450
2016-01-06,37.555,37.956,37.533,37.805,12429050
2016-01-07,37.382,37.748,37.215,37.351,16031520
2016-01-08,37.593,37.593,36.988,37.064,14691022
2016-01-11,37.291,37.548,37.049,37.412,15890335
2016-01-12,37.639,37.766,37.314,37.616,13171504
2016-01-13,37.661,37.692,36.890,36.928,19407943
2016-01-14,37.034,37.359,36.860,37.102,19025815
2016-01-15,36.474,36.762,36.232,36.520,24210917
2016-01-19,36.890,37.094,36.724,36.958,14945175
2016-01-20,36.550,36.716,35.828,36.497,28303167
2016-01-21,36.527,36.799,36.300,36.641,21000998
2016-01-22,37.056,37.344,36.769,37.268,13754517
2016-01-25,36.663,37.253,36.603,36.935,15869448
2016-01-26,37.049,37.518,37.011,37.268,10524137
2016-01-27,37.329,37.707,37.007,37.238,17247388
2016-01-28,37.366,37.748,37.253,37.616,15649161
2016-01-29,37.873,38.433,37.699,38.380,20576334
2016-02-01,38.296,38.664,38.183,38.508,18573126
2016-02-02,38.228,38.228,37.922,38.017,14068583
2016-02-03,38.160,38.228,37.578,37.934,25209773
2016-02-04,37.767,37.809,37.404,37.586,21240798
2016-02-05,37.654,37.763,37.329,37.525,20073263
2016-02-08,37.276,37.533,36.962,37.427,21546933
2016-02-09,37.132,37.881,37.102,37.676,24376347
2016-02-10,37.813,38.032,37.582,37.631,14798708
2016-02-11,37.185,37.503,36.958,37.329,26010413
2016-02-12,37.555,37.865,37.382,37.858,12464006
2016-02-16,38.183,38.213,37.873,38.160,15217653
2016-02-17,38.327,38.667,38.210,38.554,11040533
2016-02-18,38.425,38.497,38.175,38.380,13101903
2016-02-19,38.274,38.516,38.062,38.440,9794968
2016-02-22,38.659,38.743,38.523,38.629,9151997
2016-02-23,38.554,38.693,38.463,38.622,9986502
2016-02-24,38.440,38.788,38.244,38.743,13271668
2016-02-25,38.841,39.202,38.750,39.181,9511955
2016-02-26,39.287,39.287,38.554,38.629,28143926
2016-02-29,38.606,38.909,38.493,38.501,13596765
2016-03-01,38.720,38.939,38.659,38.871,13169709
2016-03-02,38.916,38.985,38.675,38.985,16157730
2016-03-03,38.826,39.181,38.690,39.181,10743936
2016-03-04,39.166,39.446,39.015,39.347,17384650
2016-03-07,39.181,39.317,39.037,39.105,14095858
2016-03-08,38.996,39.431,38.932,39.219,11554949
2016-03-09,39.340,39.567,39.332,39.514,11307512
2016-03-10,39.657,39.748,39.189,39.529,13089841
2016-03-11,39.725,39.809,39.514,39.657,12880525
2016-03-14,39.635,39.725,39.514,39.635,10645085
2016-03-15,39.521,39.786,39.453,39.733,6523735
2016-03-16,39.703,39.912,39.434,39.824,13743414
2016-03-17,39.809,40.190,39.771,40.066,13903391
2016-03-18,40.136,40.174,39.953,40.014,13037040
2016-03-21,40.029,40.177,39.851,40.037,11421420
2016-03-22,39.908,40.014,39.740,39.801,9853229
2016-03-23,39.718,40.234,39.702,39.809,11304315
2016-03-24,39.672,39.801,39.634,39.763,9455483
2016-03-28,39.809,40.060,39.809,39.976,7363677
2016-03-29,39.953,40.288,39.900,40.272,10354692
2016-03-30,40.409,40.538,40.310,40.538,8932310
2016-03-31,40.470,40.538,40.280,40.326,8297414
2016-04-01,40.158,40.865,40.105,40.751,14840290
2016-04-04,40.804,40.848,40.554,40.766,12949022
2016-04-05,40.599,40.690,40.402,40.493,11748798
2016-04-06,40.386,40.820,40.386,40.812,11672409
2016-04-07,40.538,40.683,40.242,40.371,11243439
2016-04-08,40.546,40.637,40.462,40.592,7040184
2016-04-11,40.637,40.766,40.272,40.303,6694269
2016-04-12,40.310,40.599,40.310,40.554,9361144
2016-04-13,40.652,40.698,40.060,40.242,14779973
2016-04-14,40.219,40.318,40.029,40.060,11811284
2016-04-15,40.052,40.326,40.006,40.307,12384193
2016-04-18,40.242,40.538,40.212,40.538,8476819
2016-04-19,40.455,40.550,40.333,40.516,5980137
2016-04-20,40.447,40.447,39.961,39.968,20207310
2016-04-21,39.908,39.961,39.315,39.345,30667357
2016-04-22,39.216,39.490,39.170,39.490,22004991
2016-04-25,39.269,39.763,39.262,39.763,8947330
2016-04-26,39.862,39.885,39.531,39.604,10821827
2016-04-27,39.748,39.915,39.452,39.794,12012219
2016-04-28,39.642,40.067,39.634,39.832,11547041
2016-04-29,39.824,39.832,39.512,39.748,13198539
2016-05-02,39.862,40.242,39.733,40.204,14096369
2016-05-03,40.060,40.288,40.014,40.128,12837332
2016-05-04,40.014,40.326,39.900,40.250,11003150
2016-05-05,40.158,40.478,40.131,40.257,10555852
2016-05-06,40.196,40.462,40.067,40.462,8435388
2016-05-09,40.485,40.793,40.394,40.683,9845154
2016-05-10,40.812,41.086,40.766,41.086,8567408
2016-05-11,41.025,41.070,40.744,40.759,6462128
2016-05-12,40.850,41.059,40.766,40.979,11906398
2016-05-13,40.880,40.941,40.390,40.462,10657717
2016-05-16,40.386,40.808,40.356,40.721,8139327
2016-05-17,40.569,40.698,39.816,39.923,19898173
2016-05-18,39.702,39.824,39.307,39.459,20132506
2016-05-19,39.581,39.862,39.482,39.847,13237265
2016-05-20,39.953,39.976,39.596,39.642,7050783
2016-05-23,39.710,39.786,39.604,39.680,8546688
2016-05-24,39.771,40.105,39.756,40.014,11258205
2016-05-25,40.090,40.242,39.999,40.075,9815277
2016-05-26,40.120,40.326,40.120,40.234,7956961
2016-05-27,40.280,40.345,40.154,40.280,7873341
2016-05-31,40.341,40.402,39.930,40.022,8766367
2016-06-01,40.052,40.432,40.052,40.432,10175759
2016-06-02,40.348,40.447,40.208,40.447,6309847
2016-06-03,40.523,40.721,40.364,40.706,13362517
2016-06-06,40.774,40.858,40.550,40.751,10778063
2016-06-07,40.782,40.861,40.637,40.706,5572792
2016-06-08,40.698,40.964,40.614,40.949,6024492
2016-06-09,40.873,41.131,40.865,41.108,5946840
2016-06-10,40.903,41.207,40.858,41.139,10563935
2016-06-13,41.139,41.207,40.797,40.797,9118622
2016-06-14,40.782,40.972,40.538,40.956,9530933
2016-06-15,40.949,41.063,40.782,40.835,9347642
2016-06-16,40.706,41.070,40.645,41.048,12205722
2016-06-17,40.990,41.051,40.616,40.883,10077549
2016-06-20,41.143,41.273,40.956,41.013,6497515
2016-06-21,41.067,41.227,41.051,41.120,6879071
2016-06-22,41.174,41.288,41.093,41.143,5408273
2016-06-23,41.304,41.395,41.189,41.395,5642533
2016-06-24,40.638,41.120,40.432,40.600,23775904
2016-06-27,40.539,40.608,40.256,40.512,19371970
2016-06-28,40.860,40.860,40.401,40.768,11868598
2016-06-29,40.983,41.262,40.853,41.243,10820963
2016-06-30,41.296,42.168,41.288,42.168,20984760
2016-07-01,42.244,42.256,41.954,41.969,14933906
2016-07-05,41.915,42.474,41.915,42.206,19917077
2016-07-06,42.198,42.313,41.986,42.244,19540038
2016-07-07,42.351,42.428,42.076,42.161,15618144
2016-07-08,42.321,42.619,42.191,42.581,10227475
2016-07-11,42.588,42.718,42.374,42.588,8213936
2016-07-12,42.519,42.581,42.344,42.359,15270849
2016-07-13,42.412,42.649,42.328,42.596,9398867
2016-07-14,42.573,42.833,42.512,42.588,15486751
2016-07-15,42.619,42.783,42.504,42.588,10722169
2016-07-18,42.588,42.619,42.474,42.542,9656863
2016-07-19,42.420,42.512,42.301,42.512,5295589
2016-07-20,42.504,42.554,42.336,42.359,6073198
2016-07-21,42.298,42.321,42.076,42.237,6682377
2016-07-22,42.321,42.458,42.267,42.435,10602378
2016-07-25,42.397,42.428,42.198,42.389,4033429
2016-07-26,42.336,42.466,42.030,42.061,11737796
2016-07-27,42.007,42.007,41.315,41.434,21562376
2016-07-28,41.678,41.694,41.311,41.617,10873813
2016-07-29,41.671,41.885,41.587,41.824,9262256
2016-08-01,41.793,41.954,41.671,41.869,14918234
2016-08-02,41.885,41.969,41.629,41.808,11733514
2016-08-03,41.877,41.877,41.464,41.579,13290826
2016-08-04,41.648,41.839,41.541,41.671,8943229
2016-08-05,41.839,41.954,41.655,41.740,12028548
2016-08-08,41.915,41.946,41.564,41.694,8057686
2016-08-09,41.694,41.977,41.694,41.824,7840923
2016-08-10,41.938,42.061,41.892,41.977,7303642
2016-08-11,42.191,42.191,41.961,41.977,8082993
2016-08-12,42.053,42.164,42.022,42.122,8783845
2016-08-15,42.175,42.244,42.015,42.015,8568188
2016-08-16,41.954,41.961,41.824,41.831,6712120
2016-08-17,41.816,42.007,41.663,41.946,12551992
2016-08-18,42.015,42.135,42.011,42.091,6683841
2016-08-19,42.038,42.045,41.908,41.992,5846500
2016-08-22,41.992,42.099,41.915,42.053,9938559
2016-08-23,42.076,42.152,41.954,41.969,5687354
2016-08-24,41.954,42.038,41.732,41.900,7793780
2016-08-25,41.923,41.923,41.656,41.740,7359658
2016-08-26,41.778,41.946,41.411,41.525,13499833
2016-08-29,41.602,41.770,41.564,41.770,8202816
2016-08-30,41.694,41.755,41.464,41.525,7950912
2016-08-31,41.487,41.625,41.434,41.579,8154863
2016-09-01,41.411,41.632,41.373,41.594,16677600
2016-09-02,41.747,42.015,41.717,41.915,10966741
2016-09-06,41.923,42.022,41.717,42.007,9273315
2016-09-07,41.931,42.007,41.556,41.640,13418458
2016-09-08,41.480,41.602,41.334,41.411,13344386
2016-09-09,41.051,41.128,40.287,40.287,24921562
2016-09-12,40.241,41.105,40.241,41.044,23542651
2016-09-13,40.830,40.876,40.455,40.539,21780467
2016-09-14,40.562,40.707,40.302,40.417,19396233
2016-09-15,40.325,40.788,40.287,40.746,10903004
2016-09-16,40.696,40.734,40.373,40.611,14475119
2016-09-19,40.619,40.765,40.527,40.527,9579434
2016-09-20,40.719,40.788,40.627,40.634,9705899
2016-09-21,40.642,40.957,40.427,40.858,24882717
2016-09-22,41.004,41.296,41.004,41.219,17315981
2016-09-23,41.227,41.234,41.019,41.034,12930969
2016-09-26,40.927,40.942,40.650,40.688,12797243
2016-09-27,40.688,40.973,40.665,40.858,12608728
2016-09-28,40.942,41.019,40.742,40.927,9757545
2016-09-29,40.904,40.927,40.496,40.527,15093971
2016-09-30,40.719,41.073,40.719,40.934,17343111
2016-10-03,40.865,40.896,40.596,40.673,11454239
2016-10-04,40.642,40.673,40.246,40.327,13346553
2016-10-05,40.396,40.465,40.188,40.288,15203813
2016-10-06,40.134,40.465,40.076,40.365,15413338
2016-10-07,40.381,40.465,39.973,40.257,11402972
2016-10-10,40.350,40.492,40.181,40.257,8661735
2016-10-11,40.227,40.257,39.904,40.050,19642620
2016-10-12,40.119,40.373,40.042,40.273,7145429
2016-10-13,39.996,40.396,39.950,40.281,19180711
2016-10-14,40.296,40.481,40.225,40.288,10659073
2016-10-17,40.304,40.357,40.073,40.096,8464992
2016-10-18,40.281,40.450,40.211,40.219,7844949
2016-10-19,40.142,40.211,39.927,39.988,9032026
2016-10-20,39.965,40.104,39.865,39.965,12176293
2016-10-21,40.104,40.231,40.011,40.181,14028243
2016-10-24,40.227,40.534,40.227,40.442,7609480
2016-10-25,40.611,40.688,40.554,40.588,9414617
2016-10-26,40.619,40.694,40.473,40.534,12417730
2016-10-27,40.519,40.681,40.292,40.350,17905674
2016-10-28,40.319,40.658,40.250,40.519,12751016
2016-10-31,40.550,40.719,40.519,40.619,8579097
2016-11-01,40.619,40.688,40.311,40.442,11342289
2016-11-02,40.342,40.569,40.311,40.342,9703303
2016-11-03,40.465,40.473,40.011,40.065,15641594
2016-11-04,40.004,40.065,39.673,39.704,11992424
2016-11-07,40.042,40.396,40.019,40.373,11763039
2016-11-08,40.081,40.661,40.042,40.542,13406760
2016-11-09,39.711,40.116,39.442,39.988,34557160
2016-11-10,40.004,40.004,38.842,38.919,52820781
2016-11-11,38.811,39.007,38.630,38.880,20828070
2016-11-14,38.880,38.911,38.661,38.811,20591812
2016-11-15,38.888,39.111,38.823,39.050,23028687
2016-11-16,39.057,39.227,38.996,39.057,16034236
2016-11-17,39.027,39.065,38.811,38.988,15626709
2016-11-18,38.988,39.019,38.796,38.850,14786066
2016-11-21,38.904,39.127,38.727,39.111,18968738
2016-11-22,39.227,39.388,39.204,39.311,11991815
2016-11-23,39.157,39.288,39.042,39.096,14783646
2016-11-25,39.180,39.411,39.180,39.404,10823549
2016-11-28,39.396,39.557,39.300,39.488,15116511
2016-11-29,39.496,39.588,39.404,39.542,7915374
2016-11-30,39.342,39.457,38.904,38.911,16837588
2016-12-01,38.765,38.803,38.450,38.657,33621069
2016-12-02,38.757,38.930,38.734,38.904,21587233
2016-12-05,38.911,39.009,38.834,38.950,21223431
2016-12-06,38.934,39.065,38.911,39.065,16546284
2016-12-07,39.050,39.654,39.042,39.627,11756499
2016-12-08,39.473,39.655,39.396,39.465,17006369
2016-12-09,39.488,40.042,39.488,40.034,14415862
2016-12-12,39.934,40.234,39.934,40.196,9935922
2016-12-13,40.273,40.473,40.181,40.381,10452370
2016-12-14,40.404,40.534,39.834,39.942,25363222
2016-12-15,39.942,40.242,39.819,40.111,16154516
2016-12-16,40.243,40.364,40.158,40.344,15871085
2016-12-19,40.387,40.483,40.282,40.421,7523220
2016-12-20,40.437,40.437,40.158,40.344,15316929
2016-12-21,40.305,40.526,40.305,40.336,6553072
2016-12-22,40.290,40.359,40.201,40.274,6537203
2016-12-23,40.251,40.379,40.248,40.352,6484307
2016-12-27,40.321,40.421,40.274,40.344,13378478
2016-12-28,40.313,40.336,40.096,40.096,8643605
2016-12-29,40.119,40.328,40.096,40.282,10299366
2016-12-30,40.290,40.367,39.995,40.080,8049944
2017-01-03,40.111,40.282,39.995,40.228,21730034
2017-01-04,40.282,40.421,40.220,40.228,9144625
2017-01-05,40.220,40.414,40.073,40.359,12312524
2017-01-06,40.282,40.421,40.135,40.398,9092386
2017-01-09,40.243,40.274,40.034,40.073,6903166
2017-01-10,40.034,40.096,39.809,39.871,10344310
2017-01-11,39.801,40.011,39.801,39.949,12087515
2017-01-12,39.933,40.003,39.871,39.910,13257560
2017-01-13,39.910,40.011,39.832,39.933,6517691
2017-01-17,39.964,40.518,39.925,40.499,19030129
2017-01-18,40.460,40.654,40.460,40.638,11652057
2017-01-19,40.592,40.592,40.398,40.491,17283419
2017-01-20,40.685,40.902,40.545,40.755,11015593
2017-01-23,40.755,40.778,40.607,40.739,16203816
2017-01-24,40.770,41.045,40.755,41.011,10242502
2017-01-25,41.104,41.158,40.995,41.003,8816756
2017-01-26,41.018,41.026,40.825,40.825,9985411
2017-01-27,40.724,40.832,40.491,40.600,16358712
2017-01-30,40.483,40.623,40.452,40.569,9951653
2017-01-31,40.569,40.763,40.499,40.763,12061292
2017-02-01,40.569,40.693,40.437,40.445,18479763
2017-02-02,40.631,40.980,40.631,40.817,18747453
2017-02-03,41.026,41.197,40.918,41.080,17954739
2017-02-06,41.057,41.065,40.856,40.856,19067927
2017-02-07,40.933,41.266,40.933,41.189,8364416
2017-02-08,41.235,41.437,41.173,41.359,8559239
2017-02-09,41.313,41.596,41.243,41.530,8840897
2017-02-10,41.553,41.615,41.406,41.561,9354195
2017-02-13,41.623,41.677,41.445,41.561,14059475
2017-02-14,41.460,41.646,41.313,41.569,10483346
2017-02-15,41.662,41.979,41.576,41.948,12675948
2017-02-16,41.902,42.014,41.708,42.003,11377402
2017-02-17,41.879,42.258,41.801,42.212,15581773
2017-02-21,42.336,42.700,42.290,42.592,16499953
2017-02-22,42.553,42.654,42.491,42.599,8098986
2017-02-23,42.631,42.871,42.599,42.700,9790318
2017-02-24,42.654,42.863,42.623,42.848,7762232
2017-02-27,42.778,42.778,42.561,42.654,12707464
2017-02-28,42.584,42.801,42.537,42.708,17735461
2017-03-01,42.731,43.003,42.669,42.910,16716139
2017-03-02,42.863,42.995,42.778,42.902,9988467
2017-03-03,42.770,42.811,42.553,42.739,10083246
2017-03-06,42.592,42.615,42.483,42.553,6686606
2017-03-07,42.444,42.584,42.437,42.499,7846514
2017-03-08,42.390,42.475,42.351,42.406,10787982
2017-03-09,42.390,42.545,42.390,42.475,7025304
2017-03-10,42.654,42.724,42.553,42.669,6530445
2017-03-13,42.631,42.755,42.576,42.700,10657995
2017-03-14,42.646,42.739,42.553,42.576,7890811
2017-03-15,42.631,43.018,42.631,42.894,14102871
2017-03-16,42.902,42.956,42.809,42.956,8727176
2017-03-17,42.988,43.133,42.840,42.840,16469401
2017-03-20,42.879,42.981,42.848,42.916,6559189
2017-03-21,42.942,43.066,42.833,42.887,13135495
2017-03-22,42.950,43.020,42.704,42.801,7094715
2017-03-23,42.762,42.918,42.638,42.708,7474716
2017-03-24,42.708,42.770,42.478,42.622,8343294
2017-03-27,42.466,42.637,42.397,42.583,5739464
2017-03-28,42.427,42.770,42.427,42.661,8810225
2017-03-29,42.622,42.794,42.591,42.739,5558224
2017-03-30,42.700,42.778,42.614,42.653,5399136
2017-03-31,42.599,42.708,42.529,42.529,4762285
2017-04-03,42.591,42.638,42.388,42.459,10666615
2017-04-04,42.490,42.587,42.412,42.583,5283980
2017-04-05,42.591,42.778,42.451,42.505,7268060
2017-04-06,42.544,42.677,42.474,42.505,5061030
2017-04-07,42.544,42.739,42.529,42.622,7629874
2017-04-10,42.638,42.821,42.560,42.747,5260614
2017-04-11,42.755,42.798,42.614,42.762,6325114
2017-04-12,42.731,42.950,42.708,42.926,7377375
2017-04-13,42.895,42.934,42.716,42.731,6719143
2017-04-17,42.801,43.035,42.794,43.035,10585810
2017-04-18,42.981,43.355,42.903,43.230,11085516
2017-04-19,43.285,43.316,43.000,43.066,7254574
2017-04-20,42.918,43.051,42.833,42.981,9738220
2017-04-21,42.957,42.988,42.833,42.856,8435717
2017-04-24,42.981,43.316,42.981,43.246,9831677
2017-04-25,43.269,43.479,43.253,43.417,7292892
2017-04-26,43.433,43.433,43.043,43.066,7930815
2017-04-27,43.129,43.152,42.945,43.012,5861399
2017-04-28,42.887,43.012,42.770,42.996,7034843
2017-05-01,43.059,43.059,42.790,42.833,8353940
2017-05-02,42.739,42.825,42.505,42.544,7672102
2017-05-03,42.583,42.653,42.451,42.583,10973846
2017-05-04,42.692,43.137,42.653,42.911,11587680
2017-05-05,43.027,43.074,42.895,43.027,8539495
2017-05-08,43.059,43.059,42.922,43.012,5323425
2017-05-09,42.996,43.070,42.786,42.856,7256877
2017-05-10,42.879,42.942,42.825,42.887,5232283
2017-05-11,42.833,42.950,42.762,42.950,5058934
2017-05-12,42.911,42.938,42.801,42.825,5478808
2017-05-15,42.801,43.012,42.801,42.965,7303665
2017-05-16,43.098,43.157,42.895,42.926,4797112
2017-05-17,42.856,43.012,42.747,42.864,14021743
2017-05-18,42.879,42.996,42.755,42.895,7906570
2017-05-19,42.911,43.207,42.848,43.129,6277618
2017-05-22,43.137,43.433,43.129,43.370,7101778
2017-05-23,43.433,43.620,43.394,43.417,7518524
2017-05-24,43.448,43.620,43.394,43.588,5152943
2017-05-25,43.651,43.974,43.635,43.861,6036649
2017-05-26,43.892,44.033,43.885,44.025,4207602
2017-05-30,43.931,44.048,43.861,44.009,4250927
2017-05-31,44.048,44.259,44.048,44.134,9780138
2017-06-01,44.188,44.492,44.048,44.492,23243909
2017-06-02,44.609,44.640,44.399,44.625,17247921
2017-06-05,44.570,44.695,44.438,44.672,17359552
2017-06-06,44.633,44.672,44.477,44.562,14846461
2017-06-07,44.469,44.609,44.453,44.547,10077731
2017-06-08,44.523,44.531,44.087,44.212,10593403
2017-06-09,44.181,44.282,44.040,44.157,13410191
2017-06-12,44.173,44.348,44.048,44.149,11442372
2017-06-13,44.149,44.259,43.974,44.220,9520637
2017-06-14,44.399,44.594,44.344,44.500,16040224
2017-06-15,44.282,44.469,44.126,44.399,10361114
2017-06-16,44.010,44.026,43.535,43.932,26268033
2017-06-19,44.034,44.144,43.743,44.144,7883114
2017-06-20,44.183,44.207,43.959,43.971,7231693
2017-06-21,43.971,44.065,43.798,43.846,12517762
2017-06-22,43.783,43.806,43.539,43.555,7227619
2017-06-23,43.547,43.704,43.516,43.571,10146430
2017-06-26,43.704,43.885,43.665,43.743,6590516
2017-06-27,43.657,43.783,43.359,43.367,10585478
2017-06-28,43.626,43.712,43.508,43.524,10734272
2017-06-29,43.469,43.586,42.903,43.060,19058635
2017-06-30,43.225,43.300,43.127,43.139,11222574
2017-07-03,43.170,43.347,43.084,43.100,5782551
2017-07-05,43.092,43.186,43.021,43.068,15837003
2017-07-06,42.919,43.053,42.817,42.825,7942458
2017-07-07,42.864,42.950,42.683,42.801,9841537
2017-07-10,42.841,42.841,42.448,42.503,9119230
2017-07-11,42.542,42.558,42.291,42.385,11256392
2017-07-12,42.652,42.770,42.589,42.621,8100821
2017-07-13,42.676,42.723,42.589,42.629,10008222
2017-07-14,42.825,43.028,42.809,42.966,6341071
2017-07-17,43.045,43.060,42.888,43.013,7902171
2017-07-18,42.982,43.084,42.880,43.013,5310799
2017-07-19,42.998,43.170,42.939,43.170,5591984
2017-07-20,43.139,43.312,43.060,43.178,9816651
2017-07-21,43.029,43.265,42.990,43.249,7772496
2017-07-24,43.233,43.253,43.076,43.107,9302362
2017-07-25,43.257,43.437,43.217,43.406,13799891
2017-07-26,43.414,43.508,43.265,43.398,7593978
2017-07-27,43.429,43.830,43.406,43.822,12859013
2017-07-28,43.689,43.869,42.848,43.453,18412186
2017-07-31,43.343,43.537,43.331,43.437,7279311
2017-08-01,43.484,43.598,43.367,43.390,19015257
2017-08-02,43.304,43.429,43.162,43.359,17133677
2017-08-03,43.351,43.579,43.265,43.319,17803439
2017-08-04,43.296,43.437,43.139,43.202,17063732
2017-08-07,43.210,43.555,43.210,43.524,16853974
2017-08-08,43.414,43.535,43.335,43.359,9813162
2017-08-09,43.327,43.461,43.280,43.429,7251819
2017-08-10,43.319,43.453,43.233,43.249,6662766
2017-08-11,43.170,43.461,43.170,43.280,4928434
2017-08-14,43.374,43.594,43.374,43.492,10657802
2017-08-15,43.508,43.775,43.508,43.712,11059028
2017-08-16,43.736,43.924,43.736,43.861,5682844
2017-08-17,43.704,43.916,43.457,43.461,6725638
2017-08-18,43.367,43.492,43.272,43.343,6810281
2017-08-21,43.312,43.575,43.186,43.500,6829335
2017-08-22,43.524,43.634,43.445,43.508,7129438
2017-08-23,43.461,43.508,43.331,43.382,5367122
2017-08-24,43.343,43.461,42.746,42.786,11807145
2017-08-25,42.950,43.100,42.899,42.927,7359198
2017-08-28,42.888,42.943,42.676,42.801,6204742
2017-08-29,42.746,42.990,42.707,42.950,6219484
2017-08-30,42.872,43.021,42.864,42.943,6497079
2017-08-31,42.974,43.037,42.911,42.958,10117345
2017-09-01,43.045,43.170,42.998,43.162,17904528
2017-09-05,43.037,43.257,42.998,43.225,20215854
2017-09-06,43.304,43.445,43.190,43.406,17461950
2017-09-07,43.437,43.531,43.327,43.469,16738124
2017-09-08,43.319,43.394,43.092,43.257,9158225
2017-09-11,43.335,43.586,43.327,43.524,9177812
2017-09-12,43.524,43.622,43.500,43.618,7453407
2017-09-13,43.579,43.798,43.579,43.641,7972349
2017-09-14,43.571,43.665,43.410,43.555,5817854
2017-09-15,43.661,43.661,43.452,43.629,12497722
2017-09-18,43.669,43.764,43.566,43.693,8299356
2017-09-19,43.716,43.736,43.456,43.558,6207650
2017-09-20,43.440,43.495,42.926,43.139,11029247
2017-09-21,43.084,43.124,42.689,42.729,10398659
2017-09-22,42.800,42.800,42.571,42.602,11318160
2017-09-25,42.673,42.950,42.642,42.910,9185443
2017-09-26,42.958,43.076,42.863,43.013,17321438
2017-09-27,42.926,42.966,42.444,42.681,11657799
2017-09-28,42.626,42.800,42.586,42.681,7768204
2017-09-29,42.681,42.784,42.610,42.650,14502777
2017-10-02,42.650,42.823,42.539,42.571,17849974
2017-10-03,42.642,42.697,42.507,42.618,20409189
2017-10-04,42.555,42.918,42.436,42.752,21389237
2017-10-05,42.895,43.051,42.831,42.942,19005045
2017-10-06,42.729,42.800,42.460,42.515,7605511
2017-10-09,42.571,42.630,42.318,42.397,12580285
2017-10-10,42.571,42.879,42.523,42.768,10646464
2017-10-11,42.744,42.974,42.744,42.855,10316307
2017-10-12,42.823,43.076,42.784,43.037,8096278
2017-10-13,43.203,43.226,43.084,43.116,8315638
2017-10-16,43.068,43.155,43.053,43.132,4349599
2017-10-17,43.021,43.060,42.839,42.974,10375476
2017-10-18,42.926,42.985,42.788,42.918,4668545
2017-10-19,42.721,42.756,42.547,42.689,8544450
2017-10-20,42.610,42.634,42.452,42.586,11702607
2017-10-23,42.555,42.768,42.496,42.555,7326418
2017-10-24,42.523,42.577,42.349,42.405,10682309
2017-10-25,42.397,42.468,42.033,42.286,12213445
2017-10-26,42.436,42.618,42.306,42.318,14583737
2017-10-27,42.207,42.262,41.867,41.954,10230353
2017-10-30,41.859,41.899,41.567,41.599,9299808
2017-10-31,41.804,42.041,41.733,41.946,10824939
2017-11-01,42.065,42.191,41.946,42.081,7556265
2017-11-02,42.033,42.104,41.820,41.978,10661369
2017-11-03,42.002,42.116,41.939,41.986,5922420
2017-11-06,41.899,41.907,41.528,41.536,10731143
2017-11-07,41.559,42.002,41.425,42.002,9536301
2017-11-08,42.128,42.460,42.073,42.460,12860392
2017-11-09,42.270,42.594,42.239,42.452,10421255
2017-11-10,42.389,42.926,42.365,42.887,7993623
2017-11-13,42.910,43.305,42.887,43.132,7809254
2017-11-14,43.021,43.313,42.958,43.282,8903465
2017-11-15,43.147,43.187,42.792,42.823,10724836
2017-11-16,43.211,43.545,43.155,43.416,11134194
2017-11-17,43.297,43.416,43.179,43.266,7298891
2017-11-20,43.195,43.361,43.179,43.218,6946926
2017-11-21,43.297,43.542,43.246,43.361,10383910
2017-11-22,43.353,43.400,43.171,43.305,10470390
2017-11-24,43.376,43.424,43.266,43.274,2331041
2017-11-27,43.250,43.373,43.234,43.297,8108867
2017-11-28,43.369,43.653,43.274,43.653,6985918
2017-11-29,43.621,44.048,43.582,43.882,14739877
2017-11-30,44.048,44.404,43.934,44.285,14098318
2017-12-01,44.190,44.412,43.716,44.396,29328699
2017-12-04,44.443,44.854,44.309,44.814,22771284
2017-12-05,44.814,44.980,44.625,44.743,22930375
2017-12-06,44.735,45.028,44.735,45.028,16712198
2017-12-07,44.949,44.969,44.570,44.593,7557540
2017-12-08,44.601,44.712,44.404,44.712,8695470
2017-12-11,44.664,44.724,44.455,44.704,6737792
2017-12-12,44.728,44.882,44.562,44.712,6220156
2017-12-13,44.743,45.063,44.678,44.965,11588967
2017-12-14,45.028,45.028,44.759,44.767,9118159
2017-12-15,45.030,45.340,45.030,45.276,9090857
2017-12-18,45.372,45.619,45.229,45.253,8799565
2017-12-19,45.428,45.515,45.300,45.308,7888969
2017-12-20,45.348,45.388,44.958,45.229,13813849
2017-12-21,45.316,45.388,45.149,45.197,5553062
2017-12-22,45.261,45.336,45.213,45.269,4218648
2017-12-26,45.237,45.468,45.205,45.372,8506305
2017-12-27,45.436,45.531,45.300,45.364,5992589
2017-12-28,45.428,45.483,45.181,45.292,7291202
2017-12-29,45.292,45.523,45.276,45.284,5085427
2018-01-02,45.332,45.388,44.998,45.006,20146794
2018-01-03,45.077,45.149,44.950,44.990,17950422
2018-01-04,45.109,45.328,44.998,45.117,15455067
2018-01-05,45.189,45.345,45.081,45.316,15555076
2018-01-08,45.253,45.468,45.229,45.428,12890996
2018-01-09,45.483,45.586,45.356,45.364,8357553
2018-01-10,45.253,45.261,44.835,45.141,9663462
2018-01-11,45.229,45.229,44.994,45.077,11500832
2018-01-12,45.149,45.308,44.995,45.093,7308858
2018-01-16,45.181,45.460,45.153,45.300,13806680
2018-01-17,45.452,45.985,45.412,45.818,12549652
2018-01-18,45.810,45.889,45.599,45.682,12423340
2018-01-19,45.850,46.239,45.802,46.192,9962828
2018-01-22,46.168,46.542,46.144,46.542,7871602
2018-01-23,46.327,46.518,46.176,46.391,10908949
2018-01-24,46.510,46.542,46.264,46.486,16603484
2018-01-25,46.566,46.753,46.271,46.510,12144584
2018-01-26,46.423,46.749,46.359,46.733,6342713
2018-01-29,46.813,46.924,46.518,46.550,10760833
2018-01-30,46.232,46.630,46.120,46.240,10898141
2018-01-31,46.279,46.399,45.838,46.025,13960180
2018-02-01,45.850,46.088,45.710,45.826,14094454
2018-02-02,45.603,45.722,44.918,44.950,15569063
2018-02-05,44.759,45.030,43.294,43.318,39487472
2018-02-06,42.610,43.883,42.379,43.796,38881650
2018-02-07,43.700,44.413,43.557,43.605,17526891
2018-02-08,43.708,43.796,42.650,42.666,32928438
2018-02-09,42.992,43.064,41.917,42.753,34911995
2018-02-12,43.000,43.398,42.896,43.191,21013577
2018-02-13,43.032,43.501,43.024,43.390,11994496
2018-02-14,43.159,43.509,42.936,43.366,20370526
2018-02-15,43.525,44.082,43.342,44.082,14788934
2018-02-16,44.098,44.445,43.860,44.258,11591638
2018-02-20,43.780,43.780,43.207,43.255,16069819
2018-02-21,43.318,43.446,42.721,42.737,15207358
2018-02-22,42.825,43.167,42.769,42.849,10239219
2018-02-23,42.936,43.271,42.785,43.263,10321054
2018-02-26,43.334,43.565,43.215,43.533,10100410
2018-02-27,43.557,43.661,42.952,42.960,9832586
2018-02-28,43.215,43.239,42.514,42.514,13726422
2018-03-01,42.411,42.817,42.045,42.419,27808582
2018-03-02,42.260,42.849,42.163,42.777,25965381
2018-03-05,42.546,43.199,42.546,43.151,18859693
2018-03-06,43.167,43.223,42.841,43.183,20784273
2018-03-07,42.777,42.960,42.562,42.793,12592933
2018-03-08,42.817,43.199,42.745,43.183,10725078
2018-03-09,43.302,43.470,43.143,43.462,11486803
2018-03-12,43.478,43.708,43.302,43.382,10915661
2018-03-13,43.517,43.597,43.279,43.350,12406076
2018-03-14,43.454,43.462,42.821,42.912,13519000
2018-03-15,42.857,43.044,42.487,42.610,9280061
2018-03-16,42.605,42.869,42.581,42.621,9629082
2018-03-19,42.589,42.669,42.053,42.205,10714816
2018-03-20,42.269,42.437,41.945,42.085,9888178
2018-03-21,41.853,42.021,41.477,41.565,17028492
2018-03-22,41.445,41.773,41.189,41.221,15584092
2018-03-23,41.365,41.533,40.668,40.708,15936407
2018-03-26,41.012,41.329,40.884,41.293,12374650
2018-03-27,41.365,41.701,41.085,41.269,17326794
2018-03-28,41.405,42.045,41.389,41.837,32397516
2018-03-29,42.005,42.381,42.005,42.125,13395339
2018-04-02,41.997,42.077,40.908,41.093,28604775
2018-04-03,41.277,41.741,41.149,41.637,24860579
2018-04-04,41.373,42.437,41.325,42.285,28012534
2018-04-05,42.357,42.557,42.133,42.389,18235847
2018-04-06,42.261,42.601,41.749,41.957,13113405
2018-04-09,42.085,42.357,41.813,41.933,14686733
2018-04-10,42.173,42.245,41.805,42.029,13154893
2018-04-11,41.909,42.161,41.861,41.949,9025223
2018-04-12,42.125,42.253,41.861,41.885,9843733
2018-04-13,42.061,42.173,41.885,42.093,8836670
2018-04-16,42.205,42.789,42.149,42.549,7804682
2018-04-17,42.661,42.749,42.413,42.645,8131299
2018-04-18,42.613,42.709,42.245,42.325,14496596
2018-04-19,41.749,41.781,40.884,41.101,23643073
2018-04-20,41.004,41.141,40.292,40.412,19102686
2018-04-23,40.444,40.484,40.180,40.364,12344903
2018-04-24,40.436,40.484,39.828,40.108,18771503
2018-04-25,40.092,40.348,39.932,40.180,19012475
2018-04-26,40.268,40.580,40.136,40.420,11009891
2018-04-27,40.332,40.772,40.292,40.636,11096099
2018-04-30,40.708,40.889,40.308,40.380,13892707
2018-05-01,40.228,40.252,39.748,40.028,10927127
2018-05-02,39.916,39.956,39.156,39.244,18818933
2018-05-03,39.340,39.428,39.024,39.204,16634626
2018-05-04,39.172,39.972,39.132,39.772,13132373
2018-05-07,39.860,39.932,39.432,39.524,9665279
2018-05-08,39.436,39.476,39.188,39.364,8290789
2018-05-09,39.292,39.516,39.212,39.420,9228168
2018-05-10,39.604,39.848,39.548,39.652,10242660
2018-05-11,39.724,39.923,39.532,39.652,10065201
2018-05-14,39.708,39.780,39.572,39.636,6708106
2018-05-15,39.444,39.588,39.268,39.484,22686922
2018-05-16,39.604,39.860,39.548,39.764,12151302
2018-05-17,39.884,39.996,39.764,39.900,19572887
2018-05-18,39.804,39.868,39.500,39.652,15664711
2018-05-21,39.804,39.956,39.700,39.820,7928385
2018-05-22,39.892,40.092,39.676,39.748,9383838
2018-05-23,39.660,39.932,39.604,39.892,18136227
2018-05-24,39.892,39.960,39.656,39.860,9843796
2018-05-25,39.868,40.180,39.812,39.924,12913469
2018-05-29,39.780,40.012,39.660,39.836,14959287
2018-05-30,39.988,40.464,39.860,40.396,17628106
2018-05-31,40.324,40.364,39.596,39.748,18602977
2018-06-01,39.860,39.932,39.644,39.748,10944596
2018-06-04,39.828,40.124,39.828,40.076,11665232
2018-06-05,40.108,40.132,39.764,39.892,8980891
2018-06-06,39.908,39.940,39.660,39.940,12071020
2018-06-07,39.836,40.396,39.780,40.188,16618510
2018-06-08,40.204,40.708,40.204,40.684,17081511
2018-06-11,40.716,41.101,40.716,41.021,13199647
2018-06-12,41.045,41.125,40.828,41.101,11362155
2018-06-13,41.093,41.157,40.844,40.972,15696018
2018-06-14,41.021,41.077,40.868,41.045,9751280
2018-06-15,41.008,41.596,40.927,41.572,17217785
2018-06-18,41.435,41.451,40.782,40.967,21627254
2018-06-19,40.814,41.261,40.790,41.185,12639235
2018-06-20,41.306,41.314,41.044,41.225,9562522
2018-06-21,41.282,41.439,41.189,41.306,13272677
2018-06-22,41.403,41.717,41.395,41.645,9957674
2018-06-25,41.548,41.919,41.540,41.854,22124221
2018-06-26,41.863,41.943,41.483,41.677,14054809
2018-06-27,41.621,41.975,41.415,41.588,19862403
2018-06-28,41.492,41.685,41.427,41.588,13177374
2018-06-29,41.612,41.790,41.379,41.564,13019769
2018-07-02,41.379,41.564,41.056,41.322,13255467
2018-07-03,41.483,41.633,41.354,41.419,7736260
2018-07-05,41.596,42.016,41.516,41.992,11699894
2018-07-06,42.040,42.286,41.939,42.121,12335082
2018-07-09,42.153,42.213,41.911,41.959,15117910
2018-07-10,42.064,42.484,41.975,42.459,15280538
2018-07-11,42.411,42.451,42.177,42.322,11484604
2018-07-12,42.443,42.516,42.129,42.266,11002279
2018-07-13,42.290,42.584,42.274,42.540,14053472
2018-07-16,42.508,42.532,42.213,42.338,10347404
2018-07-17,42.314,42.750,42.314,42.701,14759326
2018-07-18,42.653,42.693,42.322,42.355,10474162
2018-07-19,42.080,42.564,42.000,42.379,15092767
2018-07-20,42.298,42.661,42.226,42.637,17895734
2018-07-23,42.556,42.657,42.242,42.371,13337183
2018-07-24,42.274,42.528,42.201,42.451,15987683
2018-07-25,42.508,42.806,42.419,42.774,15258420
2018-07-26,42.943,43.363,42.887,43.000,15129434
2018-07-27,42.976,43.263,42.899,43.056,13414400
2018-07-30,42.943,43.113,42.750,43.008,12143924
2018-07-31,43.145,43.359,42.891,43.210,17898828
2018-08-01,43.081,43.153,42.774,42.847,14917607
2018-08-02,42.774,43.339,42.750,43.282,15902898
2018-08-03,43.387,44.000,43.355,43.790,20418728
2018-08-06,43.815,43.968,43.734,43.831,13412054
2018-08-07,43.790,43.847,43.414,43.564,13766118
2018-08-08,43.540,43.573,43.218,43.234,12591765
2018-08-09,43.242,43.314,43.048,43.105,8047047
2018-08-10,42.976,43.121,42.855,42.943,13459229
2018-08-13,43.016,43.105,42.750,42.943,8696586
2018-08-14,43.000,43.282,42.976,43.242,8882529
2018-08-15,43.113,43.448,42.867,43.419,15592607
2018-08-16,43.863,44.169,43.794,44.040,15526118
2018-08-17,44.000,44.428,43.911,44.379,13037647
2018-08-20,44.436,44.613,44.307,44.355,10189552
2018-08-21,44.339,44.399,43.867,44.040,13806258
2018-08-22,44.000,44.089,43.706,43.766,13573885
2018-08-23,43.637,43.766,43.532,43.661,10714330
2018-08-24,43.637,43.726,43.472,43.605,9570526
2018-08-27,43.677,43.815,43.460,43.629,10631636
2018-08-28,43.621,43.753,43.419,43.484,12621515
2018-08-29,43.548,43.609,43.435,43.532,8681006
2018-08-30,43.468,43.609,43.306,43.395,11092511
2018-08-31,43.395,43.528,43.197,43.379,10472931
2018-09-04,43.322,43.508,43.201,43.322,9571079
2018-09-05,43.193,43.823,43.145,43.823,14723846
2018-09-06,43.806,43.968,43.657,43.944,12333786
2018-09-07,43.806,43.887,43.548,43.855,9247266
2018-09-10,43.960,44.266,43.960,44.008,8361574
2018-09-11,43.952,43.996,43.750,43.847,8121575
2018-09-12,43.847,44.452,43.823,44.355,15220029
2018-09-13,44.371,44.387,44.040,44.290,9746491
2018-09-14,44.250,44.258,43.944,44.169,8925214
2018-09-17,44.137,44.347,44.040,44.331,10279565
2018-09-18,44.290,44.307,43.968,44.145,15638469
2018-09-19,44.105,44.290,44.000,44.065,7791898
2018-09-20,44.186,44.629,44.186,44.621,11817827
2018-09-21,44.693,44.766,44.599,44.693,10307917
2018-09-24,44.538,44.636,43.974,44.010,10648724
2018-09-25,44.140,44.238,43.726,43.750,8348587
2018-09-26,43.880,44.132,43.742,43.799,10369932
2018-09-27,43.653,44.027,43.531,43.742,8892818
2018-09-28,43.694,43.864,43.653,43.807,9249865
2018-10-01,43.872,43.937,43.726,43.775,8725512
2018-10-02,43.750,44.120,43.645,44.027,9592449
2018-10-03,44.124,44.173,43.499,43.556,15192931
2018-10-04,43.434,43.513,43.125,43.450,19963964
2018-10-05,43.361,43.580,43.344,43.409,13903111
2018-10-08,43.369,44.063,43.369,44.010,14908292
2018-10-09,44.027,44.120,43.807,43.913,13477212
2018-10-10,43.767,44.100,43.312,43.385,26121647
2018-10-11,43.263,43.491,42.175,42.313,44523284
2018-10-12,42.491,42.690,42.175,42.548,26263004
2018-10-15,42.426,43.117,42.426,42.808,15892032
2018-10-16,42.914,43.352,42.755,43.287,15468550
2018-10-17,43.247,43.588,43.093,43.491,15837833
2018-10-18,43.539,43.929,43.296,43.434,19370259
2018-10-19,43.929,44.555,43.929,44.425,28312362
2018-10-22,44.506,44.563,43.966,44.092,16645725
2018-10-23,43.835,44.400,43.580,44.287,30466629
2018-10-24,44.319,45.099,44.189,44.473,36761859
2018-10-25,44.368,44.741,43.986,44.579,30018203
2018-10-26,44.270,44.392,43.531,43.726,39310579
2018-10-29,44.027,44.538,43.820,44.230,31687523
2018-10-30,44.530,45.148,44.417,45.107,33148141
2018-10-31,45.099,45.099,44.327,44.685,30135113
2018-11-01,44.782,45.140,44.553,45.001,22589800
2018-11-02,45.001,45.058,44.372,44.766,28704131
2018-11-05,44.839,45.445,44.774,45.326,19972279
2018-11-06,45.318,45.619,45.164,45.603,15626491
2018-11-07,45.789,45.879,45.383,45.862,15067237
2018-11-08,45.635,45.960,45.627,45.887,12890220
2018-11-09,45.871,46.301,45.871,46.155,18510894
2018-11-12,46.025,46.285,45.822,45.911,15950713
2018-11-13,45.936,46.106,45.582,45.806,23146484
2018-11-14,45.887,45.887,45.278,45.497,17577624
2018-11-15,45.343,45.424,44.993,45.424,25604689
2018-11-16,45.399,45.720,45.237,45.538,15212781
2018-11-19,45.554,45.802,45.278,45.464,16727183
2018-11-20,45.326,45.554,44.587,44.709,33023203
2018-11-21,44.685,44.790,44.254,44.352,16604574
2018-11-23,44.311,44.701,44.205,44.506,8700837
2018-11-26,44.571,44.790,44.343,44.563,13125453
2018-11-27,44.490,44.977,44.465,44.961,15954376
2018-11-28,44.888,45.343,44.750,45.334,21973733
2018-11-29,45.261,45.546,45.204,45.408,13284960
2018-11-30,45.399,45.814,45.286,45.700,16551866
2018-12-03,45.862,45.862,45.269,45.741,20855748
2018-12-04,45.822,45.988,44.945,44.969,27634987
2018-12-06,44.823,45.034,44.063,45.018,32514026
2018-12-07,44.977,45.136,44.254,44.449,23139524
2018-12-10,44.701,44.701,43.767,44.449,44469000
2018-12-11,44.758,45.140,44.571,44.815,25677396
2018-12-12,45.091,45.229,44.733,44.758,18735225
2018-12-13,44.815,45.177,44.758,45.034,16987811
2018-12-14,44.750,44.805,44.166,44.270,20262678
2018-12-17,44.165,44.270,42.987,43.247,27324211
2018-12-18,43.361,43.450,42.491,42.735,27349684
2018-12-19,42.938,43.276,42.126,42.321,46289639
2018-12-20,42.134,42.150,41.167,41.565,43414993
2018-12-21,41.580,42.490,41.138,41.138,38484583
2018-12-24,41.031,41.170,39.916,39.949,23086842
2018-12-26,40.031,41.064,39.621,41.064,26670627
2018-12-27,40.810,41.490,40.203,41.457,35926853
2018-12-28,41.761,41.933,41.295,41.457,24436663
2018-12-31,41.564,41.662,41.244,41.629,14959571
2019-01-02,41.187,41.515,40.949,41.384,20459341
2019-01-03,41.310,41.736,41.080,41.146,22074830
2019-01-04,41.416,42.023,41.326,42.023,19003481
2019-01-07,41.916,42.244,41.588,41.966,15143256
2019-01-08,42.212,42.457,42.007,42.351,28273829
2019-01-09,42.343,42.384,41.859,41.957,15684516
2019-01-10,41.875,42.277,41.761,42.203,32431666
2019-01-11,42.293,42.351,42.097,42.326,11732378
2019-01-14,42.220,42.310,42.056,42.121,7811522
2019-01-15,42.113,42.580,42.089,42.539,11447704
2019-01-16,42.523,42.523,42.154,42.310,13484834
2019-01-17,42.244,42.576,42.195,42.490,10196398
2019-01-18,42.736,43.130,42.687,42.999,11957618
2019-01-22,42.884,42.966,42.261,42.605,20877708
2019-01-23,42.933,43.236,42.728,43.113,23804728
2019-01-24,42.884,42.892,42.289,42.580,17727217
2019-01-25,42.712,42.884,42.351,42.408,12920339
2019-01-28,42.318,42.605,42.175,42.589,10996666
2019-01-29,42.671,42.777,42.498,42.687,11500374
2019-01-30,42.728,43.072,42.630,42.974,13934622
2019-01-31,42.982,43.884,42.884,43.769,17886515
2019-02-01,43.900,43.900,43.449,43.630,14423443
2019-02-04,43.622,43.908,43.540,43.908,13367542
2019-02-05,43.941,44.031,43.794,43.917,11296082
2019-02-06,43.794,43.999,43.794,43.925,19006094
2019-02-07,43.736,43.925,43.589,43.892,14518998
2019-02-08,43.802,44.097,43.638,44.097,11100066
2019-02-11,44.138,44.253,44.019,44.212,6876160
2019-02-12,44.302,44.687,44.236,44.556,11694050
2019-02-13,44.638,44.777,44.536,44.638,10809562
2019-02-14,44.171,44.335,43.900,44.138,11388507
2019-02-15,44.351,44.638,44.138,44.556,12635410
2019-02-19,44.663,44.958,44.562,44.786,19831685
2019-02-20,44.745,44.868,44.564,44.704,14478614
2019-02-21,44.630,44.931,44.499,44.835,11712184
2019-02-22,44.417,44.622,44.302,44.622,24758739
2019-02-25,44.712,44.843,44.318,44.376,15162584
2019-02-26,44.400,44.589,44.298,44.400,15114394
2019-02-27,44.302,44.397,44.154,44.335,10811601
2019-02-28,44.441,44.720,44.335,44.548,8469392
2019-03-01,44.679,44.695,44.146,44.466,10812214
2019-03-04,44.548,44.630,44.049,44.392,10113567
2019-03-05,44.384,44.507,44.277,44.359,10132429
2019-03-06,44.351,44.470,44.101,44.294,12001072
2019-03-07,44.220,44.294,43.917,44.007,14336056
2019-03-08,44.048,44.245,43.818,44.031,11909335
2019-03-11,44.105,44.638,44.105,44.605,10519247
2019-03-12,44.614,44.777,44.515,44.622,10841806
2019-03-13,44.655,45.048,44.622,44.876,11135269
2019-03-14,44.892,44.962,44.761,44.835,8449574
2019-03-15,44.985,45.203,44.894,45.084,21846923
2019-03-18,45.092,45.240,45.034,45.150,8103717
2019-03-19,45.249,45.348,44.948,45.117,13359700
2019-03-20,45.092,45.183,44.779,44.927,19832747
2019-03-21,44.845,45.521,44.845,45.455,12699410
2019-03-22,45.389,45.694,45.331,45.397,21007305
2019-03-25,45.315,45.603,45.207,45.488,12538026
2019-03-26,45.644,46.036,45.611,45.875,12808701
2019-03-27,45.875,46.007,45.488,45.718,12740361
2019-03-28,45.826,46.065,45.809,45.941,11920928
2019-03-29,46.023,46.291,45.900,46.246,13888766
2019-04-01,46.337,46.345,46.011,46.089,13799445
2019-04-02,45.949,45.949,45.710,45.710,13964969
2019-04-03,45.628,45.727,45.372,45.488,18616465
2019-04-04,45.521,45.731,45.479,45.661,10671335
2019-04-05,45.727,45.834,45.603,45.817,9045198
2019-04-08,45.793,46.015,45.735,46.007,6136908
2019-04-09,45.900,45.974,45.751,45.949,12062346
2019-04-10,45.990,46.139,45.947,46.081,7060932
2019-04-11,46.155,46.262,46.007,46.172,6444919
2019-04-12,46.205,46.353,46.060,46.320,7635666
2019-04-15,46.304,46.629,46.295,46.592,6504984
2019-04-16,46.674,46.757,46.419,46.600,9345071
2019-04-17,46.848,46.905,46.617,46.831,12720197
2019-04-18,47.021,47.103,46.666,46.872,10622183
2019-04-22,46.864,47.144,46.773,46.889,12432495
2019-04-23,46.864,46.922,46.650,46.740,20408437
2019-04-24,46.765,47.008,46.732,46.839,8221930
2019-04-25,46.584,46.621,46.378,46.543,9992063
2019-04-26,46.592,46.971,46.567,46.963,8405955
2019-04-29,46.938,47.045,46.872,47.021,7211008
2019-04-30,47.045,47.614,46.996,47.565,15965938
2019-05-01,47.622,47.655,46.979,46.979,11992679
2019-05-02,46.938,47.148,46.724,46.963,13925855
2019-05-03,47.185,47.424,47.111,47.317,13801294
2019-05-06,46.971,47.321,46.913,47.243,10100265
2019-05-07,47.029,47.120,46.526,46.773,20115511
2019-05-08,46.740,47.029,46.534,46.765,11940177
2019-05-09,46.567,46.798,46.312,46.666,23531637
2019-05-10,46.551,47.297,46.353,47.235,14029635
2019-05-13,46.749,46.905,46.617,46.790,13081752
2019-05-14,46.922,47.331,46.848,47.012,16497829
2019-05-15,46.946,47.482,46.856,47.383,9681802
2019-05-16,47.631,48.022,47.499,47.754,12859911
2019-05-17,47.490,47.865,47.482,47.598,15458746
2019-05-20,47.490,47.754,47.449,47.482,9496806
2019-05-21,47.655,47.672,47.309,47.383,8124122
2019-05-22,47.400,47.705,47.301,47.598,11102018
2019-05-23,47.416,47.598,47.317,47.581,17398019
2019-05-24,47.663,47.705,47.271,47.408,9530839
2019-05-28,47.416,47.532,46.596,46.633,14043124
2019-05-29,46.452,46.460,46.056,46.295,11455050
2019-05-30,46.386,46.592,46.279,46.493,9770151
2019-05-31,46.130,46.196,45.760,45.834,13450786
2019-06-03,45.900,46.501,45.891,46.411,17060649
2019-06-04,46.699,46.839,46.551,46.831,16547017
2019-06-05,47.045,47.457,46.864,47.367,15069734
2019-06-06,47.466,47.960,47.383,47.861,20769577
2019-06-07,48.026,48.512,48.026,48.323,18860802
2019-06-10,48.389,48.446,48.191,48.339,15341778
2019-06-11,48.479,48.615,48.372,48.496,18109721
2019-06-12,48.587,48.850,48.496,48.570,10921154
2019-06-13,48.685,48.826,48.397,48.677,11564631
2019-06-14,48.653,48.830,48.603,48.702,9726115
2019-06-17,48.718,48.768,48.335,48.562,8796634
2019-06-18,48.834,48.867,48.232,48.298,18120638
2019-06-19,48.265,48.595,48.026,48.496,13457174
2019-06-20,48.702,48.982,48.595,48.925,13566320
2019-06-21,48.867,49.008,48.688,48.767,15416200
2019-06-24,48.842,49.083,48.804,48.892,17796466
2019-06-25,48.900,48.966,48.725,48.867,11861741
2019-06-26,48.642,48.642,48.148,48.169,11672553
2019-06-27,48.235,48.302,47.982,48.260,11524922
2019-06-28,48.493,48.551,48.127,48.227,12409320
2019-07-01,48.476,48.630,48.235,48.518,12665179
2019-07-02,48.534,48.941,48.501,48.941,11913548
2019-07-03,49.008,49.593,48.966,49.548,11995833
2019-07-05,49.257,49.365,48.892,49.332,11008217
2019-07-08,49.332,49.485,49.253,49.398,9257128
2019-07-09,49.298,49.382,48.925,49.107,12499546
2019-07-10,49.282,49.548,49.240,49.423,16804866
2019-07-11,49.523,49.585,49.285,49.548,12575287
2019-07-12,49.531,49.803,49.531,49.689,8731980
2019-07-15,49.772,49.888,49.639,49.805,7212607
2019-07-16,49.813,50.021,49.643,49.822,13578987
2019-07-17,49.822,49.896,49.643,49.764,9050086
2019-07-18,49.822,50.245,49.643,50.096,9445260
2019-07-19,50.220,50.295,49.747,49.780,7460398
2019-07-22,49.872,49.872,49.440,49.489,7135087
2019-07-23,49.938,50.025,49.689,49.847,10058256
2019-07-24,49.772,49.813,49.452,49.514,7975850
2019-07-25,49.415,49.664,49.298,49.581,9469200
2019-07-26,49.664,50.154,49.523,50.137,14727927
2019-07-29,50.137,50.337,50.104,50.229,6121309
2019-07-30,50.428,50.677,50.262,50.378,14124035
2019-07-31,50.220,50.295,48.875,49.357,16826760
2019-08-01,49.498,50.079,49.149,49.182,30148243
2019-08-02,49.107,49.489,49.000,49.191,24368724
2019-08-05,48.875,49.083,47.646,47.912,26364783
2019-08-06,48.078,48.568,47.895,48.343,20126351
2019-08-07,48.136,49.091,47.629,48.908,17550845
2019-08-08,48.875,49.589,48.642,49.539,24011277
2019-08-09,49.514,49.639,48.916,49.265,10590199
2019-08-12,49.132,49.290,48.767,48.933,11773974
2019-08-13,48.900,49.710,48.817,49.489,13201453
2019-08-14,49.049,49.448,48.676,48.709,17281352
2019-08-15,49.240,49.614,49.000,49.440,14441875
2019-08-16,49.656,50.204,49.656,50.004,18294626
2019-08-19,50.403,50.602,50.291,50.503,13180101
2019-08-20,50.478,50.536,49.913,49.955,8959335
2019-08-21,50.287,50.328,49.959,50.087,8735923
2019-08-22,50.129,50.457,49.992,50.353,7127628
2019-08-23,50.212,50.420,49.232,49.514,25296118
2019-08-26,49.847,50.171,49.647,50.129,13628403
2019-08-27,50.337,50.469,49.830,49.988,13389351
2019-08-28,49.971,50.469,49.880,50.469,12435730
2019-08-29,50.768,50.777,50.187,50.494,9560770
2019-08-30,50.661,50.785,50.266,50.428,8565820
2019-09-03,50.212,50.727,50.121,50.719,15551872
2019-09-04,50.926,51.175,50.727,51.175,12200475
2019-09-05,51.308,51.425,50.785,50.860,15720085
2019-09-06,50.993,51.109,50.868,51.026,13902925
2019-09-09,51.001,51.051,50.768,50.910,27081917
2019-09-10,50.685,50.685,50.320,50.594,31984950
2019-09-11,50.577,50.818,50.312,50.777,17422191
2019-09-12,51.076,51.229,50.885,50.984,18293164
2019-09-13,50.752,51.043,50.586,50.694,17830473
2019-09-16,50.453,50.503,50.096,50.204,16741202
2019-09-17,50.179,50.752,50.179,50.478,11683572
2019-09-18,50.528,50.619,50.129,50.561,10969401
2019-09-19,50.519,50.640,50.449,50.553,10682664
2019-09-20,50.659,50.776,50.391,50.391,13957873
2019-09-23,50.433,50.801,50.391,50.592,8773143
2019-09-24,50.792,51.135,50.617,50.801,17305933
2019-09-25,51.018,51.085,50.684,50.834,17628501
2019-09-26,50.893,51.268,50.868,51.118,15581554
2019-09-27,51.243,51.258,50.755,51.060,14293882
2019-09-30,51.093,51.536,51.093,51.310,11078825
2019-10-01,51.335,51.477,50.968,51.177,16841103
2019-10-02,50.926,50.976,49.957,50.149,18668315
2019-10-03,50.400,50.675,49.949,50.500,20998167
2019-10-04,50.583,51.302,50.533,51.294,12017330
2019-10-07,51.177,51.243,50.826,50.876,9417151
2019-10-08,50.725,50.868,50.383,50.391,15290815
2019-10-09,50.642,50.901,50.529,50.776,8548821
2019-10-10,50.667,51.022,50.525,50.876,8685917
2019-10-11,51.068,51.135,50.725,50.826,18187231
2019-10-14,50.893,50.940,50.550,50.575,7569968
2019-10-15,50.700,50.734,50.283,50.358,12233273
2019-10-16,50.400,50.462,50.233,50.408,10406311
2019-10-17,50.575,50.784,50.500,50.642,13211138
2019-10-18,50.550,50.934,50.550,50.742,9301249
2019-10-21,50.751,50.930,50.680,50.909,9981625
2019-10-22,51.277,51.306,50.901,50.926,12497014
2019-10-23,50.901,51.193,50.884,51.160,7599169
2019-10-24,51.260,51.419,51.060,51.335,9089533
2019-10-25,51.285,51.294,50.989,51.035,7518528
2019-10-28,51.035,51.218,50.813,50.934,11154151
2019-10-29,50.842,51.177,50.751,50.934,10072443
2019-10-30,50.976,51.260,50.834,51.168,7216383
2019-10-31,51.185,51.367,50.767,51.093,12628109
2019-11-01,51.185,51.277,50.976,51.085,10229077
2019-11-04,51.143,51.170,50.433,50.592,17082683
2019-11-05,50.525,50.868,50.366,50.759,17192219
2019-11-06,50.842,51.093,50.696,50.968,8284492
2019-11-07,51.026,51.035,50.704,50.792,9437822
2019-11-08,50.767,50.918,50.592,50.759,7574243
2019-11-11,50.784,50.863,50.600,50.684,5632194
2019-11-12,50.759,50.851,50.617,50.851,7085094
2019-11-13,50.926,51.335,50.859,51.235,9508185
2019-11-14,51.461,51.477,51.010,51.218,8442110
2019-11-15,51.294,51.344,51.047,51.235,7221445
2019-11-18,51.185,51.786,51.185,51.502,8615497
2019-11-19,51.578,51.661,51.327,51.436,8560914
2019-11-20,51.436,51.678,51.327,51.553,11935881
2019-11-21,51.461,51.586,51.177,51.294,7609551
2019-11-22,51.335,51.369,51.010,51.210,5517051
2019-11-25,51.310,51.402,51.018,51.268,10396518
2019-11-26,51.335,51.736,51.243,51.686,7358700
2019-11-27,51.778,51.870,51.636,51.812,5483250
2019-11-29,51.828,51.912,51.695,51.795,2737327
2019-12-02,51.695,51.937,51.452,51.912,17920071
2019-12-03,51.812,51.870,51.477,51.828,20537424
2019-12-04,51.770,52.204,51.711,52.171,17369149
2019-12-05,52.187,52.196,51.847,52.154,13443504
2019-12-06,52.263,52.555,52.229,52.355,10746700
2019-12-09,52.321,52.530,52.313,52.396,6898808
2019-12-10,52.396,52.455,52.179,52.229,7194326
2019-12-11,52.346,52.430,52.150,52.304,6200045
2019-12-12,52.313,52.647,52.154,52.263,11843458
2019-12-13,52.129,52.530,52.037,52.446,10158294
2019-12-16,52.597,52.756,52.530,52.630,10004622
2019-12-17,52.563,52.664,52.480,52.547,8005473
2019-12-18,52.639,52.814,52.380,52.463,5463928
2019-12-19,52.538,52.864,52.530,52.747,9068088
2019-12-20,52.913,53.368,52.880,53.149,15270576
2019-12-23,53.174,53.225,52.905,52.953,6006538
2019-12-24,52.981,53.056,52.905,52.989,1699793
2019-12-26,53.048,53.141,52.896,53.040,8634799
2019-12-27,53.149,53.292,53.099,53.275,10315292
2019-12-30,53.183,53.267,52.922,52.998,6238572
2019-12-31,52.888,53.082,52.779,53.048,4981891
2020-01-02,53.149,53.149,52.484,52.627,14456530
2020-01-03,52.433,52.770,52.294,52.543,26388920
2020-01-06,52.467,52.720,52.374,52.652,22541686
2020-01-07,52.492,52.543,52.202,52.248,15609894
2020-01-08,52.290,52.661,52.189,52.442,11451335
2020-01-09,52.602,52.821,52.475,52.812,6851723
2020-01-10,52.863,52.934,52.711,52.779,7410843
2020-01-13,52.795,53.132,52.770,53.124,9623904
2020-01-14,53.056,53.166,52.989,53.141,7512310
2020-01-15,53.099,53.629,53.073,53.520,12454241
2020-01-16,53.587,53.705,53.528,53.663,8048560
2020-01-17,53.655,53.874,53.587,53.756,14902739
2020-01-21,53.680,53.966,53.494,53.941,11300331
2020-01-22,53.958,54.109,53.941,53.983,8046512
2020-01-23,53.806,54.076,53.604,53.932,14563060
2020-01-24,53.975,54.042,53.393,53.562,11959502
2020-01-27,53.107,53.646,53.073,53.393,8748368
2020-01-28,53.427,53.618,53.377,53.461,7899538
2020-01-29,53.503,53.545,53.191,53.191,8300775
2020-01-30,53.217,53.865,53.183,53.823,13824814
2020-01-31,53.848,54.084,53.065,53.217,15278935
2020-02-03,53.410,53.612,53.174,53.217,21797630
2020-02-04,53.638,53.899,53.423,53.537,14290604
2020-02-05,53.713,53.987,53.646,53.966,20911423
2020-02-06,54.025,54.345,53.916,54.059,9628483
2020-02-07,54.059,54.236,53.899,54.126,14848543
2020-02-10,54.151,54.455,54.135,54.354,7394081
2020-02-11,54.438,54.438,54.105,54.151,8375687
2020-02-12,54.219,54.231,54.012,54.126,8479023
2020-02-13,54.008,54.539,53.932,54.446,7950882
2020-02-14,54.505,54.589,54.396,54.573,5421150
2020-02-18,54.497,54.615,54.269,54.379,6902253
2020-02-19,54.387,54.531,54.295,54.320,4971252
2020-02-20,54.227,54.404,53.857,54.362,13396303
2020-02-21,54.210,54.573,54.194,54.455,10027832
2020-02-24,53.713,54.126,53.136,53.200,19892660
2020-02-25,53.233,53.490,52.058,52.239,25718282
2020-02-26,52.399,52.875,51.915,51.945,16087361
2020-02-27,51.481,51.945,49.822,49.830,39092321
2020-02-28,48.693,48.853,47.202,48.845,50976575
2020-03-02,48.946,51.494,48.946,51.456,27085488
2020-03-03,51.532,52.391,50.386,50.757,35237524
2020-03-04,51.473,53.275,51.406,53.250,26214299
2020-03-05,52.079,52.943,51.717,52.248,16554909
2020-03-06,50.866,52.130,50.487,51.835,24787827
2020-03-09,48.971,50.955,48.853,49.578,19126244
2020-03-10,50.622,51.085,48.761,51.001,28174786
2020-03-11,49.738,49.999,47.902,48.500,17759765
2020-03-12,45.392,47.767,43.724,43.943,26713955
2020-03-13,46.133,47.699,44.440,47.683,24835773
2020-03-16,43.252,46.802,42.772,44.448,27436402
2020-03-17,45.307,48.390,45.206,48.196,32317904
2020-03-18,46.116,48.011,44.895,46.958,35492199
2020-03-19,46.461,46.697,44.970,45.392,26808121
2020-03-20,45.518,45.535,42.077,42.452,26903670
2020-03-23,42.363,42.863,40.373,41.194,31830136
2020-03-24,42.990,43.541,42.186,43.295,28041518
2020-03-25,43.202,44.566,42.423,43.177,25526399
2020-03-26,43.702,45.845,43.524,45.540,25754056
2020-03-27,44.549,46.582,44.473,45.328,26004699
2020-03-30,45.769,47.234,45.769,47.099,15892597
2020-03-31,46.929,47.154,46.027,46.142,15203254
2020-04-01,44.888,46.065,44.778,45.362,11979962
2020-04-02,44.735,46.785,44.625,46.523,14748132
2020-04-03,46.336,47.027,46.137,46.887,15373917
2020-04-06,48.056,48.971,47.370,48.632,14835101
2020-04-07,49.386,49.776,48.064,48.073,22985092
2020-04-08,48.429,49.056,47.887,48.784,13877294
2020-04-09,48.920,49.996,48.801,49.242,20375998
2020-04-13,49.081,49.335,48.403,48.878,10679461
2020-04-14,49.716,51.012,49.521,50.953,17745261
2020-04-15,50.275,50.589,49.776,50.148,12552944
2020-04-16,50.411,50.665,49.767,50.479,14485403
2020-04-17,51.097,51.419,50.411,51.250,12082083
2020-04-20,50.741,51.097,50.199,50.242,9263857
2020-04-21,49.530,49.814,48.996,49.174,13021939
2020-04-22,49.767,49.928,49.250,49.649,15086774
2020-04-23,49.530,49.848,49.123,49.208,21073546
2020-04-24,49.496,49.894,49.327,49.733,9638584
2020-04-27,50.038,50.106,49.682,49.877,11018408
2020-04-28,50.453,50.521,49.945,50.157,13608999
2020-04-29,50.411,50.411,49.471,49.945,16038644
2020-04-30,49.801,49.826,49.064,49.352,16397060
2020-05-01,49.081,49.496,48.607,48.810,13023127
2020-05-04,48.717,48.895,48.302,48.784,11313538
2020-05-05,48.979,49.348,48.763,48.827,9703853
2020-05-06,48.912,49.047,48.251,48.293,10700071
2020-05-07,48.666,48.734,48.056,48.158,11203696
2020-05-08,48.640,49.335,48.615,49.233,13409848
2020-05-11,49.013,49.547,48.963,49.166,8804701
2020-05-12,49.327,49.598,48.751,48.751,20587124
2020-05-13,48.708,48.979,48.022,48.310,12186747
2020-05-14,48.073,48.314,47.425,48.192,11793511
2020-05-15,48.183,48.759,48.009,48.615,20847537
2020-05-18,49.386,49.640,49.030,49.386,15213600
2020-05-19,49.454,49.479,48.480,48.480,15313074
2020-05-20,48.886,49.081,48.590,49.056,8519329
2020-05-21,48.979,48.988,48.412,48.513,13913917
2020-05-22,48.530,48.725,48.420,48.683,7216305
2020-05-26,49.369,49.454,48.848,48.945,10487056
2020-05-27,49.335,49.725,49.056,49.682,10937852
2020-05-28,50.064,50.398,49.852,50.123,10053967
2020-05-29,49.970,50.335,49.521,50.174,12891044
2020-06-01,50.199,50.707,50.173,50.521,9101497
2020-06-02,50.606,50.682,50.267,50.657,9837858
2020-06-03,50.877,50.962,50.707,50.724,10154218
2020-06-04,50.623,50.885,50.208,50.479,8972371
2020-06-05,50.851,51.444,50.707,51.182,11501950
2020-06-08,51.190,51.758,51.012,51.732,13094203
2020-06-09,51.538,51.614,50.995,51.309,13734464
2020-06-10,51.427,51.571,51.063,51.165,9877863
2020-06-11,50.614,50.928,49.166,49.225,14738138
2020-06-12,49.903,49.911,48.806,49.233,17837140
2020-06-15,48.776,49.869,48.446,49.801,11366693
2020-06-16,50.784,50.843,49.928,50.580,10603481
2020-06-17,50.674,50.885,50.352,50.504,8388420
2020-06-18,50.275,50.818,50.210,50.767,6022709
2020-06-19,51.233,51.394,50.424,50.504,9494740
2020-06-22,50.454,50.556,50.180,50.360,9039642
2020-06-23,50.693,50.872,50.232,50.283,7950791
2020-06-24,50.027,50.027,49.258,49.438,14343230
2020-06-25,49.412,49.848,49.105,49.788,12128695
2020-06-26,49.771,49.907,48.729,48.772,14466513
2020-06-29,49.088,49.788,49.045,49.694,9653235
2020-06-30,49.702,50.245,49.626,50.061,7379843
2020-07-01,50.155,50.415,50.074,50.104,7261596
2020-07-02,50.522,50.856,50.257,50.360,6856223
2020-07-06,50.744,50.863,50.326,50.607,10090117
2020-07-07,50.334,51.346,50.300,51.068,8159097
2020-07-08,51.179,51.213,50.723,50.940,9327962
2020-07-09,50.872,51.009,50.249,50.539,7541819
2020-07-10,50.599,51.572,50.590,51.470,14142787
2020-07-13,51.717,52.071,51.196,51.393,10878828
2020-07-14,51.248,52.272,51.145,52.144,14260619
2020-07-15,52.409,52.810,52.024,52.187,14952748
2020-07-16,52.161,52.400,52.054,52.298,7770230
2020-07-17,52.537,52.665,52.353,52.579,6321674
2020-07-20,52.468,52.494,51.888,52.050,6818557
2020-07-21,52.417,53.063,52.357,52.503,7794962
2020-07-22,52.665,52.998,52.127,52.921,7022672
2020-07-23,53.100,53.322,52.929,53.109,9320379
2020-07-24,53.194,53.638,52.784,53.040,6809152
2020-07-27,52.989,53.314,52.878,53.305,6801941
2020-07-28,53.288,53.765,53.262,53.501,6698708
2020-07-29,53.484,53.747,53.348,53.578,7436004
2020-07-30,53.450,53.766,53.203,53.578,10901714
2020-07-31,53.365,53.536,52.861,53.527,10277225
2020-08-03,53.553,53.578,53.117,53.382,8614449
2020-08-04,53.305,54.065,53.211,54.048,7417301
2020-08-05,54.133,54.240,53.783,53.937,7143577
2020-08-06,53.809,54.026,53.715,53.928,11983721
2020-08-07,53.843,54.270,53.783,54.218,9176106
2020-08-10,54.278,54.611,54.159,54.500,4345617
2020-08-11,54.756,54.893,53.971,54.125,8636008
2020-08-12,54.347,55.063,54.347,54.825,8021616
2020-08-13,54.705,54.944,54.628,54.782,5857073
2020-08-14,54.722,54.953,54.569,54.773,3776292
2020-08-17,54.901,55.260,54.799,55.081,5168125
2020-08-18,55.166,55.456,54.919,55.303,4927265
2020-08-19,55.226,55.303,54.769,54.867,5869803
2020-08-20,54.551,54.825,54.456,54.756,10176038
2020-08-21,54.688,54.965,54.522,54.893,5713857
2020-08-24,54.987,55.362,54.816,55.362,6976962
2020-08-25,55.491,55.533,55.004,55.243,4451156
2020-08-26,55.132,55.388,54.876,55.311,5375337
2020-08-27,55.414,55.917,55.405,55.653,8711064
2020-08-28,55.917,56.182,55.388,56.148,6868085
2020-08-31,55.943,56.148,55.759,55.986,7660120
2020-09-01,55.977,56.067,55.601,56.045,9722906
2020-09-02,56.302,57.288,56.216,57.061,11174592
2020-09-03,57.198,57.719,55.666,56.080,26304015
2020-09-04,56.242,56.472,55.260,55.951,15604821
2020-09-08,55.815,55.926,54.543,54.773,16313521
2020-09-09,55.089,56.109,54.987,55.567,12848538
2020-09-10,55.567,55.721,54.765,54.884,11060457
2020-09-11,55.055,55.456,54.799,55.192,10212537
2020-09-14,55.465,55.806,55.303,55.550,6396324
2020-09-15,55.687,55.883,55.397,55.473,5672594
2020-09-16,55.712,55.858,55.175,55.226,7270619
2020-09-17,54.765,55.166,54.483,54.876,10078080
2020-09-18,54.961,55.038,53.997,54.372,9986898
2020-09-21,54.001,54.165,53.340,53.958,11326033
2020-09-22,53.993,54.542,53.937,54.276,7148633
2020-09-23,54.448,54.585,53.400,53.460,7015811
2020-09-24,53.460,54.139,53.100,53.855,9115714
2020-09-25,53.581,54.199,53.458,54.139,7376194
2020-09-28,54.585,55.058,54.560,54.749,6077605
2020-09-29,54.774,54.901,54.285,54.388,8142041
2020-09-30,54.611,55.393,54.585,55.049,8284107
2020-10-01,55.367,55.487,54.886,55.358,9262892
2020-10-02,54.809,55.298,54.624,55.049,7462002
2020-10-05,55.178,55.491,55.092,55.418,4477770
2020-10-06,55.547,55.762,54.894,55.058,6549687
2020-10-07,55.375,55.882,55.264,55.650,8073122
2020-10-08,55.899,56.071,55.667,56.020,6653357
2020-10-09,56.243,56.707,56.174,56.458,7894676
2020-10-12,56.698,57.406,56.664,57.110,8685591
2020-10-13,56.938,57.239,56.801,57.067,7503731
2020-10-14,57.059,57.292,56.543,56.775,6566136
2020-10-15,56.363,56.960,56.312,56.810,6649980
2020-10-16,56.981,57.291,56.810,56.827,6678390
2020-10-19,56.818,57.067,55.938,56.080,7733845
2020-10-20,56.638,56.750,55.916,56.028,7660191
2020-10-21,55.968,56.397,55.942,56.080,7013893
2020-10-22,56.088,56.243,55.788,56.054,7779661
2020-10-23,56.251,56.380,55.985,56.157,5093875
2020-10-26,55.728,55.839,54.948,55.436,9352335
2020-10-27,55.470,55.770,55.259,55.290,5331362
2020-10-28,54.499,54.783,53.615,53.675,10980604
2020-10-29,53.538,54.190,53.001,53.658,8942689
2020-10-30,53.452,53.709,52.808,53.469,10093159
2020-11-02,54.233,54.568,53.898,54.319,10892706
2020-11-03,54.869,55.715,54.800,55.212,20578708
2020-11-04,55.521,56.170,55.169,55.238,25604824
2020-11-05,55.882,56.166,55.487,55.642,13919534
2020-11-06,55.728,56.183,55.655,55.899,12703572
2020-11-09,57.230,57.780,55.693,55.770,15142623
2020-11-10,55.762,57.024,55.719,56.870,15134217
2020-11-11,57.196,57.604,56.810,57.359,10381175
2020-11-12,57.205,57.359,56.724,57.205,8945870
2020-11-13,57.419,58.069,57.248,57.995,6162258
2020-11-16,58.527,58.553,58.081,58.527,12955898
2020-11-17,58.089,58.454,57.943,58.115,8146612
2020-11-18,58.201,57.308,57.213,57.316,7607643
2020-11-19,57.162,57.557,57.020,57.471,8830130
2020-11-20,57.385,57.634,57.059,57.110,4663413
2020-11-23,57.213,57.298,56.779,57.127,5842543
2020-11-24,57.471,57.711,57.342,57.514,6167185
2020-11-25,57.488,57.711,57.402,57.479,5243925
2020-11-27,57.625,57.625,57.299,57.471,3228570
2020-11-30,57.325,57.522,56.878,57.462,11582068
2020-12-01,57.720,58.029,57.608,57.969,12126039
2020-12-02,57.771,58.046,57.299,57.488,11392124
2020-12-03,57.342,57.737,57.333,57.634,10951358
2020-12-04,57.686,58.089,57.617,58.081,11055789
2020-12-07,57.969,58.063,57.583,57.857,9466348
2020-12-08,57.651,58.295,57.527,58.175,7090952
2020-12-09,58.261,58.287,57.789,57.943,10420075
2020-12-10,57.926,58.072,57.540,57.686,5723397
2020-12-11,57.462,57.973,57.445,57.814,5000806
2020-12-14,58.098,58.317,57.574,57.591,6663423
2020-12-15,57.840,58.008,57.656,57.729,6121300
2020-12-16,57.771,58.115,57.634,57.840,10505827
2020-12-17,58.046,58.278,58.029,58.209,4673344
2020-12-18,58.295,58.467,57.887,58.338,6980409
2020-12-21,57.693,57.825,57.108,57.710,8255571
2020-12-22,57.684,57.684,57.208,57.303,9107878
2020-12-23,57.476,57.715,57.360,57.494,4302588
2020-12-24,57.537,57.812,57.398,57.780,1954760
2020-12-28,57.996,58.412,57.935,58.239,6315324
2020-12-29,58.386,58.546,57.918,58.065,4976068
2020-12-30,58.135,58.204,57.935,58.005,7359939
2020-12-31,58.065,58.498,57.775,58.412,6062026
2021-01-04,58.386,58.406,57.087,57.780,12991320
2021-01-05,57.693,57.905,57.243,57.780,10875725
2021-01-06,57.667,58.109,57.572,57.823,14206665
2021-01-07,57.866,58.005,57.416,57.650,13963531
2021-01-08,57.693,57.987,57.373,57.935,17960849
2021-01-11,57.615,57.996,57.342,57.442,9648777
2021-01-12,57.442,57.572,57.009,57.251,11090594
2021-01-13,57.191,57.554,57.165,57.338,8337470
2021-01-14,57.390,57.416,56.965,57.035,11549028
2021-01-15,56.827,57.087,56.602,56.836,13260265
2021-01-19,57.026,57.139,56.537,56.584,8168852
2021-01-20,56.567,56.827,56.186,56.688,10700712
2021-01-21,56.597,56.645,56.403,56.498,8461480
2021-01-22,56.455,56.701,56.221,56.351,8328161
2021-01-25,56.177,57.108,56.151,56.914,17486065
2021-01-26,56.983,57.537,56.723,57.424,9302040
2021-01-27,57.104,57.875,56.316,56.455,17826841
2021-01-28,56.567,57.303,56.403,56.671,19925824
2021-01-29,56.455,56.472,55.476,55.502,19374751
2021-02-01,55.736,55.857,55.372,55.554,13283320
2021-02-02,55.770,56.377,55.606,55.926,13278363
2021-02-03,55.796,56.147,55.636,56.013,9542039
2021-02-04,56.065,56.433,55.944,56.420,7292364
2021-02-05,56.766,57.120,56.740,56.948,8889271
2021-02-08,57.130,57.295,56.792,57.165,9412236
2021-02-09,57.173,57.316,56.957,57.113,12345224
2021-02-10,57.381,57.511,56.922,57.052,6957185
2021-02-11,57.113,57.130,56.714,56.801,7478533
2021-02-12,56.749,56.952,56.606,56.888,7131803
2021-02-16,56.991,57.035,56.584,56.784,9244906
2021-02-17,56.567,57.108,56.498,56.991,8886685
2021-02-18,56.481,57.101,56.437,56.957,7463617
2021-02-19,57.000,57.009,56.186,56.238,10277942
2021-02-22,56.091,56.437,55.978,56.290,8649371
2021-02-23,56.472,56.844,56.169,56.368,12742420
2021-02-24,56.221,56.515,56.056,56.333,9103711
2021-02-25,56.247,56.567,55.599,55.718,17556642
2021-02-26,55.831,55.831,54.800,54.818,17718475
2021-03-01,55.208,55.822,55.190,55.372,11274972
2021-03-02,55.311,55.701,55.251,55.277,12921244
2021-03-03,55.130,55.446,54.982,55.017,13450882
2021-03-04,55.130,55.796,54.549,54.818,25908077
2021-03-05,55.052,56.195,54.839,56.030,21718942
2021-03-08,56.048,56.870,55.952,56.273,18946547
2021-03-09,56.463,56.732,56.177,56.221,17260214
2021-03-10,56.264,57.204,56.082,56.957,15827656
2021-03-11,57.017,57.191,56.758,56.818,12386393
2021-03-12,57.026,57.360,56.978,57.286,10517664
2021-03-15,57.492,57.589,57.191,57.537,8384512
2021-03-16,57.468,57.788,57.468,57.606,13550171
2021-03-17,57.632,57.866,57.325,57.520,12254151
2021-03-18,57.373,57.606,57.009,57.286,14497554
2021-03-19,57.347,57.641,57.208,57.485,20806617
2021-03-22,57.381,58.121,57.338,58.086,14499452
2021-03-23,58.078,58.600,57.921,58.330,13216342
2021-03-24,58.191,58.478,57.969,58.104,15831026
2021-03-25,58.182,58.739,57.895,58.670,14763714
2021-03-26,58.739,59.741,58.570,59.706,15097887
2021-03-29,59.532,60.363,59.506,60.306,11857243
2021-03-30,60.193,60.254,59.549,59.662,14083983
2021-03-31,59.636,59.880,59.340,59.471,18241127
2021-04-01,59.236,59.488,58.792,59.183,21195174
2021-04-05,59.436,60.263,59.331,59.941,20106147
2021-04-06,59.836,60.420,59.793,60.193,19302195
2021-04-07,60.298,60.376,59.967,60.045,20761335
2021-04-08,60.019,60.228,59.950,60.106,10244728
2021-04-09,60.115,60.250,59.636,60.002,7050807
2021-04-12,60.080,60.333,59.997,60.324,10146692
2021-04-13,60.063,60.228,59.923,60.002,11982701
2021-04-14,59.967,60.037,59.697,59.950,12137928
2021-04-15,60.089,60.524,60.089,60.428,7726091
2021-04-16,60.681,60.898,60.446,60.777,7810039
2021-04-19,60.785,60.907,60.350,60.542,10897855
2021-04-20,60.115,61.064,60.028,60.872,13201458
2021-04-21,60.942,61.351,60.942,61.177,10796606
2021-04-22,61.073,61.107,60.594,60.724,10770284
2021-04-23,60.602,60.759,60.324,60.568,9133789
2021-04-26,60.533,60.533,59.802,59.889,8749992
2021-04-27,59.854,59.971,59.584,59.845,10101090
2021-04-28,60.089,60.228,59.819,59.889,7926877
2021-04-29,59.862,60.620,59.862,60.524,9230005
2021-04-30,60.524,60.602,60.280,60.576,10815671
2021-05-03,60.707,61.299,60.646,61.073,12671245
2021-05-04,60.942,61.176,60.568,60.759,11159336
2021-05-05,60.742,60.829,60.507,60.716,8737311
2021-05-06,60.829,61.517,60.829,61.499,10192041
2021-05-07,61.403,61.686,61.255,61.499,9841785
2021-05-10,61.760,62.370,61.708,61.969,10558612
2021-05-11,61.995,62.126,61.151,61.430,14385702
2021-05-12,61.290,61.360,60.602,60.611,13223132
2021-05-13,60.602,61.743,60.533,61.464,18497984
2021-05-14,61.699,62.104,61.665,61.734,9669711
2021-05-17,61.769,62.035,61.517,61.647,10705805
2021-05-18,61.717,61.961,61.421,61.456,11169175
2021-05-19,61.160,61.342,60.820,61.255,13709475
2021-05-20,61.264,62.039,61.229,61.821,11336332
2021-05-21,61.978,62.230,61.717,61.830,7779169
2021-05-24,61.908,62.230,61.786,62.013,6535957
2021-05-25,62.039,62.074,61.656,62.030,8271737
2021-05-26,62.065,62.126,61.782,61.900,10614526
2021-05-27,62.004,62.204,61.456,61.517,12693844
2021-05-28,61.612,61.904,61.604,61.647,8476372
2021-06-01,61.882,62.039,61.229,61.438,8894049
2021-06-02,61.525,61.773,61.377,61.665,6411343
2021-06-03,61.482,62.100,61.482,62.048,9409962
2021-06-04,62.230,62.409,62.065,62.265,6078231
2021-06-07,62.274,62.352,61.882,62.161,7306938
2021-06-08,62.178,62.257,61.625,61.638,8545311
2021-06-09,61.525,61.830,61.325,61.342,8273863
2021-06-10,61.456,61.878,61.430,61.726,8213042
2021-06-11,61.847,61.874,61.464,61.760,6232513
2021-06-14,61.708,61.743,61.347,61.726,10449377
2021-06-15,61.778,61.917,61.520,61.578,5151556
2021-06-16,61.595,61.665,60.742,60.759,10506998
2021-06-17,60.768,61.107,60.602,60.977,9234651
2021-06-18,60.559,60.637,59.880,59.897,16882422
2021-06-21,60.254,60.649,60.219,60.587,14278394
2021-06-22,60.596,60.929,60.502,60.675,8349789
2021-06-23,60.622,60.631,60.298,60.298,7072731
2021-06-24,60.316,60.666,60.263,60.596,6343735
2021-06-25,60.631,61.131,60.522,61.061,9241283
2021-06-28,61.104,61.280,60.977,61.113,7570632
2021-06-29,61.148,61.253,60.745,60.842,13154917
2021-06-30,60.973,61.393,60.947,61.315,8815078
2021-07-01,61.341,61.490,61.034,61.131,11633054
2021-07-02,61.271,61.464,61.192,61.280,20733310
2021-07-06,61.139,61.166,60.736,61.026,7595657
2021-07-07,61.008,61.582,60.999,61.350,7880495
2021-07-08,61.061,61.394,60.885,61.122,9212884
2021-07-09,61.359,61.582,61.236,61.472,6287054
2021-07-12,61.367,61.464,61.140,61.376,7384238
2021-07-13,61.359,61.735,61.231,61.359,12057924
2021-07-14,61.437,61.989,61.350,61.902,7616096
2021-07-15,61.805,62.165,61.626,62.156,8662509
2021-07-16,62.261,62.489,62.173,62.252,8634296
2021-07-19,62.042,62.454,61.516,62.068,20734392
2021-07-20,62.060,62.691,61.919,62.086,20404945
2021-07-21,62.375,62.423,61.911,61.928,9366675
2021-07-22,61.770,61.989,61.429,61.823,9632121
2021-07-23,61.840,62.647,61.753,62.568,9732458
2021-07-26,62.471,62.769,62.318,62.673,5952169
2021-07-27,62.655,63.076,62.454,62.804,14718779
2021-07-28,62.655,62.734,62.121,62.252,9114115
2021-07-29,62.480,62.734,62.419,62.559,8811096
2021-07-30,62.655,62.988,62.568,62.664,10403736
2021-08-02,62.664,62.726,62.331,62.401,12050103
2021-08-03,62.419,62.796,62.270,62.682,8647748
2021-08-04,62.463,62.620,61.823,61.867,8886359
2021-08-05,62.191,62.296,62.011,62.165,7061729
2021-08-06,62.305,62.419,62.051,62.165,13492148
2021-08-09,62.366,62.498,62.222,62.393,9054932
2021-08-10,62.515,62.866,62.410,62.839,11291745
2021-08-11,62.997,63.304,62.945,63.050,14992786
2021-08-12,63.085,63.129,62.901,63.015,6431993
2021-08-13,63.094,63.602,62.997,63.541,8808473
2021-08-16,63.541,63.926,63.427,63.909,7903158
2021-08-17,63.795,64.189,63.646,63.944,15666042
2021-08-18,63.821,63.922,63.102,63.146,10669223
2021-08-19,62.866,63.781,62.831,63.654,13035560
2021-08-20,63.646,64.014,63.409,63.760,10454424
2021-08-23,63.768,63.882,63.532,63.558,8793517
2021-08-24,63.523,63.541,62.988,63.076,8494246
2021-08-25,63.032,63.120,62.752,62.971,8006178
2021-08-26,62.883,62.927,62.471,62.682,13076948
2021-08-27,62.743,63.010,62.537,62.901,9126224
2021-08-30,62.918,63.238,62.857,63.181,5645819
2021-08-31,63.234,63.392,63.076,63.321,8037108
2021-09-01,63.374,63.716,63.264,63.654,8399123
2021-09-02,63.786,64.005,63.672,63.900,6623253
2021-09-03,63.707,63.913,63.523,63.821,6011766
2021-09-07,63.716,63.716,63.041,63.085,9206237
2021-09-08,63.006,63.698,62.971,63.628,10662931
2021-09-09,63.567,63.584,63.199,63.260,7741461
2021-09-10,63.409,63.409,62.866,62.988,10270187
2021-09-13,63.234,63.689,62.995,63.146,13798009
2021-09-14,63.304,63.348,62.752,62.857,9145485
2021-09-15,62.857,63.194,62.708,63.085,8824670
2021-09-16,63.006,63.199,62.349,62.875,9789788
2021-09-17,62.708,62.936,62.524,62.533,13149959
2021-09-20,62.105,62.467,61.435,61.911,17877715
2021-09-21,62.088,62.581,61.722,61.841,11139438
2021-09-22,62.246,62.405,61.894,62.017,10175055
2021-09-23,62.105,62.528,62.043,62.246,8440447
2021-09-24,62.158,62.546,62.158,62.273,6717268
2021-09-27,62.176,62.467,61.938,61.991,8467064
2021-09-28,61.823,61.894,61.038,61.259,14982895
2021-09-29,61.382,62.132,61.250,61.814,13329570
2021-09-30,61.964,62.017,60.677,60.703,16260082
2021-10-01,60.888,61.153,60.289,60.862,15889231
2021-10-04,60.844,61.276,60.245,60.668,20351648
2021-10-05,60.818,61.245,60.685,60.976,16186101
2021-10-06,60.659,61.629,60.588,61.567,14910082
2021-10-07,61.876,62.387,61.792,61.841,8396819
2021-10-08,61.885,62.026,61.655,61.770,7284154
2021-10-11,61.867,62.088,61.700,61.752,8218353
2021-10-12,61.805,62.255,61.642,61.779,12401200
2021-10-13,61.841,62.061,61.360,61.894,9548236
2021-10-14,62.123,62.687,62.079,62.590,9975138
2021-10-15,62.802,62.824,62.259,62.440,11575233
2021-10-18,62.167,62.361,61.744,62.070,10043296
2021-10-19,61.964,62.105,61.664,62.096,10203062
2021-10-20,62.158,62.670,62.105,62.458,8829799
2021-10-21,62.546,62.596,62.308,62.379,7976583
2021-10-22,62.502,62.961,62.449,62.864,9575783
2021-10-25,62.819,62.956,62.379,62.819,6844587
2021-10-26,62.828,63.199,62.784,63.040,8805560
2021-10-27,63.366,63.410,62.643,62.670,10335096
2021-10-28,62.687,62.916,62.581,62.890,8614800
2021-10-29,62.731,63.075,62.670,62.828,8105278
2021-11-01,62.961,63.066,62.700,62.925,7033899
2021-11-02,62.961,63.490,62.775,63.349,9942655
2021-11-03,63.357,63.939,63.313,63.939,10471085
2021-11-04,63.710,64.057,63.543,64.001,11701776
2021-11-05,64.248,64.477,64.124,64.371,9929095
2021-11-08,64.398,64.442,63.560,63.860,12813577
2021-11-09,63.878,64.142,63.666,64.080,13527558
2021-11-10,64.142,64.442,64.023,64.274,11350451
2021-11-11,64.318,64.354,64.080,64.230,6318835
2021-11-12,64.363,64.530,64.124,64.230,7469514
2021-11-15,64.345,64.605,64.221,64.539,6381367
2021-11-16,64.495,64.706,64.107,64.133,6562151
2021-11-17,64.072,64.191,63.882,63.992,10418205
2021-11-18,63.825,63.913,63.459,63.763,11270219
2021-11-19,63.904,63.922,63.498,63.534,11924006
2021-11-22,63.613,64.477,63.543,64.036,13425797
2021-11-23,64.045,64.565,63.939,64.460,13405640
2021-11-24,64.371,64.468,63.975,64.266,9556123
2021-11-26,63.834,64.124,63.225,63.454,11715564
2021-11-29,63.525,63.860,63.207,63.613,13646622
2021-11-30,63.216,63.269,61.849,61.982,23715133
2021-12-01,62.405,62.925,61.655,61.682,22897417
2021-12-02,61.894,62.731,61.894,62.334,18701937
2021-12-03,62.678,63.207,62.493,63.110,22867040
2021-12-06,63.560,64.460,63.551,64.221,18523479
2021-12-07,64.327,64.680,64.204,64.363,13169467
2021-12-08,64.257,64.539,63.613,64.160,14489774
2021-12-09,64.151,64.565,63.878,64.336,8613861
2021-12-10,64.715,65.465,64.596,65.421,10889958
2021-12-13,65.403,66.479,65.306,66.276,16518053
2021-12-14,66.144,66.426,65.888,66.320,16048284
2021-12-15,66.329,67.070,66.307,66.990,21276850
2021-12-16,66.937,67.705,66.924,67.467,14498555
2021-12-17,67.228,67.564,66.276,66.311,23809878
2021-12-20,65.804,66.359,65.724,66.328,14116245
2021-12-21,66.328,66.372,65.848,66.239,11871931
2021-12-22,66.212,66.683,65.950,66.656,7648165
2021-12-23,66.816,67.033,66.705,66.807,8088834
2021-12-27,66.851,67.517,66.851,67.517,7343188
2021-12-28,67.437,67.966,67.437,67.899,7285231
2021-12-29,67.970,68.374,67.855,68.210,7891413
2021-12-30,68.378,68.449,67.948,67.997,6802836
2021-12-31,67.952,68.565,67.917,68.458,11288953
2022-01-03,68.059,68.485,67.491,68.449,22320260
2022-01-04,68.432,69.129,68.405,68.911,23066025
2022-01-05,68.822,69.408,68.796,68.849,29748490
2022-01-06,68.805,69.231,68.565,68.662,25023935
2022-01-07,68.556,68.999,68.369,68.733,12650258
2022-01-10,68.627,68.769,67.970,68.192,18578222
2022-01-11,68.121,68.174,67.362,68.112,19571724
2022-01-12,68.068,68.192,67.819,68.139,11155237
2022-01-13,68.210,68.405,67.988,68.263,14287361
2022-01-14,68.094,68.476,67.784,68.387,21391713
2022-01-18,67.881,67.899,67.189,67.402,16684327
2022-01-19,67.526,68.294,67.507,67.828,18518482
2022-01-20,67.766,68.343,67.326,67.384,15677897
2022-01-21,67.721,68.298,67.327,67.437,25269073
2022-01-24,67.171,67.615,65.795,67.215,35519407
2022-01-25,66.629,66.856,65.671,66.470,28638455
2022-01-26,66.265,66.860,65.568,65.964,33222211
2022-01-27,66.487,67.455,66.146,66.407,23819733
2022-01-28,66.061,67.224,65.484,67.189,25111402
2022-01-31,66.780,67.508,66.629,67.446,15453028
2022-02-01,67.446,67.597,66.692,67.384,15620977
2022-02-02,67.455,68.294,67.393,68.192,13630226
2022-02-03,67.881,68.547,67.779,68.210,14414560
2022-02-04,67.748,68.068,66.993,67.375,17939567
2022-02-07,67.641,67.828,67.109,67.499,10949447
2022-02-08,67.659,67.943,67.393,67.757,11472902
2022-02-09,68.085,68.236,67.659,67.775,14899285
2022-02-10,67.402,67.713,66.803,67.047,19828502
2022-02-11,67.242,67.491,66.613,66.807,18498321
2022-02-14,66.807,67.056,65.733,66.621,23550810
2022-02-15,67.020,67.446,66.425,66.736,12300393
2022-02-16,66.700,67.100,66.217,66.860,13507613
2022-02-17,66.692,67.562,66.496,67.375,12873470
2022-02-18,67.322,67.757,67.100,67.499,16470127
2022-02-22,67.553,67.606,66.549,66.976,21545825
2022-02-23,67.198,67.233,66.345,66.434,15134257
2022-02-24,65.555,65.697,64.090,65.289,30125661
2022-02-25,65.671,67.491,65.644,67.393,21141465
2022-02-28,66.390,66.771,65.777,66.496,20975249
2022-03-01,66.319,66.860,65.746,66.106,18750304
2022-03-02,66.123,67.109,66.035,66.807,18934982
2022-03-03,67.100,67.748,67.042,67.349,19576126
2022-03-04,66.585,67.499,66.328,67.357,22081343
2022-03-07,66.993,67.286,66.052,66.132,20057206
2022-03-08,66.203,66.367,64.303,64.348,29710380
2022-03-09,65.351,65.364,64.503,64.783,18254073
2022-03-10,64.321,64.570,63.566,64.170,21892496
2022-03-11,64.401,64.756,63.336,63.424,14276062
2022-03-14,63.824,64.401,63.416,63.762,18438809
2022-03-15,64.339,65.271,64.188,65.191,17078069
2022-03-16,65.351,65.600,64.326,65.262,18783193
2022-03-17,65.218,65.830,65.062,65.715,14484621
2022-03-18,65.777,65.928,65.280,65.866,20278389
2022-03-21,66.029,66.537,65.583,65.949,17659099
2022-03-22,66.439,66.568,65.877,66.439,11667366
2022-03-23,66.519,66.689,65.842,65.904,14027706
2022-03-24,66.172,66.390,65.949,66.368,9458756
2022-03-25,66.528,67.050,66.466,66.921,12508381
2022-03-28,66.947,67.197,66.555,67.197,11602557
2022-03-29,67.723,67.919,67.188,67.795,16595117
2022-03-30,67.527,67.848,67.242,67.839,13365836
2022-03-31,67.759,68.089,67.563,67.679,12388067
2022-04-01,67.804,68.432,67.540,68.356,12643871
2022-04-04,68.241,68.241,67.367,68.142,9618395
2022-04-05,67.830,68.909,67.830,68.205,12717095
2022-04-06,68.205,69.159,67.911,69.070,23848139
2022-04-07,69.302,70.060,69.106,69.908,18311164
2022-04-08,70.095,70.417,69.779,70.202,13879305
2022-04-11,70.327,70.559,69.783,69.917,18229903
2022-04-12,69.926,70.417,69.681,69.935,19804749
2022-04-13,69.881,70.421,69.873,70.327,11715619
2022-04-14,70.443,70.800,70.265,70.310,12195559
2022-04-18,70.149,70.408,69.529,69.730,11426415
2022-04-19,69.757,70.889,69.694,70.791,12814158
2022-04-20,71.183,72.013,71.139,71.852,21659592
2022-04-21,71.995,72.539,71.736,71.790,18501307
2022-04-22,71.959,72.049,70.604,70.666,19747854
2022-04-25,70.889,71.192,69.721,70.978,31522315
2022-04-26,70.871,71.210,69.864,69.881,26864520
2022-04-27,70.033,70.871,69.846,70.140,29441663
2022-04-28,70.238,71.255,69.873,71.175,22128485
2022-04-29,70.818,70.925,69.150,69.239,27801965
2022-05-02,69.721,69.819,67.322,68.330,55144535
2022-05-03,68.214,68.776,67.688,68.134,47646908
2022-05-04,68.160,69.766,67.955,69.667,37161586
2022-05-05,69.293,69.453,67.839,68.348,32186055
2022-05-06,68.098,68.767,67.755,68.419,34046893
2022-05-09,67.893,68.999,67.572,68.392,33323322
2022-05-10,68.740,68.963,67.643,67.919,32511180
2022-05-11,68.000,68.767,67.567,67.625,30110114
2022-05-12,67.759,68.098,66.885,67.607,29049703
2022-05-13,67.946,68.678,67.536,68.624,15405179
2022-05-16,68.579,69.244,68.285,68.936,14612716
2022-05-17,68.695,68.874,67.770,68.463,20636515
2022-05-18,67.714,67.741,63.853,64.058,40188397
2022-05-19,63.701,63.719,62.497,62.916,38771970
2022-05-20,63.273,63.289,62.047,63.050,26184685
2022-05-23,63.746,64.584,63.559,64.352,17711120
2022-05-24,64.201,65.503,64.094,65.405,23272292
2022-05-25,65.280,65.610,64.870,65.422,16647341
2022-05-26,65.726,66.457,65.619,66.118,16580542
2022-05-27,66.216,66.885,66.100,66.885,16921336
2022-05-31,66.528,66.849,65.721,66.412,19212303
2022-06-01,66.502,66.555,65.106,65.547,17552231
2022-06-02,65.699,66.502,64.620,66.502,17617953
2022-06-03,66.225,66.484,65.663,65.833,9750323
2022-06-06,66.287,66.488,65.632,65.859,10924275
2022-06-07,65.003,66.296,65.003,66.207,9070421
2022-06-08,65.833,65.982,65.351,65.396,7896362
2022-06-09,65.333,65.971,64.392,64.415,9442193
2022-06-10,63.621,64.647,63.291,64.138,17719996
2022-06-13,63.184,63.621,62.497,62.756,22813158
2022-06-14,62.738,63.024,61.570,62.016,19864766
2022-06-15,62.453,62.952,61.383,62.078,20069347
2022-06-16,61.231,62.078,60.839,61.606,19017076
2022-06-17,61.713,62.051,61.106,61.383,24825336
2022-06-21,62.113,63.196,61.817,63.021,16146633
2022-06-22,62.706,63.407,62.464,62.976,15206976
2022-06-23,63.407,64.256,63.344,64.198,16570658
2022-06-24,64.764,65.483,64.526,65.456,13436744
2022-06-27,65.519,65.626,65.092,65.276,10936489
2022-06-28,65.465,65.878,64.351,64.404,11004296
2022-06-29,64.656,65.074,64.503,64.809,9230621
2022-06-30,64.476,65.137,64.090,64.854,12670699
2022-07-01,64.872,65.833,64.764,65.788,11664098
2022-07-05,65.348,65.573,64.315,65.366,12828763
2022-07-06,65.608,66.013,65.348,65.555,11768055
2022-07-07,65.501,65.725,65.231,65.617,8476223
2022-07-08,65.644,66.022,65.290,65.501,10732215
2022-07-11,65.420,65.860,65.186,65.411,7172506
2022-07-12,65.501,66.085,64.989,65.222,11032258
2022-07-13,64.845,65.847,64.683,65.267,13851554
2022-07-14,64.431,65.420,64.418,65.321,10801733
2022-07-15,65.752,65.959,65.272,65.537,9300297
2022-07-18,65.653,65.761,64.782,64.899,8473576
2022-07-19,65.438,65.703,65.254,65.582,8729080
2022-07-20,65.653,65.716,64.803,65.141,10232157
2022-07-21,65.015,65.492,64.827,65.339,11944791
2022-07-22,65.483,65.954,65.384,65.770,9416253
2022-07-25,65.851,66.246,65.716,66.094,8157466
2022-07-26,65.492,66.035,65.272,65.941,9764132
2022-07-27,65.815,66.579,65.316,66.390,10994307
2022-07-28,66.435,67.590,66.318,67.450,9370731
2022-07-29,66.678,67.037,66.498,66.929,13199059
2022-08-01,66.839,67.981,66.812,67.765,13150448
2022-08-02,67.720,67.846,67.127,67.226,10632678
2022-08-03,67.244,67.801,66.965,67.666,12808552
2022-08-04,67.513,67.697,66.943,67.217,11982751
2022-08-05,66.884,67.109,66.435,67.064,7125722
2022-08-08,67.325,67.531,66.866,67.028,6966070
2022-08-09,67.127,67.226,66.803,66.929,8086225
2022-08-10,67.567,67.630,67.190,67.423,11262053
2022-08-11,67.711,67.923,67.109,67.262,8959652
2022-08-12,67.468,67.846,67.208,67.846,11094434
2022-08-15,67.810,68.591,67.702,68.520,10207219
2022-08-16,68.771,69.544,68.717,69.292,12312282
2022-08-17,69.005,69.364,68.924,69.095,9667658
2022-08-18,68.987,69.427,68.910,69.328,5777249
2022-08-19,69.113,69.436,68.981,69.104,6456485
2022-08-22,68.897,68.915,68.286,68.403,7113601
2022-08-23,68.151,68.205,67.810,68.106,10183476
2022-08-24,68.223,68.421,67.989,68.277,8061730
2022-08-25,68.304,68.591,67.981,68.591,6105129
2022-08-26,68.627,68.713,66.812,66.893,11212541
2022-08-29,66.498,67.159,66.323,66.786,13214253
2022-08-30,66.911,66.911,65.923,66.094,10316666
2022-08-31,66.300,66.417,65.689,65.689,10397549
2022-09-01,65.465,66.201,65.218,66.058,15965813
2022-09-02,66.561,66.821,64.989,65.195,15846111
2022-09-06,65.231,65.752,64.737,64.827,21871784
2022-09-07,65.033,66.076,64.980,65.995,19631754
2022-09-08,65.671,66.076,65.051,65.824,14843910
2022-09-09,65.995,66.916,65.752,66.471,18138990
2022-09-12,66.525,66.952,66.435,66.732,8679562
2022-09-13,66.175,66.264,64.324,64.503,12939850
2022-09-14,64.701,64.782,64.099,64.476,12291507
2022-09-15,64.440,64.503,63.771,63.937,11233740
2022-09-16,63.713,64.162,63.699,64.090,13452582
2022-09-19,63.851,64.565,63.851,64.520,9370429
2022-09-20,64.095,64.312,63.670,64.167,9169552
2022-09-21,64.556,65.189,63.887,63.923,14189702
2022-09-22,63.977,64.267,63.715,63.833,10428448
2022-09-23,63.480,63.480,62.092,62.747,15909499
2022-09-26,62.612,63.335,62.492,62.792,11637977
2022-09-27,63.100,63.444,61.585,61.707,17159282
2022-09-28,61.988,62.752,61.445,62.449,14259204
2022-09-29,62.304,62.431,61.038,61.418,13508239
2022-09-30,61.572,61.671,60.308,60.351,13427409
2022-10-03,60.785,61.544,60.450,61.391,12703306
2022-10-04,61.761,62.643,61.748,62.322,13366359
2022-10-05,61.997,62.291,61.307,61.960,10596111
2022-10-06,61.942,62.051,60.920,61.056,10606982
2022-10-07,60.938,61.011,59.907,60.143,13741647
2022-10-10,60.251,60.608,59.849,60.360,11798999
2022-10-11,60.396,61.409,60.296,60.857,10783602
2022-10-12,61.454,61.879,61.174,61.183,10963399
2022-10-13,60.595,62.426,60.314,62.196,18475634
2022-10-14,62.566,62.639,60.975,61.074,11611899
2022-10-17,61.716,62.042,61.590,61.734,9105418
2022-10-18,62.657,62.964,62.168,62.539,11000749
2022-10-19,62.630,62.964,61.997,62.250,8985484
2022-10-20,62.277,62.417,61.327,61.382,10023179
2022-10-21,61.345,62.476,61.146,62.322,9613368
2022-10-24,62.765,63.570,62.630,63.444,11076224
2022-10-25,63.588,64.357,63.227,64.276,10619789
2022-10-26,64.420,65.162,64.221,64.701,9483721
2022-10-27,64.764,65.180,64.656,64.755,9988167
2022-10-28,64.873,66.293,64.845,66.175,9545473
2022-10-31,65.985,66.189,65.614,65.786,9201120
2022-11-01,65.949,66.265,65.343,65.578,9535244
2022-11-02,65.442,66.094,64.402,64.439,16293502
2022-11-03,63.896,64.515,63.747,64.221,10624456
2022-11-04,64.990,65.343,64.126,64.981,11938621
2022-11-07,65.117,65.678,64.995,65.560,7133604
2022-11-08,65.759,66.157,65.072,65.750,9091943
2022-11-09,65.587,65.994,64.981,65.035,9465239
2022-11-10,66.428,66.736,65.456,66.564,19286103
2022-11-11,66.747,66.817,65.451,66.491,14289511
2022-11-14,66.428,67.030,65.926,65.967,14803048
2022-11-15,66.799,67.016,65.976,66.519,15064305
2022-11-16,66.609,67.179,66.573,66.844,9748595
2022-11-17,66.256,66.862,66.256,66.826,7827227
2022-11-18,67.369,67.622,67.084,67.541,9071049
2022-11-21,67.667,68.282,67.527,68.183,8054931
2022-11-22,68.689,68.743,68.422,68.680,6307095
2022-11-23,68.734,69.051,68.644,68.915,6286419
2022-11-25,69.006,69.010,68.825,68.961,2978024
2022-11-28,68.707,69.078,68.599,68.698,8698808
2022-11-29,68.517,68.662,68.079,68.436,7755123
2022-11-30,68.391,69.829,68.033,69.811,11704238
2022-12-01,69.684,69.765,69.205,69.494,10215834
2022-12-02,68.988,69.901,68.906,69.811,6087179
2022-12-05,69.060,69.141,68.734,68.933,8633024
2022-12-06,69.006,69.268,68.174,68.508,8136329
2022-12-07,68.635,68.942,68.508,68.798,7298685
2022-12-08,68.689,69.173,68.599,69.169,7803383
2022-12-09,68.834,69.132,68.626,68.635,9761718
2022-12-12,68.762,69.367,68.544,69.358,6996833
2022-12-13,70.046,70.200,68.825,69.259,11349134
2022-12-14,69.367,69.883,68.807,69.214,13820240
2022-12-15,68.635,68.771,67.527,68.038,11281678
2022-12-16,67.685,67.920,67.116,67.703,14561475
2022-12-19,67.682,68.251,67.253,67.654,8093914
2022-12-20,67.536,67.864,67.226,67.600,7368975
2022-12-21,67.927,68.538,67.882,68.274,7953290
2022-12-22,68.028,68.151,67.363,68.119,6888351
2022-12-23,68.155,68.519,67.927,68.474,4874660
2022-12-27,68.565,68.938,68.419,68.802,4839729
2022-12-28,69.002,69.093,67.941,67.946,5028990
2022-12-29,68.219,68.483,68.110,68.237,5574893
2022-12-30,68.101,68.155,67.408,67.900,6249894
2023-01-03,67.937,67.964,66.962,67.645,14433360
2023-01-04,67.836,68.328,67.481,67.909,12197256
2023-01-05,67.782,67.841,67.090,67.226,9848196
2023-01-06,68.091,69.289,68.037,69.020,9982384
2023-01-09,68.975,69.444,68.346,68.346,11081840
2023-01-10,68.428,68.533,68.028,68.255,8427855
2023-01-11,68.483,68.679,67.692,68.292,9848317
2023-01-12,68.438,68.447,67.590,67.754,9841291
2023-01-13,67.572,68.091,67.527,68.073,9274343
2023-01-17,68.182,68.693,68.019,68.119,9007022
2023-01-18,67.955,68.000,66.161,66.261,16069923
2023-01-19,65.997,66.297,65.609,65.632,12421545
2023-01-20,65.678,66.170,65.213,66.142,12349611
2023-01-23,66.270,66.693,66.074,66.352,12000433
2023-01-24,66.334,66.807,65.942,66.625,13465588
2023-01-25,66.224,66.789,65.896,66.789,11606801
2023-01-26,66.716,66.771,66.334,66.552,8081676
2023-01-27,66.507,66.666,66.038,66.361,10341793
2023-01-30,66.224,66.939,66.224,66.443,10463129
2023-01-31,66.570,67.172,66.370,67.162,8002698
2023-02-01,67.108,68.000,66.816,67.700,15447622
2023-02-02,67.244,67.554,66.816,67.117,12238803
2023-02-03,67.317,67.335,66.361,66.853,12874814
2023-02-06,66.743,67.062,66.698,66.935,7209101
2023-02-07,66.452,66.780,65.987,66.652,9268430
2023-02-08,66.288,66.406,66.024,66.142,8933483
2023-02-09,66.488,66.725,65.764,65.851,8341482
2023-02-10,65.851,66.516,65.710,66.461,8197163
2023-02-13,66.661,67.243,66.625,67.217,7440544
2023-02-14,67.172,67.199,66.379,66.607,9344740
2023-02-15,66.470,66.753,66.197,66.734,9006025
2023-02-16,66.142,66.652,65.859,66.252,8355096
2023-02-17,66.060,67.135,66.060,67.108,11116125
2023-02-21,66.835,67.208,66.498,66.853,8974751
2023-02-22,66.944,67.408,66.589,66.753,8851001
2023-02-23,66.816,66.998,66.256,66.671,12700140
2023-02-24,66.179,66.329,65.824,66.224,11340619
2023-02-27,66.543,66.721,66.006,66.151,10162251
2023-02-28,65.878,65.992,65.573,65.605,9757334
2023-03-01,65.405,65.477,64.603,65.122,10475023
2023-03-02,65.131,66.142,65.068,66.015,9876126
2023-03-03,66.015,66.129,65.459,66.069,12384269
2023-03-06,65.887,66.343,65.860,66.242,8356010
2023-03-07,66.252,66.470,65.473,65.587,10059504
2023-03-08,65.523,65.769,65.295,65.696,11170813
2023-03-09,65.951,66.060,64.890,65.086,15612688
2023-03-10,65.213,65.464,64.526,64.767,19026308
2023-03-13,64.703,66.101,64.667,65.095,29831406
2023-03-14,65.286,65.723,65.054,65.687,19139214
2023-03-15,65.259,66.197,65.109,66.115,21438247
2023-03-16,66.069,66.222,65.691,66.161,15712521
2023-03-17,66.069,66.179,65.382,65.678,13283890
2023-03-20,65.931,66.654,65.904,66.590,14131040
2023-03-21,66.691,66.837,66.068,66.535,12499653
2023-03-22,66.654,66.938,65.913,65.922,11942225
2023-03-23,66.096,66.334,65.418,65.666,12160406
2023-03-24,65.839,66.842,65.766,66.782,12352559
2023-03-27,67.011,67.441,67.002,67.139,10865542
2023-03-28,67.240,67.624,67.167,67.258,11593405
2023-03-29,67.633,67.706,67.455,67.633,9483497
2023-03-30,67.807,67.999,67.615,67.825,10737853
2023-03-31,68.173,68.402,68.059,68.375,10338734
2023-04-03,68.420,68.878,68.167,68.732,9607702
2023-04-04,68.704,68.997,68.443,68.594,7272864
2023-04-05,68.786,69.217,68.786,68.915,12410027
2023-04-06,68.850,69.088,68.558,68.969,8616848
2023-04-10,68.732,68.988,68.311,68.969,9423434
2023-04-11,69.098,69.363,69.043,69.171,12944305
2023-04-12,69.162,69.390,68.768,68.860,10386357
2023-04-13,68.887,69.281,68.567,69.244,12918992
2023-04-14,69.061,69.363,68.617,68.805,8789738
2023-04-17,68.942,69.249,68.860,69.244,9683477
2023-04-18,69.235,69.519,69.011,69.455,7233258
2023-04-19,69.537,69.610,69.203,69.409,6283769
2023-04-20,69.162,69.793,69.125,69.574,7329495
2023-04-21,70.040,70.443,69.926,70.077,10431036
2023-04-24,70.077,70.402,70.077,70.361,8723122
2023-04-25,70.342,70.809,70.191,70.269,12179666
2023-04-26,69.940,70.210,69.683,69.720,8778847
2023-04-27,69.757,70.566,69.711,70.498,11287817
2023-04-28,70.681,71.006,70.507,70.873,9757821
2023-05-01,70.754,71.221,70.736,70.928,10860790
2023-05-02,70.864,70.901,70.022,70.736,19136005
2023-05-03,70.525,70.818,70.136,70.159,11656658
2023-05-04,70.232,70.342,69.761,69.985,11682633
2023-05-05,70.095,70.685,70.013,70.635,10479429
2023-05-08,70.388,70.516,70.191,70.425,8069277
2023-05-09,70.434,70.434,70.077,70.205,6939661
2023-05-10,70.223,70.525,69.606,70.095,12259129
2023-05-11,70.077,70.351,69.692,70.306,11790844
2023-05-12,70.379,70.603,70.228,70.580,7012238
2023-05-15,70.690,70.782,70.095,70.406,8652296
2023-05-16,70.306,70.306,69.711,69.811,11310742
2023-05-17,69.994,70.004,69.345,69.775,10891385
2023-05-18,69.519,69.610,69.015,69.436,10765464
2023-05-19,69.583,69.665,69.175,69.482,10457604
2023-05-22,69.299,69.418,68.393,68.430,14575843
2023-05-23,68.246,68.301,67.835,67.926,13700364
2023-05-24,67.954,67.999,67.432,67.487,11901922
2023-05-25,66.892,67.217,66.471,66.974,17725020
2023-05-26,66.910,67.308,66.681,67.203,15531023
2023-05-30,66.811,66.974,66.215,66.434,22766942
2023-05-31,66.517,66.874,66.178,66.508,22328561
2023-06-01,66.489,66.562,66.118,66.453,13836271
2023-06-02,66.480,67.414,66.462,67.368,14719938
2023-06-05,67.267,67.752,67.002,67.121,10829143
2023-06-06,67.185,67.313,66.398,66.782,10796878
2023-06-07,66.352,66.746,66.151,66.562,13595054
2023-06-08,66.636,67.038,66.480,67.020,8881493
2023-06-09,66.791,67.121,66.649,66.910,8756867
2023-06-12,66.993,67.052,66.553,66.892,11357589
2023-06-13,66.800,67.267,66.709,67.167,8401878
2023-06-14,67.478,67.807,67.276,67.578,13849869
2023-06-15,67.816,68.416,67.688,68.256,16251166
2023-06-16,68.466,68.686,68.274,68.338,12672971
2023-06-20,68.252,68.459,67.800,67.819,9734494
2023-06-21,67.782,68.280,67.524,68.058,13633481
2023-06-22,68.409,68.551,68.187,68.455,17247792
2023-06-23,68.565,68.565,67.966,68.003,9706948
2023-06-26,68.003,68.123,67.524,68.095,8955380
2023-06-27,67.911,68.358,67.894,68.298,8965423
2023-06-28,67.985,68.031,67.468,67.837,12800400
2023-06-29,67.505,67.883,67.284,67.773,10018069
2023-06-30,67.929,68.464,67.874,68.362,14266285
2023-07-03,68.261,68.897,68.077,68.897,12817093
2023-07-05,68.611,68.842,68.524,68.777,17579383
2023-07-06,68.464,68.639,68.252,68.602,14881308
2023-07-07,68.436,68.436,67.662,67.708,16405514
2023-07-10,67.809,68.353,67.607,67.690,11953673
2023-07-11,67.745,67.892,67.381,67.791,9812583
2023-07-12,67.911,68.127,67.796,67.948,12680948
2023-07-13,68.068,68.353,67.791,68.233,10581587
2023-07-14,68.252,68.584,68.049,68.464,12475686
2023-07-17,68.206,68.492,68.012,68.261,9496427
2023-07-18,68.197,68.768,67.975,68.187,10124923
2023-07-19,68.409,68.952,68.362,68.879,14718653
2023-07-20,68.943,69.565,68.796,69.469,16106336
2023-07-21,69.579,69.897,69.496,69.708,13836903
2023-07-24,69.690,70.077,69.625,69.975,10692494
2023-07-25,69.893,69.975,69.598,69.957,8576840
2023-07-26,69.773,70.238,69.662,70.040,10506500
2023-07-27,70.169,70.335,69.422,69.422,10008516
2023-07-28,70.031,70.413,69.846,70.141,9672417
2023-07-31,70.049,70.261,69.551,69.819,10057233
2023-08-01,69.727,70.022,69.386,69.441,9376681
2023-08-02,69.164,70.128,69.164,69.690,11509759
2023-08-03,69.653,69.828,69.459,69.496,8777116
2023-08-04,69.588,69.754,68.740,68.805,10022803
2023-08-07,68.934,69.441,68.916,69.367,8875662
2023-08-08,69.321,69.395,68.685,68.869,11881499
2023-08-09,68.906,69.330,68.796,68.971,11912194
2023-08-10,69.192,69.616,68.736,68.833,10357718
2023-08-11,68.860,69.114,68.694,68.943,7472599
2023-08-14,69.035,69.220,68.478,68.602,11483769
2023-08-15,68.409,68.519,67.837,67.865,13257657
2023-08-16,68.141,68.335,67.625,67.708,14815058
2023-08-17,67.727,67.902,66.952,67.054,11798096
2023-08-18,66.943,67.441,66.879,67.303,12334490
2023-08-21,67.127,67.256,66.565,66.851,12005411
2023-08-22,66.639,66.713,66.381,66.473,11496512
2023-08-23,66.703,66.915,66.588,66.915,10796750
2023-08-24,66.685,67.284,66.362,66.381,13797592
2023-08-25,66.657,66.915,66.335,66.750,13088466
2023-08-28,66.971,67.173,66.821,67.054,6914967
2023-08-29,67.091,67.330,66.713,67.293,9503002
2023-08-30,67.376,67.611,67.222,67.404,9679312
2023-08-31,67.155,67.395,67.049,67.063,7731345
2023-09-01,67.284,67.321,66.270,66.491,8346514
2023-09-05,66.372,66.620,65.920,65.920,8634398
2023-09-06,65.846,65.994,65.634,65.846,9050245
2023-09-07,65.966,66.243,65.736,66.003,10148976
2023-09-08,66.031,66.095,65.823,66.086,8322971
2023-09-11,66.178,66.713,66.178,66.657,8450872
2023-09-12,66.694,66.713,66.034,66.086,13300196
2023-09-13,66.196,66.455,66.054,66.289,7863661
2023-09-14,66.473,67.008,66.445,66.962,9356054
2023-09-15,66.823,67.058,66.353,66.408,10891654
2023-09-18,66.630,66.658,66.106,66.389,6841253
2023-09-19,66.278,66.347,65.897,66.231,7733479
2023-09-20,66.417,66.742,66.104,66.296,10845481
2023-09-21,66.241,66.315,65.433,65.443,11869913
2023-09-22,65.461,65.628,65.053,65.090,12242995
2023-09-25,64.886,65.025,64.556,64.858,9137578
2023-09-26,64.580,64.765,64.310,64.375,11541014
2023-09-27,64.283,64.482,63.517,63.846,14182825
2023-09-28,63.939,64.213,63.772,64.041,12094360
2023-09-29,64.245,64.348,63.517,63.856,11797509
2023-10-02,63.707,63.786,62.997,63.420,12642560
2023-10-03,63.234,63.559,62.914,62.965,15396437
2023-10-04,63.123,63.512,62.761,63.466,15125938
2023-10-05,63.345,63.420,62.185,62.213,15757297
2023-10-06,61.944,62.083,60.487,61.870,28723410
2023-10-09,61.638,61.953,61.202,61.925,15662899
2023-10-10,62.436,62.858,62.241,62.556,18809618
2023-10-11,62.835,62.942,61.847,62.130,18293161
2023-10-12,62.315,62.343,61.239,61.452,15185026
2023-10-13,61.564,62.083,61.452,61.990,15641462
2023-10-16,62.352,62.826,62.093,62.631,16172936
2023-10-17,62.380,63.020,62.380,62.900,13192152
2023-10-18,63.160,63.614,63.025,63.132,16617679
2023-10-19,63.085,63.336,62.652,62.668,18236961
2023-10-20,62.807,63.085,62.427,62.427,14730549
2023-10-23,62.352,62.761,62.130,62.306,13777343
2023-10-24,62.399,62.946,62.385,62.835,12055564
2023-10-25,62.733,63.322,62.566,63.048,11351130
2023-10-26,63.076,63.308,62.621,62.640,13662158
2023-10-27,62.529,62.779,61.596,61.786,17587652
2023-10-30,62.018,62.863,62.018,62.751,12223989
2023-10-31,62.807,63.039,62.492,62.974,8586465
2023-11-01,63.020,63.150,62.556,62.909,18709473
2023-11-02,63.132,63.814,62.891,63.726,21176102
2023-11-03,64.097,64.348,63.800,63.800,17201240
2023-11-06,63.819,64.180,63.772,63.902,14663189
2023-11-07,63.921,64.324,63.846,64.060,12567743
2023-11-08,64.180,64.273,63.628,63.809,10481754
2023-11-09,63.884,63.939,63.401,63.549,10337063
2023-11-10,63.698,64.055,63.355,63.995,9266278
2023-11-13,63.939,64.385,63.884,64.199,8540859
2023-11-14,64.524,65.071,64.496,64.858,13606154
2023-11-15,65.331,65.508,65.164,65.378,10619011
2023-11-16,64.700,64.979,64.440,64.570,16536427
2023-11-17,64.654,64.700,64.255,64.487,10761055
2023-11-20,64.218,64.549,64.171,64.440,11651294
2023-11-21,64.431,64.682,64.153,64.635,11681422
2023-11-22,64.774,65.132,64.774,65.099,8862113
2023-11-24,65.108,65.401,65.108,65.340,4500775
2023-11-27,65.276,65.401,65.118,65.155,11746834
2023-11-28,65.136,65.615,65.127,65.452,8562411
2023-11-29,65.517,65.517,64.839,64.923,9873840
2023-11-30,64.988,65.610,64.561,65.572,11803765
2023-12-01,65.526,65.869,65.331,65.842,13490311
2023-12-04,65.480,66.148,65.480,65.925,11386333
2023-12-05,65.823,65.981,65.317,65.405,11565996
2023-12-06,65.257,65.396,64.966,65.238,11008729
2023-12-07,65.424,65.730,65.187,65.517,8460050
2023-12-08,65.396,65.447,64.969,65.062,8191287
2023-12-11,65.424,65.710,65.317,65.684,16192836
2023-12-12,65.823,65.897,65.531,65.897,8764524
2023-12-13,65.888,67.113,65.716,67.094,14052931
2023-12-14,67.150,67.252,66.064,66.111,16056716
2023-12-15,66.018,66.301,65.851,66.111,17434602
2023-12-18,66.394,67.040,66.249,66.796,11816018
2023-12-19,66.675,67.002,66.647,66.927,8283181
2023-12-20,66.488,66.637,65.628,65.628,16705523
2023-12-21,65.983,66.151,65.562,66.086,10972002
2023-12-22,66.254,66.712,66.189,66.591,7831878
2023-12-26,66.450,67.040,66.450,66.871,6915801
2023-12-27,66.890,67.180,66.796,67.180,7566682
2023-12-28,67.086,67.292,66.993,67.208,6465983
2023-12-29,67.114,67.381,67.049,67.348,10412749
2024-01-02,67.105,68.213,67.105,68.105,12912028
2024-01-03,68.227,68.339,67.470,67.572,13979805
2024-01-04,67.526,67.937,67.339,67.479,10865096
2024-01-05,67.516,67.769,66.937,67.329,12802809
2024-01-08,67.339,67.848,67.301,67.825,9409101
2024-01-09,67.572,68.003,67.329,68.003,7838821
2024-01-10,67.946,68.250,67.660,67.862,11113276
2024-01-11,67.788,67.895,67.390,67.853,9507838
2024-01-12,68.087,68.236,67.834,68.068,7712891
2024-01-16,68.077,68.115,67.422,67.694,11566904
2024-01-17,67.535,67.881,67.395,67.647,9641426
2024-01-18,67.479,67.610,67.044,67.563,10548781
2024-01-19,67.619,67.638,67.021,67.367,11309667
2024-01-22,67.077,67.320,66.909,67.040,15078552
2024-01-23,67.395,67.872,67.376,67.769,13859643
2024-01-24,67.713,67.750,66.918,66.937,12290544
2024-01-25,67.217,67.582,66.937,67.582,12160938
2024-01-26,67.713,68.012,67.713,67.909,7432810
2024-01-29,68.096,68.325,67.848,68.302,9322030
2024-01-30,68.199,68.723,67.956,68.685,11059004
2024-01-31,68.666,68.858,68.096,68.180,17220615
2024-02-01,68.208,69.573,67.993,69.573,20588719
2024-02-02,69.368,69.639,69.008,69.349,23157966
2024-02-05,69.368,69.414,68.895,68.919,14564666
2024-02-06,68.919,69.115,68.690,69.078,11224301
2024-02-07,69.368,69.405,68.947,69.012,7544085
2024-02-08,68.900,69.265,68.699,68.994,16287942
2024-02-09,68.816,68.816,68.255,68.358,20698769
2024-02-12,68.433,68.849,68.068,68.844,13422892
2024-02-13,68.797,68.989,67.694,68.105,21640607
2024-02-14,68.049,68.087,67.652,67.975,15191383
2024-02-15,68.246,68.507,68.171,68.414,14235694
2024-02-16,68.349,68.835,68.059,68.517,15568267
2024-02-20,69.003,69.625,68.891,69.237,15388786
2024-02-21,69.368,69.606,69.157,69.489,13776798
2024-02-22,69.181,69.779,68.905,69.704,11744901
2024-02-23,69.742,70.275,69.620,69.919,12548307
2024-02-26,69.938,69.957,69.536,69.639,11805979
2024-02-27,69.573,69.686,69.447,69.648,8294275
2024-02-28,69.601,69.788,69.419,69.723,6768738
2024-02-29,69.938,70.036,69.475,69.611,14083443
2024-03-01,69.424,69.695,69.134,69.620,15512468
2024-03-04,69.349,69.737,69.330,69.676,15912730
2024-03-05,69.975,70.326,69.704,69.845,15708442
2024-03-06,70.172,70.555,70.106,70.434,11816384
2024-03-07,70.723,70.901,70.555,70.836,9174980
2024-03-08,70.359,70.491,70.022,70.275,13301651
2024-03-11,70.434,70.761,70.228,70.658,9316538
2024-03-12,70.817,71.242,70.723,71.023,10454851
2024-03-13,71.013,71.247,70.906,71.200,9739479
2024-03-14,71.154,71.322,70.415,70.649,14086278
2024-03-15,70.312,70.691,70.200,70.621,14248290
2024-03-18,70.539,71.283,70.539,71.076,10228999
2024-03-19,71.170,71.377,71.128,71.340,10245872
2024-03-20,71.443,71.584,71.179,71.556,10986128
2024-03-21,71.594,71.834,71.292,71.594,8936115
2024-03-22,71.594,71.707,71.226,71.245,10942362
2024-03-25,71.245,71.415,70.892,71.048,11003712
2024-03-26,71.132,71.288,71.029,71.085,7964415
2024-03-27,71.443,71.829,71.443,71.829,9848051
2024-03-28,72.046,72.154,71.829,71.923,9172770
2024-04-01,71.914,72.018,71.349,71.349,13205219
2024-04-02,71.349,71.453,70.864,70.982,16269181
2024-04-03,70.953,70.953,70.082,70.200,16094740
2024-04-04,70.511,70.633,69.808,69.898,18289526
2024-04-05,69.842,70.228,69.693,70.011,11149022
2024-04-08,69.889,70.162,69.842,69.908,10040772
2024-04-09,70.115,70.266,69.715,70.247,12633248
2024-04-10,69.701,70.101,69.486,69.993,15018494
2024-04-11,70.332,70.354,69.606,69.823,10551937
2024-04-12,69.540,69.719,69.037,69.117,14605857
2024-04-15,69.540,69.719,68.735,68.834,12119718
2024-04-16,68.975,69.065,68.693,68.862,12737598
2024-04-17,69.267,69.362,68.787,69.117,12731543
2024-04-18,69.343,69.597,69.197,69.437,11964189
2024-04-19,69.409,70.153,69.286,70.115,15843129
2024-04-22,70.256,70.967,69.941,70.784,12181834
2024-04-23,70.897,71.048,70.663,70.982,12821080
2024-04-24,70.492,71.603,70.162,71.518,15010955
2024-04-25,71.669,72.032,71.085,71.349,14352559
2024-04-26,71.095,71.580,71.048,71.198,13488244
2024-04-29,71.217,71.448,71.000,71.424,9243980
2024-04-30,71.349,71.368,70.944,71.113,12517395
2024-05-01,70.906,71.179,70.369,70.661,24867500
2024-05-02,70.897,71.504,70.624,71.255,22820413
2024-05-03,71.283,71.613,70.878,71.471,18088242
2024-05-06,71.631,71.716,71.048,71.509,12508636
2024-05-07,71.810,72.329,71.810,72.291,14641836
2024-05-08,72.281,72.423,71.980,72.074,12686111
2024-05-09,72.140,72.696,72.093,72.696,12851938
2024-05-10,72.686,73.195,72.620,73.110,10774922
2024-05-13,73.252,73.468,72.781,72.903,11755444
2024-05-14,72.969,73.091,72.404,72.762,10117640
2024-05-15,72.573,72.917,72.573,72.809,18142952
2024-05-16,73.468,74.043,73.303,73.845,17360383
2024-05-17,73.760,73.826,73.478,73.666,11265901
2024-05-20,73.647,73.647,73.073,73.157,9226472
2024-05-21,73.355,73.619,73.206,73.591,6595220
2024-05-22,73.091,73.544,72.960,73.299,9395169
2024-05-23,73.073,73.195,72.394,72.432,10751320
2024-05-24,72.686,72.903,72.583,72.620,6943370
2024-05-28,72.385,72.578,71.792,72.055,8840718
2024-05-29,71.669,71.928,71.509,71.537,10402410
2024-05-30,71.745,71.923,71.561,71.726,7404435
2024-05-31,71.660,72.884,71.330,72.847,11874117
2024-06-03,72.611,73.162,72.399,72.818,12223420
2024-06-04,72.828,73.567,72.701,73.449,9097458
2024-06-05,73.355,73.459,72.710,73.289,9095130
2024-06-06,73.242,73.784,73.091,73.515,9759491
2024-06-07,73.496,73.699,73.073,73.148,7490555
2024-06-10,73.261,73.280,72.620,73.091,10033882
2024-06-11,72.988,73.054,72.451,73.054,8583758
2024-06-12,73.195,73.233,72.074,72.253,14172779
2024-06-13,72.225,72.409,71.919,72.347,8723482
2024-06-14,72.140,72.479,71.952,72.479,7246417
2024-06-17,72.206,73.299,72.051,73.167,8762080
2024-06-18,73.054,73.355,72.950,73.261,6567100
2024-06-20,73.129,73.478,72.908,73.101,9316388
2024-06-21,73.252,73.628,73.096,73.157,11595433
2024-06-24,73.329,74.031,73.177,73.937,9722583
2024-06-25,73.661,73.766,73.173,73.462,10705815
2024-06-26,72.950,73.491,72.798,73.310,8405221
2024-06-27,73.291,73.353,72.696,72.997,4592368
2024-06-28,72.988,73.073,72.480,72.674,8396860
2024-07-01,73.054,73.324,72.105,72.162,9275425
2024-07-02,72.247,72.674,72.020,72.665,8233614
2024-07-03,72.542,72.798,72.347,72.542,5600604
2024-07-05,72.542,73.481,72.432,73.434,7202896
2024-07-08,73.491,73.576,73.120,73.320,4486755
2024-07-09,73.320,73.481,73.101,73.130,5635819
2024-07-10,73.263,73.481,73.078,73.453,7249075
2024-07-11,73.348,73.481,72.969,73.177,11414670
2024-07-12,73.566,73.889,73.249,73.500,10028191
2024-07-15,73.453,73.638,73.016,73.073,8481303
2024-07-16,73.101,73.785,72.992,73.775,7987333
2024-07-17,73.889,74.867,73.870,74.724,18297885
2024-07-18,74.449,75.113,74.345,74.354,14877213
2024-07-19,74.544,74.639,73.989,74.107,11816508
2024-07-22,74.278,74.340,73.804,74.155,9408432
2024-07-23,74.231,74.364,73.823,73.889,6937911
2024-07-24,73.623,73.956,73.339,73.823,10620372
2024-07-25,74.079,74.857,73.737,73.737,15686268
2024-07-26,74.031,74.577,73.851,74.487,10271976
2024-07-29,74.345,74.672,73.965,74.515,9115085
2024-07-30,73.623,74.136,73.301,74.013,11818449
2024-07-31,74.013,74.341,73.557,73.880,10474112
2024-08-01,74.022,74.724,73.789,74.563,16535033
2024-08-02,75.132,75.683,73.832,75.218,24087115
2024-08-05,75.085,75.303,73.491,73.737,29057460
2024-08-06,74.098,75.056,74.013,74.250,15801355
2024-08-07,74.563,75.346,74.278,74.326,14182346
2024-08-08,74.117,75.123,74.041,74.999,13889796
2024-08-09,74.848,75.246,74.525,75.113,10319938
2024-08-12,75.075,75.132,74.539,74.734,9735359
2024-08-13,74.734,75.094,74.354,75.075,7513894
2024-08-14,75.018,75.645,74.890,75.417,7263950
2024-08-15,76.480,76.689,75.967,76.195,7745248
2024-08-16,76.119,76.475,76.001,76.404,6976919
2024-08-19,76.489,76.836,76.456,76.660,7330018
2024-08-20,76.641,77.040,76.518,77.040,6931759
2024-08-21,77.685,78.093,77.339,77.562,7960727
2024-08-22,77.771,77.771,77.111,77.448,7632692
2024-08-23,77.581,77.685,77.182,77.666,6505074
2024-08-26,77.752,78.378,77.742,78.217,7270790
2024-08-27,78.330,78.544,78.112,78.406,5674632
2024-08-28,78.425,78.525,77.780,78.074,6666785
2024-08-29,77.979,77.979,77.524,77.685,6343811
2024-08-30,77.837,78.368,77.627,78.302,8884816
2024-09-03,78.321,79.113,78.226,78.852,15503706
2024-09-04,78.710,79.279,78.634,79.223,19276697
2024-09-05,79.242,79.365,78.520,78.919,12775784
2024-09-06,78.909,79.251,78.663,78.758,12616545
2024-09-09,78.767,79.517,78.634,79.365,10061056
2024-09-10,79.251,79.711,79.137,79.346,14002525
2024-09-11,79.061,79.113,77.894,78.606,14556518
2024-09-12,78.625,79.175,78.359,79.090,8659169
2024-09-13,79.147,79.711,78.976,79.650,5953911
2024-09-16,79.858,80.219,79.593,79.963,7794845
2024-09-17,79.688,79.915,79.109,79.204,8405136
2024-09-18,79.147,79.583,78.577,78.900,12935702
2024-09-19,79.109,79.118,78.311,78.435,14934224
2024-09-20,78.359,78.871,78.226,78.814,12719152
2024-09-23,78.648,79.521,78.591,79.268,11985864
2024-09-24,79.163,79.444,78.881,79.077,8985209
2024-09-25,79.354,79.430,78.762,78.877,6101052
2024-09-26,78.734,79.421,78.734,79.058,8565679
2024-09-27,79.163,79.659,79.068,79.201,6432719
2024-09-30,79.487,79.640,78.877,79.182,8469070
2024-10-01,79.211,79.316,78.672,78.915,15725753
2024-10-02,78.705,78.710,78.094,78.247,10788340
2024-10-03,77.932,78.042,77.326,77.465,11507911
2024-10-04,77.341,77.818,77.226,77.722,12463650
2024-10-07,77.751,77.751,76.854,76.950,9270847
2024-10-08,76.978,77.427,76.773,77.331,8218294
2024-10-09,77.398,77.908,77.274,77.799,9276307
2024-10-10,77.780,77.942,77.264,77.455,9122594
2024-10-11,77.722,77.961,77.379,77.885,8741496
2024-10-14,77.846,78.238,77.722,78.199,6263018
2024-10-15,78.304,79.363,78.304,78.695,11287728
2024-10-16,78.428,78.743,78.247,78.638,7720320
2024-10-17,78.743,78.848,78.075,78.285,7716454
2024-10-18,78.114,78.486,77.885,78.457,8314283
2024-10-21,78.428,78.600,77.722,77.799,8704757
2024-10-22,77.684,78.333,77.608,78.238,8912400
2024-10-23,77.846,78.199,77.694,78.085,6926484
2024-10-24,78.066,78.228,77.746,77.980,6211540
2024-10-25,77.980,78.104,77.264,77.331,6546951
2024-10-28,77.637,77.808,77.431,77.474,5714219
2024-10-29,77.112,77.312,76.668,76.711,9460034
2024-10-30,76.606,76.835,76.363,76.587,8504824
2024-10-31,76.396,76.883,76.277,76.434,10905343
2024-11-01,76.683,76.745,76.368,76.463,7916072
2024-11-04,76.578,76.897,76.463,76.673,6958887
2024-11-05,76.482,77.160,76.339,77.160,5304792
2024-11-06,77.360,77.474,75.705,75.900,18488140
2024-11-07,76.062,76.616,76.005,76.177,17598133
2024-11-08,76.186,77.288,76.177,77.102,11530460
2024-11-11,76.997,77.703,76.778,76.835,9273831
2024-11-12,77.121,77.226,76.787,76.921,13518013
2024-11-13,76.931,77.226,76.702,77.150,6781631
2024-11-14,76.959,77.408,76.897,76.959,7572248
2024-11-15,76.892,76.945,76.239,76.282,11370350
2024-11-18,76.454,76.959,76.368,76.816,8748018
2024-11-19,77.016,77.169,76.449,76.921,8021124
2024-11-20,76.225,76.530,75.867,76.530,7687467
2024-11-21,76.616,77.446,76.406,77.360,8185848
2024-11-22,77.789,78.142,77.694,78.075,7703875
2024-11-25,78.591,78.824,78.266,78.505,8243081
2024-11-26,78.457,78.905,78.362,78.829,6973969
2024-11-27,79.182,79.411,78.843,78.991,7067876
2024-11-29,78.972,79.468,78.867,79.392,4982582
2024-12-02,79.316,79.392,78.724,79.296,10750201
2024-12-03,79.230,79.287,78.743,78.886,11053327
2024-12-04,78.676,78.781,78.271,78.667,10100890
2024-12-05,78.753,79.130,78.538,78.982,12639028
2024-12-06,79.001,79.454,78.591,78.591,7180678
2024-12-09,78.705,79.068,78.252,78.467,11613987
2024-12-10,78.409,79.029,78.094,78.839,8497222
2024-12-11,78.963,79.287,78.199,78.238,9046123
2024-12-12,78.734,78.819,78.338,78.467,5410846
2024-12-13,78.314,78.724,77.875,78.266,8154345
2024-12-16,78.295,78.686,77.837,77.856,6495048
2024-12-17,77.694,78.123,77.594,77.722,8536085
2024-12-18,77.427,77.684,76.520,76.539,17222965
2024-12-19,76.473,76.854,75.996,75.996,15778368
2024-12-20,75.957,76.702,75.700,76.263,11035441
2024-12-23,75.991,76.164,75.130,75.866,11469082
2024-12-24,75.799,76.409,75.693,76.366,3932582
2024-12-26,76.221,76.654,76.154,76.606,4253678
2024-12-27,76.250,76.635,75.948,76.231,6601702
2024-12-30,75.904,75.952,75.097,75.337,7249346
2024-12-31,75.491,75.808,75.135,75.568,6125534
2025-01-02,75.731,76.077,75.087,75.337,9336380
2025-01-03,75.481,75.654,75.025,75.299,6991939
2025-01-06,75.385,75.400,74.419,74.510,9275738
2025-01-07,74.703,75.135,74.145,74.251,11113102
2025-01-08,74.174,74.457,73.703,74.385,9277400
2025-01-10,73.914,74.333,73.290,73.386,13943592
2025-01-13,73.443,73.693,73.112,73.511,9490917
2025-01-14,73.597,73.685,73.184,73.530,7763782
2025-01-15,73.934,74.164,73.165,73.280,11426997
2025-01-16,73.136,73.900,72.871,73.828,11223395
2025-01-17,73.962,74.405,73.876,74.251,10525009
2025-01-21,74.395,74.880,74.318,74.597,8849489
2025-01-22,74.933,74.933,74.164,74.232,8357873
2025-01-23,74.126,74.530,73.828,74.501,7562459
2025-01-24,74.472,74.914,74.433,74.885,6685652
2025-01-27,75.645,77.058,75.630,76.914,17519904
2025-01-28,76.673,77.000,75.558,75.712,11665182
2025-01-29,75.827,76.231,75.760,75.895,10195399
2025-01-30,76.270,76.808,76.116,76.644,8191980
2025-01-31,75.972,76.491,75.875,75.923,10269003
2025-02-03,75.376,76.375,75.202,76.221,13340844
2025-02-04,75.962,76.039,75.265,75.577,9307813
2025-02-05,75.568,76.068,75.169,76.048,8847897
2025-02-06,77.048,77.063,76.149,76.395,9846348
2025-02-07,76.414,76.596,76.058,76.279,8104061
2025-02-10,76.481,76.760,76.000,76.750,7949646
2025-02-11,76.866,77.510,76.587,77.490,9157217
2025-02-12,76.827,77.524,76.779,77.433,10564124
2025-02-13,77.635,78.336,77.423,78.269,10132272
2025-02-14,78.226,78.274,77.471,77.490,10470433
2025-02-18,77.240,77.784,76.808,77.769,10432772
2025-02-19,77.952,78.423,77.760,78.394,6450823
2025-02-20,77.442,78.086,77.317,78.086,14264248
2025-02-21,78.086,79.067,77.846,79.000,18203257
2025-02-24,78.682,79.605,78.644,79.240,14114232
2025-02-25,79.490,80.634,79.490,80.365,18197969
2025-02-26,80.057,80.134,78.682,78.827,19969521
2025-02-27,78.481,79.240,78.461,78.817,16614021
2025-02-28,79.490,79.913,78.956,79.865,15164207
2025-03-03,79.480,80.576,79.480,80.288,18918891
2025-03-04,80.134,80.884,78.875,78.923,21845907
2025-03-05,78.769,79.548,78.644,79.250,13772977
2025-03-06,78.952,79.591,78.769,79.394,13729686
2025-03-07,78.884,80.201,78.860,79.653,19631090
2025-03-10,79.778,81.086,79.173,79.480,27412666
2025-03-11,79.317,79.384,78.259,78.317,27913657
2025-03-12,77.553,77.846,76.539,76.616,22000866
2025-03-13,76.712,77.019,76.116,76.260,18077739
2025-03-14,76.087,76.500,75.827,76.433,10251385
2025-03-17,76.568,77.779,76.500,77.548,12470284
2025-03-18,77.490,77.587,76.616,76.664,9461101
2025-03-19,76.491,76.741,76.077,76.664,12042918
2025-03-20,76.548,76.822,76.173,76.289,10954528
2025-03-21,76.231,76.452,75.933,76.260,11926213
2025-03-24,76.375,76.809,76.307,76.732,9586592
2025-03-25,76.597,76.698,75.790,76.036,12703416
2025-03-26,76.201,77.389,76.201,77.215,11492431
2025-03-27,77.438,78.249,77.380,78.095,9253349
2025-03-28,78.201,78.375,77.419,77.708,12493234
2025-03-31,77.824,79.167,77.824,78.926,14299145
2025-04-01,79.110,79.254,78.588,79.042,11201251
2025-04-02,79.081,79.303,78.452,78.810,9218956
2025-04-03,79.003,80.037,78.617,79.264,20746480
2025-04-04,78.839,79.283,75.824,75.824,35619546
2025-04-07,74.026,76.713,73.601,74.944,45133946
2025-04-08,76.065,76.321,73.065,73.785,26842515
2025-04-09,73.413,77.254,73.287,76.645,39358896
2025-04-10,76.636,77.457,75.355,76.684,25967985
2025-04-11,76.974,78.143,76.254,77.650,19009838
2025-04-14,77.979,79.288,77.631,78.974,12388284
2025-04-15,79.090,79.187,78.259,78.307,8920479
2025-04-16,78.636,78.752,77.138,77.467,13657265
2025-04-17,77.805,79.491,77.689,79.119,13663579
2025-04-21,79.187,79.274,77.505,78.365,13804386
2025-04-22,78.665,79.931,78.530,79.477,11258792
2025-04-23,79.612,79.931,78.404,79.023,17717407
2025-04-24,78.486,78.597,77.969,78.327,12480733
2025-04-25,78.472,78.704,77.312,78.124,14377999
2025-04-28,78.191,78.491,77.447,77.863,12089076
2025-04-29,77.534,78.568,77.109,78.510,10065770
2025-04-30,78.945,79.390,77.959,79.081,10566124
2025-05-01,78.559,78.810,78.114,78.394,13203049
2025-05-02,78.839,79.105,78.477,78.820,14859726
2025-05-05,78.839,78.936,78.278,78.752,10236311
2025-05-06,78.597,78.887,78.249,78.617,10506349
2025-05-07,78.694,79.100,78.435,78.742,10474918
2025-05-08,78.829,79.196,78.346,78.646,11018573
2025-05-09,78.307,78.607,78.104,78.191,9231938
2025-05-12,78.249,78.501,77.636,78.307,18914832
2025-05-13,78.046,78.162,76.974,77.254,13148718
2025-05-14,77.114,77.225,76.694,76.838,10351984
2025-05-15,76.906,78.467,76.597,78.414,13370219
2025-05-16,78.491,79.312,78.370,79.312,11973279
2025-05-19,79.100,79.598,78.863,79.544,13601498
2025-05-20,79.506,80.057,79.506,79.825,12719341
2025-05-21,79.438,79.564,78.771,78.897,10989173
2025-05-22,78.829,78.989,78.249,78.568,11871595
2025-05-23,78.530,79.023,78.046,78.858,10693431
2025-05-27,79.148,79.622,78.974,79.573,14433855
2025-05-28,79.544,79.805,78.945,79.032,9963783
2025-05-29,79.061,79.399,78.665,79.351,13321550
2025-05-30,79.216,80.395,79.216,80.047,17778915
2025-06-02,79.815,80.105,79.303,80.095,15827853
2025-06-03,79.955,80.139,79.453,80.018,13265615
2025-06-04,80.037,80.057,79.385,79.457,10804140
2025-06-05,79.293,79.399,78.481,78.694,16474663
2025-06-06,79.061,79.196,78.694,78.945,10949080
2025-06-09,78.820,79.081,78.457,78.839,13027274
2025-06-10,78.849,79.196,78.713,79.013,12364877
2025-06-11,78.965,78.965,78.477,78.742,11204072
2025-06-12,78.713,79.221,78.365,79.206,10709893
2025-06-13,78.965,79.395,78.056,78.240,15635127
2025-06-16,78.433,79.100,78.249,78.491,12728292
2025-06-17,78.269,78.394,77.795,77.824,15059880
2025-06-18,78.037,78.124,77.679,77.728,11117670
2025-06-20,78.013,78.506,77.897,78.298,16771490
2025-06-23,78.356,79.270,78.292,79.202,17771427
2025-06-24,79.192,79.280,78.779,79.134,12580909
2025-06-25,78.969,78.969,77.966,78.074,12880584
2025-06-26,78.151,78.463,77.816,78.005,13783319
2025-06-27,78.083,78.618,78.001,78.375,15135260
2025-06-30,78.336,78.930,78.219,78.784,12080045
2025-07-01,78.871,80.248,78.871,79.767,23302243
2025-07-02,79.708,80.044,79.338,80.000,16429138
2025-07-03,80.049,80.107,79.567,79.961,10898436
2025-07-07,79.883,79.939,79.470,79.893,14365327
2025-07-08,79.582,79.698,79.081,79.154,15712843
2025-07-09,79.261,79.348,78.200,78.638,22179049
2025-07-10,78.677,79.222,78.395,78.920,16688358
2025-07-11,78.609,78.818,78.229,78.628,16936874
2025-07-14,78.648,78.745,78.112,78.696,13694057
2025-07-15,78.521,78.662,77.898,77.908,17681618
2025-07-16,77.947,78.249,77.529,78.181,15633732
2025-07-17,78.482,78.969,78.297,78.920,17078954
2025-07-18,78.959,79.294,78.604,78.706,12754977
2025-07-21,78.769,79.124,78.609,78.696,13431006
2025-07-22,78.307,79.552,78.249,79.416,20413838
2025-07-23,79.445,79.650,79.192,79.445,13808933
2025-07-24,79.514,79.601,79.100,79.163,11462589
2025-07-25,79.115,79.319,78.852,79.300,9284882
2025-07-28,78.881,79.008,78.370,78.482,12113637
2025-07-29,78.618,79.227,78.200,78.998,18873191
2025-07-30,79.037,79.290,78.078,78.297,16485524
2025-07-31,77.743,78.380,77.499,77.626,18339871
2025-08-01,78.054,78.477,77.889,77.996,28529253
2025-08-04,77.898,78.516,77.898,78.375,14441908
2025-08-05,78.336,78.725,78.176,78.297,15062926
2025-08-06,78.521,79.679,78.327,79.416,16043362
2025-08-07,79.552,80.131,79.290,80.020,15984204
2025-08-08,80.088,80.555,80.058,80.253,14135205
2025-08-11,80.292,80.394,79.698,80.185,12970544
2025-08-12,80.292,80.462,80.039,80.399,16449485
2025-08-13,79.971,80.560,79.718,80.399,17683928
2025-08-14,80.127,80.175,79.621,79.679,12826594
2025-08-15,79.815,80.044,79.445,79.805,12217688
2025-08-18,79.844,80.068,79.650,79.698,11892137
2025-08-19,79.854,80.642,79.830,80.516,13215642
2025-08-20,80.487,81.630,80.409,80.973,24836104
2025-08-21,80.418,80.453,79.961,80.243,18125238
2025-08-22,80.487,81.012,80.039,80.243,16491820
2025-08-25,79.874,80.010,78.794,78.871,20490602
2025-08-26,78.764,78.808,78.205,78.356,17723958
2025-08-27,78.268,78.618,78.176,78.589,11765119
2025-08-28,78.638,78.687,77.859,78.093,14505184
2025-08-29,78.268,78.652,78.108,78.599,15675910
2025-09-02,78.735,79.008,78.166,78.472,16662466
2025-09-03,78.083,78.448,77.748,78.414,14723063
2025-09-04,78.570,78.862,78.268,78.463,12717550
2025-09-05,78.443,79.085,78.244,78.687,20657305
2025-09-08,78.599,78.609,77.874,78.395,18019778
2025-09-09,78.239,78.662,78.146,78.550,13459559
2025-09-10,78.219,78.365,77.392,77.782,19041981
2025-09-11,77.986,78.638,77.869,78.414,16717581
2025-09-12,78.278,78.463,77.952,78.151,10261118
2025-09-15,78.122,78.307,77.217,77.256,14872158
2025-09-16,77.383,77.778,77.208,77.606,16171003
2025-09-17,77.723,78.560,77.723,78.074,14408743
2025-09-18,77.558,77.855,77.383,77.392,21046133
2025-09-19,77.577,77.597,77.169,77.237,13349336
2025-09-22,76.946,77.004,76.328,76.377,11993741
2025-09-23,76.446,76.784,76.152,76.759,9703661
2025-09-24,76.740,77.225,76.613,76.926,10634176
2025-09-25,77.259,77.328,76.191,76.191,12046315
2025-09-26,76.108,76.426,75.912,76.377,11548183
2025-09-29,76.505,76.539,76.000,76.524,11490635
2025-09-30,76.426,76.946,76.368,76.779,12306195
2025-10-01,76.676,76.897,76.221,76.662,10125356
2025-10-02,76.328,76.613,76.172,76.358,8422275
2025-10-03,76.328,76.759,76.226,76.446,8426602
2025-10-06,76.279,76.336,75.804,75.888,10739977
2025-10-07,75.986,76.706,75.594,76.593,12084218
2025-10-08,76.534,76.544,76.079,76.211,9503197
2025-10-09,76.456,76.568,76.113,76.456,9316010
2025-10-10,76.711,77.171,76.515,76.515,20763544
2025-10-13,76.152,76.544,75.868,76.260,12692054
2025-10-14,76.338,77.519,76.206,77.484,12884079
2025-10-15,77.475,78.102,77.357,77.622,9111212
2025-10-16,77.818,78.126,76.887,77.083,13599959
2025-10-17,77.455,78.160,77.416,78.111,13984288
2025-10-20,78.273,78.381,77.911,78.043,13002573
2025-10-21,78.180,78.229,77.465,77.680,17471383
2025-10-22,77.798,78.621,77.387,78.121,13294716
2025-10-23,78.209,78.239,77.406,77.739,10809866
2025-10-24,78.258,78.278,77.455,77.484,12735872
2025-10-27,77.690,77.720,77.264,77.612,13984710
2025-10-28,77.308,77.396,76.818,76.838,8927477
2025-10-29,76.309,76.314,74.932,75.025,19894132
2025-10-30,75.055,75.388,74.918,74.947,17364757
2025-10-31,74.643,74.937,74.271,74.732,14658320
2025-11-03,74.575,74.634,73.928,74.144,16185549
2025-11-04,74.457,74.653,74.011,74.447,18147048
2025-11-05,74.359,74.658,73.977,74.398,15782850
2025-11-06,74.163,74.384,73.634,74.065,15452191
2025-11-07,74.585,75.290,74.340,75.153,16959500
2025-11-10,74.927,75.055,74.384,74.878,16805857
2025-11-11,75.114,75.961,75.055,75.858,19801244
2025-11-12,75.917,76.152,75.731,75.750,10978191
2025-11-13,75.760,76.211,75.554,75.750,15370846
2025-11-14,75.780,76.030,75.226,75.692,13138247
2025-11-17,75.711,76.025,75.158,75.212,13887065
2025-11-18,75.417,75.808,75.079,75.535,16840253
2025-11-19,75.378,75.505,74.678,74.957,15122081
2025-11-20,75.192,75.809,75.143,75.496,21590433
2025-11-21,75.790,76.808,75.643,76.319,22215981
2025-11-24,76.221,76.348,75.334,75.437,17869356
2025-11-25,75.633,76.505,75.633,76.475,18586456
2025-11-26,76.475,77.504,76.475,77.308,13275355
2025-11-28,77.200,77.778,77.200,77.759,8914348
2025-12-01,77.651,77.911,77.435,77.680,16939933
2025-12-02,77.445,77.445,76.578,77.171,20550952
2025-12-03,77.328,77.935,77.142,77.230,16833228
2025-12-04,77.093,77.308,76.426,76.857,14269769
2025-12-05,76.808,77.387,76.642,76.867,13343343
2025-12-08,76.720,76.730,76.103,76.230,14602007
2025-12-09,76.397,76.627,76.074,76.407,14040458
2025-12-10,76.603,76.784,76.343,76.632,13945597
2025-12-11,76.818,77.465,76.808,77.200,13753779
2025-12-12,77.328,77.847,77.195,77.808,14506876
2025-12-15,78.014,78.283,77.713,78.023,14499582
2025-12-16,78.170,78.347,77.489,77.671,13055385
2025-12-17,77.778,78.254,77.739,78.033,14268442
2025-12-18,77.720,78.200,77.533,77.582,12117088
2025-12-19,77.514,77.548,77.156,77.181,13142419
2025-12-22,76.995,77.218,76.753,76.907,10983567
2025-12-23,76.837,76.847,76.413,76.541,7640441
2025-12-24,76.581,77.208,76.576,77.144,4697107
2025-12-26,77.065,77.430,76.997,77.252,8761343
2025-12-29,77.193,77.499,77.188,77.302,9242522
2025-12-30,77.124,77.350,77.065,77.173,5610878
2025-12-31,77.015,77.144,76.699,76.709,5872235
2026-01-02,76.739,76.995,76.334,76.719,15981987
2026-01-05,76.591,76.600,75.796,76.383,23429671
2026-01-06,76.373,76.714,76.171,76.502,17108360
2026-01-07,76.591,76.719,75.643,75.662,18977228
2026-01-08,75.652,77.746,75.554,77.460,26260242
2026-01-09,77.450,78.343,77.390,78.259,18233995
2026-01-12,78.536,79.267,78.264,79.178,26411167
2026-01-13,79.207,80.175,79.207,80.096,26284160
2026-01-14,80.067,81.321,80.037,81.202,32494174
2026-01-15,81.074,81.479,80.827,81.340,29123675
2026-01-16,81.123,81.252,80.694,81.084,23754641
2026-01-20,80.926,81.526,80.427,81.331,19888992
2026-01-21,81.143,81.538,80.634,81.410,23029190
2026-01-22,81.311,81.533,81.019,81.242,15777449
2026-01-23,81.350,81.903,81.281,81.874,20185704
2026-01-26,82.012,82.288,81.602,81.745,13187976
2026-01-27,81.726,82.195,81.420,82.121,13532593
2026-01-28,81.963,82.358,80.926,81.291,16303217
2026-01-29,81.331,81.814,80.980,81.103,18799491
2026-01-30,81.153,82.466,81.005,82.466,18175076
2026-02-02,82.713,83.602,82.249,83.444,26041721
2026-02-03,83.069,85.261,83.009,84.797,33052470
2026-02-04,85.241,86.253,85.137,85.903,33748064
2026-02-05,86.485,86.540,85.389,85.834,38772869
2026-02-06,85.764,86.989,85.616,86.841,29568629
2026-02-09,86.811,87.117,85.794,86.337,21853933
2026-02-10,86.238,86.732,85.735,86.061,20908492
2026-02-11,85.903,87.601,85.646,87.295,25588303
2026-02-12,87.384,88.929,87.379,88.095,35282832
2026-02-13,87.937,88.875,87.512,88.391,25697689
2026-02-17,88.510,89.013,86.554,87.098,29819265
2026-02-18,86.831,87.414,86.525,86.940,20422247
2026-02-19,86.900,87.586,86.278,86.574,18447522
2026-02-20,86.574,86.851,86.085,86.791,17909420
2026-02-23,86.584,88.055,86.584,87.858,22070897
2026-02-24,87.848,88.658,87.651,88.618,20363994
2026-02-25,88.223,88.342,87.211,87.897,15215595
2026-02-26,88.144,88.520,87.483,87.749,15925873
2026-02-27,87.868,88.934,87.848,88.885,17314174
2026-03-02,88.322,88.668,87.581,87.601,27606671
2026-03-03,87.246,87.404,86.066,86.643,36852811
2026-03-04,86.712,86.861,85.843,86.071,22736397
2026-03-05,85.261,85.360,83.997,84.342,33740475
2026-03-06,83.859,84.777,83.562,84.708,25859667
2026-03-09,84.204,85.083,83.740,84.895,20729345
2026-03-10,84.619,85.404,84.096,84.649,18864878
2026-03-11,84.481,84.535,83.152,83.533,18432222
2026-03-12,82.871,83.903,82.644,83.197,17862062
2026-03-13,83.651,84.046,83.503,83.681,13103773
2026-03-16,84.145,84.392,83.755,83.918,12882773
2026-03-17,84.333,84.604,83.582,83.641,12225076
2026-03-18,82.960,82.980,81.568,81.607,19412677
2026-03-19,81.587,81.963,80.807,80.945,18581346
2026-03-20,81.084,81.281,80.047,80.274,20895845
2026-03-23,81.216,81.265,80.421,80.620,21027372
2026-03-24,80.242,81.460,80.074,80.550,14830405
2026-03-25,80.863,81.067,79.954,80.948,17648244
2026-03-26,80.918,81.663,80.506,80.580,14148373
2026-03-27,80.709,81.747,80.431,81.216,25942474
2026-03-30,81.340,82.035,81.067,81.315,15855677
2026-03-31,81.434,81.702,80.585,81.414,19522738
2026-04-01,81.156,81.300,80.362,80.898,29643423
2026-04-02,81.146,81.414,80.600,81.325,20709754
2026-04-06,81.295,82.114,81.047,82.090,9796731
2026-04-07,81.891,81.966,80.540,80.699,13331211
2026-04-08,80.684,82.229,80.411,82.209,12645906
2026-04-09,81.673,83.062,81.494,82.874,11716168
2026-04-10,82.805,82.834,81.573,81.802,12097038
2026-04-13,81.568,81.702,80.506,80.987,9981187
2026-04-14,80.496,81.186,80.153,80.908,11577702
2026-04-15,80.665,80.759,79.900,80.501,10893650
2026-04-16,80.431,81.231,80.312,80.868,13278977
2026-04-17,80.759,81.970,80.590,81.891,12252142
2026-04-20,81.980,82.378,81.509,81.822,9430765
2026-04-21,81.772,81.881,81.171,81.275,8710389
2026-04-22,81.524,81.941,81.280,81.543,9138450
2026-04-23,81.792,83.078,81.792,82.904,12354447
2026-04-24,83.182,83.281,82.378,82.656,10852669
2026-04-27,82.524,82.765,81.702,81.772,11126128
2026-04-28,83.023,83.073,82.045,82.507,10170436
2026-04-29,82.189,82.661,81.896,82.348,12096916
2026-04-30,82.715,83.857,82.606,83.728,15360194
2026-05-01,84.135,84.469,83.162,83.589,13320047
2026-05-04,82.959,83.768,82.561,82.964,12599107
2026-05-05,82.904,83.877,82.695,83.480,10891521
2026-05-06,83.753,83.922,83.262,83.659,11530091
2026-05-07,83.351,83.713,82.571,83.401,10116915
2026-05-08,83.947,84.215,83.574,83.599,10323780
2026-05-11,83.500,83.708,82.254,82.795,11062689
2026-05-12,83.132,84.433,82.636,83.857,16104964
2026-05-13,83.619,84.667,83.554,84.135,10463186
2026-05-14,84.364,84.672,84.205,84.394,6627820
2026-05-15,84.940,84.999,83.922,84.056,12229979
2026-05-18,84.165,85.347,84.096,85.307,11634810
2026-05-19,85.228,86.097,84.572,85.496,12232979
2026-05-20,84.989,85.471,84.225,84.930,14035023
2026-05-21,83.977,84.185,82.864,84.076,13185649
2026-05-22,84.135,84.533,83.852,84.215,7890527
2026-05-26,84.205,84.304,82.949,83.053,9477329
2026-05-27,83.440,84.572,83.316,83.996,12224694
2026-05-28,84.274,84.364,83.783,83.847,6414608
2026-05-29,83.391,83.515,82.278,82.338,13011260
2026-06-01,81.936,82.065,81.116,81.464,20246671
2026-06-02,81.355,81.722,80.918,81.265,15723446
2026-06-03,81.226,82.149,81.087,81.593,14750322
2026-06-04,82.765,83.033,81.270,81.474,12184720
2026-06-05,82.020,83.808,81.871,82.864,17021495
2026-06-08,82.398,82.914,82.358,82.497,9544493
2026-06-09,82.606,84.006,82.467,83.520,12440595
2026-06-10,84.175,85.024,83.818,84.900,13134113
2026-06-11,85.084,85.367,84.612,84.682,18013563
2026-06-12,84.870,85.268,84.533,85.228,9363020
2026-06-15,84.882,85.178,84.543,84.890,10980243
2026-06-16,85.198,85.754,84.503,84.999,9364404
2026-06-17,84.602,84.801,82.780,83.103,18015155
2026-06-18,83.257,83.311,82.551,82.725,10447036
2026-06-22,82.660,83.140,82.150,82.180,11243604
2026-06-23,83.620,83.840,83.025,83.720,14963338
2026-06-24,84.035,84.810,83.820,84.440,11294898
2026-06-25,83.950,84.990,83.700,83.940,12078009
2026-06-26,84.650,85.219,84.445,84.710,11469819
2026-06-29,84.905,85.075,84.045,84.370,10163763
2026-06-30,83.990,84.090,82.950,83.070,12752469
2026-07-01,83.095,83.330,82.770,83.300,12210125
2026-07-02,83.750,85.135,83.750,84.990,16706936
2026-07-06,84.800,85.100,83.315,84.100,13176602
2026-07-07,85.520,85.958,84.450,84.860,13234972
2026-07-08,85.170,85.300,84.350,84.390,10998508
2026-07-09,83.550,83.835,83.110,83.200,11322072
2026-07-10,83.240,84.190,83.170,84.120,8305379
2026-07-13,84.550,85.540,84.375,84.590,8118929
2026-07-14,84.510,84.735,83.345,83.420,7871374
2026-07-15,83.100,84.220,82.970,83.470,7387833
2026-07-16,84.140,85.815,84.040,85.810,12146533
2026-07-17,86.790,87.430,84.755,85.190,15692309
2026-07-20,85.135,85.399,84.560,84.860,8571138
2026-07-21,84.430,84.600,83.915,84.060,7388015
2026-07-22,84.578,85.015,84.070,84.380,6545689
2026-07-23,83.200,83.690,82.810,83.210,10351056
2026-07-24,83.370,84.280,83.160,84.130,9634563
2026-07-27,84.420,85.765,84.377,85.360,12244255
2026-07-28,87.070,88.780,86.925,87.060,22253034
2026-07-29,86.340,87.875,86.340,87.360,14869133
2026-07-30,86.000,86.090,84.985,85.470,16609083
2026-07-31,84.850,85.430,84.325,85.050,11382923
2026-08-03,85.920,86.340,84.630,84.860,12592512
2026-08-04,84.290,85.430,83.860,85.370,13262075
2026-08-05,85.740,85.880,84.790,85.330,7739064
2026-08-06,86.310,86.410,84.685,85.110,8275988
2026-08-07,84.500,85.210,84.250,85.120,5690651
2026-08-10,84.660,85.045,84.330,84.950,6917535
2026-08-11,84.620,84.980,84.345,84.690,7358402
2026-08-12,84.085,85.130,84.010,85.080,6448307
2026-08-13,85.610,86.200,85.510,86.000,10352933
2026-08-14,86.000,86.300,85.820,86.090,6970193
2026-08-17,85.360,85.610,84.590,84.680,10513381
