date,open,high,low,close,volume
2016-01-04,21.630,21.630,21.198,21.267,1937
2016-01-05,21.595,21.912,21.595,21.912,1518
2016-01-06,21.519,21.773,21.519,21.700,3724
2016-01-07,21.449,21.469,21.300,21.302,1547
2016-01-08,21.302,21.308,21.002,21.023,3993
2016-01-11,21.148,21.148,21.148,21.148,477
2016-01-12,20.974,21.023,20.918,20.918,2269
2016-01-13,21.114,21.148,20.702,20.702,3338
2016-01-14,20.826,20.826,20.597,20.771,3706
2016-01-15,20.350,20.457,20.350,20.422,1414
2016-01-19,20.604,20.604,20.496,20.562,4705
2016-01-20,20.010,20.171,19.633,20.010,4609
2016-01-21,20.164,20.164,20.164,20.164,101
2016-01-22,20.572,20.583,20.567,20.583,330
2016-01-26,20.660,20.845,20.660,20.766,529
2016-01-27,20.583,20.583,20.583,20.583,930
2016-01-28,20.583,20.590,20.360,20.360,1652
2016-01-29,20.255,20.387,20.255,20.380,553
2016-02-01,20.672,20.813,20.672,20.813,744
2016-02-02,20.723,20.723,20.548,20.548,1094
2016-02-03,20.723,20.723,20.280,20.569,3781
2016-02-04,20.558,20.698,20.558,20.692,1506
2016-02-05,20.394,20.394,20.316,20.316,221
2016-02-08,19.619,19.619,19.240,19.240,718
2016-02-09,19.145,19.235,18.901,19.089,1359
2016-02-10,19.494,19.494,19.494,19.494,293
2016-02-11,19.061,19.061,19.005,19.005,810
2016-02-12,19.005,19.206,19.005,19.194,1823
2016-02-17,19.829,19.864,19.779,19.794,2640
2016-02-18,19.885,20.038,19.885,20.038,3898
2016-02-19,20.010,20.010,20.010,20.010,200
2016-02-22,20.318,20.356,20.300,20.318,827
2016-02-23,20.213,20.213,20.213,20.213,328
2016-02-24,20.191,20.230,20.185,20.230,751
2016-02-25,20.360,20.360,20.360,20.360,125
2016-02-26,20.597,20.600,20.506,20.506,2504
2016-02-29,20.686,20.702,20.478,20.478,732
2016-03-01,20.806,20.974,20.799,20.967,951
2016-03-02,21.107,21.197,21.079,21.197,1305
2016-03-03,21.200,21.238,21.200,21.227,1080
2016-03-04,21.295,21.316,21.253,21.288,1703
2016-03-07,21.372,21.386,21.274,21.274,1542
2016-03-08,21.257,21.257,21.242,21.242,611
2016-03-09,21.260,21.307,21.121,21.177,3688
2016-03-10,21.400,21.400,21.078,21.078,1001
2016-03-11,21.491,21.567,21.491,21.567,410
2016-03-14,21.671,21.713,21.637,21.637,3010
2016-03-15,21.644,21.780,21.644,21.780,2258
2016-03-16,21.784,21.787,21.616,21.616,1537
2016-03-17,22.335,22.375,22.328,22.339,1050
2016-03-18,22.338,22.402,22.155,22.183,136356
2016-03-21,22.289,22.289,22.032,22.070,3413
2016-03-22,22.007,22.141,22.003,22.032,1576
2016-03-23,22.039,22.089,21.951,21.951,2642
2016-03-24,21.859,21.986,21.835,21.986,2197
2016-03-28,21.859,22.183,21.859,22.127,2583
2016-03-29,22.359,22.606,22.211,22.606,17268
2016-03-30,22.789,22.789,22.553,22.557,4165
2016-03-31,22.557,22.670,22.557,22.670,11342
2016-04-01,22.573,22.717,22.573,22.717,658
2016-04-04,22.748,22.748,22.627,22.684,5325
2016-04-05,22.486,22.486,22.469,22.480,310
2016-04-06,22.507,22.543,22.451,22.543,588
2016-04-07,22.580,22.580,22.360,22.360,2124
2016-04-08,22.691,22.733,22.571,22.571,1897
2016-04-11,22.596,22.701,22.552,22.557,3141
2016-04-12,22.620,22.691,22.620,22.655,1322
2016-04-13,22.655,22.670,22.521,22.568,2847
2016-04-14,22.536,22.536,22.447,22.479,3616
2016-04-15,22.479,22.634,22.479,22.634,731
2016-04-18,22.648,22.719,22.451,22.719,959
2016-04-19,22.846,22.846,22.589,22.641,32759
2016-04-20,22.564,22.571,22.388,22.416,1880
2016-04-21,22.296,22.314,21.859,21.897,1293
2016-04-22,22.127,22.275,22.077,22.176,2431
2016-04-25,22.208,22.332,22.208,22.332,2284
2016-04-26,22.540,22.540,22.395,22.395,2547
2016-04-27,22.289,22.310,22.209,22.310,1161
2016-04-28,23.367,23.367,22.333,22.333,1111
2016-04-29,22.310,22.310,21.915,22.120,20059
2016-05-02,21.986,22.422,21.986,22.352,3766
2016-05-03,22.278,22.465,22.278,22.465,4691
2016-05-04,22.327,22.789,22.327,22.789,1663
2016-05-05,22.796,22.818,22.772,22.810,2650
2016-05-06,22.737,23.028,22.722,22.930,3761
2016-05-09,23.107,23.192,23.085,23.162,5211
2016-05-10,23.396,23.396,23.201,23.248,7663
2016-05-11,23.325,23.325,22.726,22.825,7140
2016-05-12,22.888,22.983,22.684,22.902,3557
2016-05-13,22.860,23.258,22.493,22.572,3660
2016-05-16,22.641,22.909,22.641,22.879,6986
2016-05-17,22.557,22.627,22.500,22.500,2381
2016-05-18,22.515,22.515,21.946,21.946,5739
2016-05-19,21.880,21.963,21.841,21.901,2971
2016-05-20,22.028,22.063,22.010,22.050,2660
2016-05-23,22.141,22.148,22.099,22.120,4170
2016-05-24,22.345,22.359,22.268,22.268,3454
2016-05-25,22.486,22.486,22.183,22.419,5621
2016-05-26,22.331,22.409,22.331,22.402,1045
2016-05-27,22.550,22.571,22.461,22.490,1464
2016-05-31,22.564,22.564,22.361,22.500,2523
2016-06-01,22.381,22.423,22.299,22.416,2506
2016-06-02,22.438,22.486,22.438,22.486,790
2016-06-03,22.493,22.670,22.493,22.588,2421
2016-06-06,22.620,22.620,22.486,22.599,3111
2016-06-07,22.599,22.725,22.557,22.617,2454
2016-06-08,22.606,22.733,22.592,22.726,2712
2016-06-09,22.740,22.774,22.657,22.774,6067
2016-06-10,22.641,22.698,22.641,22.663,1647
2016-06-13,22.804,22.830,22.655,22.655,5787
2016-06-14,22.577,22.627,22.522,22.550,4927
2016-06-15,22.720,22.853,22.720,22.782,8624
2016-06-16,22.687,22.923,22.685,22.899,7185
2016-06-17,22.757,22.885,22.670,22.863,6835
2016-06-20,23.091,23.091,22.885,22.885,4897
2016-06-21,23.005,23.069,23.005,23.069,3150
2016-06-22,23.020,23.076,22.975,23.048,2712
2016-06-23,23.120,23.147,23.120,23.147,5305
2016-06-24,22.742,22.920,22.636,22.856,5710
2016-06-27,22.742,22.892,22.661,22.821,3438
2016-06-28,23.155,23.240,23.091,23.240,8564
2016-06-29,23.624,23.695,23.578,23.681,7580
2016-06-30,23.837,23.880,23.617,23.872,11927
2016-07-01,24.043,24.043,23.830,23.858,4917
2016-07-05,23.887,24.050,23.887,24.032,2279
2016-07-06,24.157,24.157,23.865,24.000,8300
2016-07-07,24.093,24.093,23.686,23.702,3427
2016-07-08,23.972,24.164,23.880,24.113,17851
2016-07-11,24.320,24.320,24.064,24.299,6137
2016-07-12,24.349,24.349,24.142,24.349,918950
2016-07-13,24.391,24.462,24.314,24.462,27767
2016-07-14,24.505,24.505,24.225,24.327,8375
2016-07-15,24.192,24.291,24.140,24.291,304434
2016-07-18,24.320,24.320,24.214,24.299,6692
2016-07-19,24.238,24.370,24.238,24.368,7246
2016-07-20,24.398,24.398,24.285,24.335,9433
2016-07-21,24.349,24.420,24.242,24.405,8293
2016-07-22,24.519,24.676,24.494,24.590,10860
2016-07-25,24.626,24.626,24.448,24.555,22813
2016-07-26,24.626,24.626,24.392,24.416,8534
2016-07-27,24.569,24.569,24.150,24.235,8401
2016-07-28,24.278,24.463,24.153,24.384,10622
2016-07-29,24.420,24.711,24.420,24.646,17521
2016-08-01,24.668,24.747,24.587,24.725,30670
2016-08-02,24.697,24.697,24.301,24.349,90128
2016-08-03,24.363,24.363,24.101,24.164,21960
2016-08-04,24.278,24.278,24.036,24.121,234053
2016-08-05,24.150,24.185,24.079,24.121,21511
2016-08-08,24.121,24.212,24.114,24.114,45060
2016-08-09,24.235,24.278,24.043,24.278,204328
2016-08-10,24.334,24.334,24.178,24.228,12323
2016-08-11,24.317,24.317,23.894,24.000,19380
2016-08-12,24.242,24.242,24.018,24.079,11588
2016-08-15,24.228,24.228,24.043,24.050,14936
2016-08-16,23.901,23.901,23.759,23.759,18638
2016-08-17,23.880,23.880,23.638,23.858,18267
2016-08-18,23.872,23.872,23.737,23.808,11678
2016-08-19,23.766,23.766,23.545,23.624,20856
2016-08-22,23.538,23.737,23.538,23.737,56283
2016-08-23,23.837,23.837,23.723,23.723,60598
2016-08-24,23.844,23.844,23.553,23.659,58657
2016-08-25,23.545,23.908,23.545,23.759,24408
2016-08-26,23.837,23.865,23.382,23.524,33688
2016-08-29,23.545,23.794,23.502,23.759,22878
2016-08-30,23.801,23.801,23.567,23.688,38604
2016-08-31,23.759,23.780,23.588,23.723,143354
2016-09-01,23.816,23.816,23.567,23.716,69541
2016-09-02,23.737,24.086,23.737,23.872,48854
2016-09-06,23.993,24.086,23.808,24.071,169454
2016-09-07,24.150,24.193,23.986,24.193,555945
2016-09-08,24.164,24.222,23.886,23.886,322533
2016-09-09,23.736,23.736,22.950,22.978,906748
2016-09-12,22.971,23.350,22.864,23.071,5085946
2016-09-13,23.014,23.107,22.621,22.664,926654
2016-09-14,23.014,23.014,22.614,22.707,532081
2016-09-15,22.743,22.900,22.628,22.878,1512794
2016-09-16,22.900,22.900,22.664,22.800,2119519
2016-09-19,22.857,23.057,22.828,23.035,4242426
2016-09-20,23.200,23.200,22.993,22.993,3387204
2016-09-21,22.964,23.321,22.743,23.257,2247929
2016-09-22,23.414,23.757,23.414,23.714,1728163
2016-09-23,23.629,23.900,23.464,23.807,19150981
2016-09-26,23.686,23.893,23.671,23.857,2998968
2016-09-27,23.843,23.893,23.621,23.650,3562518
2016-09-28,23.657,23.829,23.621,23.814,4122681
2016-09-29,23.707,23.786,23.443,23.521,2674449
2016-09-30,23.586,23.779,23.386,23.414,2058021
2016-10-03,23.336,23.364,22.928,22.964,2344817
2016-10-04,22.971,22.971,22.487,22.614,3262713
2016-10-05,22.621,22.757,22.117,22.192,4848671
2016-10-06,22.135,22.385,21.885,22.235,2438750
2016-10-07,22.285,22.578,22.078,22.178,1711450
2016-10-10,22.185,22.375,22.150,22.264,2404051
2016-10-11,22.207,22.292,22.023,22.092,1770422
2016-10-12,22.128,22.407,22.099,22.407,1411699
2016-10-13,22.342,22.535,22.235,22.478,3299281
2016-10-14,22.550,22.671,22.400,22.450,2381432
2016-10-17,22.450,22.585,22.435,22.471,1148299
2016-10-18,22.614,22.728,22.538,22.585,4753162
2016-10-19,22.693,22.693,22.464,22.671,1515634
2016-10-20,22.557,22.743,22.482,22.592,1977109
2016-10-21,22.435,22.585,22.400,22.578,1295726
2016-10-24,22.614,22.835,22.536,22.607,1108723
2016-10-25,22.528,22.600,22.442,22.578,1402869
2016-10-26,22.435,22.507,22.142,22.285,1481903
2016-10-27,22.228,22.228,21.689,21.757,1409067
2016-10-28,21.828,21.996,21.742,21.814,2338168
2016-10-31,21.864,22.135,21.808,22.114,1071353
2016-11-01,22.057,22.079,21.581,21.678,3438594
2016-11-02,21.614,21.664,21.342,21.342,1699336
2016-11-03,21.306,21.378,21.206,21.249,1922500
2016-11-04,21.271,21.471,21.199,21.392,1757687
2016-11-07,21.535,21.799,21.528,21.785,2997634
2016-11-08,21.707,21.985,21.692,21.921,1513363
2016-11-09,21.206,21.609,21.063,21.428,4760945
2016-11-10,21.328,21.342,20.773,21.106,5345003
2016-11-11,21.056,21.371,21.056,21.128,3702644
2016-11-14,21.013,21.628,20.863,21.542,4315165
2016-11-15,21.556,21.807,21.285,21.399,3161108
2016-11-16,21.306,21.499,21.221,21.385,2058960
2016-11-17,21.335,21.499,21.149,21.185,1573611
2016-11-18,21.149,21.299,21.078,21.228,1276875
2016-11-21,21.256,21.421,21.156,21.171,1584938
2016-11-22,21.228,21.571,21.199,21.535,2567156
2016-11-23,21.342,21.449,21.228,21.385,1666247
2016-11-25,21.392,21.599,21.392,21.478,789980
2016-11-28,21.435,21.710,21.435,21.556,1957301
2016-11-29,21.514,21.828,21.514,21.707,1769153
2016-11-30,21.506,21.617,21.364,21.442,2233892
2016-12-01,21.306,21.374,21.013,21.113,2486750
2016-12-02,21.178,21.521,21.113,21.314,2399152
2016-12-05,21.314,21.510,21.267,21.485,1608834
2016-12-06,21.514,21.707,21.478,21.578,1340990
2016-12-07,21.599,22.064,21.599,22.028,2068428
2016-12-08,21.799,22.235,21.799,22.142,1703922
2016-12-09,22.107,22.335,22.099,22.128,1664619
2016-12-12,22.042,22.367,21.999,22.357,2744787
2016-12-13,22.442,22.492,22.254,22.414,2182056
2016-12-14,22.392,22.435,21.957,22.021,3364030
2016-12-15,21.957,22.096,21.799,21.842,3224742
2016-12-16,21.923,22.272,21.893,22.148,3455591
2016-12-19,22.214,22.417,22.155,22.345,2260027
2016-12-20,22.308,22.461,22.232,22.359,1764229
2016-12-21,22.374,22.512,22.061,22.075,1871788
2016-12-22,22.003,22.063,21.832,22.046,1399843
2016-12-23,22.061,22.141,21.995,22.068,931571
2016-12-27,22.119,22.206,22.032,22.126,1143637
2016-12-28,22.112,22.163,21.912,21.959,2570460
2016-12-29,21.981,22.242,21.923,22.163,1526206
2016-12-30,22.141,22.425,22.104,22.374,1853291
2017-01-03,22.454,22.540,22.289,22.446,2682334
2017-01-04,22.461,22.770,22.454,22.730,1838041
2017-01-05,22.614,22.861,22.435,22.847,2198849
2017-01-06,22.738,22.956,22.730,22.847,1747489
2017-01-09,22.876,22.898,22.672,22.701,2125447
2017-01-10,22.665,22.701,22.396,22.417,1582728
2017-01-11,22.381,22.457,22.279,22.294,2192526
2017-01-12,22.221,22.406,22.112,22.381,1481143
2017-01-13,22.315,22.432,22.286,22.330,1469619
2017-01-17,22.315,22.526,22.265,22.512,1759098
2017-01-18,22.541,22.657,22.476,22.563,1575728
2017-01-19,22.468,22.490,22.297,22.345,1631067
2017-01-20,22.330,22.505,22.301,22.483,1605060
2017-01-23,22.439,22.665,22.439,22.621,3551466
2017-01-24,22.570,22.708,22.534,22.628,1890180
2017-01-25,22.738,22.738,22.427,22.490,1630775
2017-01-26,22.490,22.628,22.454,22.476,1486031
2017-01-27,22.534,22.556,22.206,22.286,1649797
2017-01-30,22.199,22.308,22.097,22.163,2281063
2017-01-31,22.206,22.468,22.199,22.345,1712211
2017-02-01,22.315,22.461,22.083,22.097,1835919
2017-02-02,22.061,22.388,22.061,22.359,2040588
2017-02-03,22.490,22.570,22.417,22.505,1745164
2017-02-06,22.461,22.519,22.337,22.366,1362610
2017-02-07,22.410,22.461,22.297,22.323,1496677
2017-02-08,22.294,22.559,22.294,22.512,1379123
2017-02-09,22.483,22.621,22.476,22.607,1821565
2017-02-10,22.570,22.774,22.541,22.759,1524535
2017-02-13,22.803,22.905,22.687,22.868,1896700
2017-02-14,22.810,22.826,22.548,22.752,2444835
2017-02-15,22.592,22.738,22.483,22.687,3360343
2017-02-16,22.665,22.956,22.657,22.781,3238257
2017-02-17,22.759,22.912,22.712,22.847,3247948
2017-02-21,22.810,23.185,22.803,23.160,4280834
2017-02-22,23.167,23.261,22.978,23.072,2463190
2017-02-23,23.167,23.254,23.043,23.225,1938411
2017-02-24,23.225,23.352,23.116,23.341,2542772
2017-02-27,23.349,23.538,23.349,23.458,1902354
2017-02-28,23.392,23.492,23.336,23.385,2041107
2017-03-01,23.327,23.463,23.225,23.327,3039798
2017-03-02,23.283,23.349,23.189,23.254,2142754
2017-03-03,23.203,23.254,22.970,23.181,1804457
2017-03-06,23.079,23.138,22.981,23.087,2279630
2017-03-07,23.072,23.079,22.886,23.007,1645922
2017-03-08,22.883,22.949,22.654,22.665,1665941
2017-03-09,22.657,22.748,22.337,22.374,3171586
2017-03-10,22.490,22.672,22.221,22.352,1691120
2017-03-13,22.352,22.488,22.312,22.381,1929393
2017-03-14,22.352,22.425,22.265,22.352,2139581
2017-03-15,22.403,22.883,22.403,22.781,3130235
2017-03-16,22.774,22.876,22.672,22.730,1667726
2017-03-17,22.757,22.879,22.706,22.771,2376280
2017-03-20,22.771,22.878,22.735,22.794,1573310
2017-03-21,22.845,22.947,22.746,22.757,3225158
2017-03-22,22.801,22.828,22.596,22.808,3095471
2017-03-23,22.771,23.112,22.771,22.976,2233398
2017-03-24,23.020,23.086,22.895,22.954,3880551
2017-03-27,22.903,22.987,22.724,22.771,3656425
2017-03-28,22.757,22.933,22.654,22.903,2237107
2017-03-29,22.845,22.991,22.815,22.984,1632291
2017-03-30,22.933,23.057,22.790,23.035,1888606
2017-03-31,23.006,23.211,22.976,23.138,2067006
2017-04-03,23.181,23.211,23.075,23.167,1877371
2017-04-04,23.167,23.284,23.083,23.101,1737462
2017-04-05,23.123,23.262,23.101,23.138,2115238
2017-04-06,23.123,23.284,23.028,23.269,1374695
2017-04-07,23.269,23.386,23.233,23.299,1401026
2017-04-10,23.357,23.489,23.277,23.460,1474157
2017-04-11,23.474,23.613,23.449,23.570,1626680
2017-04-12,23.533,23.635,23.489,23.533,1814224
2017-04-13,23.533,23.589,23.467,23.482,2051998
2017-04-17,23.504,23.760,23.504,23.753,2002806
2017-04-18,23.694,23.840,23.643,23.811,4023270
2017-04-19,23.833,23.863,23.727,23.760,1692757
2017-04-20,23.738,23.782,23.635,23.753,2695039
2017-04-21,23.723,23.826,23.613,23.672,2376719
2017-04-24,23.767,23.797,23.262,23.438,1928038
2017-04-25,23.482,23.526,23.397,23.489,1458486
2017-04-26,23.445,23.496,23.269,23.291,1489440
2017-04-27,23.299,23.445,23.262,23.306,1436546
2017-04-28,23.277,23.299,23.057,23.174,1816717
2017-05-01,23.211,23.363,23.123,23.321,2636705
2017-05-02,23.299,23.409,23.225,23.328,1845637
2017-05-03,23.291,23.379,22.984,23.042,2193432
2017-05-04,22.925,23.089,22.801,23.064,1428508
2017-05-05,23.086,23.255,23.086,23.247,1717402
2017-05-08,23.218,23.308,23.006,23.123,1279826
2017-05-09,23.094,23.130,22.954,23.035,1770226
2017-05-10,23.035,23.240,22.991,23.159,1520304
2017-05-11,23.057,23.072,22.867,23.050,1999056
2017-05-12,23.042,23.072,22.933,22.962,1506755
2017-05-15,22.962,23.181,22.958,23.064,2380075
2017-05-16,23.050,23.057,22.892,22.947,1369108
2017-05-17,22.881,23.203,22.881,23.094,2978798
2017-05-18,23.028,23.185,22.911,23.138,2455843
2017-05-19,23.116,23.379,23.020,23.269,1397266
2017-05-22,23.269,23.408,23.225,23.328,1371299
2017-05-23,23.350,23.452,23.321,23.357,1995037
2017-05-24,23.335,23.526,23.335,23.489,1051724
2017-05-25,23.533,23.685,23.452,23.577,1042874
2017-05-26,23.584,23.627,23.372,23.430,1352143
2017-05-30,23.423,23.474,23.357,23.365,898798
2017-05-31,23.394,23.474,23.291,23.328,1616250
2017-06-01,23.335,23.438,23.229,23.401,1563040
2017-06-02,23.533,23.655,23.482,23.606,1224855
2017-06-05,23.570,23.606,23.430,23.548,1287594
2017-06-06,23.555,23.555,23.416,23.438,1316520
2017-06-07,23.467,23.584,23.394,23.562,1078788
2017-06-08,23.555,23.599,23.262,23.452,2293788
2017-06-09,23.416,23.621,23.350,23.562,1787648
2017-06-12,23.496,23.723,23.438,23.716,3135988
2017-06-13,23.760,23.789,23.628,23.775,1567290
2017-06-14,23.972,24.009,23.771,23.848,2232920
2017-06-15,23.745,24.033,23.687,23.965,1347254
2017-06-16,24.002,24.017,23.854,23.950,1754130
2017-06-19,23.973,23.995,23.862,23.965,6082213
2017-06-20,23.987,24.046,23.761,23.921,2348860
2017-06-21,23.928,23.950,23.736,23.869,1659946
2017-06-22,23.840,23.958,23.776,23.884,5944282
2017-06-23,23.884,24.083,23.881,23.987,8197655
2017-06-26,24.024,24.199,24.024,24.098,2483246
2017-06-27,24.032,24.242,24.002,24.002,2173308
2017-06-28,24.061,24.120,23.980,24.032,2715038
2017-06-29,23.877,23.935,23.744,23.788,3041682
2017-06-30,23.810,23.958,23.707,23.773,1256941
2017-07-03,23.877,24.039,23.788,23.995,1035657
2017-07-05,23.936,24.054,23.640,23.707,2908644
2017-07-06,23.626,23.633,23.249,23.279,1839971
2017-07-07,23.271,23.471,23.271,23.411,1325146
2017-07-10,23.426,23.478,23.220,23.227,1098234
2017-07-11,23.205,23.279,23.042,23.190,1279299
2017-07-12,23.316,23.574,23.316,23.493,1910810
2017-07-13,23.500,23.578,23.456,23.537,1181472
2017-07-14,23.618,23.803,23.618,23.773,1167422
2017-07-17,23.751,23.869,23.714,23.825,2285069
2017-07-18,23.825,23.891,23.758,23.795,2302889
2017-07-19,23.788,23.973,23.722,23.973,4613879
2017-07-20,24.024,24.054,23.891,23.906,1048321
2017-07-21,23.891,23.973,23.832,23.950,1200996
2017-07-24,23.950,23.973,23.818,23.936,1091520
2017-07-25,23.943,23.943,23.773,23.936,2142773
2017-07-26,23.943,24.194,23.877,24.135,1903795
2017-07-27,24.039,24.184,23.862,24.113,2164655
2017-07-28,24.061,24.194,24.010,24.098,2060197
2017-07-31,24.083,24.109,23.891,24.061,1526567
2017-08-01,24.105,24.246,23.958,24.165,2364510
2017-08-02,24.105,24.105,23.958,24.046,1712537
2017-08-03,24.032,24.113,23.914,23.987,1101311
2017-08-04,23.965,24.113,23.965,24.061,939594
2017-08-07,24.039,24.098,23.943,24.046,781896
2017-08-08,24.002,24.039,23.862,23.936,1070653
2017-08-09,23.936,23.995,23.847,23.965,1134394
2017-08-10,23.899,23.936,23.740,23.751,1412033
2017-08-11,23.685,23.773,23.496,23.596,1548094
2017-08-14,23.685,24.021,23.677,23.987,1196939
2017-08-15,23.906,23.950,23.792,23.943,2138051
2017-08-16,23.965,24.102,23.965,24.017,1043622
2017-08-17,23.980,24.065,23.847,23.847,1375983
2017-08-18,23.795,23.795,23.603,23.670,1276949
2017-08-21,23.699,23.965,23.640,23.914,1094517
2017-08-22,23.958,24.010,23.803,23.899,1150211
2017-08-23,23.877,24.179,23.854,24.142,973953
2017-08-24,24.179,24.312,24.091,24.098,1595108
2017-08-25,24.187,24.297,24.105,24.216,1063585
2017-08-28,24.246,24.261,24.024,24.091,895262
2017-08-29,24.069,24.179,24.061,24.076,2577301
2017-08-30,24.054,24.194,23.958,24.187,963550
2017-08-31,24.268,24.393,24.216,24.305,1816228
2017-09-01,24.334,24.401,24.275,24.305,1656231
2017-09-05,24.320,24.386,24.135,24.283,2346245
2017-09-06,24.357,24.438,24.286,24.320,2529289
2017-09-07,24.357,24.552,24.320,24.504,1652728
2017-09-08,24.475,24.596,24.423,24.512,1102131
2017-09-11,24.534,24.704,24.534,24.689,1267457
2017-09-12,24.667,24.689,24.323,24.423,1335606
2017-09-13,24.408,24.408,24.231,24.320,1286694
2017-09-14,24.283,24.497,24.187,24.489,1492508
2017-09-15,24.442,24.576,24.383,24.576,3210556
2017-09-18,24.539,24.617,24.375,24.435,1012304
2017-09-19,24.435,24.457,24.122,24.189,1990963
2017-09-20,24.226,24.279,24.011,24.122,1283776
2017-09-21,24.108,24.241,24.078,24.085,2548103
2017-09-22,24.063,24.137,23.851,23.877,1542277
2017-09-25,23.884,24.033,23.870,23.966,1180631
2017-09-26,23.996,24.055,23.944,23.989,1360464
2017-09-27,23.907,23.959,23.706,23.788,1612366
2017-09-28,23.765,23.974,23.751,23.959,1318878
2017-09-29,23.922,23.996,23.847,23.974,2488525
2017-10-02,24.003,24.049,23.877,23.884,1814819
2017-10-03,23.884,23.941,23.826,23.877,2533730
2017-10-04,23.884,24.098,23.832,24.085,1743145
2017-10-05,24.115,24.249,24.115,24.160,1766812
2017-10-06,24.048,24.119,23.862,24.093,1274589
2017-10-09,24.122,24.197,24.055,24.145,1148025
2017-10-10,24.197,24.338,24.139,24.182,987288
2017-10-11,24.212,24.353,24.182,24.316,1176430
2017-10-12,24.338,24.502,24.301,24.487,2136270
2017-10-13,24.591,24.626,24.464,24.554,1857897
2017-10-16,24.531,24.598,24.416,24.435,1423895
2017-10-17,24.398,24.457,24.353,24.435,1767649
2017-10-18,24.412,24.472,24.345,24.390,1294122
2017-10-19,24.383,24.435,24.282,24.375,1472863
2017-10-20,24.383,24.412,24.253,24.338,1253200
2017-10-23,24.390,24.390,24.219,24.249,1095712
2017-10-24,24.212,24.271,24.011,24.093,1940746
2017-10-25,24.026,24.096,23.892,24.033,1912262
2017-10-26,24.122,24.122,23.818,23.899,1646422
2017-10-27,23.855,24.026,23.695,23.936,2042501
2017-10-30,23.944,24.219,23.926,24.085,1738784
2017-10-31,24.070,24.167,23.922,24.167,2091643
2017-11-01,24.204,24.241,24.104,24.145,2057707
2017-11-02,24.204,24.497,24.174,24.353,2972110
2017-11-03,24.219,24.390,24.167,24.353,2023359
2017-11-06,24.494,24.825,24.472,24.725,2303733
2017-11-07,24.762,24.992,24.762,24.955,2246699
2017-11-08,24.963,25.193,24.881,25.141,2190783
2017-11-09,25.059,25.260,24.784,25.141,1663345
2017-11-10,25.052,25.215,24.995,25.141,1760841
2017-11-13,25.208,25.300,25.141,25.215,1510302
2017-11-14,25.201,25.245,25.104,25.193,2061986
2017-11-15,25.178,25.201,24.985,25.007,1761192
2017-11-16,24.992,25.171,24.992,25.104,2092076
2017-11-17,25.000,25.134,24.948,24.955,1758579
2017-11-20,24.978,25.007,24.866,24.896,1566959
2017-11-21,24.970,25.056,24.923,25.030,1228903
2017-11-22,25.015,25.037,24.903,24.948,881058
2017-11-24,24.978,25.074,24.978,25.037,407307
2017-11-27,25.059,25.082,24.963,24.963,652396
2017-11-28,24.985,25.007,24.777,24.903,1720888
2017-11-29,24.896,24.916,24.695,24.844,2106852
2017-11-30,24.903,24.948,24.784,24.873,2192453
2017-12-01,24.918,25.015,24.710,24.918,3029379
2017-12-04,24.955,25.044,24.591,24.591,1627522
2017-12-05,24.621,24.643,24.487,24.494,1918243
2017-12-06,24.509,24.583,24.420,24.531,1815237
2017-12-07,24.561,24.658,24.464,24.628,1290434
2017-12-08,24.673,24.732,24.621,24.688,1444011
2017-12-11,24.680,24.747,24.595,24.747,1670704
2017-12-12,24.829,24.932,24.665,24.859,1017903
2017-12-13,24.896,25.037,24.836,24.851,1735283
2017-12-14,24.873,24.963,24.836,24.873,981407
2017-12-15,24.960,25.012,24.853,24.952,1770333
2017-12-18,24.997,25.151,24.997,25.035,1096416
2017-12-19,25.035,25.042,24.516,24.561,1713000
2017-12-20,24.561,24.605,24.291,24.298,1431017
2017-12-21,24.358,24.373,24.170,24.215,1218517
2017-12-22,24.253,24.403,24.208,24.373,1012801
2017-12-26,24.388,24.546,24.343,24.501,811599
2017-12-27,24.561,24.644,24.524,24.599,4420166
2017-12-28,24.621,24.749,24.554,24.742,1133100
2017-12-29,24.779,24.839,24.712,24.764,925551
2018-01-02,24.802,24.839,24.591,24.621,1744314
2018-01-03,24.652,24.689,24.554,24.629,1715118
2018-01-04,24.621,24.621,24.208,24.208,1824077
2018-01-05,24.261,24.302,24.193,24.261,1400207
2018-01-08,24.291,24.456,24.268,24.426,990606
2018-01-09,24.411,24.426,24.133,24.148,1277214
2018-01-10,24.035,24.043,23.659,23.772,2174493
2018-01-11,23.832,23.862,23.571,23.622,1343241
2018-01-12,23.599,23.629,23.383,23.449,1657176
2018-01-16,23.591,23.945,23.509,23.561,5520298
2018-01-17,23.629,23.764,23.539,23.697,1713570
2018-01-18,23.659,23.667,23.434,23.471,2276624
2018-01-19,23.531,23.652,23.456,23.637,1640972
2018-01-22,23.652,23.870,23.629,23.862,2096095
2018-01-23,23.915,24.231,23.870,24.231,1873341
2018-01-24,24.163,24.253,24.065,24.163,2990058
2018-01-25,24.148,24.163,23.956,24.110,2115890
2018-01-26,24.118,24.183,23.990,24.178,1472291
2018-01-29,24.110,24.140,23.877,23.900,2092851
2018-01-30,23.794,23.892,23.719,23.802,2347167
2018-01-31,23.840,24.298,23.704,24.291,4213101
2018-02-01,24.215,24.373,23.802,23.847,3937754
2018-02-02,23.607,23.779,23.426,23.576,3719217
2018-02-05,23.494,23.749,22.922,22.967,7652634
2018-02-06,22.772,23.050,22.419,22.922,6741167
2018-02-07,22.870,23.216,22.795,22.817,10201519
2018-02-08,22.765,22.983,22.088,22.103,10497583
2018-02-09,22.216,22.795,21.930,22.622,9654492
2018-02-12,22.719,22.795,22.133,22.682,5294478
2018-02-13,22.622,22.915,22.546,22.847,3049307
2018-02-14,22.629,22.728,22.359,22.704,4055336
2018-02-15,22.719,22.952,22.622,22.915,2924096
2018-02-16,22.915,23.170,22.907,23.065,7702831
2018-02-20,22.945,23.186,22.817,22.832,12237265
2018-02-21,22.825,22.907,22.411,22.411,3924002
2018-02-22,22.501,22.862,22.501,22.667,2969597
2018-02-23,22.765,23.080,22.712,23.080,3106537
2018-02-26,23.148,23.186,23.011,23.163,2436181
2018-02-27,23.186,23.193,22.667,22.667,5371793
2018-02-28,22.787,22.975,22.637,22.637,3312493
2018-03-01,22.644,22.877,22.449,22.524,5627200
2018-03-02,22.441,22.494,22.261,22.449,4863186
2018-03-05,22.359,22.844,22.298,22.765,2574221
2018-03-06,22.757,22.922,22.622,22.855,11143364
2018-03-07,22.734,23.005,22.682,22.952,19120473
2018-03-08,23.020,23.133,22.922,23.133,2200918
2018-03-09,23.140,23.283,23.030,23.283,2277322
2018-03-12,23.283,23.453,23.253,23.396,3270440
2018-03-13,23.456,23.584,23.373,23.471,2837207
2018-03-14,23.531,23.580,23.426,23.516,3261626
2018-03-15,23.539,23.618,23.411,23.516,3602399
2018-03-16,23.498,23.680,23.434,23.642,2807538
2018-03-19,23.642,23.642,23.271,23.407,4095745
2018-03-20,23.423,23.589,23.312,23.400,3647232
2018-03-21,23.400,23.468,23.082,23.188,4715836
2018-03-22,23.158,23.460,23.082,23.105,5319800
2018-03-23,23.143,23.196,22.682,22.742,6203061
2018-03-26,22.931,23.094,22.787,23.052,4544254
2018-03-27,23.060,23.415,22.833,23.090,6480461
2018-03-28,23.165,23.600,23.165,23.513,7058294
2018-03-29,23.589,23.619,23.419,23.506,4264131
2018-04-02,23.536,23.589,23.052,23.218,6294573
2018-04-03,23.264,23.381,23.082,23.302,7277427
2018-04-04,23.158,23.627,23.105,23.574,5217221
2018-04-05,23.612,23.615,23.392,23.597,3365478
2018-04-06,23.528,23.702,23.302,23.355,5657555
2018-04-09,23.400,23.551,23.290,23.347,3302033
2018-04-10,23.506,23.506,23.097,23.188,6040291
2018-04-11,23.120,23.460,23.120,23.249,2896673
2018-04-12,23.309,23.377,22.923,22.976,2634548
2018-04-13,22.984,23.135,22.954,23.097,3011706
2018-04-16,23.158,23.298,23.060,23.203,2515270
2018-04-17,23.271,23.650,23.186,23.513,2845835
2018-04-18,23.544,23.597,23.453,23.453,2118086
2018-04-19,23.370,23.392,22.923,23.060,2722978
2018-04-20,23.090,23.147,22.825,22.855,3173424
2018-04-23,22.855,22.984,22.791,22.901,1929888
2018-04-24,22.923,23.052,22.810,22.923,3913988
2018-04-25,22.886,22.961,22.714,22.848,2337885
2018-04-26,22.923,23.281,22.905,23.143,2621938
2018-04-27,23.075,23.528,22.946,23.453,3408342
2018-04-30,23.400,23.544,23.332,23.362,2895513
2018-05-01,23.400,23.547,23.311,23.528,3076965
2018-05-02,23.445,23.544,23.287,23.423,3362818
2018-05-03,23.392,23.510,23.294,23.415,3260561
2018-05-04,23.392,23.748,23.385,23.680,1804110
2018-05-07,23.718,23.771,23.623,23.725,1737450
2018-05-08,23.650,23.687,23.479,23.559,1693246
2018-05-09,23.559,23.740,23.491,23.740,1498150
2018-05-10,23.823,24.009,23.801,23.960,1628823
2018-05-11,23.967,24.058,23.816,23.846,1206691
2018-05-14,23.854,23.869,23.559,23.680,1882887
2018-05-15,23.528,23.528,23.215,23.279,2371139
2018-05-16,23.332,23.415,23.173,23.218,1562199
2018-05-17,23.196,23.234,23.037,23.097,1758187
2018-05-18,23.113,23.234,23.014,23.113,1395298
2018-05-21,23.165,23.411,23.014,23.347,1477092
2018-05-22,23.347,23.407,23.234,23.377,1567206
2018-05-23,23.370,23.650,23.362,23.566,1543949
2018-05-24,23.574,23.665,23.358,23.476,1537537
2018-05-25,23.498,23.687,23.498,23.589,1713600
2018-05-29,23.536,23.729,23.438,23.650,3255068
2018-05-30,23.627,24.054,23.566,23.960,3589029
2018-05-31,23.854,23.960,23.778,23.884,3811890
2018-06-01,23.876,24.031,23.808,23.982,2424373
2018-06-04,24.035,24.217,23.956,24.217,3660699
2018-06-05,24.255,24.304,24.058,24.096,2623581
2018-06-06,24.081,24.171,23.986,24.164,2120347
2018-06-07,24.186,24.224,24.020,24.164,4379659
2018-06-08,24.141,24.266,24.103,24.247,2237271
2018-06-11,24.224,24.323,24.194,24.239,1788617
2018-06-12,24.141,24.436,24.137,24.376,1508887
2018-06-13,24.376,24.406,23.805,23.831,2002591
2018-06-14,23.922,24.155,23.922,24.058,2131113
2018-06-15,24.048,24.223,23.989,24.017,2439031
2018-06-18,23.941,24.063,23.861,23.995,2107132
2018-06-19,23.903,24.159,23.903,24.025,2535768
2018-06-20,24.056,24.307,24.010,24.284,3724989
2018-06-21,24.307,24.460,24.239,24.429,2826958
2018-06-22,24.513,24.666,24.357,24.643,2292913
2018-06-25,24.658,24.700,24.441,24.582,6956705
2018-06-26,24.612,24.822,24.528,24.711,2106650
2018-06-27,24.772,24.872,24.643,24.643,3679584
2018-06-28,24.635,24.925,24.635,24.887,2795789
2018-06-29,24.864,25.062,24.666,24.948,2922950
2018-07-02,24.917,24.978,24.525,24.803,6280223
2018-07-03,24.834,25.154,24.765,24.948,2916190
2018-07-05,24.994,25.291,24.944,25.276,2699731
2018-07-06,25.345,25.436,25.295,25.383,2440842
2018-07-09,25.421,25.421,25.024,25.146,2344596
2018-07-10,25.161,25.299,25.017,25.268,3077336
2018-07-11,25.245,25.314,25.150,25.192,2347572
2018-07-12,25.253,25.299,25.123,25.253,1660672
2018-07-13,25.268,25.364,25.154,25.169,2143349
2018-07-16,25.062,25.139,24.860,25.032,2759077
2018-07-17,25.039,25.100,24.834,24.864,1720405
2018-07-18,24.826,24.925,24.650,24.772,2092178
2018-07-19,24.727,25.120,24.681,25.009,2363436
2018-07-20,24.948,24.994,24.704,24.788,2041667
2018-07-23,24.780,24.780,24.569,24.719,2796857
2018-07-24,24.704,24.803,24.513,24.650,2104204
2018-07-25,24.666,24.936,24.650,24.895,2608813
2018-07-26,24.917,25.093,24.917,24.978,2256929
2018-07-27,25.055,25.058,24.727,24.750,2666272
2018-07-30,24.772,24.799,24.551,24.727,2941061
2018-07-31,24.917,25.276,24.879,25.207,4027273
2018-08-01,25.017,25.406,24.902,25.375,3776606
2018-08-02,25.276,25.409,25.205,25.253,2963070
2018-08-03,25.268,25.615,25.245,25.581,2720956
2018-08-06,25.604,25.680,25.474,25.528,2860789
2018-08-07,25.543,25.543,25.329,25.474,2122407
2018-08-08,25.512,25.512,25.287,25.314,2437336
2018-08-09,25.322,25.451,25.299,25.360,1937518
2018-08-10,25.314,25.413,25.100,25.116,2655975
2018-08-13,25.116,25.192,25.055,25.108,1652317
2018-08-14,25.161,25.264,25.100,25.207,1559098
2018-08-15,25.215,25.447,25.139,25.428,2608315
2018-08-16,25.421,25.650,25.406,25.627,4032213
2018-08-17,25.642,25.878,25.619,25.871,2608618
2018-08-20,25.909,26.035,25.863,25.901,1947056
2018-08-21,25.848,25.894,25.627,25.665,2117720
2018-08-22,25.650,25.650,25.398,25.505,1380324
2018-08-23,25.497,25.562,25.428,25.444,1233473
2018-08-24,25.413,25.627,25.398,25.619,3533112
2018-08-27,25.634,25.680,25.444,25.581,2515273
2018-08-28,25.581,25.894,25.512,25.894,1887907
2018-08-29,25.886,25.978,25.840,25.856,1468720
2018-08-30,25.901,25.909,25.676,25.718,1730056
2018-08-31,25.749,25.894,25.733,25.817,1579345
2018-09-04,25.764,25.848,25.535,25.589,2310741
2018-09-05,25.535,25.817,25.413,25.749,3256969
2018-09-06,25.787,25.878,25.749,25.833,1960404
2018-09-07,25.711,25.718,25.482,25.505,1898969
2018-09-10,25.619,25.779,25.589,25.642,1797136
2018-09-11,25.558,25.733,25.489,25.650,1534349
2018-09-12,25.680,25.749,25.558,25.672,1388556
2018-09-13,25.772,25.901,25.711,25.833,1576464
2018-09-14,25.756,25.772,25.455,25.611,1828268
2018-09-17,25.550,25.795,25.547,25.756,2339110
2018-09-18,25.718,25.772,25.550,25.604,1451798
2018-09-19,25.611,25.619,25.318,25.360,2033141
2018-09-20,25.367,25.566,25.268,25.550,1928398
2018-09-21,25.567,25.671,25.467,25.552,1954581
2018-09-24,25.467,25.475,24.955,25.051,2862014
2018-09-25,25.051,25.178,25.000,25.028,1710599
2018-09-26,25.051,25.074,24.720,24.750,2323283
2018-09-27,24.789,24.959,24.766,24.827,1599120
2018-09-28,24.835,25.151,24.797,25.136,3145496
2018-10-01,25.136,25.204,24.928,24.943,3654352
2018-10-02,24.951,25.005,24.866,24.866,2752415
2018-10-03,24.889,24.978,24.442,24.581,2625236
2018-10-04,24.581,24.581,24.257,24.465,2934681
2018-10-05,24.496,24.627,24.434,24.473,3406587
2018-10-08,24.550,24.901,24.488,24.789,3076178
2018-10-09,24.781,24.951,24.673,24.874,4429886
2018-10-10,24.804,24.920,24.481,24.481,4361520
2018-10-11,24.527,24.550,23.710,23.764,9558497
2018-10-12,23.903,24.111,23.625,23.748,5288208
2018-10-15,23.741,24.118,23.710,23.895,3894526
2018-10-16,23.926,24.415,23.841,24.342,3272185
2018-10-17,24.311,24.415,24.095,24.272,3449444
2018-10-18,24.265,24.492,24.180,24.280,3345155
2018-10-19,24.303,24.612,24.303,24.527,2999908
2018-10-22,24.589,24.662,24.172,24.180,4269565
2018-10-23,24.111,24.442,24.018,24.334,5159699
2018-10-24,24.373,24.827,24.326,24.619,5443614
2018-10-25,24.673,25.043,24.558,24.912,5413761
2018-10-26,24.804,24.835,24.134,24.265,8951587
2018-10-29,24.442,24.781,24.442,24.666,6143161
2018-10-30,24.696,25.244,24.635,25.074,7427396
2018-10-31,25.074,25.074,24.681,24.735,4202426
2018-11-01,24.804,24.908,24.642,24.827,4848839
2018-11-02,24.874,24.881,24.342,24.619,6876848
2018-11-05,24.681,25.113,24.681,25.028,4093076
2018-11-06,25.028,25.174,24.982,25.167,2958751
2018-11-07,25.298,25.460,25.147,25.444,3917920
2018-11-08,25.413,25.498,25.278,25.498,2664963
2018-11-09,25.460,25.591,25.382,25.529,3558677
2018-11-12,25.537,25.814,25.537,25.583,2861879
2018-11-13,25.583,25.706,25.444,25.637,6307604
2018-11-14,25.729,25.729,25.498,25.629,4368960
2018-11-15,25.529,25.575,25.182,25.429,7158895
2018-11-16,25.421,25.791,25.390,25.791,3738085
2018-11-19,25.799,26.022,25.675,25.860,4668155
2018-11-20,25.760,25.937,25.513,25.521,6593695
2018-11-21,25.552,25.714,25.390,25.506,3707504
2018-11-23,25.444,25.537,25.267,25.413,2542965
2018-11-26,25.475,25.575,25.321,25.467,3242150
2018-11-27,25.452,25.614,25.328,25.606,3227240
2018-11-28,25.606,25.845,25.498,25.814,3645661
2018-11-29,25.806,25.972,25.652,25.845,2600744
2018-11-30,25.922,26.119,25.795,26.092,4327224
2018-12-03,26.130,26.230,25.976,26.215,5321254
2018-12-04,26.176,26.307,25.830,25.868,6476775
2018-12-06,25.806,26.593,25.506,26.577,6368479
2018-12-07,26.492,26.500,26.099,26.176,5559933
2018-12-10,26.176,26.199,25.679,26.076,9157920
2018-12-11,26.199,26.315,26.107,26.122,4645247
2018-12-12,26.223,26.300,25.610,25.629,4298852
2018-12-13,25.652,26.022,25.652,25.806,4652721
2018-12-14,25.729,25.837,25.598,25.760,4138687
2018-12-17,25.791,25.853,24.743,24.797,7213986
2018-12-18,25.020,25.228,24.920,25.043,8109104
2018-12-19,25.066,25.267,24.735,24.812,12877982
2018-12-20,24.905,24.916,24.342,24.511,11332951
2018-12-21,24.642,25.032,24.110,24.135,15120057
2018-12-24,24.252,24.252,23.239,23.246,10641039
2018-12-26,23.324,23.994,23.020,23.987,10947937
2018-12-27,23.831,24.049,23.339,24.041,14151826
2018-12-28,24.260,24.361,23.922,24.127,10390956
2018-12-31,24.205,24.213,23.792,24.174,7807197
2019-01-02,24.018,24.057,23.480,23.620,10445010
2019-01-03,23.597,24.119,23.589,23.729,9743843
2019-01-04,23.924,24.189,23.761,23.971,9620865
2019-01-07,24.002,24.345,23.979,24.174,5141805
2019-01-08,24.322,24.649,24.244,24.595,7575948
2019-01-09,24.626,24.665,24.283,24.494,5100840
2019-01-10,24.423,24.915,24.377,24.883,7837241
2019-01-11,24.805,24.945,24.704,24.930,3095107
2019-01-14,24.837,25.000,24.751,24.852,2918330
2019-01-15,24.868,25.188,24.868,25.133,3925044
2019-01-16,25.110,25.355,25.039,25.250,7295977
2019-01-17,25.219,25.406,25.180,25.375,3397134
2019-01-18,25.476,25.476,25.261,25.468,7865642
2019-01-22,25.445,25.515,25.211,25.421,8116287
2019-01-23,25.554,25.554,25.273,25.437,3087514
2019-01-24,25.398,25.597,25.258,25.538,4578045
2019-01-25,25.624,25.858,25.468,25.835,3031405
2019-01-28,25.749,26.116,25.702,26.092,5276029
2019-01-29,25.999,26.310,25.952,26.295,2530031
2019-01-30,26.326,26.607,26.225,26.513,5118112
2019-01-31,26.490,26.817,26.248,26.771,7024510
2019-02-01,26.810,26.880,26.256,26.607,9829209
2019-02-04,26.576,26.778,26.357,26.763,6513595
2019-02-05,26.794,26.950,26.615,26.942,4186255
2019-02-06,26.864,26.895,26.642,26.732,3535191
2019-02-07,26.669,26.969,26.583,26.958,6325257
2019-02-08,26.849,27.036,26.802,26.958,2913078
2019-02-11,26.981,27.075,26.864,27.036,2971860
2019-02-12,27.059,27.059,26.742,26.849,8982910
2019-02-13,26.833,27.043,26.747,27.028,3751846
2019-02-14,27.043,27.231,26.880,27.129,4006996
2019-02-15,27.207,27.301,27.129,27.293,2674768
2019-02-19,27.254,27.387,27.199,27.324,3921311
2019-02-20,27.192,27.293,26.952,27.153,3200288
2019-02-21,27.051,27.207,26.888,27.199,4484154
2019-02-22,27.231,27.465,27.106,27.355,3477804
2019-02-25,27.402,27.441,27.098,27.129,4075825
2019-02-26,27.207,27.254,27.028,27.075,2674701
2019-02-27,26.973,27.114,26.771,26.989,3252267
2019-02-28,26.981,27.387,26.895,27.067,5002118
2019-03-01,27.114,27.114,26.720,27.036,5897514
2019-03-04,27.114,27.176,26.829,27.145,6178613
2019-03-05,27.098,27.324,27.051,27.223,4066400
2019-03-06,27.231,27.332,27.106,27.153,3832295
2019-03-07,27.168,27.363,27.043,27.129,7592561
2019-03-08,27.075,27.281,27.025,27.153,3103868
2019-03-11,27.277,27.597,27.240,27.574,4124138
2019-03-12,27.613,27.784,27.597,27.722,4323816
2019-03-13,27.737,27.940,27.737,27.854,2725988
2019-03-14,27.862,27.932,27.769,27.925,4504403
2019-03-15,27.952,27.968,27.756,27.811,5436255
2019-03-18,27.843,27.898,27.545,27.670,3318303
2019-03-19,27.694,27.741,27.505,27.592,3464275
2019-03-20,27.615,27.866,27.409,27.717,8689846
2019-03-21,27.678,28.219,27.662,28.211,4798015
2019-03-22,28.211,28.475,28.078,28.078,5026025
2019-03-25,28.094,28.211,27.972,28.101,4370843
2019-03-26,28.203,28.290,28.117,28.274,2357456
2019-03-27,28.321,28.407,28.007,28.180,2939068
2019-03-28,28.243,28.419,28.149,28.415,3626548
2019-03-29,28.407,28.462,28.286,28.407,3565689
2019-04-01,28.447,28.462,28.054,28.321,6733127
2019-04-02,28.352,28.615,28.141,28.564,6604514
2019-04-03,28.556,28.658,28.313,28.533,3581255
2019-04-04,28.564,28.572,28.321,28.447,3507681
2019-04-05,28.478,28.695,28.400,28.666,2869863
2019-04-08,28.658,28.698,28.447,28.525,2918493
2019-04-09,28.533,28.572,28.400,28.439,2094520
2019-04-10,28.509,28.666,28.478,28.666,2606206
2019-04-11,28.674,28.784,28.509,28.627,3705545
2019-04-12,28.588,28.784,28.392,28.784,2691282
2019-04-15,28.792,28.792,28.525,28.611,2115294
2019-04-16,28.619,28.619,27.796,27.937,3994518
2019-04-17,28.023,28.078,27.556,27.647,4323531
2019-04-18,27.772,27.913,27.537,27.866,2756855
2019-04-22,27.811,27.811,27.313,27.560,4012606
2019-04-23,27.662,27.945,27.560,27.874,5469085
2019-04-24,27.952,28.180,27.882,28.070,3304210
2019-04-25,27.984,28.125,27.811,28.039,4198357
2019-04-26,28.149,28.247,28.007,28.227,2517014
2019-04-29,28.133,28.290,27.901,27.937,3256824
2019-04-30,27.952,28.294,27.756,28.258,4650163
2019-05-01,28.282,28.603,28.203,28.258,6051274
2019-05-02,28.266,28.596,28.266,28.313,5382631
2019-05-03,28.431,28.556,28.298,28.509,3223438
2019-05-06,28.384,28.501,28.211,28.392,3377164
2019-05-07,28.298,28.345,27.701,27.905,3711849
2019-05-08,27.960,28.172,27.894,27.905,3831514
2019-05-09,27.843,28.031,27.654,28.000,5684523
2019-05-10,27.937,28.392,27.917,28.321,3268361
2019-05-13,28.133,28.368,28.078,28.321,3392058
2019-05-14,28.376,28.541,28.313,28.423,3984429
2019-05-15,28.423,28.713,28.313,28.611,3478218
2019-05-16,28.611,28.894,28.588,28.776,2834171
2019-05-17,28.643,28.792,28.580,28.737,3403223
2019-05-20,28.635,28.682,28.172,28.274,3472111
2019-05-21,28.400,28.592,28.352,28.509,2353582
2019-05-22,28.541,28.666,28.478,28.643,1982786
2019-05-23,28.564,28.811,28.517,28.784,2521111
2019-05-24,28.909,29.011,28.815,28.823,1523622
2019-05-28,28.964,29.011,28.517,28.525,2496427
2019-05-29,28.501,28.572,28.079,28.196,2648701
2019-05-30,28.227,28.458,28.180,28.368,2656216
2019-05-31,28.305,28.760,28.266,28.603,4582080
2019-06-03,28.705,28.760,28.462,28.713,6621392
2019-06-04,28.721,28.721,28.313,28.556,3596835
2019-06-05,28.721,29.223,28.619,29.207,4495215
2019-06-06,29.286,29.317,29.082,29.262,2272535
2019-06-07,29.427,29.537,29.317,29.356,2114012
2019-06-10,29.396,29.419,29.121,29.254,3041358
2019-06-11,29.333,29.396,29.109,29.309,2472168
2019-06-12,29.349,29.560,29.317,29.419,2555518
2019-06-13,29.443,29.501,29.345,29.458,2511316
2019-06-14,29.458,29.683,29.458,29.584,1945880
2019-06-17,29.662,29.941,29.662,29.905,4130206
2019-06-18,30.062,30.188,29.701,29.819,4654378
2019-06-19,29.796,30.113,29.654,30.015,4654331
2019-06-20,30.156,30.290,30.133,30.196,4478825
2019-06-21,30.173,30.173,29.707,29.857,9512509
2019-06-24,29.928,30.031,29.660,29.707,5083625
2019-06-25,29.739,29.849,29.296,29.304,3829009
2019-06-26,29.304,29.304,28.632,28.735,7944624
2019-06-27,28.909,29.082,28.893,28.972,4578462
2019-06-28,29.019,29.232,28.972,29.067,5010567
2019-07-01,29.209,29.249,28.683,29.011,6780378
2019-07-02,29.090,29.557,29.067,29.549,5959009
2019-07-03,29.636,29.984,29.603,29.976,3519524
2019-07-05,29.754,29.912,29.351,29.810,5079182
2019-07-08,29.786,29.984,29.739,29.920,3435871
2019-07-09,29.857,30.114,29.818,30.079,3166642
2019-07-10,30.189,30.284,30.015,30.245,8591227
2019-07-11,30.197,30.205,29.727,29.857,5157712
2019-07-12,29.873,29.913,29.640,29.739,3620415
2019-07-15,29.802,29.976,29.699,29.778,2650114
2019-07-16,29.747,29.838,29.636,29.731,3533020
2019-07-17,29.810,29.905,29.426,29.581,3227299
2019-07-18,29.509,29.660,29.351,29.573,4028807
2019-07-19,29.604,29.636,29.059,29.090,4515822
2019-07-22,29.130,29.162,28.936,29.059,3030990
2019-07-23,29.130,29.351,29.027,29.343,3084844
2019-07-24,29.383,29.415,29.217,29.320,2663632
2019-07-25,29.288,29.351,29.067,29.193,3237489
2019-07-26,29.217,29.367,29.067,29.288,2822339
2019-07-29,29.359,29.596,29.343,29.399,3030934
2019-07-30,29.399,29.782,29.391,29.691,3455585
2019-07-31,29.723,29.952,29.399,29.573,6644017
2019-08-01,29.660,29.913,29.375,29.644,9956296
2019-08-02,29.675,30.075,29.616,29.873,4953608
2019-08-05,29.802,29.818,28.948,29.304,6359706
2019-08-06,29.367,29.786,29.264,29.667,6841522
2019-08-07,29.691,30.142,29.213,29.944,7396241
2019-08-08,29.984,30.418,29.723,30.418,5601795
2019-08-09,30.347,30.537,30.110,30.411,4695743
2019-08-12,30.403,30.501,30.201,30.379,4115256
2019-08-13,30.387,30.513,30.110,30.403,5176067
2019-08-14,30.324,30.324,29.889,29.928,5999560
2019-08-15,30.015,30.411,29.928,30.347,5501448
2019-08-16,30.418,30.640,30.331,30.561,3766892
2019-08-19,30.703,30.901,30.553,30.837,2930052
2019-08-20,30.877,30.948,30.584,30.608,3245447
2019-08-21,30.679,30.811,30.561,30.735,3480651
2019-08-22,30.766,30.916,30.545,30.885,2511056
2019-08-23,30.893,31.097,30.367,30.497,6048039
2019-08-26,30.648,30.790,30.505,30.782,3620970
2019-08-27,30.924,31.011,30.663,30.679,3042254
2019-08-28,30.695,30.822,30.612,30.766,3129537
2019-08-29,30.932,31.039,30.814,30.988,3070160
2019-08-30,31.082,31.138,30.901,30.996,3623097
2019-09-03,30.948,31.438,30.932,31.438,6160951
2019-09-04,31.588,31.731,31.501,31.699,3541380
2019-09-05,31.699,31.707,31.312,31.422,3925895
2019-09-06,31.438,31.610,31.375,31.462,2457626
2019-09-09,31.478,31.486,31.146,31.225,4619175
2019-09-10,31.075,31.075,30.553,30.766,5632879
2019-09-11,30.719,30.782,30.521,30.695,7352958
2019-09-12,30.924,31.075,30.640,30.877,5425203
2019-09-13,30.790,30.956,30.407,30.505,5653673
2019-09-16,30.497,30.837,30.466,30.822,4535690
2019-09-17,30.956,31.264,30.948,31.256,6054621
2019-09-18,31.335,31.391,30.856,31.162,4031739
2019-09-19,31.209,31.375,31.130,31.264,3941525
2019-09-20,31.331,31.386,31.116,31.132,5392504
2019-09-23,31.108,31.374,31.052,31.243,3188973
2019-09-24,31.323,31.426,31.060,31.203,6528741
2019-09-25,31.211,31.307,31.060,31.171,3912606
2019-09-26,31.267,31.536,31.243,31.474,2568779
2019-09-27,31.530,31.546,31.020,31.267,3350711
2019-09-30,31.291,31.474,31.259,31.307,3457467
2019-10-01,31.275,31.355,30.917,31.036,6075616
2019-10-02,30.996,31.072,30.662,30.845,5305283
2019-10-03,30.845,31.275,30.797,31.211,6328378
2019-10-04,31.259,31.426,31.227,31.355,2648336
2019-10-07,31.275,31.442,31.156,31.299,3156945
2019-10-08,31.275,31.406,30.988,31.148,4522024
2019-10-09,31.267,31.370,31.168,31.243,2969903
2019-10-10,31.203,31.370,31.068,31.323,3373359
2019-10-11,31.410,31.490,31.187,31.219,4953383
2019-10-14,31.243,31.386,31.124,31.267,1794021
2019-10-15,31.275,31.331,31.028,31.291,3019196
2019-10-16,31.291,31.323,31.048,31.251,5942843
2019-10-17,31.331,31.546,31.251,31.458,4775600
2019-10-18,31.450,31.824,31.450,31.760,2312993
2019-10-21,31.768,31.999,31.681,31.975,1957337
2019-10-22,32.047,32.103,31.840,31.880,2226043
2019-10-23,31.896,32.015,31.665,31.935,2160605
2019-10-24,31.999,32.039,31.725,31.816,1781849
2019-10-25,31.744,31.792,31.355,31.426,2842495
2019-10-28,31.370,31.417,31.028,31.092,3323460
2019-10-29,31.140,31.370,31.084,31.171,2166872
2019-10-30,31.235,31.402,30.996,31.402,2637305
2019-10-31,31.458,31.498,31.179,31.299,3264804
2019-11-01,31.339,31.446,30.893,31.219,3370033
2019-11-04,31.164,31.195,30.829,30.869,3042108
2019-11-05,30.774,30.774,30.153,30.336,6643622
2019-11-06,30.376,30.590,30.348,30.447,2425344
2019-11-07,30.360,30.368,30.014,30.121,3725757
2019-11-08,30.057,30.280,29.986,30.065,2612098
2019-11-11,30.049,30.230,30.041,30.121,2538716
2019-11-12,30.121,30.325,29.882,29.922,6213465
2019-11-13,29.970,30.296,29.954,30.224,2211105
2019-11-14,30.296,30.527,30.256,30.527,2525065
2019-11-15,30.551,30.686,30.455,30.678,2615713
2019-11-18,30.718,30.980,30.694,30.845,2855536
2019-11-19,30.901,30.980,30.790,30.909,3345142
2019-11-20,30.885,30.996,30.728,30.925,5711407
2019-11-21,30.853,30.853,30.472,30.511,3556116
2019-11-22,30.543,30.559,30.189,30.336,3616856
2019-11-25,30.400,30.567,30.308,30.360,2716630
2019-11-26,30.384,30.782,30.360,30.782,4916850
2019-11-27,30.766,30.885,30.646,30.877,2605248
2019-11-29,30.853,30.996,30.726,30.758,2550795
2019-12-02,30.678,30.734,30.193,30.193,6651532
2019-12-03,30.177,30.495,30.169,30.439,3583960
2019-12-04,30.376,30.674,30.312,30.599,2283784
2019-12-05,30.551,30.646,30.427,30.646,3013972
2019-12-06,30.654,30.797,30.626,30.654,3855609
2019-12-09,30.694,30.782,30.571,30.694,2585450
2019-12-10,30.718,30.805,30.400,30.479,7303226
2019-12-11,30.551,30.551,30.145,30.248,6222871
2019-12-12,30.264,30.368,29.795,29.882,7621045
2019-12-13,29.874,30.026,29.652,29.914,6151958
2019-12-16,29.962,30.232,29.775,30.145,5093428
2019-12-17,30.201,30.240,29.759,29.819,4452043
2019-12-18,29.819,30.296,29.819,30.240,3504122
2019-12-19,30.209,30.551,30.153,30.527,3334475
2019-12-20,30.648,30.845,30.607,30.760,3691768
2019-12-23,30.833,30.857,30.519,30.567,3000311
2019-12-24,30.599,30.688,30.503,30.615,1120202
2019-12-26,30.680,30.817,30.615,30.800,1607212
2019-12-27,30.897,30.945,30.780,30.913,1828518
2019-12-30,30.849,30.937,30.744,30.889,2638352
2019-12-31,30.873,31.138,30.849,31.106,3673099
2020-01-02,31.203,31.251,30.624,30.744,4380118
2020-01-03,30.559,31.038,30.543,30.969,3498976
2020-01-06,30.913,31.098,30.849,30.977,3097151
2020-01-07,30.889,30.889,30.475,30.640,3550565
2020-01-08,30.672,30.841,30.559,30.792,5089004
2020-01-09,30.768,30.857,30.688,30.784,2885011
2020-01-10,30.849,31.091,30.780,31.082,6513184
2020-01-13,31.098,31.460,31.090,31.460,2986392
2020-01-14,31.428,31.428,31.134,31.307,3719957
2020-01-15,31.388,31.621,31.380,31.524,4468672
2020-01-16,31.597,31.806,31.516,31.806,4244510
2020-01-17,31.790,31.959,31.750,31.846,3014672
2020-01-21,31.854,32.192,31.798,32.168,2329540
2020-01-22,32.256,32.345,31.854,31.911,5815176
2020-01-23,31.927,32.240,31.846,32.216,2637757
2020-01-24,32.281,32.341,32.047,32.168,2537210
2020-01-27,31.975,32.152,31.943,32.031,6741549
2020-01-28,32.071,32.248,31.991,32.112,2904339
2020-01-29,32.216,32.289,31.911,31.943,5409626
2020-01-30,31.838,32.042,31.782,32.015,3847202
2020-01-31,31.935,31.975,31.480,31.557,7586185
2020-02-03,31.685,31.885,31.561,31.589,6253269
2020-02-04,31.701,32.116,31.641,31.999,5309487
2020-02-05,32.031,32.112,31.894,31.975,3049305
2020-02-06,32.079,32.184,32.015,32.112,2676692
2020-02-07,32.128,32.164,32.035,32.128,3214279
2020-02-10,32.232,32.514,32.200,32.498,3719240
2020-02-11,32.610,33.117,32.610,32.892,10001682
2020-02-12,32.932,33.182,32.811,33.101,2539574
2020-02-13,33.053,33.379,33.013,33.302,2820678
2020-02-14,33.383,33.696,33.334,33.688,2234880
2020-02-18,33.728,33.728,33.455,33.656,3260145
2020-02-19,33.664,33.664,33.182,33.182,2605928
2020-02-20,33.270,33.576,33.109,33.552,3901831
2020-02-21,33.552,33.785,33.511,33.728,2986922
2020-02-24,33.334,33.636,33.126,33.278,4703104
2020-02-25,33.367,33.479,32.321,32.441,9189246
2020-02-26,32.482,32.735,32.088,32.160,5332573
2020-02-27,31.629,31.758,30.334,30.342,15861495
2020-02-28,29.698,29.892,28.711,29.594,44498922
2020-03-02,29.739,31.074,29.666,31.066,19686198
2020-03-03,31.130,31.818,30.744,31.042,37983692
2020-03-04,31.452,32.289,31.404,32.248,13712925
2020-03-05,31.717,31.975,31.154,31.508,13348365
2020-03-06,30.825,31.098,29.956,30.969,16942321
2020-03-09,29.320,29.731,28.757,28.781,12790833
2020-03-10,29.521,30.229,28.476,30.181,18902393
2020-03-11,29.449,29.497,28.275,28.564,16089090
2020-03-12,26.754,27.816,22.523,26.111,9058567
2020-03-13,27.486,28.444,26.167,28.403,9694874
2020-03-16,25.580,26.272,23.673,23.859,5840090
2020-03-17,24.220,25.974,23.682,25.306,7233869
2020-03-18,23.810,24.832,22.821,23.529,12255764
2020-03-19,23.183,23.762,22.523,23.159,13466582
2020-03-20,23.287,23.810,21.695,21.848,16549750
2020-03-23,21.786,21.819,20.165,20.635,28171339
2020-03-24,21.584,22.508,21.251,22.435,15346904
2020-03-25,22.597,24.664,22.273,23.432,18863487
2020-03-26,23.634,25.336,23.472,25.231,17227554
2020-03-27,24.453,25.895,24.437,25.296,11813336
2020-03-30,25.433,26.082,24.874,25.952,10377675
2020-03-31,25.766,25.806,24.534,25.126,9015844
2020-04-01,23.991,24.007,23.083,23.602,11255278
2020-04-02,23.326,24.291,23.310,23.950,11021706
2020-04-03,23.780,24.153,23.318,23.748,7974059
2020-04-06,24.647,25.571,24.647,25.466,9514271
2020-04-07,26.487,26.738,25.458,25.474,19488587
2020-04-08,25.806,27.533,25.531,27.387,27207489
2020-04-09,27.881,29.137,27.841,28.797,49899825
2020-04-13,28.635,28.684,27.310,27.476,9877341
2020-04-14,28.035,28.521,28.035,28.392,6718630
2020-04-15,27.646,27.865,27.038,27.298,5378891
2020-04-16,27.338,27.573,26.961,27.119,4372834
2020-04-17,27.841,28.124,27.525,27.995,6540371
2020-04-20,27.500,27.606,26.957,26.957,5773912
2020-04-21,26.325,26.755,26.236,26.560,7839480
2020-04-22,26.965,27.265,26.763,27.022,5385759
2020-04-23,27.071,27.249,26.657,26.714,6367801
2020-04-24,26.852,26.934,26.516,26.811,5142663
2020-04-27,27.030,27.687,27.030,27.589,4024219
2020-04-28,28.076,28.384,27.589,27.614,5954711
2020-04-29,28.173,28.262,27.670,27.687,6095091
2020-04-30,27.322,27.598,27.046,27.492,6833466
2020-05-01,26.819,26.998,26.487,26.649,5724249
2020-05-04,26.414,26.657,26.009,26.633,6816563
2020-05-05,26.860,27.159,26.767,26.803,4899377
2020-05-06,26.884,27.006,26.309,26.309,4609532
2020-05-07,26.568,26.876,26.390,26.544,4915782
2020-05-08,26.852,27.111,26.779,27.030,4430222
2020-05-11,26.738,27.111,26.568,26.706,4566473
2020-05-12,26.811,26.836,25.555,25.571,16489496
2020-05-13,25.425,25.725,25.040,25.166,5131365
2020-05-14,24.842,25.198,24.339,25.198,8269328
2020-05-15,25.020,25.117,24.631,25.109,7480782
2020-05-18,25.863,26.544,25.863,26.333,6286430
2020-05-19,26.195,26.293,25.823,25.823,5799350
2020-05-20,26.098,26.139,25.863,26.066,4041644
2020-05-21,25.977,26.155,25.741,25.936,4289019
2020-05-22,25.960,26.520,25.839,26.503,4743147
2020-05-26,27.338,27.533,27.026,27.346,5756587
2020-05-27,27.906,27.930,27.233,27.930,5779761
2020-05-28,28.254,28.295,27.914,28.246,5281258
2020-05-29,28.060,28.222,27.808,28.084,7830923
2020-06-01,28.060,28.858,27.978,28.643,5272578
2020-06-02,28.821,28.943,28.497,28.829,4613070
2020-06-03,29.089,29.685,29.040,29.518,3685708
2020-06-04,29.373,29.389,28.740,28.967,3692345
2020-06-05,29.883,30.232,29.753,30.029,5313644
2020-06-08,30.345,30.686,30.296,30.686,4383358
2020-06-09,30.240,30.475,29.964,30.329,3635616
2020-06-10,30.199,30.337,29.583,29.762,3956969
2020-06-11,28.635,28.951,27.889,27.922,17916007
2020-06-12,28.789,28.927,28.092,28.805,7620282
2020-06-15,28.027,29.275,27.987,29.170,5147825
2020-06-16,30.070,30.151,29.170,29.656,6504179
2020-06-17,29.843,29.843,29.300,29.308,3547564
2020-06-18,29.097,29.137,28.805,28.943,2249177
2020-06-19,29.356,29.381,28.432,28.651,4618779
2020-06-22,28.560,28.670,28.184,28.568,2525363
2020-06-23,28.838,28.911,28.421,28.462,2412716
2020-06-24,28.135,28.241,27.163,27.735,6262109
2020-06-25,27.588,28.045,27.502,28.029,3513263
2020-06-26,27.947,28.086,27.482,27.547,4398759
2020-06-29,27.776,28.021,27.466,28.021,4052672
2020-06-30,28.078,28.568,28.005,28.429,3639021
2020-07-01,28.544,29.295,28.482,29.205,5159464
2020-07-02,29.638,29.663,29.001,29.107,2560481
2020-07-06,29.605,29.695,29.085,29.140,3167871
2020-07-07,28.895,29.017,28.658,28.666,2480446
2020-07-08,28.756,28.846,28.397,28.650,11063924
2020-07-09,28.593,28.666,28.094,28.552,6024658
2020-07-10,28.552,28.732,28.437,28.585,5978367
2020-07-13,28.683,28.740,28.062,28.135,9997846
2020-07-14,28.168,28.503,28.094,28.413,6199916
2020-07-15,28.789,28.887,28.384,28.544,7492465
2020-07-16,28.429,28.560,28.139,28.209,3339298
2020-07-17,28.331,28.740,28.184,28.601,8696262
2020-07-20,28.625,28.781,28.233,28.331,2792251
2020-07-21,28.593,28.658,28.258,28.339,5930676
2020-07-22,28.299,28.691,28.119,28.683,21830326
2020-07-23,28.634,28.789,28.225,28.535,9896092
2020-07-24,28.486,28.666,28.364,28.421,3381611
2020-07-27,28.437,28.772,28.143,28.756,3465702
2020-07-28,28.748,29.481,28.683,29.336,3584166
2020-07-29,29.442,29.891,29.426,29.891,3037936
2020-07-30,29.507,29.663,29.254,29.646,3104033
2020-07-31,29.605,29.663,29.189,29.614,4594445
2020-08-03,29.507,29.548,29.062,29.140,4743553
2020-08-04,29.148,29.667,29.107,29.573,4030639
2020-08-05,29.687,29.752,29.271,29.352,2729221
2020-08-06,29.295,29.458,29.193,29.409,2887768
2020-08-07,29.287,29.830,29.279,29.810,4065356
2020-08-10,29.875,29.948,29.638,29.761,2955501
2020-08-11,30.014,30.014,29.088,29.189,5520096
2020-08-12,29.401,29.630,29.271,29.556,4035214
2020-08-13,29.475,29.695,29.181,29.213,4096583
2020-08-14,29.197,29.507,29.166,29.287,2393092
2020-08-17,29.279,29.548,29.186,29.548,2824897
2020-08-18,29.605,29.618,29.328,29.516,2577946
2020-08-19,29.573,29.589,28.870,28.911,4327624
2020-08-20,28.797,29.356,28.723,29.222,3032796
2020-08-21,29.295,29.393,28.945,29.320,2155665
2020-08-24,29.360,29.377,28.936,29.360,3356902
2020-08-25,29.450,29.483,29.190,29.450,3226586
2020-08-26,29.369,29.409,29.048,29.246,2206350
2020-08-27,29.320,29.728,29.287,29.638,3098378
2020-08-28,29.687,29.867,29.393,29.867,1583522
2020-08-31,29.826,29.826,29.499,29.605,3522726
2020-09-01,29.516,29.597,29.295,29.556,4280149
2020-09-02,29.597,30.251,29.369,30.218,4662960
2020-09-03,30.177,30.381,29.491,29.712,8943139
2020-09-04,29.810,29.997,29.091,29.605,9308109
2020-09-08,29.409,29.483,29.009,29.230,6823043
2020-09-09,29.426,29.948,29.369,29.548,4081614
2020-09-10,29.516,29.605,29.115,29.132,6020496
2020-09-11,29.213,29.287,28.821,29.034,5445038
2020-09-14,29.230,29.821,29.230,29.744,3170386
2020-09-15,29.826,30.414,29.801,30.136,2939376
2020-09-16,30.283,30.639,30.185,30.332,3545384
2020-09-17,30.071,30.267,29.462,29.663,3656846
2020-09-18,29.679,29.679,29.017,29.075,6253456
2020-09-21,28.748,28.789,28.144,28.296,6226570
2020-09-22,28.370,28.863,28.329,28.633,4577973
2020-09-23,28.583,28.641,27.766,27.811,4318105
2020-09-24,27.828,28.304,27.721,27.943,4926435
2020-09-25,27.836,28.518,27.787,28.485,2750159
2020-09-28,28.855,29.101,28.805,28.978,2795445
2020-09-29,28.896,29.019,28.657,28.830,2217579
2020-09-30,28.970,29.249,28.690,28.978,4386053
2020-10-01,29.085,29.463,28.896,29.454,5842136
2020-10-02,29.011,30.021,28.994,29.931,4494621
2020-10-05,30.013,30.136,29.483,30.095,2185895
2020-10-06,30.177,30.260,29.734,29.841,4225592
2020-10-07,30.038,30.116,29.816,29.923,2158300
2020-10-08,30.112,30.572,30.071,30.424,2208722
2020-10-09,30.596,30.605,30.226,30.342,2607101
2020-10-12,30.399,30.564,30.202,30.498,2747255
2020-10-13,30.399,30.399,29.808,29.980,4258695
2020-10-14,30.021,30.029,29.594,29.635,7041385
2020-10-15,29.454,30.021,29.438,29.775,3691224
2020-10-16,29.799,29.857,29.569,29.668,2717919
2020-10-19,29.841,29.849,29.167,29.208,3780451
2020-10-20,29.364,29.606,29.315,29.397,5962176
2020-10-21,29.306,29.471,29.216,29.290,3566744
2020-10-22,29.282,29.323,29.031,29.085,2941548
2020-10-23,29.200,29.356,29.039,29.274,2194129
2020-10-26,29.052,29.052,28.649,28.920,3322561
2020-10-27,28.970,29.118,28.551,28.551,2760428
2020-10-28,28.091,28.403,27.795,27.918,5331538
2020-10-29,27.984,28.477,27.721,28.238,4988406
2020-10-30,28.066,28.238,27.696,28.058,5662410
2020-11-02,28.370,28.748,28.173,28.748,5348926
2020-11-03,28.978,29.380,28.887,29.200,4895680
2020-11-04,29.323,29.824,29.126,29.282,5642501
2020-11-05,29.512,29.676,29.258,29.389,4700081
2020-11-06,29.413,29.623,29.167,29.274,4520680
2020-11-09,30.687,32.133,29.972,30.046,11855466
2020-11-10,30.087,30.391,29.956,30.210,9593438
2020-11-11,30.366,30.621,30.128,30.440,6199447
2020-11-12,30.350,30.535,29.947,30.128,5034964
2020-11-13,30.292,30.892,30.292,30.818,3078596
2020-11-16,31.377,31.443,30.646,31.015,4066488
2020-11-17,30.826,31.147,30.596,31.032,4490300
2020-11-18,31.056,31.340,30.490,30.506,4535216
2020-11-19,30.465,30.613,30.136,30.555,4565550
2020-11-20,30.596,30.605,30.243,30.350,2769259
2020-11-23,30.522,30.580,30.198,30.251,4084767
2020-11-24,30.596,30.703,30.200,30.235,3206742
2020-11-25,30.292,30.375,30.046,30.309,3552093
2020-11-27,30.448,30.448,30.128,30.251,1790355
2020-11-30,30.235,30.235,29.845,29.988,4225219
2020-12-01,30.292,30.472,30.227,30.366,4492259
2020-12-02,30.284,30.473,30.021,30.046,3000605
2020-12-03,30.103,30.416,30.071,30.268,2941790
2020-12-04,30.440,30.687,30.407,30.670,3325544
2020-12-07,30.629,30.695,30.264,30.366,3027814
2020-12-08,30.251,30.432,30.210,30.227,2184107
2020-12-09,30.260,30.284,29.758,29.947,3443201
2020-12-10,29.832,30.071,29.693,29.783,2687326
2020-12-11,29.660,29.808,29.454,29.799,2340504
2020-12-14,30.054,30.231,29.569,29.586,3412563
2020-12-15,29.742,30.103,29.528,30.103,2593162
2020-12-16,30.161,30.321,29.938,30.112,2881590
2020-12-17,30.276,30.506,30.186,30.465,2124153
2020-12-18,30.490,30.506,29.721,29.939,4150862
2020-12-21,29.572,29.746,29.380,29.671,5463891
2020-12-22,29.696,29.880,29.572,29.880,1673049
2020-12-23,29.979,30.144,29.597,29.597,1965455
2020-12-24,29.713,29.888,29.696,29.888,1599353
2020-12-28,29.988,30.154,29.846,30.129,2955526
2020-12-29,30.262,30.387,29.896,29.896,2212178
2020-12-30,29.971,30.287,29.909,30.063,2364950
2020-12-31,30.071,30.471,29.838,30.429,4082950
2021-01-04,30.495,30.554,29.438,29.447,4967013
2021-01-05,29.463,29.696,29.389,29.413,4437634
2021-01-06,29.422,29.459,29.106,29.272,7383437
2021-01-07,29.339,29.463,29.143,29.364,3433735
2021-01-08,29.438,29.771,29.397,29.680,3419871
2021-01-11,29.522,29.655,29.093,29.180,4049912
2021-01-12,29.122,29.239,28.839,29.205,4372477
2021-01-13,29.189,29.655,29.189,29.605,3024381
2021-01-14,29.688,29.979,29.547,29.788,3792264
2021-01-15,29.721,30.301,29.655,30.246,4212795
2021-01-19,30.396,30.412,29.984,30.046,3346761
2021-01-20,30.121,30.790,29.971,30.670,4404380
2021-01-21,30.545,30.603,30.271,30.570,2669551
2021-01-22,30.421,30.720,30.396,30.645,2354188
2021-01-25,30.637,31.103,30.487,30.920,5784248
2021-01-26,30.962,31.319,30.895,31.236,3398852
2021-01-27,31.045,31.369,30.637,30.837,8413461
2021-01-28,30.895,31.287,30.629,30.920,11831185
2021-01-29,30.687,31.036,30.421,30.595,5590816
2021-02-01,30.787,31.299,30.396,31.286,3729295
2021-02-02,31.444,31.577,31.220,31.419,3017377
2021-02-03,31.378,31.403,30.870,31.294,3472202
2021-02-04,31.336,31.661,31.236,31.469,3039197
2021-02-05,31.561,31.636,31.444,31.577,2019434
2021-02-08,31.594,31.652,31.369,31.644,2574962
2021-02-09,31.711,31.885,31.611,31.786,1680236
2021-02-10,31.944,32.214,31.820,32.002,3329149
2021-02-11,32.044,32.135,31.777,31.944,2301028
2021-02-12,31.869,32.010,31.645,31.935,1826293
2021-02-16,31.985,32.019,31.436,31.594,3341258
2021-02-17,31.577,31.673,31.394,31.619,3277239
2021-02-18,31.494,31.652,31.478,31.602,2932073
2021-02-19,31.752,31.927,31.615,31.702,2474979
2021-02-22,31.652,32.002,31.528,31.885,4293099
2021-02-23,32.077,32.202,31.881,32.002,5986098
2021-02-24,32.002,32.264,31.885,32.152,3779934
2021-02-25,32.160,32.376,31.411,31.627,6790184
2021-02-26,31.727,31.727,31.059,31.078,8008398
2021-03-01,31.428,31.644,31.107,31.111,4519217
2021-03-02,31.128,31.145,30.670,30.920,7503389
2021-03-03,30.920,30.920,30.491,30.537,7743458
2021-03-04,30.637,30.895,30.021,30.312,11154925
2021-03-05,30.545,30.795,29.871,30.662,9431770
2021-03-08,30.737,31.195,30.520,30.812,5381123
2021-03-09,30.970,31.374,30.970,31.161,4169276
2021-03-10,31.195,31.661,31.111,31.469,4899776
2021-03-11,31.561,32.168,31.482,31.935,4092271
2021-03-12,31.902,32.485,31.885,32.485,3620896
2021-03-15,32.510,32.942,32.328,32.851,4585737
2021-03-16,32.901,33.009,32.701,32.851,3814369
2021-03-17,32.793,32.834,32.510,32.801,4914812
2021-03-18,32.618,32.684,32.343,32.593,4146854
2021-03-19,32.601,32.717,32.110,32.160,5718710
2021-03-22,32.178,32.615,32.077,32.514,4371678
2021-03-23,32.582,32.842,32.447,32.615,4453823
2021-03-24,32.598,32.809,32.367,32.472,10397818
2021-03-25,32.472,32.788,32.128,32.750,5724689
2021-03-26,32.901,33.565,32.817,33.548,4550864
2021-03-29,33.431,33.624,33.069,33.473,5335637
2021-03-30,33.422,33.473,33.246,33.330,4539982
2021-03-31,33.288,33.537,33.010,33.195,5083627
2021-04-01,33.355,33.725,33.178,33.725,6087156
2021-04-05,33.935,33.935,33.574,33.901,5235641
2021-04-06,33.826,33.985,33.691,33.985,4270221
2021-04-07,34.002,34.107,33.721,34.027,3063163
2021-04-08,34.070,34.212,33.830,33.859,4042559
2021-04-09,33.918,33.952,33.758,33.910,1918659
2021-04-12,33.985,34.116,33.700,34.112,2991060
2021-04-13,34.112,34.347,34.027,34.313,7557848
2021-04-14,34.296,34.473,34.061,34.103,3045973
2021-04-15,34.296,34.759,34.212,34.750,3794373
2021-04-16,34.902,34.927,34.708,34.801,3173765
2021-04-19,34.809,34.923,34.603,34.910,3305089
2021-04-20,34.843,35.406,34.801,35.297,5048595
2021-04-21,35.356,35.524,35.246,35.457,4182355
2021-04-22,35.414,35.616,35.246,35.305,4101020
2021-04-23,35.398,35.608,35.288,35.507,3551670
2021-04-26,35.650,35.784,35.490,35.583,2893556
2021-04-27,35.700,35.700,35.490,35.583,3721683
2021-04-28,35.641,35.709,35.431,35.457,2246639
2021-04-29,35.650,35.793,35.473,35.717,4302821
2021-04-30,35.591,35.986,35.557,35.952,4616275
2021-05-03,36.037,36.037,35.709,35.759,5074293
2021-05-04,35.683,35.910,35.322,35.541,4914570
2021-05-05,35.490,35.225,34.868,35.019,5997544
2021-05-06,35.036,35.230,34.893,35.188,4116440
2021-05-07,35.154,35.633,35.154,35.616,3863672
2021-05-10,35.793,36.094,35.696,35.776,3873254
2021-05-11,35.398,35.488,35.032,35.356,5546211
2021-05-12,35.213,35.305,34.481,34.498,5444028
2021-05-13,34.565,35.135,34.557,34.935,10719312
2021-05-14,35.112,35.398,34.986,35.263,3814151
2021-05-17,35.230,35.368,35.154,35.280,3579584
2021-05-18,35.263,35.557,35.032,35.347,4545494
2021-05-19,35.078,35.213,34.742,35.213,7500893
2021-05-20,35.154,35.784,35.091,35.650,5260800
2021-05-21,35.734,35.784,35.532,35.591,4565100
2021-05-24,35.793,36.142,35.734,35.978,9873018
2021-05-25,36.045,36.212,35.818,36.087,4333796
2021-05-26,36.146,36.398,36.053,36.163,4738218
2021-05-27,36.280,36.297,36.065,36.121,4141668
2021-05-28,36.337,36.490,36.272,36.364,3533959
2021-06-01,36.549,36.986,36.381,36.986,5512307
2021-06-02,37.079,37.508,36.970,37.499,4599033
2021-06-03,37.358,37.457,37.184,37.424,3446770
2021-06-04,37.550,37.600,37.272,37.457,3061312
2021-06-07,37.508,37.953,37.508,37.810,5659722
2021-06-08,37.886,38.136,37.831,38.012,5577221
2021-06-09,38.146,38.220,38.020,38.054,2401734
2021-06-10,38.071,38.508,37.974,38.441,3818378
2021-06-11,38.483,38.483,38.054,38.197,4478131
2021-06-14,38.205,38.432,38.146,38.415,2745962
2021-06-15,38.415,38.415,38.029,38.062,2948316
2021-06-16,38.146,38.252,37.684,37.718,6093074
2021-06-17,37.634,37.886,37.550,37.861,4558662
2021-06-18,37.650,37.865,37.264,37.264,9034368
2021-06-21,37.427,38.095,37.283,38.002,4818085
2021-06-22,38.019,38.028,37.825,37.833,2428564
2021-06-23,37.816,37.938,37.666,37.715,5049269
2021-06-24,37.850,37.850,37.376,37.537,3268042
2021-06-25,37.613,37.816,37.478,37.808,3278534
2021-06-28,37.884,37.884,37.520,37.825,3260725
2021-06-29,37.782,38.051,37.732,37.799,2851330
2021-06-30,37.782,38.002,37.461,37.503,6087709
2021-07-01,37.495,37.943,37.364,37.655,6331996
2021-07-02,37.782,37.965,37.647,37.833,3992939
2021-07-06,37.816,38.205,37.571,38.172,5002390
2021-07-07,38.146,38.510,37.952,38.366,4634066
2021-07-08,38.129,38.434,38.045,38.332,5252867
2021-07-09,38.518,38.865,38.366,38.840,4090453
2021-07-12,38.823,39.221,38.789,39.178,3406167
2021-07-13,39.043,39.119,38.544,38.671,4764582
2021-07-14,38.705,39.123,38.586,39.009,3943005
2021-07-15,38.975,39.128,38.929,39.068,4138567
2021-07-16,39.195,39.377,39.068,39.111,4107202
2021-07-19,38.755,38.848,38.180,38.501,8120305
2021-07-20,38.696,39.322,38.637,39.195,4986236
2021-07-21,39.263,39.314,39.013,39.077,4280498
2021-07-22,38.941,38.941,38.595,38.798,4127626
2021-07-23,38.924,39.187,38.814,39.153,4996098
2021-07-26,39.060,39.169,38.814,39.153,3699349
2021-07-27,39.136,39.500,38.996,39.466,3937354
2021-07-28,39.491,39.508,39.102,39.229,6456609
2021-07-29,39.331,39.542,39.068,39.111,7659297
2021-07-30,39.195,39.703,39.144,39.237,4998660
2021-08-02,39.441,39.669,39.204,39.254,6819269
2021-08-03,39.364,39.479,39.160,39.415,6669670
2021-08-04,39.424,39.593,39.102,39.288,4374601
2021-08-05,39.500,39.618,39.263,39.601,5469025
2021-08-06,39.635,39.770,39.451,39.534,3452557
2021-08-09,39.534,39.534,39.263,39.356,3556243
2021-08-10,39.407,39.424,38.908,38.933,6752864
2021-08-11,39.119,39.229,38.958,39.144,4074458
2021-08-12,39.229,39.288,39.009,39.280,3733149
2021-08-13,39.407,39.559,39.242,39.542,4763340
2021-08-16,39.483,39.745,39.424,39.584,4879096
2021-08-17,39.449,39.673,39.314,39.660,4916833
2021-08-18,39.567,39.584,39.195,39.246,5431518
2021-08-19,39.128,39.635,39.018,39.576,5384827
2021-08-20,39.559,39.963,39.280,39.762,4420703
2021-08-23,39.880,39.897,39.525,39.610,4653127
2021-08-24,39.711,39.711,39.212,39.314,4291427
2021-08-25,39.314,39.470,39.136,39.271,4543658
2021-08-26,39.314,39.419,39.149,39.297,2861386
2021-08-27,39.457,39.728,39.373,39.618,2530519
2021-08-30,39.652,40.113,39.567,40.100,6168863
2021-08-31,39.965,40.388,39.864,40.337,4855469
2021-09-01,40.397,41.073,40.388,41.031,9195403
2021-09-02,41.099,41.226,40.726,41.226,6576120
2021-09-03,41.099,41.289,40.739,41.226,5537857
2021-09-07,41.073,41.116,40.383,40.769,7162296
2021-09-08,40.616,41.141,40.532,41.014,6704460
2021-09-09,40.786,40.828,40.134,40.143,4573285
2021-09-10,40.168,40.202,39.618,39.635,6203336
2021-09-13,40.041,40.189,39.687,39.855,5495183
2021-09-14,40.041,40.092,39.567,39.770,5234592
2021-09-15,39.855,40.134,39.618,39.923,4885817
2021-09-16,39.923,40.167,39.635,39.999,4685935
2021-09-17,39.779,40.041,39.570,39.635,8710807
2021-09-20,39.196,39.660,38.899,39.367,13017778
2021-09-21,39.528,39.843,39.358,39.375,6982411
2021-09-22,39.647,39.928,39.435,39.707,6432407
2021-09-23,39.800,39.920,39.452,39.511,4571054
2021-09-24,39.435,39.579,38.950,39.060,5211666
2021-09-27,39.026,39.256,38.375,38.414,6701102
2021-09-28,38.175,38.354,37.886,38.184,12068990
2021-09-29,38.329,38.609,38.286,38.431,5975848
2021-09-30,38.609,38.622,37.818,37.818,6342879
2021-10-01,38.065,38.499,37.776,38.226,8294801
2021-10-04,38.150,38.422,37.988,38.269,10456445
2021-10-05,38.337,38.337,37.801,37.971,5480288
2021-10-06,37.827,38.371,37.393,38.337,8996454
2021-10-07,38.541,38.899,38.329,38.380,7269798
2021-10-08,38.380,38.431,37.903,37.963,5464425
2021-10-11,37.946,38.181,37.724,38.014,4151946
2021-10-12,38.073,38.694,37.997,38.524,5663166
2021-10-13,38.456,38.788,38.161,38.745,9279242
2021-10-14,38.984,39.337,38.890,39.290,4392542
2021-10-15,39.545,39.647,39.069,39.307,5210149
2021-10-18,39.162,39.537,39.077,39.375,4251262
2021-10-19,39.579,39.732,39.486,39.554,3509695
2021-10-20,39.630,40.166,39.571,40.158,5596092
2021-10-21,40.141,40.319,40.009,40.285,5528784
2021-10-22,40.404,40.664,40.336,40.575,5378189
2021-10-25,40.609,40.792,40.290,40.694,4932799
2021-10-26,40.745,41.025,40.694,40.881,9546226
2021-10-27,41.085,41.111,40.583,40.583,7158341
2021-10-28,40.575,41.179,40.559,41.179,6690329
2021-10-29,41.026,41.145,40.507,40.685,7925203
2021-11-01,40.787,40.860,40.111,40.779,6766990
2021-11-02,40.983,41.305,40.770,41.162,6617293
2021-11-03,41.213,41.485,40.975,41.400,4814515
2021-11-04,41.332,41.434,40.762,40.932,4620608
2021-11-05,41.332,41.562,40.956,41.026,5731432
2021-11-08,41.145,41.196,40.643,41.017,5791725
2021-11-09,41.102,41.247,41.009,41.170,4410417
2021-11-10,41.043,41.315,40.962,40.966,5063097
2021-11-11,41.017,41.017,40.677,40.983,4191945
2021-11-12,41.119,41.136,40.847,41.000,3902817
2021-11-15,41.017,41.230,40.847,41.230,3591358
2021-11-16,41.255,41.332,40.894,40.975,4936716
2021-11-17,40.889,41.298,40.379,41.247,15340252
2021-11-18,41.289,41.332,41.051,41.238,5484721
2021-11-19,41.281,41.340,40.915,41.017,5099657
2021-11-22,41.026,41.196,40.711,40.813,5402641
2021-11-23,40.940,41.362,40.749,41.247,9784674
2021-11-24,41.238,41.855,41.128,41.800,5086670
2021-11-26,41.238,41.340,40.609,40.668,6829206
2021-11-29,40.983,41.485,40.676,41.179,7173448
2021-11-30,40.992,41.094,40.302,40.319,11022119
2021-12-01,40.753,41.204,39.766,39.792,12299797
2021-12-02,40.064,41.128,39.971,40.881,10097164
2021-12-03,40.932,41.128,40.328,40.677,11826463
2021-12-06,40.975,41.604,40.958,41.264,8711173
2021-12-07,41.587,42.059,41.485,41.995,7763624
2021-12-08,41.995,42.285,41.851,42.174,6931610
2021-12-09,42.081,42.089,41.600,41.638,3572472
2021-12-10,41.808,41.885,41.589,41.851,3683699
2021-12-13,41.732,42.604,41.672,42.412,5105670
2021-12-14,42.319,42.412,41.630,41.944,8920630
2021-12-15,42.081,42.625,42.038,42.566,8196066
2021-12-16,42.659,43.008,42.459,42.727,7161623
2021-12-17,42.685,43.089,42.523,42.583,8626718
2021-12-20,42.090,42.476,41.850,42.304,9760366
2021-12-21,42.596,42.811,42.369,42.545,6024048
2021-12-22,42.673,42.991,42.626,42.965,4529993
2021-12-23,43.051,43.068,42.588,42.836,5264620
2021-12-27,42.956,43.712,42.871,43.712,5183417
2021-12-28,43.712,43.918,43.566,43.900,5592995
2021-12-29,43.986,44.295,43.780,44.166,4404667
2021-12-30,44.209,44.510,44.141,44.364,3662974
2021-12-31,44.381,44.767,44.329,44.458,3979131
2022-01-03,44.604,44.604,43.377,44.046,8441151
2022-01-04,44.166,44.355,43.832,43.875,7440664
2022-01-05,43.729,43.729,42.424,42.450,14980700
2022-01-06,42.485,42.626,41.944,42.502,9805232
2022-01-07,42.364,42.561,42.081,42.279,6141083
2022-01-10,41.918,42.030,41.403,42.030,6872017
2022-01-11,41.944,42.034,41.339,41.961,7442394
2022-01-12,41.910,42.347,41.910,42.073,4686821
2022-01-13,42.219,42.304,41.855,41.927,5481168
2022-01-14,41.686,41.738,40.957,41.438,5737362
2022-01-18,41.180,41.292,40.743,41.154,8948410
2022-01-19,41.369,41.618,40.622,40.622,7152460
2022-01-20,40.700,41.241,40.219,40.262,7586765
2022-01-21,40.459,40.730,40.138,40.236,10920606
2022-01-24,39.876,40.404,38.917,40.322,19972191
2022-01-25,39.842,40.502,39.464,40.211,10908879
2022-01-26,40.417,40.906,39.254,39.541,12858515
2022-01-27,39.842,40.086,38.675,38.829,8784067
2022-01-28,38.915,40.176,38.443,40.176,6455371
2022-01-31,39.962,40.683,39.833,40.622,4557197
2022-02-01,40.622,40.683,40.082,40.348,8057350
2022-02-02,40.571,41.133,40.537,41.043,6716585
2022-02-03,40.803,40.940,40.571,40.622,4484017
2022-02-04,40.331,40.588,39.764,40.065,5447887
2022-02-07,40.065,40.339,39.953,40.073,5403407
2022-02-08,39.962,40.086,39.627,39.713,4875471
2022-02-09,40.185,40.695,40.168,40.674,4927423
2022-02-10,40.013,40.515,39.288,39.516,8187069
2022-02-11,39.661,39.756,38.735,38.975,9039998
2022-02-14,39.009,39.207,38.383,38.554,6979352
2022-02-15,38.915,39.078,38.606,38.743,5395051
2022-02-16,38.803,38.941,38.434,38.846,5675233
2022-02-17,38.743,38.889,38.421,38.512,5008392
2022-02-18,38.391,38.778,38.221,38.340,6225500
2022-02-22,38.271,38.503,38.005,38.237,6832377
2022-02-23,38.572,38.786,37.688,37.739,5917606
2022-02-24,37.036,38.507,36.898,38.391,11608841
2022-02-25,38.546,39.382,38.366,39.352,6193226
2022-02-28,38.846,39.069,38.263,38.675,8591830
2022-03-01,38.863,39.078,38.383,38.597,9027931
2022-03-02,38.735,39.460,38.719,39.284,5481470
2022-03-03,39.507,39.863,39.189,39.713,5774901
2022-03-04,39.413,40.082,39.327,40.048,6193751
2022-03-07,39.970,40.090,39.318,39.318,7881172
2022-03-08,39.327,39.739,38.932,38.966,10469377
2022-03-09,39.636,39.996,39.516,39.618,6229314
2022-03-10,39.232,39.816,39.018,39.756,5638539
2022-03-11,39.953,40.228,39.348,39.361,4363415
2022-03-14,39.661,39.679,38.966,39.121,4846257
2022-03-15,39.576,39.739,39.078,39.430,4988297
2022-03-16,39.739,40.047,39.044,39.867,6868216
2022-03-17,39.747,40.451,39.704,40.434,4499621
2022-03-18,40.580,40.708,40.271,40.528,4727855
2022-03-21,40.518,40.751,40.121,40.319,3979349
2022-03-22,40.466,40.621,40.285,40.345,2853302
2022-03-23,40.233,40.388,39.840,39.888,3976478
2022-03-24,39.948,40.199,39.776,40.199,3758916
2022-03-25,40.354,40.699,40.216,40.673,4003197
2022-03-28,40.699,41.217,40.699,41.191,3705602
2022-03-29,41.502,42.460,41.502,42.399,5108347
2022-03-30,42.235,42.278,41.933,42.166,3881446
2022-03-31,42.373,42.477,41.674,41.700,5624177
2022-04-01,41.899,42.555,41.683,42.529,6746742
2022-04-04,42.511,42.658,42.024,42.399,5056055
2022-04-05,42.235,42.986,42.235,42.434,5239061
2022-04-06,42.252,43.115,42.071,43.064,6810743
2022-04-07,42.822,42.900,42.408,42.710,6013696
2022-04-08,42.710,43.003,42.503,42.865,5033597
2022-04-11,42.770,42.969,42.158,42.278,5041274
2022-04-12,42.192,42.511,41.968,42.149,6728921
2022-04-13,42.209,42.378,41.959,42.322,8414958
2022-04-14,42.416,42.615,42.057,42.080,5098862
2022-04-18,42.002,42.261,41.752,41.976,5247872
2022-04-19,42.209,42.969,42.201,42.857,5908849
2022-04-20,42.977,43.789,42.900,43.668,6241926
2022-04-21,43.840,43.987,43.357,43.383,6081001
2022-04-22,43.323,43.323,42.572,42.606,8510028
2022-04-25,42.555,42.675,41.717,42.408,8143985
2022-04-26,42.330,42.615,41.735,41.743,8830161
2022-04-27,41.830,42.166,41.450,41.493,13001259
2022-04-28,41.795,42.378,41.234,42.252,9532545
2022-04-29,41.959,42.002,40.121,40.216,11520496
2022-05-02,40.328,40.466,38.367,39.172,17231144
2022-05-03,39.370,39.922,39.025,39.646,13431316
2022-05-04,39.638,40.173,38.969,40.112,14706900
2022-05-05,39.888,40.199,38.800,39.085,13591584
2022-05-06,38.749,38.904,38.257,38.688,16154847
2022-05-09,38.334,38.334,36.764,36.885,18004584
2022-05-10,37.333,37.601,35.832,36.065,27771055
2022-05-11,36.168,36.824,35.953,36.013,25360808
2022-05-12,35.996,36.281,35.702,36.281,20802595
2022-05-13,36.686,37.213,36.350,37.187,8947819
2022-05-16,37.074,37.230,36.846,36.885,7445551
2022-05-17,37.325,37.368,36.755,37.282,7254559
2022-05-18,37.221,37.264,36.073,36.194,9546366
2022-05-19,35.944,36.548,35.892,36.125,8204635
2022-05-20,36.514,36.617,35.978,36.548,9855305
2022-05-23,36.833,37.109,36.341,37.023,8098791
2022-05-24,36.790,37.515,36.367,37.454,9706197
2022-05-25,37.290,37.791,37.161,37.661,7667981
2022-05-26,37.894,38.072,37.541,37.618,7131104
2022-05-27,37.825,38.697,37.825,38.680,4540531
2022-05-31,38.274,38.447,37.946,38.162,15462009
2022-06-01,38.309,38.334,37.333,37.748,9317769
2022-06-02,37.566,38.334,37.027,38.317,8401566
2022-06-03,37.972,38.240,37.748,37.834,6905092
2022-06-06,38.101,38.162,37.618,37.722,7605467
2022-06-07,37.541,38.188,37.282,38.162,4812829
2022-06-08,37.946,38.007,37.161,37.247,5418827
2022-06-09,37.118,37.402,36.384,36.393,5533781
2022-06-10,35.909,36.013,35.512,35.530,8566771
2022-06-13,34.606,34.744,33.674,33.821,13191763
2022-06-14,33.933,34.002,33.338,33.579,9800810
2022-06-15,33.916,34.831,33.804,34.347,9429226
2022-06-16,33.597,33.925,33.364,33.528,8397977
2022-06-17,33.683,34.209,33.436,33.726,14302162
2022-06-21,34.083,34.639,34.048,34.352,6031775
2022-06-22,34.030,35.392,33.996,34.909,5776443
2022-06-23,35.074,35.714,35.040,35.596,7413826
2022-06-24,35.849,36.388,35.753,36.371,6781767
2022-06-27,36.301,36.684,36.075,36.240,4742985
2022-06-28,36.423,36.692,35.683,35.744,3487349
2022-06-29,35.448,35.596,35.031,35.518,4473046
2022-06-30,35.361,35.979,35.083,35.544,4305127
2022-07-01,35.475,36.284,35.422,36.179,4894163
2022-07-05,35.822,36.031,35.157,36.031,4563357
2022-07-06,36.179,36.501,35.909,36.005,5866365
2022-07-07,36.179,36.397,35.909,36.031,3019344
2022-07-08,35.892,36.105,35.683,35.866,3067550
2022-07-11,35.762,35.970,35.518,35.866,3716717
2022-07-12,35.666,36.036,35.388,35.640,3978332
2022-07-13,35.222,35.744,35.005,35.448,5314594
2022-07-14,34.831,35.257,34.787,35.100,4305784
2022-07-15,35.535,35.879,35.344,35.666,3126627
2022-07-18,35.918,35.927,35.187,35.318,4190869
2022-07-19,35.657,36.353,35.588,36.292,3414886
2022-07-20,36.197,36.623,35.996,36.110,3630272
2022-07-21,36.170,36.492,35.866,36.484,5243623
2022-07-22,36.684,36.979,36.484,36.762,3791558
2022-07-25,36.762,37.014,36.592,36.788,3115121
2022-07-26,36.823,37.097,36.718,36.858,3006408
2022-07-27,36.910,37.136,36.623,37.058,5155952
2022-07-28,37.449,38.476,37.301,38.423,5375812
2022-07-29,38.432,38.745,38.267,38.571,3523319
2022-08-01,38.397,38.484,38.076,38.223,4102894
2022-08-02,38.258,38.336,37.693,37.719,3477266
2022-08-03,37.954,38.241,37.867,37.875,3208140
2022-08-04,37.954,38.062,37.675,37.910,3235834
2022-08-05,37.632,38.067,37.493,38.032,3320199
2022-08-08,38.389,38.719,38.110,38.310,4055155
2022-08-09,38.450,38.615,38.223,38.615,2368390
2022-08-10,39.050,39.206,38.815,39.137,3617174
2022-08-11,39.337,39.415,38.828,38.954,2815401
2022-08-12,39.198,39.640,39.137,39.615,2392584
2022-08-15,39.580,39.898,39.485,39.789,3296554
2022-08-16,39.598,39.854,39.520,39.633,3278994
2022-08-17,39.267,39.755,39.241,39.520,3331280
2022-08-18,39.589,39.650,39.024,39.250,1654879
2022-08-19,39.163,39.215,38.741,38.867,3202381
2022-08-22,38.571,38.597,38.023,38.058,3430408
2022-08-23,37.962,38.023,37.345,37.484,2799714
2022-08-24,37.554,37.984,37.484,37.780,3276590
2022-08-25,37.954,38.371,37.797,38.363,1713944
2022-08-26,38.389,38.389,37.371,37.388,2725526
2022-08-29,37.180,37.440,36.971,37.066,2492978
2022-08-30,37.136,37.197,36.423,36.536,3539375
2022-08-31,36.736,36.936,36.318,36.405,4646682
2022-09-01,36.127,36.544,35.875,36.536,5342983
2022-09-02,36.840,36.923,35.827,35.909,3910467
2022-09-06,36.005,36.466,35.892,36.284,6399009
2022-09-07,36.292,37.040,36.270,36.979,4617562
2022-09-08,36.762,37.188,36.658,37.084,4501181
2022-09-09,37.223,37.575,36.988,37.440,2909097
2022-09-12,37.580,37.819,37.501,37.754,2802365
2022-09-13,37.023,37.160,36.188,36.318,4139483
2022-09-14,36.188,36.266,35.622,35.875,4142271
2022-09-15,35.831,35.911,35.048,35.092,6227167
2022-09-16,34.822,35.127,34.679,35.100,6045383
2022-09-19,34.778,35.033,34.471,35.033,4129628
2022-09-20,34.708,34.726,33.945,34.111,6258772
2022-09-21,34.383,34.598,33.593,33.611,9215785
2022-09-22,33.497,33.514,33.159,33.295,6380343
2022-09-23,32.953,33.137,32.492,32.882,7329990
2022-09-26,32.689,32.716,31.649,31.996,10027161
2022-09-27,32.294,32.527,31.515,31.574,10794505
2022-09-28,31.811,32.303,31.531,32.171,7304238
2022-09-29,31.890,31.890,31.092,31.276,7684179
2022-09-30,31.416,31.838,31.355,31.610,7700886
2022-10-03,32.110,32.391,31.592,32.198,11619980
2022-10-04,32.558,33.005,32.461,32.707,8889923
2022-10-05,32.277,32.329,31.583,32.101,7074265
2022-10-06,31.996,32.110,31.004,31.048,8933021
2022-10-07,30.749,30.951,30.139,30.310,6487567
2022-10-10,30.389,30.653,29.924,29.968,7805123
2022-10-11,29.880,30.486,29.591,30.249,8847578
2022-10-12,30.196,30.223,29.696,29.845,8899459
2022-10-13,29.222,30.556,29.077,30.407,14575833
2022-10-14,30.784,30.855,29.582,29.643,9014753
2022-10-17,30.179,30.868,30.126,30.749,7687789
2022-10-18,31.320,31.570,30.863,31.153,7743440
2022-10-19,30.872,30.960,30.196,30.372,7615381
2022-10-20,30.381,30.688,30.130,30.223,7603494
2022-10-21,30.284,30.442,29.810,30.433,9826729
2022-10-24,30.723,30.850,30.179,30.416,6076365
2022-10-25,30.460,31.653,30.442,31.618,7176708
2022-10-26,31.636,31.855,31.355,31.557,8945019
2022-10-27,31.715,31.943,31.438,31.574,8435574
2022-10-28,31.487,32.408,31.302,32.321,5460275
2022-10-31,32.022,32.452,31.882,32.242,7154671
2022-11-01,32.566,32.742,32.097,32.189,6000876
2022-11-02,32.013,32.435,31.289,31.346,14000239
2022-11-03,31.100,31.583,30.749,31.329,10969611
2022-11-04,31.610,31.921,31.127,31.768,7524196
2022-11-07,31.969,32.092,31.566,31.759,6479870
2022-11-08,31.847,32.277,31.746,31.952,6225574
2022-11-09,31.862,32.250,31.539,31.601,7752934
2022-11-10,32.781,34.111,32.645,34.024,11979157
2022-11-11,34.129,34.410,33.914,34.006,7291384
2022-11-14,33.813,33.857,33.102,33.102,6304079
2022-11-15,33.585,33.725,33.137,33.514,9588655
2022-11-16,33.471,33.629,33.190,33.277,7771186
2022-11-17,32.814,33.084,32.702,32.979,4402561
2022-11-18,33.418,33.532,33.067,33.400,5865809
2022-11-21,33.346,33.681,33.207,33.637,4836867
2022-11-22,33.769,33.822,33.549,33.804,5547234
2022-11-23,33.751,33.997,33.550,33.857,3604485
2022-11-25,33.962,34.094,33.866,34.059,2254116
2022-11-28,33.857,34.006,33.027,33.102,7298258
2022-11-29,33.170,33.699,33.049,33.655,4954340
2022-11-30,33.567,34.471,33.365,34.445,8120276
2022-12-01,34.787,34.972,34.094,34.375,9814106
2022-12-02,33.953,34.383,33.787,34.208,5460817
2022-12-05,33.892,34.076,33.558,33.629,7165476
2022-12-06,33.699,33.760,33.216,33.374,5249529
2022-12-07,33.269,33.800,33.216,33.444,6159838
2022-12-08,33.558,33.958,33.462,33.690,4460961
2022-12-09,33.593,33.984,33.497,33.620,6077035
2022-12-12,33.655,33.918,33.339,33.901,4945103
2022-12-13,34.954,35.112,34.225,34.647,10763834
2022-12-14,34.603,35.033,34.177,34.313,10786503
2022-12-15,33.874,34.225,33.708,33.918,6033249
2022-12-16,33.462,33.479,32.587,32.918,8016236
2022-12-19,32.849,32.893,32.334,32.529,4543875
2022-12-20,32.369,32.653,32.067,32.458,4333963
2022-12-21,32.749,33.124,32.636,32.786,4082570
2022-12-22,32.493,32.698,32.045,32.627,4206160
2022-12-23,32.520,32.937,32.383,32.920,3935110
2022-12-27,32.937,33.016,32.600,32.893,4259721
2022-12-28,32.973,33.150,32.338,32.369,4730881
2022-12-29,32.601,33.173,32.511,33.088,4143152
2022-12-30,32.884,33.008,32.431,32.786,5087853
2023-01-03,33.053,33.346,32.502,32.911,7060342
2023-01-04,33.204,33.967,33.088,33.665,7586940
2023-01-05,33.399,33.399,32.627,32.680,6581089
2023-01-06,32.946,33.745,32.698,33.630,6329647
2023-01-09,33.790,34.012,33.497,33.612,3965627
2023-01-10,33.559,33.728,33.266,33.710,5196657
2023-01-11,33.923,34.944,33.923,34.935,4733069
2023-01-12,35.015,35.397,34.677,35.326,5102349
2023-01-13,34.926,35.263,34.846,35.121,3795956
2023-01-17,35.139,35.357,35.041,35.130,5463216
2023-01-18,35.317,35.352,34.539,34.589,7466655
2023-01-19,34.438,34.855,34.393,34.420,7253667
2023-01-20,34.447,34.855,33.985,34.820,4262500
2023-01-23,34.846,35.147,34.571,34.917,7002222
2023-01-24,34.891,35.201,34.216,35.068,7089709
2023-01-25,34.846,35.166,34.757,35.104,8163146
2023-01-26,35.299,35.503,35.112,35.503,4497424
2023-01-27,35.397,35.974,35.388,35.823,3769928
2023-01-30,35.539,35.951,35.361,35.388,3806503
2023-01-31,35.379,36.085,35.299,36.036,4274942
2023-02-01,35.885,36.551,35.503,36.302,7920987
2023-02-02,36.675,37.474,36.613,37.137,7014574
2023-02-03,36.604,36.631,35.876,36.364,7467168
2023-02-06,35.849,36.173,35.681,36.133,5384418
2023-02-07,35.859,36.182,35.521,35.991,7056726
2023-02-08,35.849,36.054,35.721,35.894,4347799
2023-02-09,36.151,36.267,35.450,35.548,3476892
2023-02-10,35.361,35.716,35.170,35.619,4253504
2023-02-13,35.752,36.005,35.707,35.947,2943115
2023-02-14,35.821,36.071,35.383,35.574,4544914
2023-02-15,35.361,35.685,35.263,35.672,3873031
2023-02-16,35.095,35.648,34.855,35.343,4807223
2023-02-17,35.192,35.281,34.837,35.166,7192500
2023-02-21,34.979,34.979,34.318,34.473,4220845
2023-02-22,34.580,34.606,34.003,34.163,7049609
2023-02-23,34.367,34.562,34.154,34.491,9331686
2023-02-24,34.065,34.171,33.687,33.852,8158988
2023-02-27,34.331,34.420,33.754,33.905,4816137
2023-02-28,33.932,34.340,33.799,33.923,4202184
2023-03-01,33.710,33.745,33.182,33.399,7279134
2023-03-02,33.159,33.887,33.115,33.834,5067201
2023-03-03,34.092,34.478,33.994,34.402,4420235
2023-03-06,34.589,34.589,34.207,34.269,4248484
2023-03-07,34.269,34.331,33.381,33.408,5386064
2023-03-08,33.426,34.083,33.399,33.878,4472970
2023-03-09,33.958,33.994,33.035,33.106,5683556
2023-03-10,33.071,33.150,31.916,32.050,11736217
2023-03-13,31.845,33.044,31.797,32.565,16935967
2023-03-14,33.071,33.213,32.516,32.902,7718978
2023-03-15,32.360,33.031,32.360,32.920,14961576
2023-03-16,32.680,33.071,32.334,32.920,8068706
2023-03-17,32.795,32.813,32.147,32.165,8692491
2023-03-20,32.241,32.628,32.071,32.509,4962801
2023-03-21,32.733,32.760,31.977,32.322,4952551
2023-03-22,32.089,32.116,31.118,31.142,8042018
2023-03-23,31.240,31.673,30.855,30.954,7493995
2023-03-24,30.766,31.758,30.703,31.749,8241959
2023-03-27,31.946,32.045,31.597,31.642,5108921
2023-03-28,31.392,31.714,31.294,31.535,5117808
2023-03-29,31.848,32.304,31.848,32.286,4108681
2023-03-30,32.635,32.792,32.572,32.706,4383862
2023-03-31,32.849,33.439,32.818,33.421,6971546
2023-04-03,33.341,33.578,32.925,33.109,6451986
2023-04-04,33.126,33.274,32.907,33.117,5639931
2023-04-05,33.055,33.287,32.921,32.948,4476445
2023-04-06,33.064,33.176,32.769,33.171,4053394
2023-04-10,32.974,33.350,32.822,33.341,3814570
2023-04-11,33.421,33.770,33.269,33.502,9963376
2023-04-12,33.842,33.869,33.345,33.404,6764782
2023-04-13,33.448,33.450,32.982,33.296,4650758
2023-04-14,33.350,33.475,32.492,32.724,4853409
2023-04-17,32.742,33.466,32.742,33.466,4601021
2023-04-18,33.529,33.529,33.227,33.413,3479406
2023-04-19,33.198,33.699,33.135,33.609,5605712
2023-04-20,33.404,33.430,33.067,33.207,4243598
2023-04-21,33.287,33.386,32.974,33.243,3252899
2023-04-24,33.305,33.413,32.898,33.153,3710480
2023-04-25,32.965,33.117,32.831,32.849,3664203
2023-04-26,32.769,33.091,32.492,32.581,4446324
2023-04-27,32.670,33.444,32.670,33.368,4278753
2023-04-28,33.368,33.869,33.305,33.752,5256204
2023-05-01,33.645,33.824,33.399,33.439,4381923
2023-05-02,33.368,33.430,32.661,32.867,6376381
2023-05-03,32.930,33.296,32.635,32.661,6140666
2023-05-04,32.653,33.171,32.536,32.965,4887814
2023-05-05,33.180,33.547,33.117,33.475,3265586
2023-05-08,33.368,33.520,33.126,33.243,3358676
2023-05-09,33.135,33.256,32.769,33.135,2995007
2023-05-10,33.430,33.591,33.117,33.448,3770045
2023-05-11,33.243,33.269,32.889,33.100,3419755
2023-05-12,33.225,33.225,32.889,33.162,2950237
2023-05-15,33.198,33.292,32.985,33.100,3003558
2023-05-16,33.073,33.073,32.214,32.214,3240368
2023-05-17,32.438,32.693,32.143,32.635,3220545
2023-05-18,32.509,32.603,32.170,32.429,4111010
2023-05-19,32.617,32.751,32.232,32.375,4578659
2023-05-22,32.438,32.796,32.239,32.590,3943394
2023-05-23,32.527,32.778,32.152,32.188,3152019
2023-05-24,32.085,32.098,31.428,31.481,3991397
2023-05-25,31.642,31.808,31.329,31.553,5230708
2023-05-26,31.633,31.995,31.499,31.919,4405766
2023-05-30,32.161,32.456,31.955,32.018,4540277
2023-05-31,32.036,32.286,31.839,32.223,6945218
2023-06-01,32.197,32.411,31.901,32.232,5485001
2023-06-02,32.617,33.041,32.465,32.912,4350050
2023-06-05,32.983,33.117,32.679,32.760,4346576
2023-06-06,32.939,33.024,32.644,32.957,3260607
2023-06-07,33.098,33.645,32.894,33.565,4416617
2023-06-08,33.413,33.448,32.988,33.359,4027091
2023-06-09,33.386,33.457,33.006,33.189,4261823
2023-06-12,33.171,33.216,32.881,33.171,3819063
2023-06-13,33.171,33.448,33.055,33.413,4358248
2023-06-14,33.520,33.793,33.287,33.591,7845444
2023-06-15,33.457,33.806,33.225,33.734,4383263
2023-06-16,33.743,34.029,33.654,33.699,6076411
2023-06-20,33.517,33.589,33.111,33.337,4028164
2023-06-21,33.156,33.314,32.921,33.192,4543361
2023-06-22,33.219,33.246,32.520,32.723,5103482
2023-06-23,32.615,32.845,32.353,32.371,5414088
2023-06-26,32.362,33.120,32.326,33.093,2988888
2023-06-27,33.183,33.531,32.994,33.454,4012748
2023-06-28,33.454,33.595,33.230,33.544,3963108
2023-06-29,33.409,33.851,33.255,33.851,3727414
2023-06-30,34.131,34.221,33.598,34.023,6437023
2023-07-03,33.887,34.479,33.824,34.294,3628214
2023-07-05,34.194,34.690,33.996,34.465,6300657
2023-07-06,34.077,34.321,33.635,34.276,5046366
2023-07-07,34.050,34.330,33.971,34.113,4617260
2023-07-10,34.023,34.257,33.937,34.230,4345267
2023-07-11,34.303,34.646,34.194,34.619,4772879
2023-07-12,34.998,35.088,34.763,34.781,7247658
2023-07-13,34.772,35.034,34.546,35.016,4708097
2023-07-14,34.934,35.039,34.727,35.016,3901541
2023-07-17,34.898,35.034,34.695,34.718,4556507
2023-07-18,34.808,34.826,34.136,34.429,6516580
2023-07-19,34.682,35.043,34.646,34.808,6610690
2023-07-20,34.637,34.700,34.194,34.691,6665143
2023-07-21,34.808,34.953,34.682,34.844,4801808
2023-07-24,34.944,35.196,34.853,35.178,5156952
2023-07-25,35.124,35.296,34.907,34.916,4383306
2023-07-26,34.844,35.115,34.835,35.043,5117853
2023-07-27,35.296,35.386,34.294,34.303,7511245
2023-07-28,34.700,34.808,34.167,34.203,5870606
2023-07-31,34.303,34.632,34.208,34.474,4941122
2023-08-01,34.384,34.551,34.266,34.411,6127373
2023-08-02,34.203,34.330,34.045,34.266,6504445
2023-08-03,33.860,33.896,33.327,33.797,6268895
2023-08-04,33.644,34.003,33.359,33.463,5874739
2023-08-07,33.562,33.896,33.544,33.887,3606199
2023-08-08,33.626,33.811,33.391,33.716,4094171
2023-08-09,33.644,33.951,33.508,33.797,5354636
2023-08-10,33.887,34.113,33.585,33.689,4901595
2023-08-11,33.544,33.797,33.445,33.752,3642981
2023-08-14,33.707,33.707,33.463,33.571,3069691
2023-08-15,33.355,33.442,33.152,33.228,3931171
2023-08-16,33.264,33.278,32.786,32.822,4804510
2023-08-17,32.849,33.102,32.560,32.578,5679440
2023-08-18,32.353,32.759,32.308,32.669,4503879
2023-08-21,32.615,32.642,32.114,32.389,3958260
2023-08-22,32.515,32.601,32.353,32.488,5446681
2023-08-23,32.642,32.994,32.633,32.967,5105776
2023-08-24,33.021,33.422,32.804,32.813,5086947
2023-08-25,32.894,33.075,32.723,32.903,4985883
2023-08-28,33.012,33.323,33.012,33.165,4212938
2023-08-29,33.174,33.567,33.030,33.544,3808225
2023-08-30,33.589,33.770,33.513,33.662,3051485
2023-08-31,33.644,33.698,33.382,33.418,4084711
2023-09-01,33.626,33.675,33.292,33.400,3927639
2023-09-05,33.346,33.395,33.065,33.066,5000030
2023-09-06,33.057,33.148,32.723,33.003,3974927
2023-09-07,32.976,33.404,32.930,33.274,3861030
2023-09-08,33.337,33.341,33.003,33.057,4370607
2023-09-11,33.093,33.174,32.903,33.075,3336742
2023-09-12,33.012,33.120,32.791,33.075,3224988
2023-09-13,33.093,33.093,32.651,32.741,4273972
2023-09-14,33.012,33.400,32.994,33.337,3687052
2023-09-15,33.210,33.337,33.088,33.210,4755333
2023-09-18,33.211,33.218,32.847,32.920,3812193
2023-09-19,32.920,33.020,32.656,32.747,3938660
2023-09-20,32.984,33.189,32.784,32.811,3877457
2023-09-21,32.611,32.629,31.655,31.674,5750242
2023-09-22,31.665,31.873,31.401,31.455,8504788
2023-09-25,31.301,31.419,31.169,31.401,5017242
2023-09-26,31.164,31.271,30.741,30.846,7143132
2023-09-27,30.973,31.100,30.444,30.573,9007092
2023-09-28,30.727,30.982,30.645,30.891,7431568
2023-09-29,31.364,31.428,30.837,31.000,7305833
2023-10-02,30.882,31.037,30.250,30.436,8673320
2023-10-03,30.272,30.418,29.790,29.881,9198064
2023-10-04,30.081,30.236,29.681,30.200,9241005
2023-10-05,30.218,30.450,30.045,30.418,7857580
2023-10-06,30.172,30.728,29.863,30.536,10218652
2023-10-09,30.363,31.018,30.336,30.937,6258031
2023-10-10,30.909,31.310,30.755,31.046,4979741
2023-10-11,31.301,31.683,31.246,31.674,5178292
2023-10-12,31.574,31.619,31.096,31.255,5969971
2023-10-13,31.419,31.528,31.100,31.246,5688409
2023-10-16,31.437,31.665,31.109,31.564,7719258
2023-10-17,31.319,31.819,31.187,31.401,7239473
2023-10-18,31.191,31.305,30.700,30.709,8313222
2023-10-19,30.463,30.691,29.931,29.954,10376977
2023-10-20,30.090,30.241,29.790,29.799,8556349
2023-10-23,29.544,29.945,29.453,29.544,6709153
2023-10-24,29.645,29.990,29.635,29.918,5749231
2023-10-25,29.608,29.708,29.208,29.290,8454360
2023-10-26,29.417,30.113,29.390,29.908,10663156
2023-10-27,29.990,29.990,29.331,29.435,10350600
2023-10-30,29.608,29.772,29.108,29.526,7072035
2023-10-31,29.790,30.154,29.508,30.118,8490900
2023-11-01,30.154,30.309,29.940,30.272,8343142
2023-11-02,30.764,31.346,30.700,31.210,8882192
2023-11-03,31.783,32.415,31.701,31.947,8575258
2023-11-06,31.892,31.910,31.351,31.510,7431314
2023-11-07,31.464,31.528,31.210,31.246,6579335
2023-11-08,31.392,31.501,31.264,31.428,7297999
2023-11-09,31.519,31.537,30.891,30.946,7336176
2023-11-10,31.164,31.337,30.887,31.291,5968961
2023-11-13,31.046,31.146,30.842,31.028,4313947
2023-11-14,32.101,32.961,31.947,32.702,10526924
2023-11-15,32.638,33.058,32.638,32.775,7168882
2023-11-16,32.866,32.943,32.675,32.765,5026829
2023-11-17,33.048,33.057,32.593,32.729,4418306
2023-11-20,32.675,32.984,32.411,32.984,4228566
2023-11-21,32.856,32.943,32.729,32.820,3300660
2023-11-22,33.084,33.189,32.793,32.920,4951389
2023-11-24,32.866,33.057,32.702,33.048,2620298
2023-11-27,33.066,33.361,32.929,33.166,4648992
2023-11-28,33.057,33.393,32.920,33.348,6451042
2023-11-29,33.594,33.866,33.557,33.603,7941599
2023-11-30,33.575,33.907,33.466,33.876,5804112
2023-12-01,33.866,34.613,33.766,34.585,7274207
2023-12-04,34.394,34.795,34.358,34.776,10359453
2023-12-05,34.640,34.667,34.422,34.631,7758495
2023-12-06,34.840,34.985,34.494,34.513,4832217
2023-12-07,34.549,34.713,34.394,34.558,5663303
2023-12-08,34.494,34.603,34.130,34.485,4873815
2023-12-11,34.403,34.663,34.317,34.603,4871215
2023-12-12,34.613,34.691,34.394,34.594,5580542
2023-12-13,34.631,35.959,34.513,35.850,7112441
2023-12-14,36.560,37.078,36.487,36.842,8647428
2023-12-15,36.660,36.760,36.082,36.396,8011113
2023-12-18,36.536,36.595,36.241,36.297,6638787
2023-12-19,36.425,36.646,36.416,36.545,4681590
2023-12-20,36.545,36.793,36.062,36.085,6513503
2023-12-21,36.370,36.490,36.021,36.389,6684719
2023-12-22,36.499,36.793,36.361,36.536,4929148
2023-12-26,36.582,36.904,36.504,36.802,2537608
2023-12-27,36.876,37.023,36.706,37.014,4006281
2023-12-28,37.014,37.244,36.931,37.244,3764820
2023-12-29,36.996,37.161,36.802,36.839,5777303
2024-01-02,36.756,37.198,36.582,37.179,6591505
2024-01-03,36.904,36.904,36.228,36.297,7424653
2024-01-04,36.223,36.471,36.081,36.205,7180365
2024-01-05,36.002,36.444,35.789,36.131,5770315
2024-01-08,36.103,36.664,36.039,36.628,4812666
2024-01-09,36.343,36.545,36.131,36.370,4134569
2024-01-10,36.425,36.600,36.297,36.425,4498707
2024-01-11,36.241,36.343,35.929,36.085,5151987
2024-01-12,36.462,36.545,36.159,36.361,4393565
2024-01-16,36.186,36.370,36.028,36.140,11100135
2024-01-17,35.699,36.122,35.110,35.478,9752148
2024-01-18,35.497,35.635,35.026,35.248,6142300
2024-01-19,35.368,35.726,35.064,35.589,7967814
2024-01-22,35.708,36.140,35.621,35.754,5850557
2024-01-23,35.901,36.002,35.432,35.561,4549905
2024-01-24,35.920,35.938,35.046,35.074,7349524
2024-01-25,35.570,35.699,35.377,35.552,6601796
2024-01-26,35.598,35.680,35.322,35.395,4398022
2024-01-29,35.386,35.690,35.303,35.653,5724226
2024-01-30,35.451,35.625,35.248,35.322,6931455
2024-01-31,35.524,35.754,34.977,35.064,11580667
2024-02-01,34.991,35.694,34.848,35.680,10886955
2024-02-02,35.276,35.460,34.623,35.230,12844062
2024-02-05,34.788,34.825,34.421,34.531,8668157
2024-02-06,34.605,35.106,34.467,35.055,7866850
2024-02-07,35.182,35.230,34.825,35.037,6679061
2024-02-08,34.917,35.310,34.899,35.230,4518296
2024-02-09,35.221,35.349,34.894,35.322,5515714
2024-02-12,35.405,35.556,35.141,35.211,5376417
2024-02-13,34.503,34.577,34.094,34.568,21419186
2024-02-14,34.687,35.000,34.503,34.798,14186417
2024-02-15,35.101,35.677,35.101,35.635,8637645
2024-02-16,35.156,35.457,35.009,35.267,7683070
2024-02-20,35.138,35.395,34.917,35.211,6929341
2024-02-21,35.359,35.513,35.202,35.469,5653141
2024-02-22,35.579,35.754,35.464,35.561,6144426
2024-02-23,35.625,35.793,35.497,35.607,5263577
2024-02-26,35.533,35.703,35.147,35.202,6427822
2024-02-27,35.414,35.552,35.120,35.230,9466139
2024-02-28,35.064,35.828,35.009,35.680,7497775
2024-02-29,35.910,36.159,35.818,35.966,12860783
2024-03-01,35.874,36.398,35.506,36.361,9655534
2024-03-04,36.278,36.801,36.030,36.775,8697659
2024-03-05,36.628,36.871,36.154,36.306,6913793
2024-03-06,36.545,36.637,36.315,36.508,5483581
2024-03-07,36.710,36.789,36.306,36.508,5076987
2024-03-08,36.775,37.028,36.720,36.940,7551230
2024-03-11,36.812,37.087,36.582,36.756,4594641
2024-03-12,36.664,36.802,36.343,36.664,5668995
2024-03-13,36.600,36.798,36.315,36.435,6245257
2024-03-14,36.260,36.361,35.579,35.920,10442945
2024-03-15,35.570,35.982,35.570,35.901,9639575
2024-03-18,35.958,36.115,35.838,35.893,4970975
2024-03-19,35.912,36.023,35.653,35.893,5255143
2024-03-20,35.588,36.127,35.467,36.041,8678354
2024-03-21,36.199,36.384,35.963,36.180,6263555
2024-03-22,36.180,36.264,35.717,35.754,4402502
2024-03-25,35.801,35.912,35.588,35.616,5661572
2024-03-26,35.643,35.703,35.440,35.467,6160340
2024-03-27,35.856,36.365,35.754,36.365,6710952
2024-03-28,36.449,36.680,36.449,36.597,5695556
2024-04-01,36.671,36.680,35.912,35.958,8064366
2024-04-02,35.736,35.736,35.440,35.560,7393522
2024-04-03,35.523,35.653,35.342,35.578,5392227
2024-04-04,35.930,36.069,35.199,35.301,6667753
2024-04-05,35.208,35.616,35.134,35.532,6055728
2024-04-08,35.634,35.865,35.560,35.838,5588554
2024-04-09,36.014,36.301,35.898,36.291,7566079
2024-04-10,35.347,35.347,34.574,34.801,14873337
2024-04-11,35.032,35.092,34.537,34.838,9441768
2024-04-12,34.708,34.718,34.338,34.477,9246182
2024-04-15,34.690,34.745,33.648,33.875,7757135
2024-04-16,33.755,33.801,33.250,33.357,11776164
2024-04-17,33.264,33.421,33.074,33.079,11722733
2024-04-18,33.227,33.282,32.931,33.088,10327601
2024-04-19,33.236,33.375,33.088,33.218,10629105
2024-04-22,33.357,33.570,33.134,33.486,7762901
2024-04-23,33.570,33.899,33.486,33.792,10804855
2024-04-24,33.634,33.986,33.468,33.921,10758650
2024-04-25,33.616,33.801,33.347,33.727,8374344
2024-04-26,33.745,34.097,33.690,33.755,6950870
2024-04-29,33.931,34.218,33.914,34.134,7004577
2024-04-30,33.847,34.042,33.486,33.505,9796767
2024-05-01,33.495,34.123,33.398,33.523,15601336
2024-05-02,33.866,34.051,33.458,34.005,13264306
2024-05-03,34.560,34.792,34.190,34.273,11887702
2024-05-06,34.505,34.560,34.116,34.282,9738971
2024-05-07,34.542,34.727,34.417,34.643,13276116
2024-05-08,34.449,34.463,34.241,34.319,8182121
2024-05-09,34.727,35.162,34.718,35.134,8914573
2024-05-10,35.180,35.199,34.893,35.004,6882856
2024-05-13,35.153,35.305,34.903,35.097,6846461
2024-05-14,35.329,35.519,35.176,35.347,9703757
2024-05-15,35.928,36.060,35.801,35.949,10083473
2024-05-16,35.977,36.114,35.847,35.884,7195635
2024-05-17,35.940,35.977,35.754,35.884,6152953
2024-05-20,35.828,35.912,35.620,35.662,4067267
2024-05-21,35.578,35.713,35.495,35.634,3621574
2024-05-22,35.578,35.694,35.217,35.329,7027132
2024-05-23,35.338,35.338,34.555,34.579,5597263
2024-05-24,34.792,34.819,34.532,34.579,4686081
2024-05-28,34.801,34.889,34.329,34.375,4696055
2024-05-29,34.069,34.116,33.903,34.051,6076462
2024-05-30,34.292,34.551,34.231,34.542,5868086
2024-05-31,34.755,35.236,34.583,35.227,7949848
2024-06-03,35.291,35.366,34.902,35.088,5826279
2024-06-04,35.023,35.560,34.986,35.421,5647471
2024-06-05,35.449,35.449,35.171,35.375,4541421
2024-06-06,35.245,35.463,35.069,35.430,3888552
2024-06-07,34.958,35.245,34.847,35.153,5140406
2024-06-10,35.042,35.458,34.856,35.329,4148835
2024-06-11,35.208,35.403,35.092,35.217,3492403
2024-06-12,35.986,36.129,35.440,35.467,7600789
2024-06-13,35.597,35.764,35.375,35.643,3704267
2024-06-14,35.514,35.778,35.375,35.671,4975416
2024-06-17,35.477,35.671,35.264,35.486,4880866
2024-06-18,35.578,35.764,35.514,35.625,4893394
2024-06-20,35.514,35.634,35.403,35.532,4503348
2024-06-21,35.578,35.671,35.338,35.625,5334590
2024-06-24,35.650,36.248,35.556,35.865,5891841
2024-06-25,35.837,35.837,35.210,35.360,4490735
2024-06-26,35.182,35.425,35.098,35.313,3639346
2024-06-27,35.416,35.687,35.294,35.631,3571702
2024-06-28,35.837,36.071,35.631,35.921,5569784
2024-07-01,35.837,35.949,35.360,35.575,5700117
2024-07-02,35.575,35.804,35.518,35.725,3985488
2024-07-03,35.809,35.949,35.659,35.687,2359111
2024-07-05,35.790,35.856,35.556,35.818,3785785
2024-07-08,35.828,35.964,35.739,35.902,4443243
2024-07-09,35.846,36.029,35.547,35.912,3679208
2024-07-10,36.080,36.178,35.790,36.164,3935596
2024-07-11,36.716,37.305,36.679,37.127,8693371
2024-07-12,37.371,37.642,37.267,37.399,5322162
2024-07-15,37.455,37.619,37.258,37.558,4828361
2024-07-16,37.801,37.950,37.530,37.913,5753663
2024-07-17,37.988,38.474,37.932,38.250,7445795
2024-07-18,37.997,38.675,37.843,37.932,6016158
2024-07-19,37.997,38.086,37.717,37.885,5259134
2024-07-22,37.941,38.296,37.735,38.259,5233048
2024-07-23,38.240,38.460,38.034,38.194,4351574
2024-07-24,38.184,38.451,37.632,37.670,5606854
2024-07-25,37.876,38.278,37.383,37.464,8353398
2024-07-26,37.623,38.222,37.576,38.091,5702963
2024-07-29,38.091,38.465,37.801,38.334,5418157
2024-07-30,38.493,38.699,38.343,38.614,4673987
2024-07-31,38.558,38.942,38.385,38.521,8786851
2024-08-01,38.923,39.194,38.708,39.119,9813872
2024-08-02,39.138,39.559,38.801,39.147,8818189
2024-08-05,38.596,39.162,37.955,38.016,14134898
2024-08-06,38.044,39.241,37.904,38.858,11389380
2024-08-07,38.960,39.503,38.535,38.577,9907718
2024-08-08,38.493,38.950,38.399,38.904,10383153
2024-08-09,39.073,39.204,38.642,39.101,5454856
2024-08-12,38.932,38.970,38.584,38.867,4924537
2024-08-13,39.138,39.194,38.895,39.138,3707148
2024-08-14,39.204,39.465,39.063,39.278,3300738
2024-08-15,39.306,39.363,38.999,39.166,6282074
2024-08-16,39.129,39.278,38.951,39.147,4212346
2024-08-19,39.147,39.419,39.124,39.381,3971121
2024-08-20,39.363,39.517,39.227,39.419,4828195
2024-08-21,39.447,39.606,39.222,39.550,4214849
2024-08-22,39.606,39.793,39.484,39.793,4953189
2024-08-23,39.942,40.634,39.882,40.560,6135187
2024-08-26,40.756,40.840,40.467,40.532,4047839
2024-08-27,40.288,40.677,40.223,40.634,3717634
2024-08-28,40.634,40.756,40.260,40.494,5035150
2024-08-29,40.429,40.494,40.148,40.335,5339921
2024-08-30,40.532,40.747,40.214,40.728,5611578
2024-09-03,40.466,41.018,40.447,40.821,7580884
2024-09-04,40.915,41.336,40.705,40.915,5855613
2024-09-05,41.224,41.242,40.695,40.803,5539196
2024-09-06,40.831,40.864,40.432,40.803,6671736
2024-09-09,40.803,41.390,40.747,41.289,5070048
2024-09-10,41.467,42.047,41.392,42.019,7884526
2024-09-11,41.644,41.962,41.158,41.906,5792161
2024-09-12,41.972,42.047,41.504,41.981,4263523
2024-09-13,42.196,42.327,42.061,42.280,3707538
2024-09-16,42.477,42.626,42.294,42.421,4130234
2024-09-17,42.439,42.561,41.948,42.084,5919405
2024-09-18,42.140,42.561,41.906,41.962,6234531
2024-09-19,42.308,42.308,41.607,41.860,4552415
2024-09-20,41.616,41.827,41.523,41.785,4839842
2024-09-23,42.089,42.277,41.967,42.249,4013691
2024-09-24,42.051,42.400,41.882,42.249,4103795
2024-09-25,42.334,42.447,41.957,42.070,3457164
2024-09-26,42.089,42.117,41.505,41.656,4552819
2024-09-27,41.948,42.047,41.646,41.712,3613802
2024-09-30,41.562,42.098,41.486,42.070,4930198
2024-10-01,42.193,42.268,41.628,41.816,6453068
2024-10-02,41.392,41.698,41.373,41.665,4021989
2024-10-03,41.533,41.642,41.138,41.260,3504600
2024-10-04,41.025,41.053,40.592,40.987,5386812
2024-10-07,40.723,40.771,40.479,40.686,3793483
2024-10-08,40.855,40.959,40.625,40.808,4039762
2024-10-09,40.723,40.861,40.573,40.827,3338774
2024-10-10,40.601,40.940,40.347,40.488,3659843
2024-10-11,40.705,40.912,40.587,40.902,2312149
2024-10-14,40.799,41.241,40.695,41.185,3542867
2024-10-15,41.364,42.042,41.336,41.703,5176378
2024-10-16,41.797,42.179,41.675,42.117,3662733
2024-10-17,41.995,42.033,41.684,41.844,2934004
2024-10-18,41.929,42.151,41.764,42.136,3950789
2024-10-21,41.891,42.080,41.213,41.270,5938742
2024-10-22,41.185,41.496,41.081,41.336,4497435
2024-10-23,41.232,41.811,41.194,41.741,4849721
2024-10-24,41.778,42.089,41.759,41.835,3188602
2024-10-25,42.183,42.362,41.486,41.505,4820655
2024-10-28,41.872,42.051,41.557,41.637,3129226
2024-10-29,41.505,41.726,41.194,41.260,4557166
2024-10-30,41.298,41.712,41.241,41.411,5513807
2024-10-31,40.968,41.336,40.676,40.686,5866307
2024-11-01,40.959,41.011,40.224,40.253,6141428
2024-11-04,40.422,40.771,40.380,40.705,6509860
2024-11-05,40.601,41.270,40.380,41.260,4747538
2024-11-06,40.893,41.119,39.735,40.158,12721591
2024-11-07,40.309,40.771,40.234,40.658,10597918
2024-11-08,40.846,41.472,40.799,41.354,7348105
2024-11-11,41.298,41.496,40.959,40.997,7899374
2024-11-12,40.893,41.044,40.464,40.479,4972057
2024-11-13,40.931,41.110,40.728,40.799,5095176
2024-11-14,40.733,40.733,40.380,40.431,4860408
2024-11-15,40.243,40.553,40.125,40.479,5875692
2024-11-18,40.300,40.846,40.196,40.836,3812011
2024-11-19,40.714,41.128,40.540,41.006,3693070
2024-11-20,40.771,40.997,40.620,40.940,3198672
2024-11-21,40.978,41.350,40.799,41.213,3070245
2024-11-22,41.373,41.599,41.336,41.524,3333922
2024-11-25,41.778,42.268,41.741,42.080,4626025
2024-11-26,42.033,42.362,41.877,42.287,3183755
2024-11-27,42.485,42.835,42.475,42.579,3531539
2024-11-29,42.607,42.786,42.357,42.381,3737545
2024-12-02,42.146,42.221,41.590,41.741,4837608
2024-12-03,41.778,41.863,41.467,41.496,4164874
2024-12-04,41.496,41.524,41.147,41.383,3315789
2024-12-05,41.138,41.307,41.015,41.279,2971681
2024-12-06,41.392,41.515,41.030,41.223,3624679
2024-12-09,41.298,41.434,41.143,41.307,5211017
2024-12-10,41.241,41.241,40.512,40.639,4090583
2024-12-11,40.752,40.865,40.422,40.535,4988955
2024-12-12,40.488,40.949,40.431,40.507,3418107
2024-12-13,40.469,40.563,40.253,40.337,3833363
2024-12-16,40.356,40.629,40.111,40.130,3642957
2024-12-17,39.932,40.314,39.810,39.951,5319122
2024-12-18,39.819,40.017,38.341,38.388,9802601
2024-12-19,38.425,38.699,37.681,37.729,8386861
2024-12-20,37.907,38.821,37.813,38.416,9792575
2024-12-23,38.276,38.647,38.152,38.590,6917309
2024-12-24,38.447,38.876,38.419,38.847,2812129
2024-12-26,38.742,38.971,38.552,38.904,4044817
2024-12-27,38.676,39.018,38.457,38.590,4589111
2024-12-30,38.485,38.504,38.005,38.409,4493628
2024-12-31,38.714,38.790,38.343,38.714,7590697
2025-01-02,38.761,38.809,38.238,38.352,9786451
2025-01-03,38.438,38.933,38.314,38.876,5128577
2025-01-06,38.895,39.018,38.285,38.343,5980423
2025-01-07,38.476,38.680,37.967,38.057,8867779
2025-01-08,38.086,38.238,37.710,38.219,6312798
2025-01-10,37.619,37.714,37.262,37.295,8343224
2025-01-13,37.248,37.780,37.172,37.771,5769421
2025-01-14,37.895,38.181,37.800,38.095,5022132
2025-01-15,39.085,39.171,38.209,38.257,6511074
2025-01-16,38.352,39.147,38.224,39.114,5600941
2025-01-17,39.228,39.323,39.085,39.104,4913492
2025-01-21,39.275,39.856,39.256,39.818,6105680
2025-01-22,39.742,39.742,39.085,39.123,5837092
2025-01-23,39.209,39.447,38.833,39.437,3916238
2025-01-24,39.304,39.827,39.275,39.551,4038944
2025-01-27,39.504,39.985,39.418,39.942,11135842
2025-01-28,39.885,39.885,39.323,39.456,4366324
2025-01-29,39.504,39.580,38.818,38.999,3945741
2025-01-30,39.599,39.808,39.165,39.513,4481505
2025-01-31,39.390,39.818,39.304,39.428,4730339
2025-02-03,39.104,39.513,38.723,39.361,7439614
2025-02-04,39.095,39.463,38.952,39.361,4559328
2025-02-05,39.818,40.080,39.418,39.980,4357234
2025-02-06,40.208,40.218,39.808,40.094,3680994
2025-02-07,40.199,40.232,39.770,39.951,5337374
2025-02-10,40.037,40.070,39.642,40.008,3907698
2025-02-11,39.818,40.237,39.756,40.227,3276329
2025-02-12,39.437,40.027,39.437,39.885,6834399
2025-02-13,39.799,40.303,39.666,40.199,7069078
2025-02-14,40.313,40.446,40.027,40.037,4528108
2025-02-18,39.932,40.346,39.904,40.180,5622232
2025-02-19,40.008,40.348,39.946,40.256,4405686
2025-02-20,40.256,40.599,40.032,40.532,3947349
2025-02-21,40.541,40.599,39.999,40.199,5072118
2025-02-24,40.265,40.594,40.046,40.380,4435227
2025-02-25,40.513,41.008,40.503,40.808,5698159
2025-02-26,40.884,40.975,40.489,40.608,5472169
2025-02-27,40.618,41.008,40.541,40.789,4040663
2025-02-28,40.989,41.165,40.627,41.074,5771512
2025-03-03,41.217,41.642,41.094,41.427,9874266
2025-03-04,41.465,41.751,40.856,40.951,9765763
2025-03-05,40.503,41.441,40.494,41.331,5564280
2025-03-06,40.989,41.074,40.137,40.199,7954320
2025-03-07,40.275,40.586,39.923,40.427,7083678
2025-03-10,40.389,40.827,39.847,40.037,9447870
2025-03-11,40.142,40.280,39.394,39.618,7103513
2025-03-12,39.685,39.804,39.352,39.475,6013571
2025-03-13,39.485,39.704,38.650,38.704,6167159
2025-03-14,39.071,39.490,38.838,39.456,4548151
2025-03-17,39.466,40.289,39.466,40.151,4422807
2025-03-18,40.151,40.351,39.751,39.904,4860358
2025-03-19,39.932,40.253,39.613,39.951,3919062
2025-03-20,39.951,40.132,39.732,39.904,3452764
2025-03-21,39.723,39.789,39.261,39.513,6237861
2025-03-24,39.757,40.145,39.575,40.064,4457783
2025-03-25,40.064,40.073,39.355,39.585,4660831
2025-03-26,39.767,39.973,39.608,39.786,3717793
2025-03-27,39.843,40.159,39.589,39.690,3586712
2025-03-28,39.862,39.901,39.436,39.671,4905635
2025-03-31,39.786,40.346,39.728,40.092,7736826
2025-04-01,40.226,40.313,39.632,40.121,5903364
2025-04-02,40.054,40.404,39.853,40.313,4656978
2025-04-03,39.910,40.293,39.048,39.106,11584750
2025-04-04,38.914,38.914,37.281,37.324,15419817
2025-04-07,36.691,37.822,35.609,36.423,25297265
2025-04-08,37.257,37.348,35.106,35.523,16319466
2025-04-09,34.929,37.731,34.258,37.563,27138882
2025-04-10,37.190,37.602,35.858,36.768,19936816
2025-04-11,36.576,37.372,36.155,37.285,10742757
2025-04-14,37.582,38.320,37.467,38.109,6543722
2025-04-15,38.243,38.464,37.975,38.167,4272271
2025-04-16,38.310,38.655,37.908,38.148,6021970
2025-04-17,38.291,39.066,38.291,38.751,4793507
2025-04-21,38.425,38.512,37.467,37.946,4364311
2025-04-22,38.492,38.904,38.301,38.722,4213235
2025-04-23,39.048,39.498,38.540,38.770,8046307
2025-04-24,38.789,39.187,38.593,38.885,5093429
2025-04-25,38.904,39.048,38.583,38.828,4510988
2025-04-28,38.818,39.173,38.713,39.067,4403475
2025-04-29,39.077,39.556,39.010,39.383,4088091
2025-04-30,39.134,39.709,38.914,39.565,5100809
2025-05-01,39.680,40.016,39.426,39.680,6986427
2025-05-02,40.164,40.293,39.987,40.169,4073902
2025-05-05,40.164,40.337,39.882,40.121,3018698
2025-05-06,39.939,40.164,39.661,39.843,2531590
2025-05-07,39.872,40.156,39.757,39.814,3892529
2025-05-08,40.025,40.044,39.551,39.623,3841019
2025-05-09,39.652,39.996,39.556,39.862,2540290
2025-05-12,40.341,40.370,39.700,39.901,5525675
2025-05-13,39.824,39.920,39.225,39.364,6502792
2025-05-14,39.268,39.268,38.837,39.029,4416316
2025-05-15,39.201,39.762,39.134,39.747,4703760
2025-05-16,39.824,40.265,39.690,40.246,3421167
2025-05-19,39.929,40.365,39.882,40.332,3023359
2025-05-20,40.006,40.246,39.987,40.121,2311822
2025-05-21,39.920,40.006,39.039,39.058,3708681
2025-05-22,39.125,39.153,38.612,38.924,3599301
2025-05-23,38.890,39.048,38.700,38.933,3751731
2025-05-27,39.268,39.687,39.134,39.575,3626827
2025-05-28,39.613,39.613,39.290,39.575,3491938
2025-05-29,39.575,40.102,39.527,39.939,4811752
2025-05-30,39.786,40.083,39.575,39.977,6882680
2025-06-02,39.690,40.049,39.316,40.035,4756453
2025-06-03,39.843,39.949,39.570,39.891,6276942
2025-06-04,39.795,40.179,39.685,40.016,2969749
2025-06-05,40.073,40.212,39.810,40.006,5411986
2025-06-06,40.198,40.341,39.925,40.121,3533601
2025-06-09,40.068,40.365,39.824,40.102,4581047
2025-06-10,40.207,40.466,40.140,40.456,4832775
2025-06-11,40.456,40.638,40.067,40.236,4809346
2025-06-12,40.236,40.523,40.188,40.456,4151652
2025-06-13,40.236,40.399,39.843,40.131,6375659
2025-06-16,40.236,40.638,40.016,40.169,6304433
2025-06-17,40.150,40.255,39.853,40.006,5610241
2025-06-18,40.073,40.380,39.872,40.083,5530146
2025-06-20,40.255,40.452,40.025,40.073,5834584
2025-06-23,40.186,40.703,40.133,40.659,6057897
2025-06-24,40.766,41.003,40.510,40.853,5292563
2025-06-25,40.572,40.659,39.814,39.857,10960091
2025-06-26,39.847,39.857,39.127,39.606,14023825
2025-06-27,39.673,40.147,39.548,39.751,6608247
2025-06-30,39.780,40.089,39.316,40.041,6959670
2025-07-01,39.973,40.601,39.930,40.311,9438417
2025-07-02,40.263,40.462,40.060,40.389,6737362
2025-07-03,40.398,40.568,40.234,40.408,5758067
2025-07-07,40.321,40.650,39.857,40.099,6417908
2025-07-08,39.925,40.212,39.867,40.041,5768838
2025-07-09,40.079,40.137,39.862,40.021,4867957
2025-07-10,40.060,40.495,39.915,40.224,6045407
2025-07-11,39.925,40.292,39.789,40.186,5802522
2025-07-14,40.176,40.476,40.137,40.456,7270782
2025-07-15,40.466,40.514,39.828,39.934,6427726
2025-07-16,40.253,40.403,39.968,40.369,8487975
2025-07-17,40.321,40.495,40.142,40.331,7848650
2025-07-18,40.369,40.587,40.263,40.447,5608072
2025-07-21,40.655,40.882,40.505,40.601,5336592
2025-07-22,40.775,41.360,40.722,41.307,6165525
2025-07-23,41.365,41.481,41.230,41.423,5625887
2025-07-24,41.355,41.525,41.278,41.365,6727952
2025-07-25,41.375,41.413,40.920,41.365,4697965
2025-07-28,41.172,41.249,40.611,40.650,4776663
2025-07-29,40.872,41.365,40.640,41.326,9447121
2025-07-30,41.239,41.346,40.476,40.746,9908166
2025-07-31,40.476,40.698,39.973,40.031,10320695
2025-08-01,40.452,40.476,39.673,39.915,9602741
2025-08-04,39.983,40.369,39.949,40.253,6584491
2025-08-05,40.234,40.500,40.070,40.389,6265275
2025-08-06,40.514,40.514,40.036,40.050,7569453
2025-08-07,40.292,40.292,39.934,40.205,6429603
2025-08-08,40.282,40.321,39.804,39.876,7161632
2025-08-11,39.722,39.915,39.606,39.644,6054895
2025-08-12,39.702,39.789,39.339,39.712,8099983
2025-08-13,39.780,40.021,39.615,39.973,4962720
2025-08-14,39.717,39.770,39.412,39.693,7988266
2025-08-15,39.693,40.084,39.673,39.954,5689599
2025-08-18,40.041,40.041,39.567,39.577,4496907
2025-08-19,39.780,40.302,39.741,40.282,6803514
2025-08-20,40.389,40.785,40.331,40.437,7026825
2025-08-21,40.263,40.456,40.133,40.292,5852010
2025-08-22,40.616,41.167,40.534,40.930,6488852
2025-08-25,40.882,41.017,40.655,40.727,6213423
2025-08-26,40.688,40.795,40.456,40.611,4318272
2025-08-27,40.717,40.940,40.659,40.785,5171453
2025-08-28,40.814,40.824,40.466,40.679,4199765
2025-08-29,40.766,40.920,40.688,40.901,4810657
2025-09-02,40.534,40.621,40.063,40.205,8204164
2025-09-03,40.089,40.278,39.963,40.099,5667970
2025-09-04,40.253,40.437,39.992,40.369,5991091
2025-09-05,40.582,40.978,40.534,40.775,5298317
2025-09-08,40.273,40.524,40.166,40.505,7678457
2025-09-09,40.336,40.495,40.275,40.485,4308561
2025-09-10,40.495,40.775,40.398,40.466,4006459
2025-09-11,40.524,41.201,40.519,41.123,3604887
2025-09-12,41.007,41.162,40.901,40.940,2515146
2025-09-15,40.988,41.143,40.780,40.891,3844345
2025-09-16,40.853,40.978,40.572,40.650,5432601
2025-09-17,40.766,41.230,40.592,40.630,7313206
2025-09-18,40.645,40.853,40.548,40.659,5162347
2025-09-19,40.698,40.771,40.456,40.456,5331153
2025-09-22,40.470,40.674,40.255,40.587,4786652
2025-09-23,40.606,40.971,40.596,40.908,3002020
2025-09-24,40.869,40.869,40.479,40.489,3990627
2025-09-25,40.538,40.679,40.367,40.392,3559525
2025-09-26,40.528,40.875,40.436,40.791,3436222
2025-09-29,40.830,40.957,40.655,40.869,3891136
2025-09-30,40.927,41.064,40.723,41.035,3941072
2025-10-01,41.015,41.234,40.918,41.035,6818861
2025-10-02,40.908,40.947,40.606,40.820,6391734
2025-10-03,40.869,41.293,40.869,40.986,4820849
2025-10-06,41.001,41.005,40.548,40.577,4921689
2025-10-07,40.626,40.626,40.270,40.450,5191660
2025-10-08,40.231,40.402,40.158,40.246,6809325
2025-10-09,40.338,40.372,39.958,40.061,4517185
2025-10-10,40.139,40.236,39.564,39.622,10153427
2025-10-13,39.632,39.881,39.554,39.846,6720661
2025-10-14,39.788,40.275,39.720,40.226,7769256
2025-10-15,40.353,40.927,40.333,40.811,7393998
2025-10-16,40.898,41.054,40.645,40.684,9443231
2025-10-17,40.713,41.004,40.548,40.947,9458458
2025-10-20,41.189,41.385,41.054,41.376,4826078
2025-10-21,41.278,41.489,41.147,41.249,6887688
2025-10-22,41.434,41.502,41.190,41.434,7755266
2025-10-23,41.483,41.609,41.010,41.395,9446660
2025-10-24,41.609,41.765,41.531,41.541,7820333
2025-10-27,41.561,41.664,41.346,41.629,6851381
2025-10-28,41.429,41.502,40.684,40.703,17437967
2025-10-29,40.275,40.440,39.476,39.593,13140805
2025-10-30,39.617,40.070,39.525,39.817,14353388
2025-10-31,39.525,39.991,39.437,39.837,9788051
2025-11-03,39.428,39.807,39.233,39.768,10847535
2025-11-04,39.866,39.939,39.681,39.876,8413032
2025-11-05,39.992,40.051,39.647,39.866,6925610
2025-11-06,39.807,39.978,39.642,39.671,8172018
2025-11-07,39.856,40.216,39.739,40.197,7674216
2025-11-10,40.119,40.328,39.885,40.168,6823660
2025-11-11,40.246,40.630,40.236,40.616,5743865
2025-11-12,40.402,40.562,40.290,40.294,5801533
2025-11-13,40.109,40.246,39.715,39.768,8032581
2025-11-14,39.944,39.963,39.652,39.885,6434626
2025-11-17,40.031,40.041,39.505,39.622,5861882
2025-11-18,39.661,39.890,39.486,39.768,6634214
2025-11-19,39.788,39.788,39.330,39.457,7201750
2025-11-20,39.768,39.915,39.306,39.320,7477031
2025-11-21,39.593,40.012,39.389,39.837,7858648
2025-11-24,39.876,39.968,39.574,39.895,6796864
2025-11-25,40.002,40.382,39.973,40.216,5898068
2025-11-26,40.100,40.601,40.090,40.392,6814062
2025-11-28,40.402,40.699,40.343,40.587,3771859
2025-12-01,40.158,40.314,40.007,40.022,6008889
2025-12-02,40.168,40.178,39.773,39.924,5411724
2025-12-03,39.876,40.100,39.802,40.002,4501502
2025-12-04,39.924,40.216,39.876,39.934,7427012
2025-12-05,39.924,40.124,39.822,39.924,4553320
2025-12-08,39.905,39.939,39.652,39.681,6046347
2025-12-09,39.778,40.017,39.418,39.447,6325089
2025-12-10,39.554,39.815,39.480,39.525,7956545
2025-12-11,39.613,39.861,39.564,39.739,10300445
2025-12-12,39.905,40.051,39.549,39.691,7441942
2025-12-15,39.915,39.919,39.559,39.846,7820471
2025-12-16,39.885,39.953,39.448,39.496,7722311
2025-12-17,39.501,39.807,39.486,39.671,8812049
2025-12-18,39.817,39.924,39.379,39.428,9482151
2025-12-19,39.320,39.560,39.267,39.281,8338015
2025-12-22,39.240,39.624,39.117,39.575,6797760
2025-12-23,39.614,39.614,39.383,39.565,8384192
2025-12-24,39.585,39.890,39.585,39.821,3242583
2025-12-26,39.733,39.920,39.692,39.900,5972991
2025-12-29,40.067,40.117,39.900,40.008,9519392
2025-12-30,40.008,40.117,39.939,40.097,7967080
2025-12-31,40.058,40.067,39.723,39.733,6082620
2026-01-02,39.723,39.885,39.437,39.762,9211909
2026-01-05,39.629,39.979,39.437,39.811,12232126
2026-01-06,39.644,40.205,39.624,40.077,9052565
2026-01-07,40.255,40.363,39.516,39.526,12482673
2026-01-08,39.378,40.013,39.290,39.821,8784967
2026-01-09,39.792,40.131,39.792,39.880,7050545
2026-01-12,39.930,40.195,39.836,39.999,8398945
2026-01-13,39.989,40.348,39.634,40.304,8778747
2026-01-14,40.274,40.762,40.274,40.757,9738472
2026-01-15,40.904,41.210,40.811,41.062,23308279
2026-01-16,40.973,41.692,40.904,41.564,9540909
2026-01-20,41.288,41.357,40.727,40.767,9264011
2026-01-21,41.013,41.121,40.584,40.914,9950297
2026-01-22,40.924,41.047,40.491,40.511,9731973
2026-01-23,40.501,40.698,40.304,40.619,7587077
2026-01-26,40.776,40.880,40.560,40.589,6462083
2026-01-27,40.658,40.717,40.442,40.619,6453252
2026-01-28,40.604,40.737,40.122,40.225,8519192
2026-01-29,40.422,40.816,40.215,40.737,8650858
2026-01-30,40.678,40.806,40.262,40.796,10617909
2026-02-02,40.865,40.949,40.323,40.333,9386920
2026-02-03,40.245,40.451,39.910,40.186,8709896
2026-02-04,40.422,41.008,40.274,40.826,9574041
2026-02-05,40.707,40.870,40.368,40.599,9894813
2026-02-06,40.944,41.402,40.836,41.348,8181439
2026-02-09,41.279,41.633,41.052,41.604,5638938
2026-02-10,41.628,42.288,41.574,42.185,10547875
2026-02-11,42.283,42.411,42.066,42.145,13760202
2026-02-12,42.667,43.081,42.204,42.214,17849005
2026-02-13,42.377,42.992,42.214,42.834,10767562
2026-02-17,42.982,43.292,42.746,43.268,9757726
2026-02-18,43.150,43.253,42.583,42.687,10995915
2026-02-19,42.628,42.879,42.352,42.539,6655371
2026-02-20,42.588,42.894,42.495,42.894,7468757
2026-02-23,42.844,43.278,42.775,42.943,8647478
2026-02-24,42.854,43.125,42.775,43.061,10590047
2026-02-25,43.022,43.130,42.667,42.775,8744900
2026-02-26,42.992,43.051,42.751,42.962,8774209
2026-02-27,42.884,43.351,42.849,43.169,10826313
2026-03-02,42.894,43.396,42.706,43.248,13308303
2026-03-03,42.647,43.179,42.263,43.031,12288177
2026-03-04,42.884,43.135,42.603,43.090,7850663
2026-03-05,42.618,42.736,42.293,42.677,9182399
2026-03-06,42.293,42.342,42.017,42.234,11703212
2026-03-09,41.771,42.465,41.338,42.322,10771074
2026-03-10,42.194,42.633,42.002,42.263,10506895
2026-03-11,42.096,42.125,41.643,41.761,7165420
2026-03-12,41.426,41.781,41.338,41.495,6487206
2026-03-13,41.958,42.057,41.554,41.604,7916342
2026-03-16,41.909,42.203,41.840,41.929,9002902
2026-03-17,42.283,42.401,42.027,42.066,5654840
2026-03-18,41.899,41.933,41.348,41.377,6351166
2026-03-19,41.269,41.446,41.018,41.279,9645617
2026-03-20,41.210,41.298,39.792,39.969,15901407
2026-03-23,40.564,40.752,40.237,40.267,15314878
2026-03-24,40.068,40.376,39.870,39.939,9942788
2026-03-25,40.108,40.227,39.741,39.920,9904031
2026-03-26,39.840,40.247,39.682,39.939,14478407
2026-03-27,39.870,40.098,39.593,39.662,6122442
2026-03-30,40.108,40.395,39.692,39.860,12617356
2026-03-31,40.336,40.782,40.004,40.475,13395380
2026-04-01,40.514,40.767,40.395,40.594,11565600
2026-04-02,40.534,41.327,40.346,41.248,7355060
2026-04-06,41.159,41.506,41.045,41.397,5149592
2026-04-07,41.228,41.511,40.995,41.357,5421442
2026-04-08,41.942,42.145,41.754,42.071,5836681
2026-04-09,41.922,42.735,41.863,42.358,5201988
2026-04-10,42.398,42.586,42.244,42.447,4989824
2026-04-13,42.289,42.661,42.180,42.646,4079333
2026-04-14,42.596,43.097,42.482,43.052,4873588
2026-04-15,42.968,43.047,42.755,43.032,3029530
2026-04-16,43.151,43.449,43.092,43.429,4316725
2026-04-17,43.548,44.172,43.498,44.093,3840493
2026-04-20,44.014,44.262,43.936,44.252,3628991
2026-04-21,44.192,44.257,43.369,43.399,5081314
2026-04-22,43.528,43.756,42.923,43.082,5116319
2026-04-23,43.270,43.627,43.122,43.578,4159311
2026-04-24,43.617,43.796,43.419,43.449,3581007
2026-04-27,43.280,43.587,43.052,43.112,4082355
2026-04-28,43.369,43.568,42.948,43.528,6136442
2026-04-29,43.369,43.647,43.102,43.260,9108461
2026-04-30,43.161,44.088,43.122,44.014,7471323
2026-05-01,44.103,44.187,43.786,43.934,7212551
2026-05-04,43.776,44.053,43.518,43.697,4220406
2026-05-05,43.736,43.885,43.469,43.786,5810834
2026-05-06,44.053,44.519,44.029,44.351,5308772
2026-05-07,44.177,44.351,43.791,44.014,6956211
2026-05-08,44.133,44.331,43.999,44.024,3267145
2026-05-11,44.004,44.420,44.004,44.182,4172447
2026-05-12,44.133,44.301,43.890,44.192,5022438
2026-05-13,43.845,44.034,43.553,43.825,5242514
2026-05-14,43.944,43.999,43.488,43.528,4745774
2026-05-15,43.429,43.459,42.794,42.854,4936766
2026-05-18,42.913,43.404,42.913,43.369,6060948
2026-05-19,43.335,43.652,43.131,43.558,4328373
2026-05-20,43.478,44.063,43.478,44.043,3861379
2026-05-21,43.885,44.153,43.602,44.113,3567867
2026-05-22,44.242,44.430,43.895,44.172,3829747
2026-05-26,44.381,44.514,44.162,44.321,4320187
2026-05-27,44.351,44.594,44.212,44.242,3436077
2026-05-28,44.143,44.366,43.920,44.024,3275586
2026-05-29,43.925,43.964,43.444,43.607,6642696
2026-06-01,43.340,43.434,42.894,42.894,6478339
2026-06-02,42.923,43.131,42.700,43.112,6160724
2026-06-03,43.003,43.583,42.943,43.131,5665400
2026-06-04,43.776,44.043,43.404,44.014,5184724
2026-06-05,43.944,44.658,43.825,44.311,5326566
2026-06-08,44.301,44.440,43.563,43.647,4974472
2026-06-09,43.895,44.797,43.806,44.579,5556441
2026-06-10,44.718,44.876,44.599,44.599,4560132
2026-06-11,44.668,44.846,44.336,44.529,5514125
2026-06-12,44.648,45.124,44.628,44.965,4002511
2026-06-15,44.921,45.253,44.480,44.599,5284035
2026-06-16,44.817,45.064,44.569,44.708,4003890
2026-06-17,44.569,44.663,43.464,43.587,11440238
2026-06-18,43.994,43.994,43.449,43.478,5730913
2026-06-22,43.670,44.225,43.480,44.020,4444152
2026-06-23,44.130,44.717,44.090,44.640,4137996
2026-06-24,44.780,44.880,44.285,44.510,5158839
2026-06-25,44.700,44.775,44.120,44.590,5642933
2026-06-26,44.890,45.290,44.780,45.240,5422114
2026-06-29,45.140,45.195,44.550,44.920,5151300
2026-06-30,44.375,44.520,43.985,44.030,9117253
2026-07-01,44.040,44.540,44.015,44.180,8073002
2026-07-02,44.370,44.690,44.300,44.680,5503053
2026-07-06,44.730,44.780,44.100,44.290,7036572
2026-07-07,44.525,45.125,44.480,44.890,4836593
2026-07-08,44.850,44.850,44.115,44.150,3957413
2026-07-09,44.200,44.470,44.080,44.230,2959186
2026-07-10,44.480,44.560,44.050,44.450,3608243
2026-07-13,44.610,44.955,44.500,44.700,4214190
2026-07-14,44.750,44.795,44.385,44.480,3944363
2026-07-15,44.610,45.040,44.400,44.560,4562602
2026-07-16,44.710,45.515,44.670,45.460,4227667
2026-07-17,45.680,45.955,45.225,45.420,3903407
2026-07-20,45.335,45.510,45.060,45.230,3255303
2026-07-21,45.280,45.365,45.035,45.200,3137114
2026-07-22,45.300,45.370,44.920,45.010,4064448
2026-07-23,44.830,45.270,44.820,44.950,4746233
2026-07-24,45.345,46.130,45.300,45.950,4737182
2026-07-27,45.855,46.055,45.650,45.760,4216390
2026-07-28,46.170,46.455,45.990,46.010,5833973
2026-07-29,46.045,46.215,45.675,45.960,6031285
2026-07-30,45.940,46.040,44.930,45.300,6483671
2026-07-31,45.280,45.340,44.790,45.070,6545818
2026-08-03,45.080,45.390,44.870,45.180,7515112
2026-08-04,44.650,45.235,44.430,45.170,6248339
2026-08-05,45.280,45.320,44.695,45.200,6007672
2026-08-06,45.535,45.540,44.660,44.810,4976426
2026-08-07,44.830,45.255,44.710,44.980,3863635
2026-08-10,44.705,44.750,44.240,44.400,5294789
2026-08-11,44.260,44.400,44.010,44.080,5552454
2026-08-12,44.200,44.535,44.100,44.490,4723578
2026-08-13,44.740,45.200,44.690,45.120,5760983
2026-08-14,45.118,45.320,45.040,45.270,4545880
2026-08-17,45.100,45.150,44.730,44.830,8542990
