date,open,high,low,close,volume
2016-01-04,15.435,15.496,15.306,15.492,29693458
2016-01-05,15.485,15.643,15.264,15.603,21896090
2016-01-06,15.510,15.639,15.449,15.575,25438000
2016-01-07,15.406,15.550,15.377,15.471,24547414
2016-01-08,15.481,15.589,15.435,15.464,23361588
2016-01-11,15.474,15.616,15.467,15.546,32779174
2016-01-12,15.557,15.603,15.363,15.485,28720290
2016-01-13,15.542,15.609,15.431,15.478,34957778
2016-01-14,15.474,15.799,15.424,15.711,46165910
2016-01-15,15.553,15.668,15.385,15.571,37878112
2016-01-19,15.654,15.847,15.593,15.804,35769276
2016-01-20,15.740,15.765,15.227,15.449,39800280
2016-01-21,15.496,15.553,15.299,15.435,28175760
2016-01-22,15.528,15.722,15.453,15.711,30120928
2016-01-25,15.704,15.743,15.521,15.578,27042728
2016-01-26,15.614,15.840,15.614,15.686,22919276
2016-01-27,15.657,15.837,15.589,15.722,27464214
2016-01-28,15.700,16.076,15.614,15.973,31128074
2016-01-29,16.077,16.307,16.077,16.292,35880724
2016-02-01,16.217,16.522,16.206,16.446,59221896
2016-02-02,16.385,16.536,16.307,16.518,31940122
2016-02-03,16.576,16.798,16.572,16.723,65904834
2016-02-04,16.708,16.798,16.606,16.651,55205140
2016-02-05,16.554,16.769,16.407,16.705,54772644
2016-02-08,16.669,16.859,16.493,16.647,58024708
2016-02-09,16.590,16.769,16.550,16.705,45241730
2016-02-10,16.665,16.776,16.398,16.687,51841280
2016-02-11,16.583,16.719,16.385,16.393,50780082
2016-02-12,16.382,16.475,16.210,16.342,42037480
2016-02-16,16.425,16.482,16.274,16.446,29277294
2016-02-17,16.500,16.500,16.307,16.414,38160668
2016-02-18,16.382,16.741,16.367,16.683,37768518
2016-02-19,16.611,16.658,16.464,16.572,34040278
2016-02-22,16.662,16.766,16.568,16.766,24873496
2016-02-23,16.712,16.818,16.637,16.780,23577668
2016-02-24,16.780,16.891,16.706,16.859,33501726
2016-02-25,16.913,17.031,16.862,17.031,24323846
2016-02-26,16.934,16.974,16.558,16.561,65907266
2016-02-29,16.536,16.766,16.522,16.608,40275586
2016-03-01,16.694,16.733,16.421,16.525,47283486
2016-03-02,16.482,16.619,16.170,16.611,60448348
2016-03-03,16.637,16.712,16.414,16.712,42548576
2016-03-04,16.604,16.952,16.565,16.898,44256872
2016-03-07,16.870,17.027,16.816,16.992,36985574
2016-03-08,17.024,17.173,16.932,17.160,32749554
2016-03-09,17.124,17.293,17.110,17.239,28513236
2016-03-10,17.232,17.311,17.088,17.253,38942708
2016-03-11,17.336,17.379,17.236,17.271,31390898
2016-03-14,17.268,17.325,17.196,17.293,23449630
2016-03-15,17.275,17.381,17.253,17.325,27474002
2016-03-16,17.261,17.591,17.144,17.591,55736310
2016-03-17,17.522,17.727,17.458,17.687,35069800
2016-03-18,17.687,17.741,17.568,17.575,33981308
2016-03-21,17.521,17.644,17.387,17.557,31486456
2016-03-22,17.535,17.629,17.477,17.499,22914764
2016-03-23,17.499,17.698,17.419,17.629,30479272
2016-03-24,17.622,17.701,17.571,17.676,30146906
2016-03-28,17.705,17.799,17.575,17.611,22489108
2016-03-29,17.665,17.886,17.595,17.871,35107226
2016-03-30,17.871,17.911,17.763,17.828,29033814
2016-03-31,17.853,17.951,17.788,17.933,29406836
2016-04-01,17.860,18.027,17.803,18.001,35745206
2016-04-04,18.005,18.027,17.833,17.925,30572274
2016-04-05,17.886,17.915,17.575,17.589,37316860
2016-04-06,17.564,17.593,17.459,17.568,40588960
2016-04-07,17.542,17.676,17.513,17.560,30561140
2016-04-08,17.615,17.768,17.597,17.654,32874390
2016-04-11,17.654,17.766,17.564,17.578,22250060
2016-04-12,17.582,17.723,17.553,17.701,26855294
2016-04-13,17.752,17.752,17.499,17.593,26640928
2016-04-14,17.550,17.633,17.513,17.571,24181574
2016-04-15,17.607,17.709,17.546,17.669,21925738
2016-04-18,17.658,17.738,17.539,17.737,18248214
2016-04-19,17.756,17.792,17.651,17.766,20990892
2016-04-20,17.781,17.803,17.311,17.322,52137402
2016-04-21,17.257,17.304,16.886,16.961,64131362
2016-04-22,17.007,17.134,16.997,17.112,24618044
2016-04-25,17.040,17.148,17.029,17.145,25485766
2016-04-26,17.156,17.242,17.123,17.170,26043588
2016-04-27,17.221,17.519,17.167,17.419,49118438
2016-04-28,17.268,17.438,17.167,17.394,40316038
2016-04-29,17.322,17.517,17.191,17.499,40354468
2016-05-02,17.510,17.727,17.488,17.640,32733164
2016-05-03,17.625,17.719,17.528,17.625,31493306
2016-05-04,17.633,17.944,17.578,17.831,35207860
2016-05-05,17.781,17.978,17.698,17.763,31652960
2016-05-06,17.676,17.738,17.488,17.647,40107172
2016-05-09,17.658,17.774,17.622,17.748,22463558
2016-05-10,17.766,17.831,17.701,17.766,26515854
2016-05-11,17.770,17.846,17.672,17.831,24347888
2016-05-12,17.803,17.965,17.738,17.936,35455420
2016-05-13,17.889,17.929,17.763,17.850,25253272
2016-05-16,17.788,17.875,17.723,17.871,22174288
2016-05-17,17.813,17.857,17.474,17.568,35065994
2016-05-18,17.466,17.604,17.181,17.239,54515198
2016-05-19,17.174,17.416,17.076,17.412,39165524
2016-05-20,17.452,17.474,17.318,17.452,30371386
2016-05-23,17.448,17.492,17.275,17.297,25380482
2016-05-24,17.326,17.490,17.300,17.470,26766622
2016-05-25,17.376,17.474,17.297,17.419,28701190
2016-05-26,17.398,17.640,17.398,17.616,26308900
2016-05-27,17.615,17.680,17.557,17.647,30210930
2016-05-31,17.618,17.777,17.615,17.763,31172376
2016-06-01,17.759,17.831,17.721,17.810,22566204
2016-06-02,17.795,17.817,17.640,17.817,15407372
2016-06-03,18.052,18.196,17.965,18.099,37437792
2016-06-06,18.106,18.168,17.998,18.074,21685510
2016-06-07,18.088,18.182,18.023,18.059,15808234
2016-06-08,18.056,18.182,18.028,18.168,13530284
2016-06-09,18.178,18.356,18.153,18.323,19405544
2016-06-10,18.305,18.399,18.204,18.276,25822584
2016-06-13,18.305,18.372,18.240,18.254,26299384
2016-06-14,18.262,18.363,18.164,18.352,23212892
2016-06-15,18.345,18.381,18.171,18.236,21782686
2016-06-16,18.215,18.392,18.200,18.352,20054230
2016-06-17,18.337,18.424,18.235,18.420,38422668
2016-06-20,18.391,18.446,18.213,18.351,31875796
2016-06-21,18.362,18.464,18.246,18.377,17338284
2016-06-22,18.377,18.406,18.271,18.289,15960584
2016-06-23,18.256,18.348,18.216,18.340,16850384
2016-06-24,18.300,18.533,18.143,18.442,48381936
2016-06-27,18.348,18.646,18.322,18.595,34191394
2016-06-28,18.603,18.676,18.450,18.665,26414530
2016-06-29,18.752,18.803,18.650,18.716,28026886
2016-06-30,18.799,19.142,18.716,19.120,34744756
2016-07-01,19.226,19.226,18.928,19.124,34961658
2016-07-05,19.182,19.295,19.124,19.266,25106856
2016-07-06,19.244,19.320,19.131,19.306,30205322
2016-07-07,19.240,19.251,18.912,18.949,45437234
2016-07-08,18.785,19.157,18.745,19.146,32184762
2016-07-11,19.087,19.146,18.909,19.131,29012096
2016-07-12,19.003,19.080,18.858,18.869,36004578
2016-07-13,18.949,19.018,18.905,19.018,29209442
2016-07-14,18.829,18.982,18.807,18.894,34722600
2016-07-15,18.872,18.996,18.858,18.949,25903436
2016-07-18,18.971,19.062,18.967,19.003,22336256
2016-07-19,18.985,19.025,18.883,18.971,21364090
2016-07-20,18.945,18.989,18.832,18.861,23199266
2016-07-21,18.778,18.988,18.756,18.974,26518310
2016-07-22,18.927,19.244,18.909,19.226,26441432
2016-07-25,19.200,19.218,19.076,19.193,14310596
2016-07-26,19.200,19.215,18.971,19.025,25018190
2016-07-27,18.982,19.003,18.643,18.807,45119500
2016-07-28,18.796,18.912,18.752,18.880,18231560
2016-07-29,18.883,19.054,18.850,18.993,30949342
2016-08-01,18.945,19.047,18.934,19.003,23316954
2016-08-02,18.905,18.952,18.792,18.880,27411032
2016-08-03,18.880,18.912,18.708,18.767,22810692
2016-08-04,18.788,18.898,18.703,18.756,24544030
2016-08-05,18.650,18.690,18.475,18.486,53904126
2016-08-08,18.479,18.646,18.430,18.479,27053356
2016-08-09,18.504,18.573,18.428,18.475,20188380
2016-08-10,18.519,18.563,18.431,18.479,16981676
2016-08-11,18.475,18.533,18.420,18.522,18962948
2016-08-12,18.588,18.683,18.544,18.548,24322890
2016-08-15,18.548,18.614,18.264,18.264,25268890
2016-08-16,18.220,18.231,18.049,18.049,40363284
2016-08-17,18.027,18.353,17.888,18.318,56913176
2016-08-18,18.315,18.544,18.282,18.544,27888904
2016-08-19,18.417,18.493,18.220,18.318,29396084
2016-08-22,18.348,18.446,18.311,18.366,18203526
2016-08-23,18.395,18.482,18.275,18.286,19157436
2016-08-24,18.256,18.307,18.136,18.278,16096656
2016-08-25,18.260,18.351,18.256,18.289,14445556
2016-08-26,18.300,18.424,17.896,17.910,41822470
2016-08-29,17.965,18.100,17.947,18.056,26031444
2016-08-30,18.041,18.129,17.845,17.867,24523034
2016-08-31,17.848,17.947,17.808,17.939,23004174
2016-09-01,17.892,17.953,17.826,17.848,31963922
2016-09-02,17.914,18.103,17.877,18.085,32541930
2016-09-06,18.180,18.304,18.129,18.282,30518282
2016-09-07,18.293,18.326,18.180,18.286,22981340
2016-09-08,18.162,18.369,18.162,18.348,25683260
2016-09-09,18.165,18.187,17.653,17.659,51518228
2016-09-12,17.630,18.009,17.630,17.972,51064516
2016-09-13,17.914,17.936,17.644,17.724,44593754
2016-09-14,17.790,17.936,17.713,17.794,30459692
2016-09-15,17.775,17.961,17.732,17.928,61939512
2016-09-16,17.952,18.129,17.820,18.103,43448362
2016-09-19,18.162,18.290,18.118,18.283,25061542
2016-09-20,18.357,18.386,18.239,18.250,25715800
2016-09-21,18.283,18.636,18.246,18.621,38810262
2016-09-22,18.772,18.776,18.599,18.735,24070660
2016-09-23,18.680,18.772,18.592,18.720,22006882
2016-09-26,18.720,18.750,18.610,18.673,16105678
2016-09-27,18.735,18.827,18.412,18.430,35879114
2016-09-28,18.441,18.500,18.246,18.404,33238374
2016-09-29,18.364,18.371,18.037,18.129,38494626
2016-09-30,18.143,18.276,17.912,18.004,29672572
2016-10-03,18.011,18.011,17.644,17.750,38985374
2016-10-04,17.739,17.754,17.273,17.379,51383662
2016-10-05,17.420,17.555,17.276,17.342,56343874
2016-10-06,17.284,17.427,17.195,17.339,40391308
2016-10-07,17.460,17.625,17.309,17.317,34431626
2016-10-10,17.328,17.475,17.328,17.460,19549534
2016-10-11,17.449,17.449,17.232,17.261,28693936
2016-10-12,17.273,17.464,17.243,17.431,30854574
2016-10-13,17.460,17.761,17.423,17.647,61084296
2016-10-14,17.555,17.725,17.522,17.548,35896690
2016-10-17,17.603,17.688,17.581,17.644,22879864
2016-10-18,17.721,17.831,17.567,17.794,29522102
2016-10-19,17.783,17.809,17.671,17.754,17005094
2016-10-20,17.787,17.881,17.710,17.743,17861564
2016-10-21,17.666,17.732,17.563,17.640,36307282
2016-10-24,17.717,17.770,17.600,17.706,21489406
2016-10-25,17.684,17.816,17.662,17.816,19772502
2016-10-26,17.769,17.883,17.680,17.861,21702012
2016-10-27,17.758,17.827,17.629,17.754,31109858
2016-10-28,17.743,17.894,17.714,17.809,32927732
2016-10-31,17.853,18.272,17.805,18.166,45431664
2016-11-01,18.114,18.151,17.787,17.835,48308862
2016-11-02,17.750,17.798,17.462,17.611,52983490
2016-11-03,17.567,17.747,17.505,17.677,23641020
2016-11-04,17.747,17.916,17.611,17.622,29114424
2016-11-07,17.695,17.934,17.526,17.930,35456222
2016-11-08,17.952,18.140,17.923,18.070,37695822
2016-11-09,17.754,17.769,17.375,17.405,85620428
2016-11-10,17.313,17.331,16.762,16.986,106246864
2016-11-11,16.949,17.146,16.850,16.916,61902938
2016-11-14,16.787,16.942,16.657,16.905,56381604
2016-11-15,17.001,17.217,16.993,17.177,50383630
2016-11-16,17.217,17.261,16.947,17.059,33634856
2016-11-17,16.979,17.154,16.979,17.063,38399568
2016-11-18,17.111,17.148,16.938,17.012,21396928
2016-11-21,17.059,17.195,17.034,17.192,24596538
2016-11-22,17.199,17.283,17.111,17.258,21285928
2016-11-23,17.015,17.243,17.015,17.085,28306806
2016-11-25,17.111,17.390,17.111,17.331,15732414
2016-11-28,17.383,17.706,17.379,17.666,46863462
2016-11-29,17.622,17.824,17.592,17.739,28895374
2016-11-30,17.478,17.519,17.181,17.181,46934766
2016-12-01,17.037,17.114,16.921,17.045,36732130
2016-12-02,17.144,17.320,17.085,17.199,32798814
2016-12-05,17.126,17.225,16.967,17.221,29776598
2016-12-06,17.214,17.284,17.148,17.188,16843936
2016-12-07,17.250,17.412,17.232,17.412,25804782
2016-12-08,17.302,17.473,17.177,17.442,28790960
2016-12-09,17.427,17.633,17.427,17.625,32037832
2016-12-12,17.552,17.827,17.548,17.809,43960138
2016-12-13,17.897,18.008,17.831,17.993,40433948
2016-12-14,18.074,18.169,17.600,17.622,56707856
2016-12-15,17.585,17.763,17.491,17.747,35643126
2016-12-16,17.789,18.023,17.749,17.960,40237984
2016-12-19,18.068,18.075,17.871,18.027,23300424
2016-12-20,17.975,18.101,17.953,18.049,17326276
2016-12-21,18.053,18.138,17.971,17.975,16888378
2016-12-22,17.964,18.071,17.930,18.038,14930494
2016-12-23,18.060,18.105,17.975,18.034,15557022
2016-12-27,17.964,18.094,17.945,18.049,26268718
2016-12-28,18.060,18.071,17.853,17.878,17658696
2016-12-29,17.949,18.147,17.904,18.120,29355638
2016-12-30,18.153,18.160,17.964,18.019,28055496
2017-01-03,17.994,18.042,17.860,17.975,37761370
2017-01-04,18.001,18.135,17.968,18.042,29101000
2017-01-05,18.083,18.090,17.867,18.060,32612802
2017-01-06,17.971,18.149,17.938,18.116,21934336
2017-01-09,18.183,18.190,17.875,17.878,27694312
2017-01-10,17.875,17.882,17.752,17.823,22448354
2017-01-11,17.819,18.027,17.815,18.008,26795414
2017-01-12,18.019,18.053,17.916,18.023,18820808
2017-01-13,17.986,18.049,17.882,17.997,24347198
2017-01-17,18.057,18.253,18.040,18.194,30651940
2017-01-18,18.142,18.261,18.142,18.172,26461818
2017-01-19,18.068,18.172,17.968,18.012,27600972
2017-01-20,18.038,18.097,17.930,18.045,23748494
2017-01-23,18.071,18.112,17.934,17.953,21251010
2017-01-24,17.949,18.027,17.916,17.949,22098884
2017-01-25,17.867,17.968,17.849,17.949,38460004
2017-01-26,17.942,18.042,17.875,17.956,22976478
2017-01-27,17.990,18.045,17.916,17.953,14457594
2017-01-30,17.960,18.027,17.860,17.968,18639846
2017-01-31,17.982,18.261,17.964,18.246,31832936
2017-02-01,18.149,18.157,17.878,17.930,48759066
2017-02-02,17.986,18.120,17.878,18.120,31322192
2017-02-03,18.172,18.216,18.102,18.142,22673288
2017-02-06,18.212,18.224,18.086,18.105,14083998
2017-02-07,18.134,18.179,18.086,18.149,12218256
2017-02-08,18.194,18.361,18.160,18.327,31763986
2017-02-09,18.309,18.353,18.127,18.172,28992068
2017-02-10,18.123,18.311,18.120,18.287,18959164
2017-02-13,18.301,18.394,18.238,18.376,26085628
2017-02-14,18.350,18.357,18.146,18.242,37568538
2017-02-15,18.112,18.204,18.049,18.198,37850762
2017-02-16,18.201,18.387,18.201,18.379,28002158
2017-02-17,18.428,18.446,18.287,18.390,19946928
2017-02-21,18.365,18.624,18.301,18.583,22716904
2017-02-22,18.583,18.698,18.509,18.661,32037264
2017-02-23,18.743,18.921,18.702,18.854,30007164
2017-02-24,18.917,19.140,18.917,19.140,37259396
2017-02-27,19.103,19.117,19.006,19.032,27965716
2017-02-28,19.029,19.255,18.995,19.207,28820846
2017-03-01,18.932,19.175,18.914,19.036,58243106
2017-03-02,18.969,19.292,18.943,19.173,34745668
2017-03-03,19.173,19.183,18.954,19.114,35150080
2017-03-06,19.081,19.118,19.010,19.077,15233602
2017-03-07,19.055,19.136,19.040,19.066,35903346
2017-03-08,18.902,18.921,18.754,18.791,36787880
2017-03-09,18.836,18.902,18.736,18.750,25685516
2017-03-10,18.851,18.943,18.787,18.906,22983594
2017-03-13,18.891,18.973,18.869,18.962,28115964
2017-03-14,18.940,18.995,18.880,18.943,23341038
2017-03-15,19.010,19.344,18.973,19.247,45238328
2017-03-16,19.210,19.210,18.999,19.036,37456708
2017-03-17,19.106,19.263,19.084,19.155,30257088
2017-03-20,19.200,19.237,18.975,19.033,14296048
2017-03-21,19.039,19.368,19.028,19.297,50834230
2017-03-22,19.375,19.529,19.312,19.390,50505522
2017-03-23,19.387,19.506,19.278,19.331,45130656
2017-03-24,19.342,19.473,19.293,19.402,24814260
2017-03-27,19.480,19.521,19.252,19.327,23642798
2017-03-28,19.323,19.346,19.226,19.312,16955680
2017-03-29,19.304,19.321,19.177,19.260,13910996
2017-03-30,19.230,19.230,19.058,19.110,39422440
2017-03-31,19.132,19.278,19.118,19.185,19982078
2017-04-03,19.185,19.185,19.005,19.181,30951658
2017-04-04,19.162,19.312,19.125,19.241,20268610
2017-04-05,19.218,19.368,19.177,19.349,25299090
2017-04-06,19.327,19.334,19.226,19.301,18777548
2017-04-07,19.375,19.402,19.204,19.218,39835914
2017-04-10,19.230,19.275,19.121,19.252,16969774
2017-04-11,19.263,19.282,19.118,19.245,19688446
2017-04-12,19.218,19.398,19.159,19.387,21041922
2017-04-13,19.409,19.413,19.237,19.323,21712222
2017-04-17,19.368,19.417,19.316,19.409,14545146
2017-04-18,19.439,19.495,19.379,19.454,29414724
2017-04-19,19.432,19.439,19.250,19.319,25034096
2017-04-20,19.297,19.297,19.106,19.245,26964672
2017-04-21,19.218,19.424,19.218,19.342,26518134
2017-04-24,19.361,19.465,19.230,19.443,36213386
2017-04-25,19.387,19.447,19.308,19.417,21783282
2017-04-26,19.413,19.503,19.338,19.357,19194804
2017-04-27,19.349,19.518,19.334,19.424,18933084
2017-04-28,19.398,19.424,19.271,19.331,18811498
2017-05-01,19.375,19.375,19.166,19.215,21385040
2017-05-02,19.237,19.308,19.159,19.237,18877252
2017-05-03,19.263,19.286,19.159,19.170,21014416
2017-05-04,19.114,19.260,19.110,19.237,28078160
2017-05-05,19.293,19.413,19.275,19.342,21570592
2017-05-08,19.357,19.379,19.237,19.334,17579444
2017-05-09,19.319,19.334,19.159,19.192,15517838
2017-05-10,19.207,19.263,19.118,19.222,16879642
2017-05-11,19.174,19.248,19.095,19.248,15398310
2017-05-12,19.293,19.383,19.267,19.342,15046148
2017-05-15,19.346,19.458,19.323,19.424,12702250
2017-05-16,19.394,19.450,19.260,19.282,15306140
2017-05-17,19.331,19.420,19.245,19.331,30065678
2017-05-18,19.372,19.497,19.232,19.398,33751956
2017-05-19,19.394,19.473,19.286,19.473,19802656
2017-05-22,19.443,19.671,19.432,19.641,15558538
2017-05-23,19.675,19.809,19.641,19.693,30580386
2017-05-24,19.712,19.839,19.693,19.805,15204684
2017-05-25,19.847,20.000,19.796,19.966,33554554
2017-05-26,19.977,20.011,19.929,19.966,15299286
2017-05-30,19.981,20.078,19.926,20.030,12584582
2017-05-31,20.052,20.202,20.030,20.131,25241382
2017-06-01,20.078,20.277,20.056,20.273,22237116
2017-06-02,20.426,20.426,20.235,20.295,19913156
2017-06-05,20.295,20.314,20.202,20.232,14700028
2017-06-06,20.277,20.277,20.161,20.187,15002462
2017-06-07,20.187,20.301,20.153,20.254,15762660
2017-06-08,20.213,20.228,19.963,20.086,26585296
2017-06-09,20.022,20.082,19.923,20.067,27876386
2017-06-12,20.093,20.176,19.918,20.030,25642290
2017-06-13,20.007,20.094,19.959,20.078,17829758
2017-06-14,20.206,20.295,20.123,20.187,31664206
2017-06-15,20.131,20.323,20.131,20.303,31098902
2017-06-16,20.360,20.435,20.322,20.394,35391524
2017-06-19,20.413,20.424,20.255,20.326,35644674
2017-06-20,20.349,20.364,20.300,20.338,15177010
2017-06-21,20.334,20.368,20.111,20.217,20153148
2017-06-22,20.187,20.261,20.108,20.123,15862330
2017-06-23,20.126,20.202,20.013,20.055,17286238
2017-06-26,20.100,20.304,20.028,20.191,20710012
2017-06-27,20.100,20.157,19.908,19.964,20957586
2017-06-28,20.025,20.070,19.753,19.772,18577634
2017-06-29,19.655,19.682,19.538,19.614,41191302
2017-06-30,19.636,19.742,19.584,19.584,30225886
2017-07-03,19.614,19.667,19.467,19.493,25409420
2017-07-05,19.557,19.557,19.348,19.399,28005194
2017-07-06,19.320,19.414,19.318,19.392,28116004
2017-07-07,19.388,19.501,19.369,19.407,26525966
2017-07-10,19.463,19.506,19.376,19.392,32627626
2017-07-11,19.422,19.422,19.286,19.380,18111758
2017-07-12,19.550,19.603,19.512,19.546,24285974
2017-07-13,19.535,19.586,19.463,19.478,13841950
2017-07-14,19.606,19.659,19.546,19.569,25215094
2017-07-17,19.580,19.659,19.538,19.659,15337990
2017-07-18,19.704,19.736,19.652,19.716,15780994
2017-07-19,19.750,19.806,19.693,19.799,21338706
2017-07-20,19.851,19.946,19.802,19.942,16925058
2017-07-21,19.946,20.085,19.878,20.085,18530390
2017-07-24,20.096,20.096,19.866,19.897,21069512
2017-07-25,19.855,19.912,19.761,19.783,21136114
2017-07-26,19.780,19.972,19.750,19.972,17262440
2017-07-27,19.915,20.021,19.891,20.021,19173840
2017-07-28,19.991,20.047,19.897,19.991,19277958
2017-07-31,19.968,20.104,19.938,20.059,23722648
2017-08-01,20.089,20.209,20.070,20.172,21646182
2017-08-02,20.130,20.262,20.010,20.258,16031738
2017-08-03,20.285,20.360,20.194,20.360,20929460
2017-08-04,20.255,20.315,20.160,20.270,34930882
2017-08-07,20.292,20.341,20.240,20.334,10322902
2017-08-08,20.315,20.417,20.289,20.417,15137348
2017-08-09,20.451,20.503,20.296,20.311,17704472
2017-08-10,20.281,20.413,20.236,20.375,19229500
2017-08-11,20.330,20.373,20.183,20.255,18672668
2017-08-14,20.258,20.383,20.255,20.371,23655630
2017-08-15,20.232,20.500,20.221,20.485,19164524
2017-08-16,20.451,20.579,20.451,20.567,14263522
2017-08-17,20.522,20.590,20.405,20.420,17912904
2017-08-18,20.353,20.639,20.353,20.541,29697568
2017-08-21,20.601,20.650,20.520,20.616,11311944
2017-08-22,20.628,20.665,20.556,20.662,16300540
2017-08-23,20.654,20.737,20.586,20.730,14092918
2017-08-24,20.718,20.763,20.677,20.714,14034710
2017-08-25,20.763,20.856,20.713,20.782,15723632
2017-08-28,20.854,20.854,20.722,20.820,15745356
2017-08-29,20.854,20.888,20.771,20.775,15860558
2017-08-30,20.763,20.782,20.684,20.714,11502162
2017-08-31,20.733,20.773,20.703,20.718,20938938
2017-09-01,20.748,20.782,20.594,20.654,22537416
2017-09-05,20.692,20.722,20.590,20.707,18080812
2017-09-06,20.730,20.763,20.575,20.613,22857344
2017-09-07,20.632,20.790,20.611,20.767,24703464
2017-09-08,20.737,20.880,20.699,20.865,18039856
2017-09-11,20.827,21.069,20.824,21.042,20183228
2017-09-12,21.027,21.027,20.579,20.692,37790622
2017-09-13,20.673,20.688,20.573,20.590,21458140
2017-09-14,20.579,20.773,20.518,20.763,20390756
2017-09-15,20.824,20.855,20.699,20.794,17030284
2017-09-18,20.779,20.794,20.445,20.581,31606998
2017-09-19,20.616,20.629,20.507,20.540,31559990
2017-09-20,20.574,20.618,20.308,20.388,39494012
2017-09-21,20.407,20.517,20.357,20.384,21424656
2017-09-22,20.441,20.467,20.217,20.217,22483748
2017-09-25,20.247,20.424,20.213,20.403,23446538
2017-09-26,20.395,20.436,20.327,20.365,20022206
2017-09-27,20.224,20.304,19.993,20.091,24701684
2017-09-28,20.019,20.215,19.966,20.164,28364996
2017-09-29,20.171,20.230,20.076,20.148,24254194
2017-10-02,20.137,20.276,20.114,20.183,33228558
2017-10-03,20.194,20.198,20.000,20.126,19114954
2017-10-04,20.137,20.334,20.076,20.327,24280998
2017-10-05,20.319,20.348,20.217,20.308,25278464
2017-10-06,20.213,20.300,20.137,20.293,20836312
2017-10-09,20.331,20.369,20.293,20.319,14681306
2017-10-10,20.369,20.521,20.304,20.517,16653580
2017-10-11,20.494,20.705,20.490,20.604,30938206
2017-10-12,20.627,20.764,20.593,20.710,27336626
2017-10-13,20.767,20.802,20.505,20.566,25425372
2017-10-16,20.559,20.604,20.353,20.521,22492728
2017-10-17,20.509,20.684,20.450,20.642,19199218
2017-10-18,20.555,20.644,20.524,20.604,17382016
2017-10-19,20.642,20.821,20.619,20.821,20571850
2017-10-20,20.737,20.878,20.729,20.836,22462746
2017-10-23,20.832,20.889,20.758,20.847,21222038
2017-10-24,20.813,20.889,20.762,20.866,22671390
2017-10-25,20.779,20.817,20.528,20.775,36662506
2017-10-26,20.874,20.982,20.771,20.779,34659142
2017-10-27,20.756,20.957,20.718,20.908,20732232
2017-10-30,20.900,20.954,20.843,20.912,20114848
2017-10-31,20.897,20.976,20.843,20.935,19064056
2017-11-01,20.969,20.969,20.781,20.817,21758336
2017-11-02,20.817,20.980,20.764,20.893,29453894
2017-11-03,20.866,21.071,20.821,20.969,23264470
2017-11-06,20.995,21.007,20.878,20.889,23992952
2017-11-07,20.923,21.170,20.847,21.140,22649018
2017-11-08,21.128,21.210,21.007,21.155,19169822
2017-11-09,21.094,21.219,21.045,21.181,21525216
2017-11-10,21.068,21.130,21.011,21.083,22073600
2017-11-13,21.105,21.352,21.105,21.333,19645668
2017-11-14,21.273,21.614,21.265,21.599,24747522
2017-11-15,21.683,21.736,21.390,21.413,24130478
2017-11-16,21.360,21.409,21.280,21.345,22882188
2017-11-17,21.299,21.352,21.178,21.197,33300706
2017-11-20,21.208,21.233,21.098,21.132,18583800
2017-11-21,21.193,21.248,21.132,21.189,15511912
2017-11-22,21.174,21.229,21.107,21.189,11157782
2017-11-24,21.200,21.307,21.189,21.223,10004488
2017-11-27,21.250,21.350,21.197,21.314,14393500
2017-11-28,21.368,21.455,21.322,21.413,18371122
2017-11-29,21.341,21.516,21.265,21.425,31138722
2017-11-30,21.451,21.542,21.407,21.497,31782924
2017-12-01,21.569,21.611,21.307,21.425,48151814
2017-12-04,21.436,21.519,21.267,21.303,26111516
2017-12-05,21.337,21.337,20.931,21.033,39751956
2017-12-06,21.068,21.153,20.999,21.113,18889606
2017-12-07,21.075,21.155,20.984,21.151,22950474
2017-12-08,21.124,21.221,21.041,21.219,19950650
2017-12-11,21.200,21.360,21.139,21.349,30870890
2017-12-12,21.269,21.295,20.973,20.984,43101038
2017-12-13,21.041,21.159,20.980,21.041,34770196
2017-12-14,21.022,21.109,20.851,21.014,26287126
2017-12-15,21.082,21.166,21.020,21.089,27275270
2017-12-18,21.108,21.168,20.825,20.855,38807042
2017-12-19,20.855,20.882,20.464,20.476,29775038
2017-12-20,20.461,20.533,20.303,20.315,31512060
2017-12-21,20.173,20.177,19.993,20.073,39869730
2017-12-22,20.096,20.181,20.085,20.104,22944190
2017-12-26,20.127,20.188,19.981,19.985,16487430
2017-12-27,20.058,20.108,20.016,20.070,21232830
2017-12-28,20.108,20.188,20.073,20.181,9821528
2017-12-29,20.242,20.280,20.150,20.192,14060248
2018-01-02,20.188,20.215,19.943,20.004,24540028
2018-01-03,19.932,20.077,19.778,19.847,41615754
2018-01-04,19.786,19.916,19.644,19.682,29943660
2018-01-05,19.751,19.782,19.575,19.675,46832626
2018-01-08,19.709,19.874,19.669,19.859,28601018
2018-01-09,19.855,19.863,19.633,19.663,30877376
2018-01-10,19.548,19.579,19.406,19.449,31124080
2018-01-11,19.428,19.518,19.311,19.376,33091012
2018-01-12,19.318,19.422,19.207,19.265,37270612
2018-01-16,19.341,19.395,19.111,19.222,54585596
2018-01-17,19.253,19.395,19.226,19.341,46903214
2018-01-18,19.341,19.345,19.119,19.219,42659362
2018-01-19,19.295,19.337,19.138,19.161,37263714
2018-01-22,19.253,19.376,19.157,19.188,41073030
2018-01-23,19.261,19.508,19.203,19.372,53347886
2018-01-24,19.341,19.357,19.222,19.253,39062888
2018-01-25,19.261,19.567,19.249,19.552,52569948
2018-01-26,19.606,19.663,19.368,19.564,47899910
2018-01-29,19.472,19.506,19.290,19.314,36121876
2018-01-30,19.299,19.429,19.291,19.349,26178112
2018-01-31,19.372,19.583,19.266,19.564,54890488
2018-02-01,19.541,19.617,19.198,19.257,57039216
2018-02-02,19.161,19.303,19.094,19.119,43612838
2018-02-05,19.088,19.290,18.770,18.805,66944698
2018-02-06,18.582,18.682,18.157,18.525,83343166
2018-02-07,18.513,18.732,18.429,18.437,55760476
2018-02-08,18.383,18.632,18.211,18.230,52083794
2018-02-09,18.280,18.753,18.226,18.613,72845020
2018-02-12,18.651,18.858,18.483,18.755,53008774
2018-02-13,18.747,18.910,18.552,18.839,50134322
2018-02-14,18.678,18.803,18.575,18.628,40682124
2018-02-15,18.674,19.050,18.648,19.042,33008156
2018-02-16,19.054,19.257,18.981,19.211,40133070
2018-02-20,19.146,19.215,18.870,18.962,33546576
2018-02-21,18.973,19.100,18.709,18.713,44922864
2018-02-22,18.774,18.950,18.705,18.809,40257732
2018-02-23,18.862,19.322,18.839,19.299,41284860
2018-02-26,19.376,19.410,19.203,19.242,27209820
2018-02-27,19.257,19.372,18.927,18.935,36402398
2018-02-28,19.004,19.054,18.805,18.805,23892200
2018-03-01,18.843,19.111,18.720,18.809,43183280
2018-03-02,18.797,18.985,18.602,18.759,33714194
2018-03-05,18.713,19.184,18.674,19.142,31001174
2018-03-06,19.119,19.161,18.843,18.885,41416008
2018-03-07,18.828,18.908,18.671,18.743,33357554
2018-03-08,18.786,18.924,18.755,18.881,24517560
2018-03-09,18.843,18.939,18.789,18.935,26197012
2018-03-12,18.943,19.040,18.918,19.016,32463650
2018-03-13,19.085,19.173,18.912,19.058,37745088
2018-03-14,19.115,19.318,19.104,19.253,38264656
2018-03-15,19.242,19.418,19.127,19.242,42135684
2018-03-16,19.242,19.460,19.230,19.412,39512544
2018-03-19,19.400,19.466,19.178,19.292,43379508
2018-03-20,19.296,19.377,19.157,19.203,29936438
2018-03-21,19.218,19.400,19.072,19.137,38471860
2018-03-22,19.157,19.531,19.103,19.222,50664816
2018-03-23,19.222,19.396,18.913,18.952,34668538
2018-03-26,19.014,19.176,18.975,19.149,27519896
2018-03-27,19.176,19.624,19.114,19.423,42911986
2018-03-28,19.446,19.524,19.288,19.415,46346156
2018-03-29,19.473,19.612,19.439,19.520,30930240
2018-04-02,19.555,19.647,19.230,19.369,35585214
2018-04-03,19.334,19.526,19.284,19.435,27597574
2018-04-04,19.431,19.527,19.273,19.477,32714646
2018-04-05,19.473,19.690,19.257,19.632,28572698
2018-04-06,19.659,19.701,19.435,19.477,28624010
2018-04-09,19.493,19.651,19.427,19.516,23512108
2018-04-10,19.520,19.543,19.323,19.365,28228428
2018-04-11,19.357,19.427,19.273,19.338,16048202
2018-04-12,19.342,19.392,19.045,19.083,24157552
2018-04-13,19.118,19.317,19.118,19.234,20874632
2018-04-16,19.276,19.506,19.265,19.497,30795280
2018-04-17,19.543,19.763,19.462,19.694,26389042
2018-04-18,19.717,19.891,19.616,19.620,28240090
2018-04-19,19.551,19.653,19.451,19.609,30335450
2018-04-20,19.585,19.632,19.369,19.431,28160024
2018-04-23,19.458,19.555,19.369,19.442,23874070
2018-04-24,19.458,19.692,19.425,19.574,33808844
2018-04-25,19.504,19.647,19.431,19.578,26814986
2018-04-26,19.597,19.802,19.508,19.775,23534134
2018-04-27,19.752,20.049,19.713,19.976,34314592
2018-04-30,20.006,20.072,19.898,19.918,25491978
2018-05-01,19.918,19.952,19.821,19.856,21942658
2018-05-02,19.860,19.929,19.757,19.837,25961174
2018-05-03,19.798,19.902,19.585,19.809,32960258
2018-05-04,19.844,19.987,19.844,19.898,23486766
2018-05-07,19.887,19.927,19.767,19.794,17044058
2018-05-08,19.713,19.748,19.265,19.300,46295760
2018-05-09,19.303,19.338,19.091,19.164,44300906
2018-05-10,19.327,19.439,19.222,19.435,27923432
2018-05-11,19.454,19.514,19.385,19.462,12957812
2018-05-14,19.493,19.527,19.303,19.388,17025554
2018-05-15,19.273,19.361,19.133,19.226,22141466
2018-05-16,19.234,19.261,19.003,19.075,27082852
2018-05-17,19.079,19.133,18.882,18.921,22552060
2018-05-18,18.975,19.037,18.778,18.925,23620704
2018-05-21,18.948,19.074,18.863,19.021,21484002
2018-05-22,19.014,19.201,19.014,19.091,22052192
2018-05-23,19.157,19.307,19.108,19.265,27165762
2018-05-24,19.292,19.437,19.226,19.423,25795636
2018-05-25,19.450,19.558,19.410,19.508,27743186
2018-05-29,19.473,19.639,19.369,19.508,34561484
2018-05-30,19.454,19.701,19.404,19.667,27771724
2018-05-31,19.643,19.813,19.524,19.697,30216484
2018-06-01,19.647,19.655,19.303,19.396,34360088
2018-06-04,19.435,19.516,19.226,19.242,28729018
2018-06-05,19.276,19.301,19.068,19.141,29829250
2018-06-06,19.137,19.160,18.685,18.685,52255866
2018-06-07,18.716,19.000,18.676,18.817,43051586
2018-06-08,18.886,18.894,18.749,18.809,22482488
2018-06-11,18.851,18.921,18.716,18.770,34670420
2018-06-12,18.755,19.010,18.743,18.987,33322662
2018-06-13,19.010,19.122,18.878,18.936,33451498
2018-06-14,18.967,19.215,18.944,19.172,32277100
2018-06-15,19.146,19.314,18.994,19.306,43422406
2018-06-18,19.294,19.430,19.255,19.368,34453304
2018-06-19,19.403,19.629,19.368,19.559,33294782
2018-06-20,19.590,19.623,19.489,19.575,24635366
2018-06-21,19.594,19.742,19.532,19.641,25407350
2018-06-22,19.653,19.828,19.614,19.777,25954774
2018-06-25,19.781,20.146,19.781,20.105,42932328
2018-06-26,20.050,20.245,20.007,20.128,39817462
2018-06-27,20.105,20.264,20.050,20.225,43529354
2018-06-28,20.245,20.407,20.185,20.218,30075620
2018-06-29,20.183,20.331,20.070,20.249,28758042
2018-07-02,20.261,20.405,20.165,20.393,31405608
2018-07-03,20.401,20.572,20.307,20.451,21211108
2018-07-05,20.463,20.576,20.377,20.561,22061918
2018-07-06,20.603,20.767,20.568,20.720,24793316
2018-07-09,20.716,20.718,20.011,20.081,55873532
2018-07-10,19.890,20.381,19.832,20.272,54218102
2018-07-11,20.264,20.490,20.249,20.455,43544624
2018-07-12,20.455,20.512,20.362,20.471,34273486
2018-07-13,20.498,20.545,20.338,20.475,21918548
2018-07-16,20.459,20.510,20.352,20.455,20986392
2018-07-17,20.487,20.522,20.420,20.440,22106982
2018-07-18,20.416,20.451,20.249,20.335,20722568
2018-07-19,20.354,20.642,20.354,20.522,22238758
2018-07-20,20.459,20.514,20.241,20.377,27656990
2018-07-23,20.381,20.420,20.163,20.233,29527454
2018-07-24,20.179,20.366,19.945,20.303,31397608
2018-07-25,20.299,20.463,20.237,20.362,26937402
2018-07-26,20.459,20.638,20.424,20.580,38142004
2018-07-27,20.592,20.681,20.432,20.514,31496198
2018-07-30,20.487,20.487,20.323,20.389,18952744
2018-07-31,20.479,20.627,20.405,20.572,30439572
2018-08-01,20.455,20.498,20.264,20.440,39970720
2018-08-02,20.432,20.603,20.311,20.541,34583838
2018-08-03,20.549,20.824,20.479,20.771,30833222
2018-08-06,20.790,20.907,20.748,20.787,24398110
2018-08-07,20.748,20.789,20.592,20.755,26216400
2018-08-08,20.685,20.716,20.572,20.646,34012050
2018-08-09,20.642,20.752,20.570,20.740,17362228
2018-08-10,20.767,20.911,20.642,20.650,26601098
2018-08-13,20.685,20.716,20.580,20.677,34546762
2018-08-14,20.685,20.800,20.662,20.720,19887784
2018-08-15,20.787,21.036,20.744,20.911,38545418
2018-08-16,20.865,21.151,20.822,21.137,26546040
2018-08-17,21.126,21.338,21.087,21.246,28230164
2018-08-20,21.289,21.301,21.120,21.172,19149232
2018-08-21,21.141,21.153,20.956,21.020,23701698
2018-08-22,21.040,21.044,20.785,20.865,25305126
2018-08-23,20.857,20.997,20.808,20.849,22336146
2018-08-24,20.826,20.958,20.744,20.939,15692640
2018-08-27,20.954,21.013,20.705,20.810,24768156
2018-08-28,20.759,20.837,20.705,20.767,20132302
2018-08-29,20.818,20.919,20.787,20.919,23822438
2018-08-30,20.954,21.040,20.853,20.927,26951416
2018-08-31,20.958,21.044,20.757,20.837,24264934
2018-09-04,20.861,21.044,20.841,20.931,25930190
2018-09-05,20.907,21.235,20.907,21.223,29669686
2018-09-06,21.235,21.410,21.172,21.344,24705642
2018-09-07,21.137,21.239,21.034,21.083,32366934
2018-09-10,21.126,21.274,21.110,21.188,19864888
2018-09-11,21.180,21.266,21.091,21.133,18093852
2018-09-12,21.130,21.246,21.067,21.114,19619726
2018-09-13,21.106,21.282,21.007,21.274,17548466
2018-09-14,21.188,21.207,20.981,21.161,26135288
2018-09-17,21.122,21.262,21.098,21.231,28518218
2018-09-18,21.200,21.262,21.091,21.192,19535032
2018-09-19,21.184,21.184,20.635,20.732,51020022
2018-09-20,20.705,20.792,20.533,20.775,35629076
2018-09-21,20.741,20.938,20.647,20.863,40685286
2018-09-24,20.792,20.867,20.659,20.678,27053696
2018-09-25,20.619,20.631,20.361,20.395,40048064
2018-09-26,20.494,20.501,20.187,20.195,48164394
2018-09-27,20.246,20.513,20.199,20.403,32913658
2018-09-28,20.446,20.718,20.419,20.702,30854856
2018-10-01,20.639,20.678,20.553,20.631,25165826
2018-10-02,20.671,20.965,20.671,20.910,31666450
2018-10-03,20.875,20.985,20.482,20.659,49352592
2018-10-04,20.608,20.812,20.454,20.769,48151844
2018-10-05,20.737,21.155,20.722,21.087,60779960
2018-10-08,21.170,21.406,21.074,21.264,42978530
2018-10-09,21.245,21.445,21.213,21.351,36227506
2018-10-10,21.315,21.581,21.225,21.233,61167932
2018-10-11,21.292,21.343,20.737,20.844,85789586
2018-10-12,20.816,20.883,20.645,20.820,43738138
2018-10-15,20.816,21.050,20.792,20.918,36706872
2018-10-16,20.895,21.250,20.830,21.135,35875698
2018-10-17,21.107,21.197,20.981,21.095,28516948
2018-10-18,21.150,21.256,21.017,21.127,33038158
2018-10-19,21.131,21.571,21.064,21.457,59579226
2018-10-22,21.481,21.504,21.268,21.319,24499968
2018-10-23,21.359,21.496,21.115,21.201,37849176
2018-10-24,21.296,21.819,21.206,21.716,58326780
2018-10-25,21.575,21.575,21.272,21.378,59822484
2018-10-26,21.492,21.555,20.840,20.985,73786064
2018-10-29,21.032,21.372,21.032,21.280,49946476
2018-10-30,21.363,21.492,21.111,21.363,50130922
2018-10-31,21.186,21.315,20.985,21.111,50286016
2018-11-01,21.142,21.154,20.879,21.017,54054740
2018-11-02,21.076,21.131,20.761,20.899,48273124
2018-11-05,20.993,21.268,20.942,21.193,42506604
2018-11-06,21.174,21.382,21.146,21.335,26136290
2018-11-07,21.492,21.610,21.323,21.579,41450726
2018-11-08,21.598,21.669,21.363,21.543,41168268
2018-11-09,21.469,21.669,21.425,21.575,40030384
2018-11-12,21.418,21.785,21.260,21.563,55328290
2018-11-13,21.559,21.701,21.394,21.654,47516370
2018-11-14,21.469,21.610,21.356,21.429,55155640
2018-11-15,21.319,21.339,21.062,21.252,68562380
2018-11-16,21.579,21.681,21.418,21.579,42812758
2018-11-19,21.547,21.693,21.457,21.673,29143910
2018-11-20,21.736,21.889,21.453,21.583,48856886
2018-11-21,21.508,21.536,21.205,21.264,37819404
2018-11-23,21.292,21.327,21.135,21.276,16235788
2018-11-26,21.300,21.414,21.186,21.402,32202162
2018-11-27,21.386,21.587,21.300,21.563,26366860
2018-11-28,21.587,21.650,21.474,21.547,24124430
2018-11-29,21.579,21.579,21.319,21.539,34979164
2018-11-30,21.591,21.878,21.536,21.858,36333760
2018-12-03,21.787,22.078,21.661,22.078,35813696
2018-12-04,22.133,22.336,22.037,22.094,44535920
2018-12-06,22.184,22.192,21.665,22.118,49395850
2018-12-07,22.086,22.328,21.937,22.200,39458806
2018-12-10,22.200,22.314,21.815,22.243,42296878
2018-12-11,22.271,22.408,22.153,22.334,52186930
2018-12-12,22.310,22.456,22.180,22.192,36595056
2018-12-13,22.208,22.481,22.204,22.385,36144022
2018-12-14,22.405,22.456,22.212,22.342,50311130
2018-12-17,22.385,22.399,21.536,21.622,60421656
2018-12-18,21.744,21.897,21.414,21.477,47271136
2018-12-19,21.520,21.693,21.315,21.441,55856890
2018-12-20,21.461,21.736,21.186,21.429,78047642
2018-12-21,21.595,21.980,21.278,21.341,71291564
2018-12-24,21.301,21.460,20.365,20.449,45330698
2018-12-26,20.453,20.754,20.151,20.726,61678288
2018-12-27,20.734,20.929,20.385,20.901,59461348
2018-12-28,20.948,21.163,20.871,20.952,42175210
2018-12-31,20.960,21.048,20.770,20.988,32604324
2019-01-02,20.905,20.925,20.504,20.627,50347768
2019-01-03,20.627,20.798,20.527,20.623,43174916
2019-01-04,20.528,20.938,20.500,20.929,38007226
2019-01-07,20.798,20.889,20.671,20.786,32535476
2019-01-08,20.806,21.067,20.691,21.044,33287072
2019-01-09,21.032,21.119,20.857,20.917,36149426
2019-01-10,20.940,21.230,20.913,21.190,50916268
2019-01-11,21.163,21.208,20.980,21.111,49684974
2019-01-14,20.861,21.115,20.441,20.635,46979756
2019-01-15,20.548,21.004,20.528,20.889,54186228
2019-01-16,20.849,20.972,20.730,20.964,36696374
2019-01-17,20.948,21.099,20.917,21.052,41572020
2019-01-18,21.079,21.147,20.980,21.075,28309384
2019-01-22,21.071,21.231,20.909,21.115,33828858
2019-01-23,21.119,21.341,21.082,21.329,28422292
2019-01-24,21.313,21.460,21.155,21.440,43848260
2019-01-25,21.373,21.472,21.115,21.147,36308664
2019-01-28,21.151,21.230,20.952,21.048,28367578
2019-01-29,21.147,21.206,21.036,21.107,25237040
2019-01-30,21.052,21.361,21.020,21.270,37157796
2019-01-31,21.262,21.781,21.167,21.718,46163418
2019-02-01,21.627,21.718,21.447,21.635,31124724
2019-02-04,21.539,21.682,21.389,21.670,36131382
2019-02-05,21.670,21.754,21.547,21.714,24592460
2019-02-06,21.682,21.789,21.595,21.702,18409014
2019-02-07,21.670,21.988,21.603,21.988,32151254
2019-02-08,21.936,22.095,21.888,22.083,29267362
2019-02-11,22.083,22.190,21.999,22.075,29458158
2019-02-12,22.079,22.237,21.952,22.126,29506648
2019-02-13,22.059,22.118,21.970,22.063,26763568
2019-02-14,22.079,22.141,21.948,22.027,38188028
2019-02-15,22.099,22.178,22.015,22.095,18689106
2019-02-19,22.110,22.249,22.043,22.225,28978792
2019-02-20,22.218,22.364,22.097,22.325,28716790
2019-02-21,22.257,22.523,22.182,22.487,38200552
2019-02-22,22.527,22.630,22.424,22.626,30495076
2019-02-25,22.646,22.662,22.389,22.479,26160220
2019-02-26,22.527,22.559,22.337,22.452,27405480
2019-02-27,22.400,22.551,22.374,22.479,23912682
2019-02-28,22.491,22.666,22.372,22.610,25616172
2019-03-01,22.618,22.672,22.467,22.658,26836090
2019-03-04,22.686,22.745,22.473,22.697,24675164
2019-03-05,22.697,22.753,22.630,22.670,24091156
2019-03-06,22.693,22.753,22.590,22.670,22608708
2019-03-07,22.709,22.888,22.682,22.745,30256998
2019-03-08,22.773,22.844,22.610,22.824,36031764
2019-03-11,22.832,22.995,22.816,22.987,28917690
2019-03-12,23.027,23.169,22.983,23.146,34204100
2019-03-13,23.102,23.225,23.086,23.169,31775250
2019-03-14,23.157,23.296,23.078,23.165,30310768
2019-03-15,23.199,23.323,23.067,23.247,35429784
2019-03-18,23.259,23.291,23.059,23.159,30017526
2019-03-19,23.123,23.159,22.811,22.895,45272446
2019-03-20,22.939,23.139,22.839,22.955,37760920
2019-03-21,22.971,23.247,22.935,23.199,30743552
2019-03-22,23.287,23.529,23.201,23.367,40905024
2019-03-25,23.387,23.459,23.291,23.387,27525910
2019-03-26,23.399,23.569,23.367,23.555,31399548
2019-03-27,23.578,23.598,23.283,23.391,34647280
2019-03-28,23.387,23.467,23.035,23.115,49497538
2019-03-29,23.083,23.267,23.027,23.239,43670274
2019-04-01,23.239,23.239,22.941,23.079,53363884
2019-04-02,23.127,23.155,22.969,23.111,49956202
2019-04-03,23.063,23.171,22.903,23.075,30901056
2019-04-04,23.115,23.135,22.859,22.995,32529196
2019-04-05,22.995,23.223,22.923,23.211,30838702
2019-04-08,23.159,23.191,22.987,23.047,29363486
2019-04-09,23.067,23.125,22.997,23.103,25987862
2019-04-10,23.151,23.307,22.977,23.031,33782302
2019-04-11,23.027,23.155,22.999,23.147,34840030
2019-04-12,23.063,23.279,22.947,23.255,31853248
2019-04-15,23.275,23.353,23.191,23.251,30506752
2019-04-16,23.251,23.303,22.887,22.963,39377692
2019-04-17,22.939,22.999,22.855,22.875,30389598
2019-04-18,22.931,23.047,22.875,22.887,32078736
2019-04-22,22.879,22.955,22.819,22.867,21370964
2019-04-23,22.875,23.003,22.764,22.931,34136342
2019-04-24,22.987,23.157,22.951,23.079,32856712
2019-04-25,22.975,23.267,22.951,23.175,30506816
2019-04-26,23.303,23.443,23.185,23.211,29034808
2019-04-29,23.191,23.199,22.979,23.075,41551816
2019-04-30,23.079,23.471,23.039,23.455,44033498
2019-05-01,23.387,23.449,23.195,23.215,52825790
2019-05-02,23.171,23.295,22.991,23.163,46928040
2019-05-03,23.163,23.331,23.127,23.291,32142512
2019-05-06,23.291,23.353,23.113,23.163,26779366
2019-05-07,23.127,23.183,22.983,23.091,25084480
2019-05-08,23.063,23.087,22.756,22.775,57384702
2019-05-09,22.775,22.875,22.636,22.748,32347882
2019-05-10,22.744,23.167,22.700,23.155,50315988
2019-05-13,23.083,23.453,23.051,23.403,40192524
2019-05-14,23.407,23.425,23.203,23.247,35218852
2019-05-15,23.259,23.347,23.177,23.207,29155062
2019-05-16,23.183,23.435,23.119,23.363,27817296
2019-05-17,23.259,23.574,23.227,23.483,20954288
2019-05-20,23.535,23.662,23.455,23.515,18237650
2019-05-21,23.551,23.751,23.495,23.559,23008762
2019-05-22,23.594,23.758,23.523,23.734,18515750
2019-05-23,23.758,23.942,23.734,23.938,30329288
2019-05-24,23.954,24.078,23.874,23.902,17424888
2019-05-28,23.934,23.954,23.471,23.511,32795770
2019-05-29,23.567,23.588,23.143,23.199,40238278
2019-05-30,23.203,23.331,23.091,23.163,33645288
2019-05-31,23.171,23.335,23.067,23.271,36513954
2019-06-03,23.347,23.535,23.227,23.503,40670714
2019-06-04,23.527,23.553,23.085,23.523,37058402
2019-06-05,23.610,24.104,23.526,24.026,63510532
2019-06-06,24.058,24.218,23.988,24.174,51022358
2019-06-07,24.298,24.445,23.982,23.994,37986238
2019-06-10,23.922,23.970,23.710,23.830,27401290
2019-06-11,23.822,23.886,23.549,23.686,36072144
2019-06-12,23.806,24.030,23.776,23.994,24700464
2019-06-13,24.050,24.114,23.882,24.042,32424164
2019-06-14,24.070,24.338,24.062,24.294,28485382
2019-06-17,24.294,24.366,24.074,24.226,22924210
2019-06-18,24.334,24.373,23.962,24.126,46290568
2019-06-19,24.018,24.413,24.010,24.310,43192118
2019-06-20,24.437,24.521,24.186,24.465,38275680
2019-06-21,24.444,24.605,24.269,24.561,30116442
2019-06-24,24.605,24.641,24.476,24.569,19774414
2019-06-25,24.589,24.589,24.363,24.420,24290782
2019-06-26,24.359,24.413,23.880,23.888,33777008
2019-06-27,23.965,24.033,23.826,23.920,28271334
2019-06-28,23.928,24.146,23.880,24.013,32266486
2019-07-01,24.029,24.053,23.735,23.953,35922978
2019-07-02,24.041,24.319,24.037,24.279,42719106
2019-07-03,24.351,24.597,24.331,24.448,31573140
2019-07-05,24.295,24.472,24.061,24.436,31892838
2019-07-08,24.452,24.549,24.319,24.472,18836344
2019-07-09,24.432,24.512,24.299,24.504,34965480
2019-07-10,24.532,24.694,24.448,24.561,22972672
2019-07-11,24.532,24.659,24.359,24.569,39996136
2019-07-12,24.561,24.589,24.319,24.408,22490654
2019-07-15,24.412,24.541,24.319,24.504,18690588
2019-07-16,24.444,24.528,24.234,24.363,28749206
2019-07-17,24.448,24.597,24.364,24.456,26709400
2019-07-18,24.460,24.673,24.323,24.669,29466612
2019-07-19,24.613,24.681,24.299,24.311,30616530
2019-07-22,24.371,24.396,24.116,24.259,26352920
2019-07-23,24.287,24.303,24.061,24.106,33581140
2019-07-24,24.174,24.234,23.941,24.126,27121352
2019-07-25,24.049,24.220,23.945,24.065,28296642
2019-07-26,24.085,24.247,24.031,24.154,27758046
2019-07-29,24.222,24.313,24.085,24.279,33243358
2019-07-30,24.222,24.335,23.973,24.094,37991164
2019-07-31,24.102,24.218,23.836,23.981,48761930
2019-08-01,23.941,24.361,23.860,24.226,58986236
2019-08-02,24.263,24.424,24.170,24.222,29878548
2019-08-05,24.275,24.339,23.747,23.876,53153536
2019-08-06,23.900,24.267,23.634,24.174,54072206
2019-08-07,24.182,24.379,23.840,24.234,49909366
2019-08-08,24.222,24.549,24.090,24.484,34115042
2019-08-09,24.504,24.619,24.422,24.512,23626922
2019-08-12,24.516,24.581,24.339,24.464,27249612
2019-08-13,24.460,24.569,24.315,24.480,35826480
2019-08-14,24.512,24.637,24.212,24.279,40580938
2019-08-15,24.363,24.675,24.218,24.593,48570344
2019-08-16,24.605,24.794,24.569,24.718,33036790
2019-08-19,24.665,24.959,24.625,24.875,28467936
2019-08-20,24.931,24.935,24.730,24.835,31048842
2019-08-21,24.794,25.000,24.774,25.000,28792096
2019-08-22,24.984,25.056,24.810,25.024,29834254
2019-08-23,25.072,25.153,24.633,24.758,42595794
2019-08-26,24.818,25.052,24.758,25.044,25701450
2019-08-27,25.165,25.265,25.060,25.088,38450556
2019-08-28,25.116,25.205,24.931,25.020,31791538
2019-08-29,25.161,25.201,24.959,25.193,35466524
2019-08-30,25.269,25.290,25.124,25.201,24165958
2019-09-03,25.193,25.652,25.165,25.648,42728590
2019-09-04,25.720,25.785,25.511,25.672,31633244
2019-09-05,25.503,25.559,25.306,25.394,58664574
2019-09-06,25.459,25.515,25.217,25.294,25326430
2019-09-09,25.241,25.286,25.120,25.169,33649880
2019-09-10,25.128,25.201,24.985,25.201,38336108
2019-09-11,25.165,25.471,25.052,25.451,45376914
2019-09-12,25.604,25.680,25.390,25.507,47198684
2019-09-13,25.362,25.531,25.269,25.346,49992012
2019-09-16,25.386,25.406,25.226,25.366,23925736
2019-09-17,25.410,25.648,25.398,25.588,34801896
2019-09-18,25.684,25.777,25.521,25.696,43875496
2019-09-19,25.777,25.841,25.680,25.817,30117110
2019-09-20,25.849,25.947,25.720,25.918,37036392
2019-09-23,25.910,26.020,25.858,25.923,17629744
2019-09-24,26.016,26.316,25.996,26.227,53931402
2019-09-25,26.207,26.239,26.069,26.211,32469728
2019-09-26,26.276,26.422,26.225,26.349,26806586
2019-09-27,26.385,26.401,26.109,26.255,33229414
2019-09-30,26.276,26.405,26.198,26.271,21686918
2019-10-01,26.182,26.255,26.069,26.211,47619126
2019-10-02,26.154,26.198,25.797,25.862,39743096
2019-10-03,25.870,25.935,25.736,25.923,69606390
2019-10-04,25.955,26.340,25.918,26.284,37604362
2019-10-07,26.259,26.292,26.117,26.182,27297672
2019-10-08,26.166,26.186,25.927,25.939,43312276
2019-10-09,26.008,26.166,25.945,26.065,18015928
2019-10-10,26.004,26.093,25.809,26.036,31224892
2019-10-11,26.012,26.101,25.849,25.939,32221712
2019-10-14,26.012,26.024,25.695,25.772,20026286
2019-10-15,25.789,25.849,25.624,25.691,31811294
2019-10-16,25.675,25.760,25.557,25.748,32461392
2019-10-17,25.748,25.866,25.685,25.813,26459920
2019-10-18,25.752,25.955,25.687,25.898,29105764
2019-10-21,25.902,26.008,25.821,26.000,22959528
2019-10-22,26.060,26.227,25.983,26.109,31611714
2019-10-23,26.170,26.280,26.099,26.215,25865840
2019-10-24,26.227,26.349,26.186,26.304,22961040
2019-10-25,26.324,26.361,25.931,26.036,33850210
2019-10-28,25.902,25.971,25.647,25.679,50137174
2019-10-29,25.663,25.760,25.590,25.703,39544814
2019-10-30,25.724,25.996,25.720,25.931,39356680
2019-10-31,25.955,26.105,25.868,26.073,34491704
2019-11-01,26.089,26.170,25.963,26.008,31381472
2019-11-04,25.983,25.998,25.582,25.675,48681576
2019-11-05,25.549,25.630,25.343,25.411,43993710
2019-11-06,25.456,25.614,25.415,25.509,35543636
2019-11-07,25.375,25.505,24.997,25.164,45685178
2019-11-08,25.087,25.196,24.949,25.058,31942850
2019-11-11,25.066,25.095,24.880,24.904,18546318
2019-11-12,24.908,25.014,24.892,24.965,25333026
2019-11-13,25.054,25.391,25.022,25.334,34586200
2019-11-14,25.415,25.553,25.342,25.423,33672042
2019-11-15,25.436,25.517,25.358,25.505,19933134
2019-11-18,25.557,25.768,25.513,25.557,32939754
2019-11-19,25.484,25.633,25.358,25.492,36104804
2019-11-20,25.529,25.683,25.468,25.647,39325062
2019-11-21,25.643,25.667,25.472,25.557,28417038
2019-11-22,25.614,25.626,25.381,25.565,22969270
2019-11-25,25.590,25.663,25.423,25.480,40797470
2019-11-26,25.521,25.602,25.464,25.565,32313990
2019-11-27,25.505,25.638,25.484,25.610,25056372
2019-11-29,25.659,25.756,25.559,25.586,9386902
2019-12-02,25.464,25.529,25.367,25.419,37401232
2019-12-03,25.484,25.537,25.384,25.488,25851426
2019-12-04,25.480,25.724,25.460,25.683,39195368
2019-12-05,25.643,25.732,25.578,25.728,24900380
2019-12-06,25.630,25.801,25.630,25.651,19164360
2019-12-09,25.707,25.711,25.517,25.561,24050014
2019-12-10,25.557,25.610,25.492,25.557,25197566
2019-12-11,25.590,25.671,25.496,25.626,23980178
2019-12-12,25.594,25.695,25.407,25.517,48231220
2019-12-13,25.529,25.760,25.429,25.716,38669174
2019-12-16,25.716,26.052,25.716,26.036,41548548
2019-12-17,26.052,26.284,26.028,26.121,33694526
2019-12-18,26.142,26.263,26.004,26.227,25616124
2019-12-19,26.227,26.271,26.073,26.235,33803242
2019-12-20,26.229,26.560,26.229,26.417,45942012
2019-12-23,26.446,26.475,26.102,26.172,32955902
2019-12-24,26.201,26.221,26.070,26.209,9025442
2019-12-26,26.233,26.278,26.145,26.254,13316908
2019-12-27,26.254,26.331,26.205,26.331,20603362
2019-12-30,26.221,26.331,26.186,26.327,23867528
2019-12-31,26.323,26.462,26.291,26.430,21616794
2020-01-02,26.475,26.483,25.998,26.098,38215674
2020-01-03,26.119,26.246,26.057,26.151,35976720
2020-01-06,26.119,26.254,26.078,26.176,20889056
2020-01-07,26.111,26.151,25.992,26.139,26144192
2020-01-08,26.151,26.241,26.086,26.127,25482704
2020-01-09,26.094,26.299,26.090,26.270,23285628
2020-01-10,26.307,26.432,26.295,26.340,21165566
2020-01-13,26.331,26.577,26.331,26.499,25342144
2020-01-14,26.499,26.585,26.381,26.577,22990078
2020-01-15,26.634,26.992,26.630,26.949,31772234
2020-01-16,26.969,27.145,26.961,27.117,21790158
2020-01-17,27.109,27.342,27.035,27.305,26516546
2020-01-21,27.366,27.567,27.256,27.554,47752610
2020-01-22,27.608,27.718,27.567,27.640,21683096
2020-01-23,27.636,27.894,27.608,27.886,25936000
2020-01-24,27.812,28.061,27.767,27.959,28803254
2020-01-27,27.943,28.139,27.812,27.890,22544332
2020-01-28,27.918,28.123,27.849,28.004,35056570
2020-01-29,28.021,28.119,27.908,28.078,21593260
2020-01-30,28.061,28.356,27.992,28.340,28808636
2020-01-31,28.286,28.401,28.066,28.213,40948486
2020-02-03,28.258,28.333,28.190,28.303,27095832
2020-02-04,28.286,28.372,27.992,28.021,41384194
2020-02-05,27.959,28.203,27.898,28.135,32610062
2020-02-06,28.164,28.303,28.074,28.143,29908974
2020-02-07,28.209,28.250,28.045,28.053,21392744
2020-02-10,28.098,28.160,27.996,28.160,16279564
2020-02-11,28.209,28.354,28.192,28.262,20539350
2020-02-12,28.217,28.368,28.127,28.282,16094796
2020-02-13,28.307,28.614,28.262,28.597,27174224
2020-02-14,28.650,28.814,28.610,28.790,21106684
2020-02-18,28.900,29.080,28.818,29.031,30043342
2020-02-19,28.916,28.955,28.716,28.716,22390936
2020-02-20,28.724,28.835,28.585,28.818,28804152
2020-02-21,28.765,28.951,28.736,28.765,23458046
2020-02-24,28.642,28.802,28.418,28.430,40884202
2020-02-25,28.458,28.507,27.781,27.832,56274196
2020-02-26,27.832,28.082,27.546,27.550,26143958
2020-02-27,27.440,27.591,26.303,26.311,87201734
2020-02-28,25.710,25.738,24.824,25.432,180532640
2020-03-02,25.563,26.964,25.501,26.929,84346852
2020-03-03,26.945,27.501,26.491,26.597,126550886
2020-03-04,26.949,28.143,26.933,28.106,62848022
2020-03-05,27.644,28.049,27.346,27.673,67068602
2020-03-06,26.941,27.558,26.425,27.448,70997756
2020-03-09,25.992,26.685,25.544,25.955,74339066
2020-03-10,26.381,26.683,25.027,26.196,81616684
2020-03-11,25.612,25.628,24.528,24.879,64307530
2020-03-12,23.518,23.943,22.090,22.368,77765606
2020-03-13,23.628,23.628,21.943,23.587,54276632
2020-03-16,21.456,23.113,20.826,20.908,56293492
2020-03-17,21.517,23.783,21.284,23.583,77945994
2020-03-18,22.172,22.908,21.362,22.556,85692742
2020-03-19,22.348,22.446,21.178,21.243,65459026
2020-03-20,21.440,21.440,19.419,19.558,56358404
2020-03-23,19.494,19.494,17.943,18.561,64011336
2020-03-24,19.271,20.643,19.139,20.556,54899242
2020-03-25,20.585,21.965,19.965,21.080,61254588
2020-03-26,21.308,23.123,21.093,22.877,61793734
2020-03-27,22.188,23.830,22.076,23.001,50181094
2020-03-30,23.200,23.997,23.101,23.852,59519106
2020-03-31,23.666,23.666,22.816,22.890,67457944
2020-04-01,21.985,22.287,21.099,21.514,53417550
2020-04-02,21.283,22.338,21.163,22.188,53121674
2020-04-03,21.944,22.214,21.229,21.394,31872724
2020-04-06,22.179,23.278,22.179,23.047,41407540
2020-04-07,23.666,23.704,22.727,22.758,49163244
2020-04-08,22.894,24.195,22.704,23.997,64922372
2020-04-09,24.361,25.521,24.270,25.129,87718792
2020-04-13,25.001,25.001,24.086,24.332,27830812
2020-04-14,24.856,25.083,24.617,25.046,34175552
2020-04-15,24.356,24.654,24.082,24.220,25671506
2020-04-16,24.323,24.427,23.985,24.224,20799440
2020-04-17,24.741,25.137,24.404,25.005,21555048
2020-04-20,24.848,24.848,24.020,24.059,28761728
2020-04-21,23.625,23.947,23.398,23.662,40782932
2020-04-22,24.109,24.551,23.947,24.352,31190834
2020-04-23,24.427,24.493,23.807,23.943,24830344
2020-04-24,23.985,24.195,23.675,24.092,23973514
2020-04-27,24.232,24.520,24.208,24.344,25479896
2020-04-28,24.687,24.951,24.323,24.435,28619564
2020-04-29,24.831,24.844,24.113,24.212,23574888
2020-04-30,24.038,24.075,23.435,23.654,38733828
2020-05-01,23.377,23.394,22.952,23.084,26912528
2020-05-04,22.964,23.315,22.824,23.258,24024432
2020-05-05,23.340,23.728,23.311,23.448,23651010
2020-05-06,23.530,23.547,22.617,22.650,48150322
2020-05-07,22.911,23.113,22.704,22.741,42266468
2020-05-08,23.018,23.291,22.911,23.200,26564204
2020-05-11,23.018,23.187,22.690,23.101,31330908
2020-05-12,23.158,23.262,22.853,22.898,43733194
2020-05-13,22.853,22.853,22.444,22.704,39644966
2020-05-14,22.477,23.014,22.167,22.948,46227098
2020-05-15,22.787,22.795,22.295,22.642,69347562
2020-05-18,23.175,23.720,23.175,23.571,45994582
2020-05-19,23.472,23.538,23.179,23.183,32649508
2020-05-20,23.423,23.571,23.220,23.311,23579704
2020-05-21,23.249,23.415,23.028,23.076,33868180
2020-05-22,23.076,23.353,23.001,23.332,23837510
2020-05-26,23.753,23.939,23.460,23.485,35072574
2020-05-27,23.898,23.939,23.439,23.766,32984532
2020-05-28,24.071,24.571,24.051,24.468,42581980
2020-05-29,24.410,24.786,24.265,24.658,29511694
2020-06-01,24.650,25.102,24.509,24.951,29112828
2020-06-02,25.046,25.129,24.778,25.112,27997256
2020-06-03,25.249,25.592,25.228,25.414,25681772
2020-06-04,25.278,25.331,24.637,24.960,43678770
2020-06-05,25.187,25.761,25.162,25.278,44260052
2020-06-08,25.323,26.036,25.141,25.955,31917350
2020-06-09,25.720,25.730,25.154,25.435,37284442
2020-06-10,25.435,25.604,25.203,25.286,25051956
2020-06-11,24.852,24.922,24.121,24.299,69420794
2020-06-12,24.761,24.790,23.939,24.237,46400484
2020-06-15,23.807,24.579,23.598,24.402,33429668
2020-06-16,24.993,25.129,24.379,24.513,34226786
2020-06-17,24.617,24.621,24.204,24.439,24369098
2020-06-18,24.286,24.501,24.158,24.435,26495610
2020-06-19,24.629,24.732,23.712,23.749,49936144
2020-06-22,23.732,24.128,23.511,23.978,25906332
2020-06-23,24.224,24.253,23.670,23.736,25238862
2020-06-24,23.557,23.666,23.237,23.520,28538150
2020-06-25,23.470,23.482,22.957,23.228,43502204
2020-06-26,23.195,23.457,22.828,22.982,57463338
2020-06-29,23.166,23.428,22.920,23.416,29730842
2020-06-30,23.420,23.630,23.280,23.503,33743948
2020-07-01,23.524,24.157,23.482,24.053,39777700
2020-07-02,24.224,24.374,24.053,24.115,24295208
2020-07-06,24.203,24.361,23.624,23.820,30774812
2020-07-07,23.557,23.812,23.445,23.724,22680494
2020-07-08,23.686,24.015,23.641,23.936,24359328
2020-07-09,23.820,23.832,23.284,23.616,35750590
2020-07-10,23.616,24.128,23.607,24.061,27166578
2020-07-13,24.061,24.324,23.974,24.086,35481594
2020-07-14,24.090,24.453,24.061,24.311,67871658
2020-07-15,24.540,24.717,24.169,24.215,26939622
2020-07-16,24.236,24.590,24.174,24.524,30123254
2020-07-17,24.657,25.144,24.636,25.077,45901114
2020-07-20,24.990,25.061,24.707,24.748,24255126
2020-07-21,24.811,25.148,24.732,24.861,30215988
2020-07-22,24.748,25.338,24.507,25.244,29691442
2020-07-23,25.236,25.452,25.123,25.273,38278030
2020-07-24,25.323,25.581,24.965,25.107,35397150
2020-07-27,25.115,25.132,24.623,24.803,22777610
2020-07-28,24.740,25.388,24.719,25.177,37791042
2020-07-29,25.223,25.361,25.105,25.294,18205590
2020-07-30,25.111,25.298,24.986,25.294,25475846
2020-07-31,25.227,25.402,24.982,25.336,24227964
2020-08-03,25.319,25.323,24.928,25.061,19303828
2020-08-04,25.044,25.448,24.982,25.336,41663446
2020-08-05,25.390,25.407,24.911,25.011,23654908
2020-08-06,24.986,25.198,24.857,25.157,27510364
2020-08-07,25.057,25.708,25.052,25.611,30942226
2020-08-10,25.694,25.802,25.519,25.602,21206180
2020-08-11,25.631,25.681,24.980,25.048,50996072
2020-08-12,25.123,25.581,25.115,25.411,34569778
2020-08-13,25.307,25.421,25.173,25.369,31627106
2020-08-14,25.315,25.348,25.082,25.148,17336240
2020-08-17,25.169,25.334,25.019,25.115,19020514
2020-08-18,25.098,25.198,24.872,25.002,24292610
2020-08-19,25.065,25.077,24.878,24.928,18042612
2020-08-20,24.828,24.953,24.640,24.707,25931640
2020-08-21,24.728,24.794,24.499,24.748,18928254
2020-08-24,24.819,24.973,24.590,24.965,14973586
2020-08-25,25.011,25.015,24.644,24.728,23571706
2020-08-26,24.640,24.657,24.361,24.453,23329818
2020-08-27,24.524,24.705,24.382,24.532,38907096
2020-08-28,24.582,24.626,24.349,24.603,16995238
2020-08-31,24.565,24.829,24.561,24.678,19975584
2020-09-01,24.598,24.615,24.299,24.394,26620448
2020-09-02,24.449,25.265,24.349,25.152,37297240
2020-09-03,25.161,25.423,24.636,24.869,38703566
2020-09-04,24.919,25.061,24.407,24.728,35782228
2020-09-08,24.753,24.782,24.355,24.590,28990498
2020-09-09,24.773,25.234,24.748,24.915,30868784
2020-09-10,24.819,24.848,24.457,24.486,36279554
2020-09-11,24.540,24.623,24.353,24.544,25332614
2020-09-14,24.665,25.011,24.640,24.882,20830436
2020-09-15,25.136,25.419,24.915,25.048,23337580
2020-09-16,24.961,25.190,24.853,25.015,23080062
2020-09-17,24.857,24.948,24.615,24.811,22775162
2020-09-18,24.807,24.823,24.319,24.374,31966398
2020-09-21,24.198,24.336,23.906,24.223,30371412
2020-09-22,24.236,24.538,24.217,24.374,21245886
2020-09-23,24.404,24.446,23.979,24.000,21576944
2020-09-24,23.975,24.441,23.828,24.269,31119972
2020-09-25,24.164,24.693,24.076,24.668,22573294
2020-09-28,24.777,24.979,24.689,24.731,20359328
2020-09-29,24.807,24.975,24.609,24.723,18277770
2020-09-30,24.878,25.067,24.735,24.946,24207874
2020-10-01,25.009,25.261,24.958,25.198,26140940
2020-10-02,24.996,25.626,24.941,25.496,33883654
2020-10-05,25.563,25.887,25.391,25.815,22075268
2020-10-06,25.832,26.326,25.719,26.034,32774260
2020-10-07,26.168,26.302,25.998,26.193,24402390
2020-10-08,26.307,26.714,26.290,26.672,27231418
2020-10-09,26.819,26.832,26.487,26.668,17048440
2020-10-12,26.685,27.017,26.618,26.836,14969718
2020-10-13,26.651,26.723,26.354,26.651,20187664
2020-10-14,26.685,26.798,26.479,26.618,22338704
2020-10-15,26.365,26.748,26.298,26.601,19123790
2020-10-16,26.634,26.987,26.605,26.886,16065072
2020-10-19,26.882,27.013,26.584,26.664,26602640
2020-10-20,26.769,26.966,26.668,26.819,24979458
2020-10-21,26.760,26.924,26.670,26.748,14199144
2020-10-22,26.786,27.172,26.710,27.126,15212084
2020-10-23,27.260,27.307,27.050,27.201,14484996
2020-10-26,26.991,27.243,26.815,27.193,20760708
2020-10-27,27.243,27.449,27.042,27.172,19602046
2020-10-28,26.794,27.138,26.328,26.382,34026684
2020-10-29,26.286,26.777,25.945,26.454,29848054
2020-10-30,26.307,26.471,25.954,26.206,34800316
2020-11-02,26.563,26.819,26.298,26.781,29911514
2020-11-03,27.117,27.462,27.008,27.168,30146330
2020-11-04,27.008,27.428,26.731,26.760,36649670
2020-11-05,27.042,27.493,26.977,27.000,31524382
2020-11-06,27.017,27.256,26.870,26.941,18955330
2020-11-09,27.722,28.537,27.414,27.441,46072292
2020-11-10,27.588,27.916,27.475,27.836,31167448
2020-11-11,27.979,28.189,27.832,27.941,19458178
2020-11-12,27.777,27.840,27.275,27.491,53019686
2020-11-13,27.626,27.840,27.575,27.764,26325460
2020-11-16,28.109,28.126,27.714,28.046,27373294
2020-11-17,27.865,28.000,27.454,27.496,16808050
2020-11-18,27.638,26.970,26.948,26.958,25581304
2020-11-19,26.928,26.949,26.498,26.689,26991500
2020-11-20,26.643,26.878,26.559,26.693,18631800
2020-11-23,26.798,26.846,26.576,26.697,16930196
2020-11-24,26.912,27.050,26.777,26.983,21806978
2020-11-25,26.949,27.063,26.714,27.054,22979142
2020-11-27,27.046,27.071,26.676,26.786,12073294
2020-11-30,26.710,26.727,26.294,26.399,26889366
2020-12-01,26.597,26.958,26.567,26.584,30131218
2020-12-02,26.458,26.773,26.290,26.760,24394920
2020-12-03,26.718,26.743,26.412,26.483,18752912
2020-12-04,26.508,26.569,26.069,26.218,21000088
2020-12-07,26.130,26.494,26.126,26.365,17391740
2020-12-08,26.193,26.458,26.084,26.286,21005544
2020-12-09,26.307,26.349,26.063,26.239,22969922
2020-12-10,26.227,26.311,25.983,26.105,21603030
2020-12-11,25.996,26.179,25.971,26.147,13351360
2020-12-14,26.332,26.550,25.987,26.013,27208856
2020-12-15,26.134,26.592,26.004,26.525,22356980
2020-12-16,26.576,26.710,26.185,26.218,24312834
2020-12-17,26.311,26.586,26.307,26.395,25389842
2020-12-18,26.399,26.494,26.042,26.168,20877054
2020-12-21,25.964,25.964,25.558,25.854,27915374
2020-12-22,25.846,25.911,25.727,25.803,24177176
2020-12-23,25.926,26.130,25.748,25.752,11543350
2020-12-24,25.808,25.947,25.668,25.935,7272086
2020-12-28,26.070,26.216,25.952,26.049,11737972
2020-12-29,26.113,26.236,25.971,26.045,15164958
2020-12-30,26.062,26.261,26.019,26.176,11846568
2020-12-31,26.180,26.604,26.111,26.566,18175334
2021-01-04,26.613,26.613,25.748,25.897,25260620
2021-01-05,25.952,26.028,25.679,25.892,16667974
2021-01-06,26.041,26.710,25.981,26.536,35961894
2021-01-07,26.680,26.731,26.163,26.189,24758818
2021-01-08,26.223,26.462,26.174,26.409,26930580
2021-01-11,26.312,26.418,25.969,26.163,16657034
2021-01-12,26.121,26.210,25.710,26.024,24619042
2021-01-13,26.104,26.617,26.058,26.532,26681760
2021-01-14,26.541,26.562,26.276,26.430,26065542
2021-01-15,26.375,26.769,26.276,26.689,27562410
2021-01-19,26.833,26.860,26.547,26.587,19093642
2021-01-20,26.579,26.862,26.422,26.744,44796202
2021-01-21,26.680,26.735,26.541,26.587,13977086
2021-01-22,26.511,26.714,26.409,26.625,18759924
2021-01-25,26.532,27.197,26.502,27.159,37848502
2021-01-26,27.121,27.151,26.778,26.888,19472404
2021-01-27,26.672,26.869,26.045,26.163,39281302
2021-01-28,26.252,26.880,26.185,26.477,25465080
2021-01-29,26.341,26.600,26.168,26.333,27760684
2021-02-01,26.502,26.697,26.240,26.460,16109344
2021-02-02,26.549,27.085,26.439,26.676,28697604
2021-02-03,26.646,26.767,26.532,26.591,16266678
2021-02-04,26.579,26.837,26.502,26.799,22702128
2021-02-05,26.918,27.091,26.807,26.943,11919920
2021-02-08,27.002,27.011,26.634,26.735,21530880
2021-02-09,26.782,26.871,26.553,26.774,12386848
2021-02-10,26.930,26.990,26.697,26.880,19621204
2021-02-11,26.867,26.956,26.686,26.727,17422468
2021-02-12,26.646,26.769,26.392,26.532,20215988
2021-02-16,26.502,26.536,26.195,26.236,31723250
2021-02-17,26.265,26.303,26.079,26.257,20359184
2021-02-18,26.214,26.528,26.214,26.413,15422758
2021-02-19,26.418,26.430,25.998,26.019,17982768
2021-02-22,25.947,25.977,25.269,25.511,35602698
2021-02-23,25.613,25.812,25.481,25.723,26213292
2021-02-24,25.659,25.705,25.397,25.422,23673492
2021-02-25,25.371,25.494,25.070,25.193,31356730
2021-02-26,25.278,25.435,24.719,24.727,38014336
2021-03-01,25.041,25.555,25.036,25.274,31455324
2021-03-02,25.312,25.378,25.055,25.197,29323070
2021-03-03,25.159,25.159,24.689,24.901,45849288
2021-03-04,24.918,25.344,24.744,24.880,44172398
2021-03-05,24.986,25.405,24.765,25.286,33606584
2021-03-08,25.358,25.865,25.291,25.642,38423856
2021-03-09,25.782,26.066,25.746,25.981,22238164
2021-03-10,25.973,26.240,25.901,26.159,27421196
2021-03-11,26.113,26.420,26.079,26.091,17168866
2021-03-12,26.206,26.524,26.083,26.443,20042816
2021-03-15,26.481,26.850,26.481,26.782,24417884
2021-03-16,26.719,26.884,26.646,26.816,29243552
2021-03-17,26.795,26.799,26.354,26.380,34407028
2021-03-18,26.354,26.460,26.098,26.282,29627994
2021-03-19,26.291,26.583,26.011,26.354,38711034
2021-03-22,26.291,26.432,26.122,26.312,25640596
2021-03-23,26.304,26.805,26.248,26.705,26117256
2021-03-24,26.620,26.903,26.526,26.713,22058196
2021-03-25,26.799,27.089,26.679,26.999,28309578
2021-03-26,26.995,27.115,26.733,27.089,20769122
2021-03-29,27.034,27.507,27.019,27.379,32775618
2021-03-30,27.294,27.294,26.931,27.132,22150968
2021-03-31,27.144,27.383,27.089,27.332,22255188
2021-04-01,27.290,27.354,27.123,27.307,21056318
2021-04-05,27.405,27.780,27.379,27.605,29307006
2021-04-06,27.576,27.755,27.373,27.751,17258902
2021-04-07,27.729,27.864,27.573,27.716,15798148
2021-04-08,27.789,27.874,27.635,27.695,19909956
2021-04-09,27.721,27.838,27.610,27.665,15824738
2021-04-12,27.669,27.887,27.598,27.691,14232766
2021-04-13,27.580,28.069,27.526,28.019,18251196
2021-04-14,27.951,28.143,27.879,28.143,15175146
2021-04-15,28.147,28.468,28.130,28.455,23870584
2021-04-16,28.561,28.796,28.502,28.685,22375708
2021-04-19,28.702,28.749,28.470,28.540,21616296
2021-04-20,28.540,28.975,28.523,28.903,29562154
2021-04-21,28.933,29.044,28.554,28.660,19236728
2021-04-22,28.638,28.736,28.427,28.455,18021964
2021-04-23,28.468,28.561,28.344,28.416,16881504
2021-04-26,28.429,28.446,28.169,28.254,12578464
2021-04-27,28.211,28.224,27.990,28.036,21004636
2021-04-28,28.049,28.126,27.866,27.998,15160550
2021-04-29,27.998,28.271,27.998,28.254,19259296
2021-04-30,28.314,28.485,28.145,28.476,20501984
2021-05-03,28.540,28.736,28.425,28.472,21547782
2021-05-04,28.442,28.493,28.175,28.365,23469966
2021-05-05,28.365,27.906,27.729,27.887,23594796
2021-05-06,27.964,28.126,27.776,28.101,23305402
2021-05-07,28.083,28.399,28.075,28.186,18105896
2021-05-10,28.246,28.756,28.246,28.472,26442292
2021-05-11,28.442,28.480,27.926,28.122,28209964
2021-05-12,28.092,28.092,27.452,27.465,29553532
2021-05-13,27.494,28.159,27.473,27.994,28220320
2021-05-14,28.062,28.308,28.062,28.130,18910800
2021-05-17,28.118,28.280,27.857,27.900,25124018
2021-05-18,27.840,27.990,27.768,27.896,19532394
2021-05-19,27.763,27.872,27.524,27.849,26238008
2021-05-20,27.900,28.263,27.891,28.092,25679522
2021-05-21,28.160,28.342,28.039,28.237,20487786
2021-05-24,28.374,28.421,28.169,28.186,19340560
2021-05-25,28.186,28.216,27.782,27.849,20426322
2021-05-26,27.862,27.966,27.765,27.849,16839950
2021-05-27,27.947,27.947,27.652,27.661,16996134
2021-05-28,27.827,27.913,27.725,27.810,19565438
2021-06-01,27.874,27.938,27.576,27.640,22052178
2021-06-02,27.682,27.938,27.571,27.785,20491196
2021-06-03,27.657,28.041,27.563,27.951,23707188
2021-06-04,28.024,28.066,27.874,27.908,14465998
2021-06-07,27.934,28.002,27.887,27.960,13822416
2021-06-08,28.019,28.041,27.601,27.721,18363812
2021-06-09,27.789,28.019,27.729,27.968,18759444
2021-06-10,27.990,28.182,27.921,28.152,16654382
2021-06-11,28.152,28.237,28.019,28.216,18198588
2021-06-14,28.220,28.346,28.105,28.276,13733138
2021-06-15,28.310,28.515,28.229,28.361,32781054
2021-06-16,28.433,28.536,27.921,27.934,46276014
2021-06-17,27.913,28.241,27.832,28.088,25708764
2021-06-18,27.926,27.947,27.315,27.358,36078436
2021-06-21,27.451,27.787,27.296,27.718,27886554
2021-06-22,27.718,27.800,27.537,27.550,16606954
2021-06-23,27.533,27.533,27.176,27.257,25666476
2021-06-24,27.292,27.300,27.111,27.232,15215740
2021-06-25,27.245,27.546,27.214,27.524,18273628
2021-06-28,27.636,27.838,27.597,27.701,16735362
2021-06-29,27.615,27.778,27.171,27.253,24688228
2021-06-30,27.232,27.335,27.098,27.202,19077646
2021-07-01,27.253,27.591,27.146,27.498,22993306
2021-07-02,27.572,27.572,27.402,27.541,18628254
2021-07-06,27.537,27.675,27.223,27.658,18156580
2021-07-07,27.670,27.843,27.516,27.838,24196372
2021-07-08,27.683,27.924,27.640,27.757,20512354
2021-07-09,27.795,27.868,27.563,27.791,21480214
2021-07-12,27.761,27.905,27.625,27.881,17322952
2021-07-13,27.834,27.924,27.572,27.670,22492330
2021-07-14,27.679,28.032,27.550,27.911,20719228
2021-07-15,27.817,28.247,27.808,28.225,28574532
2021-07-16,28.256,28.656,28.225,28.509,33106556
2021-07-19,28.393,28.619,27.739,28.058,45585870
2021-07-20,28.083,28.462,28.083,28.178,33778872
2021-07-21,28.195,28.260,27.847,27.868,22456810
2021-07-22,27.898,28.036,27.819,27.911,22875522
2021-07-23,27.980,28.294,27.929,28.268,16215084
2021-07-26,28.213,28.363,28.079,28.277,17935820
2021-07-27,28.256,28.813,28.092,28.763,34282752
2021-07-28,28.750,28.802,28.333,28.544,24946990
2021-07-29,28.595,28.703,28.456,28.621,30247466
2021-07-30,28.604,28.843,28.316,28.380,25264660
2021-08-02,28.445,28.703,28.410,28.600,23564108
2021-08-03,28.643,28.897,28.509,28.763,25994546
2021-08-04,28.647,28.755,28.363,28.720,32376906
2021-08-05,28.759,29.073,28.684,29.034,31789818
2021-08-06,29.004,29.228,28.935,29.017,20000934
2021-08-09,29.039,29.116,28.849,29.008,16865304
2021-08-10,29.034,29.137,28.905,29.039,15834348
2021-08-11,29.103,29.443,29.103,29.310,18488812
2021-08-12,29.258,29.441,29.243,29.340,18920136
2021-08-13,29.400,29.581,29.340,29.546,23581214
2021-08-16,29.546,29.938,29.516,29.727,25796560
2021-08-17,29.645,29.748,29.448,29.744,23036918
2021-08-18,29.740,29.804,29.495,29.593,31411402
2021-08-19,29.606,29.955,29.575,29.714,27722756
2021-08-20,29.662,30.105,29.507,30.084,23578256
2021-08-23,30.062,30.071,29.641,29.697,21830730
2021-08-24,29.684,29.710,29.305,29.503,25331548
2021-08-25,29.499,29.654,29.331,29.559,16329812
2021-08-26,29.559,29.572,29.421,29.486,16631372
2021-08-27,29.516,29.613,29.423,29.477,21004022
2021-08-30,29.469,29.606,29.370,29.520,23691782
2021-08-31,29.507,29.652,29.363,29.486,22580134
2021-09-01,29.568,29.972,29.529,29.873,26667464
2021-09-02,29.938,30.144,29.908,30.144,20599300
2021-09-03,30.054,30.097,29.821,29.895,18945044
2021-09-07,29.869,29.873,29.447,29.499,26290464
2021-09-08,29.482,30.110,29.413,30.028,29176270
2021-09-09,29.933,30.039,29.841,29.864,16355034
2021-09-10,29.847,29.877,29.439,29.447,24654370
2021-09-13,29.697,29.731,29.310,29.396,26236440
2021-09-14,29.490,29.585,29.223,29.297,28103326
2021-09-15,29.254,29.449,29.094,29.258,19812756
2021-09-16,29.254,29.374,28.970,29.013,31464006
2021-09-17,28.952,29.107,28.539,28.565,25108468
2021-09-20,28.500,28.758,28.197,28.509,45678626
2021-09-21,28.591,28.786,28.414,28.431,26414564
2021-09-22,28.535,28.643,28.305,28.414,24788100
2021-09-23,28.414,28.626,28.236,28.262,19333126
2021-09-24,28.258,28.444,28.162,28.232,23660694
2021-09-27,28.184,28.470,27.857,27.898,21779534
2021-09-28,27.872,27.915,27.465,27.547,40471674
2021-09-29,27.629,28.102,27.556,27.907,30867698
2021-09-30,28.011,28.028,27.647,27.686,27144760
2021-10-01,27.855,27.907,27.590,27.686,29001276
2021-10-04,27.655,28.147,27.642,28.067,40402574
2021-10-05,28.102,28.201,27.963,27.998,26130436
2021-10-06,27.911,28.451,27.744,28.431,33152456
2021-10-07,28.483,28.708,28.247,28.279,27537256
2021-10-08,28.275,28.331,28.052,28.071,17796448
2021-10-11,27.954,28.011,27.651,27.690,25419454
2021-10-12,27.729,27.956,27.655,27.876,20996092
2021-10-13,27.885,28.223,27.738,28.201,26207358
2021-10-14,28.297,28.604,28.227,28.548,21398068
2021-10-15,28.591,28.691,28.418,28.466,29602296
2021-10-18,28.275,28.349,28.041,28.193,20700080
2021-10-19,28.409,28.587,28.331,28.548,21413654
2021-10-20,28.665,29.111,28.635,28.999,27799824
2021-10-21,29.016,29.116,28.960,28.999,17372728
2021-10-22,29.077,29.198,29.012,29.146,21399960
2021-10-25,29.103,29.198,28.949,29.020,15160214
2021-10-26,29.046,29.402,28.999,29.176,19391310
2021-10-27,29.246,29.320,28.951,28.981,22263332
2021-10-28,28.955,29.174,28.921,29.172,15443562
2021-10-29,29.163,29.285,28.856,28.999,26666776
2021-11-01,28.990,29.176,28.899,29.103,16180724
2021-11-02,29.211,29.268,28.921,29.129,19865226
2021-11-03,29.081,29.196,28.784,29.020,20992180
2021-11-04,28.977,29.038,28.561,28.860,32183060
2021-11-05,28.955,29.259,28.925,29.133,21584368
2021-11-08,29.168,29.172,28.561,28.700,19670234
2021-11-09,28.752,28.927,28.661,28.847,16489374
2021-11-10,28.869,29.105,28.851,29.081,25832532
2021-11-11,29.064,29.077,28.753,28.903,15746440
2021-11-12,28.895,28.964,28.760,28.886,18179040
2021-11-15,29.012,29.281,28.951,29.268,19003664
2021-11-16,29.281,29.337,29.109,29.129,13213394
2021-11-17,29.059,29.198,28.912,29.155,19001884
2021-11-18,29.107,29.163,28.906,29.003,15305482
2021-11-19,29.042,29.233,28.964,29.168,20605954
2021-11-22,29.146,29.502,29.068,29.346,23154010
2021-11-23,29.341,29.549,29.198,29.376,19039798
2021-11-24,29.363,29.453,29.211,29.393,15582956
2021-11-26,29.185,29.376,28.861,28.934,21853262
2021-11-29,29.159,29.443,28.925,29.363,22822276
2021-11-30,29.224,29.228,28.479,28.505,48622956
2021-12-01,28.695,29.246,28.539,28.557,46024622
2021-12-02,28.626,29.189,28.626,28.921,35046622
2021-12-03,29.064,29.220,28.641,29.211,42768912
2021-12-06,29.402,29.965,29.389,29.658,47221908
2021-12-07,29.662,29.950,29.584,29.879,21789026
2021-12-08,29.905,30.050,29.688,29.848,25992282
2021-12-09,29.918,29.976,29.606,29.809,23783720
2021-12-10,29.931,30.112,29.814,29.970,23403816
2021-12-13,29.939,30.485,29.939,30.338,27500294
2021-12-14,30.334,30.394,30.013,30.156,35005086
2021-12-15,30.121,30.676,30.121,30.650,45364718
2021-12-16,30.620,30.992,30.594,30.806,30209250
2021-12-17,30.689,30.841,30.277,30.342,43674142
2021-12-20,30.052,30.401,29.805,30.371,30091438
2021-12-21,30.467,30.666,30.165,30.327,32355852
2021-12-22,30.279,30.502,30.235,30.458,18966756
2021-12-23,30.476,30.611,30.421,30.454,14505676
2021-12-27,30.467,30.602,30.375,30.602,15707370
2021-12-28,30.646,30.886,30.624,30.877,16104048
2021-12-29,30.912,31.091,30.860,31.043,13755498
2021-12-30,31.126,31.188,30.930,31.157,18672428
2021-12-31,31.091,31.375,31.030,31.266,18618800
2022-01-03,31.253,31.260,30.600,30.956,43298804
2022-01-04,30.956,31.255,30.851,30.860,29321784
2022-01-05,30.838,31.190,30.812,30.842,44486402
2022-01-06,30.842,30.969,30.489,30.524,36259630
2022-01-07,30.458,30.904,30.270,30.755,39269930
2022-01-10,30.729,30.773,30.403,30.554,31169880
2022-01-11,30.528,30.642,30.076,30.279,33653750
2022-01-12,30.183,30.455,30.096,30.375,28112706
2022-01-13,30.362,30.642,30.344,30.524,33948966
2022-01-14,30.524,30.580,30.161,30.314,32547578
2022-01-18,30.091,30.144,29.716,29.951,35535028
2022-01-19,29.960,30.353,29.951,30.087,32051400
2022-01-20,30.179,30.563,30.091,30.126,29524434
2022-01-21,30.275,30.432,30.010,30.069,48542920
2022-01-24,30.034,30.130,29.017,29.781,57601306
2022-01-25,29.318,29.667,29.178,29.314,52212514
2022-01-26,29.370,29.687,28.912,29.073,49234162
2022-01-27,29.344,29.698,29.187,29.331,44981942
2022-01-28,29.252,29.709,29.030,29.685,50049838
2022-01-31,29.510,30.275,29.449,30.248,52574738
2022-02-01,30.165,30.327,29.569,29.847,41019860
2022-02-02,29.825,30.331,29.772,30.288,45722742
2022-02-03,30.200,30.340,30.069,30.152,34289642
2022-02-04,29.890,30.179,29.611,29.912,37029106
2022-02-07,29.860,29.991,29.685,29.868,27543806
2022-02-08,29.991,30.087,29.816,29.890,38853242
2022-02-09,30.104,30.174,29.930,30.021,35227206
2022-02-10,29.724,29.866,29.200,29.261,45058512
2022-02-11,29.388,29.606,29.150,29.279,36056590
2022-02-14,29.375,29.423,28.750,29.030,37112262
2022-02-15,29.209,29.322,28.763,28.894,34175024
2022-02-16,28.934,29.084,28.676,28.960,32184580
2022-02-17,28.829,29.115,28.624,28.977,29159858
2022-02-18,28.881,29.165,28.794,28.925,33686788
2022-02-22,29.030,29.100,28.698,28.894,34421716
2022-02-23,28.947,29.034,28.375,28.405,34583540
2022-02-24,28.222,28.687,28.079,28.632,57319386
2022-02-25,28.886,29.554,28.820,29.519,42528240
2022-02-28,29.340,29.716,29.305,29.672,36705166
2022-03-01,29.611,29.868,29.194,29.414,33464746
2022-03-02,29.427,29.881,29.412,29.772,29259248
2022-03-03,29.890,30.445,29.864,30.296,41471228
2022-03-04,30.218,30.991,30.157,30.965,48683612
2022-03-07,31.035,31.434,30.773,31.367,61944062
2022-03-08,31.450,31.611,30.869,30.882,53129710
2022-03-09,31.105,31.148,30.607,30.663,50953750
2022-03-10,30.432,30.930,30.410,30.869,34038574
2022-03-11,30.917,31.122,30.733,30.764,24988428
2022-03-14,30.960,31.118,30.572,30.729,41004570
2022-03-15,31.026,31.188,30.847,31.122,29004424
2022-03-16,31.083,31.218,30.624,31.065,40011880
2022-03-17,31.083,31.419,31.022,31.196,31830364
2022-03-18,31.196,31.336,30.860,30.930,37038066
2022-03-21,30.972,31.280,30.964,31.135,36294322
2022-03-22,31.254,31.254,30.931,31.179,29286366
2022-03-23,31.148,31.403,30.994,31.223,27988562
2022-03-24,31.289,31.584,31.225,31.544,26591414
2022-03-25,31.658,32.015,31.584,32.001,28932208
2022-03-28,32.032,32.208,31.841,32.208,30959674
2022-03-29,32.195,32.507,32.138,32.507,38109888
2022-03-30,32.538,32.784,32.439,32.775,35229208
2022-03-31,32.753,33.039,32.722,32.740,35701118
2022-04-01,32.714,33.219,32.520,33.197,38013668
2022-04-04,33.061,33.061,32.604,32.942,28390902
2022-04-05,32.956,33.527,32.951,33.149,38140532
2022-04-06,33.255,33.831,33.105,33.809,56488860
2022-04-07,33.795,33.809,33.417,33.725,42033620
2022-04-08,33.848,33.958,33.554,33.839,34388420
2022-04-11,33.861,33.907,33.327,33.378,46335558
2022-04-12,33.285,33.679,33.167,33.505,45313742
2022-04-13,33.510,33.597,33.219,33.439,35311918
2022-04-14,33.505,33.679,33.408,33.457,28427096
2022-04-18,33.496,33.685,33.118,33.276,29878176
2022-04-19,33.373,33.558,33.276,33.492,33030352
2022-04-20,33.848,33.929,33.663,33.765,36652390
2022-04-21,33.655,33.751,33.180,33.206,36817090
2022-04-22,33.162,33.197,32.626,32.648,54683120
2022-04-25,32.762,32.780,31.885,32.423,59672060
2022-04-26,32.309,32.707,32.085,32.098,41105346
2022-04-27,32.120,32.419,31.839,31.944,49067946
2022-04-28,32.098,32.415,31.931,32.300,39901856
2022-04-29,32.160,32.217,31.285,31.333,54338084
2022-05-02,31.483,31.628,30.621,31.012,65832126
2022-05-03,31.126,31.641,30.988,31.131,42151654
2022-05-04,31.324,31.883,31.192,31.825,56580284
2022-05-05,31.614,31.878,31.219,31.500,54849584
2022-05-06,31.315,31.852,31.307,31.751,55360046
2022-05-09,31.557,31.834,31.250,31.513,51419424
2022-05-10,31.557,31.988,30.762,31.131,65578572
2022-05-11,31.109,31.878,31.080,31.355,72101504
2022-05-12,31.320,31.397,30.709,31.038,49892004
2022-05-13,31.311,31.454,30.907,31.408,30209024
2022-05-16,31.421,31.641,31.289,31.505,23213006
2022-05-17,31.654,31.834,31.166,31.830,29900562
2022-05-18,31.883,31.949,31.439,31.522,37456608
2022-05-19,31.377,31.597,31.012,31.456,36549704
2022-05-20,31.540,31.634,31.109,31.544,31357290
2022-05-23,31.905,32.067,31.606,31.922,27081826
2022-05-24,31.984,32.621,31.740,32.560,32306874
2022-05-25,32.595,32.643,32.327,32.538,27723778
2022-05-26,32.740,32.869,32.604,32.630,23290318
2022-05-27,32.604,33.140,32.463,33.140,23241192
2022-05-31,32.832,32.956,32.542,32.683,31041398
2022-06-01,32.802,32.802,32.331,32.630,22420060
2022-06-02,32.788,32.881,32.124,32.850,25038172
2022-06-03,32.714,32.894,32.630,32.692,17690746
2022-06-06,32.986,33.090,32.797,32.837,20345836
2022-06-07,32.753,33.065,32.551,33.035,19819970
2022-06-08,32.890,32.890,32.338,32.388,19971478
2022-06-09,32.371,32.527,31.588,31.610,25767296
2022-06-10,31.298,31.650,31.104,31.368,32800646
2022-06-13,30.968,31.038,29.779,29.926,52721340
2022-06-14,29.961,30.071,28.840,29.170,51342762
2022-06-15,29.429,29.807,29.003,29.359,51664878
2022-06-16,28.994,28.994,28.563,28.792,48754862
2022-06-17,28.836,29.038,28.286,28.523,43129386
2022-06-21,28.628,29.231,28.557,29.072,37265532
2022-06-22,28.916,29.592,28.908,29.377,28582080
2022-06-23,29.550,30.122,29.510,30.069,41140230
2022-06-24,30.229,30.654,30.109,30.592,30071250
2022-06-27,30.526,30.911,30.406,30.840,23276972
2022-06-28,30.942,31.182,30.685,30.725,26372302
2022-06-29,30.774,30.867,30.552,30.747,30329898
2022-06-30,30.557,31.319,30.517,31.089,37736870
2022-07-01,31.248,31.902,31.122,31.851,34256246
2022-07-05,31.780,31.802,30.282,30.765,44052112
2022-07-06,30.916,31.368,30.672,31.084,28518162
2022-07-07,31.244,31.346,31.020,31.053,16799574
2022-07-08,31.022,31.089,30.849,30.951,12564568
2022-07-11,30.832,31.202,30.761,31.146,13232946
2022-07-12,30.965,31.390,30.865,30.996,19141106
2022-07-13,30.707,31.199,30.679,30.867,38157578
2022-07-14,30.370,30.911,30.300,30.867,18925232
2022-07-15,30.898,30.969,30.393,30.925,17484410
2022-07-18,30.854,30.898,30.481,30.495,15422088
2022-07-19,30.694,30.858,30.588,30.690,22715562
2022-07-20,30.743,30.756,30.244,30.282,34083372
2022-07-21,30.366,30.375,30.076,30.362,26029768
2022-07-22,30.605,30.898,30.535,30.778,19543030
2022-07-25,30.730,31.173,30.645,31.164,17291508
2022-07-26,31.137,31.448,31.102,31.350,17934406
2022-07-27,31.204,31.463,31.117,31.377,20684352
2022-07-28,31.931,32.569,31.904,32.503,29715536
2022-07-29,32.441,32.919,32.436,32.782,24545174
2022-08-01,32.680,32.844,32.470,32.817,23148758
2022-08-02,32.964,33.154,32.724,32.751,22916572
2022-08-03,32.702,33.032,32.192,32.955,21956168
2022-08-04,32.973,33.265,32.866,33.026,17328310
2022-08-05,32.937,33.088,32.596,32.906,22050204
2022-08-08,33.190,33.345,32.800,32.955,16898924
2022-08-09,33.057,33.385,33.035,33.323,16213692
2022-08-10,33.474,33.545,33.225,33.469,15776422
2022-08-11,33.518,33.802,33.367,33.465,16048314
2022-08-12,33.691,34.014,33.624,34.010,15797428
2022-08-15,33.943,34.329,33.881,34.294,15570838
2022-08-16,34.218,34.518,34.181,34.391,15577798
2022-08-17,34.249,34.482,34.223,34.334,21285546
2022-08-18,34.365,34.569,34.340,34.462,16556794
2022-08-19,34.418,34.600,34.289,34.444,17286544
2022-08-22,34.280,34.345,33.886,33.975,26453162
2022-08-23,33.912,33.988,33.633,33.771,15746992
2022-08-24,33.726,33.921,33.642,33.877,15002274
2022-08-25,33.957,34.085,33.700,34.085,14601156
2022-08-26,34.099,34.212,33.529,33.562,17732406
2022-08-29,33.389,33.912,33.194,33.664,22477512
2022-08-30,33.655,33.682,33.048,33.172,20561012
2022-08-31,33.190,33.394,32.939,32.955,22012794
2022-09-01,32.826,33.476,32.826,33.429,28160072
2022-09-02,33.513,33.828,32.973,33.070,25529168
2022-09-06,33.256,33.618,33.070,33.154,32900282
2022-09-07,33.314,34.240,33.279,34.192,31509620
2022-09-08,34.063,34.390,33.983,34.165,25150660
2022-09-09,34.369,34.498,34.068,34.303,21181396
2022-09-12,34.396,34.675,34.289,34.631,22680586
2022-09-13,34.280,34.422,33.545,33.709,35155376
2022-09-14,33.722,34.174,33.686,33.983,22288420
2022-09-15,33.713,33.713,33.052,33.137,36109970
2022-09-16,33.017,33.270,32.955,33.013,32222250
2022-09-19,32.910,33.459,32.821,33.455,21462856
2022-09-20,33.236,33.236,32.729,32.968,23408318
2022-09-21,33.182,33.406,32.504,32.517,30461142
2022-09-22,32.491,32.620,32.232,32.401,34700708
2022-09-23,32.085,32.129,31.616,32.026,32420600
2022-09-26,31.946,31.986,30.942,31.254,35938994
2022-09-27,31.460,31.509,30.576,30.728,38286058
2022-09-28,31.085,31.249,30.679,31.058,45882618
2022-09-29,30.897,30.969,29.748,29.813,40661942
2022-09-30,29.956,30.072,29.175,29.237,45552972
2022-10-03,29.715,30.257,29.509,30.094,50893914
2022-10-04,30.304,30.759,30.116,30.732,33993028
2022-10-05,30.339,30.339,29.712,30.049,34411452
2022-10-06,29.920,29.969,29.027,29.059,51342078
2022-10-07,28.974,29.081,28.260,28.456,42166762
2022-10-10,28.514,28.844,28.463,28.505,33035550
2022-10-11,28.398,28.773,28.251,28.403,34320252
2022-10-12,28.358,28.411,27.439,27.456,41832950
2022-10-13,27.041,28.255,26.934,28.144,61429814
2022-10-14,28.434,28.639,27.597,27.738,39305852
2022-10-17,28.117,28.586,28.117,28.318,28247436
2022-10-18,28.880,28.989,28.550,28.835,32083800
2022-10-19,28.461,28.652,28.213,28.461,25686822
2022-10-20,28.469,28.469,27.608,27.742,31036900
2022-10-21,27.845,28.465,27.653,28.255,31087350
2022-10-24,28.407,28.715,28.182,28.492,20061070
2022-10-25,28.586,29.137,28.519,29.063,28403590
2022-10-26,29.219,29.367,28.925,29.050,27069212
2022-10-27,29.259,29.612,29.197,29.282,24514608
2022-10-28,29.402,30.148,29.362,30.085,27185784
2022-10-31,30.009,30.134,29.625,29.804,21789602
2022-11-01,29.982,30.094,29.683,29.920,21479346
2022-11-02,29.822,30.442,29.619,29.630,42680692
2022-11-03,29.349,30.023,29.188,29.759,28656382
2022-11-04,29.822,30.063,29.421,29.942,24298386
2022-11-07,29.884,29.933,28.905,29.371,28592798
2022-11-08,29.411,29.759,29.317,29.576,24827888
2022-11-09,29.456,29.681,29.286,29.344,25781716
2022-11-10,30.228,30.784,29.782,30.728,35830376
2022-11-11,30.728,30.808,30.096,30.384,30624294
2022-11-14,30.402,30.567,30.009,30.023,20491052
2022-11-15,30.339,30.563,29.987,30.353,27241994
2022-11-16,30.366,30.781,30.366,30.625,26462638
2022-11-17,30.290,30.375,29.942,30.090,23247376
2022-11-18,30.371,30.759,30.357,30.728,23483046
2022-11-21,30.679,30.958,30.656,30.866,22877228
2022-11-22,31.013,31.321,30.931,31.129,14905586
2022-11-23,31.040,31.491,31.040,31.478,14333548
2022-11-25,31.594,31.759,31.571,31.661,8982966
2022-11-28,31.442,31.562,31.201,31.335,18263948
2022-11-29,31.143,31.170,30.920,31.103,19004810
2022-11-30,31.045,31.946,31.013,31.879,32946322
2022-12-01,32.192,32.361,31.770,31.852,30706262
2022-12-02,31.513,31.783,31.384,31.701,20708632
2022-12-05,31.460,31.643,31.402,31.522,22903052
2022-12-06,31.478,31.736,31.357,31.719,25649538
2022-12-07,31.745,31.960,31.455,31.571,28297926
2022-12-08,31.576,31.893,31.460,31.777,19920116
2022-12-09,31.665,31.888,31.580,31.611,23837274
2022-12-12,31.781,32.343,31.663,32.334,22763830
2022-12-13,32.790,32.932,32.078,32.433,27388420
2022-12-14,32.544,32.890,32.156,32.392,26637446
2022-12-15,32.267,32.321,31.848,32.000,26308586
2022-12-16,31.759,31.759,31.062,31.455,39263414
2022-12-19,31.291,31.628,31.124,31.327,19664570
2022-12-20,31.309,31.506,31.106,31.336,15964072
2022-12-21,31.524,31.783,31.421,31.772,16484728
2022-12-22,31.722,31.722,31.057,31.578,14103904
2022-12-23,31.520,31.923,31.515,31.902,11349494
2022-12-27,31.974,32.168,31.772,32.100,12211302
2022-12-28,32.172,32.307,31.743,31.794,14431324
2022-12-29,31.952,32.202,31.929,32.024,11555294
2022-12-30,31.992,32.046,31.421,31.718,14700214
2023-01-03,31.808,31.916,31.285,31.718,25774238
2023-01-04,31.862,32.292,31.810,32.006,20872698
2023-01-05,31.763,31.884,31.216,31.313,19572860
2023-01-06,31.668,32.096,31.623,31.943,19620574
2023-01-09,31.938,32.402,31.844,32.159,23438720
2023-01-10,32.073,32.186,31.790,32.168,17214952
2023-01-11,32.168,32.474,32.163,32.429,21371844
2023-01-12,32.469,32.514,32.181,32.208,25797756
2023-01-13,32.073,32.199,31.853,32.091,23793586
2023-01-17,32.114,32.343,31.992,32.046,19530468
2023-01-18,32.186,32.186,31.237,31.277,29020468
2023-01-19,31.264,31.295,30.886,30.962,28393950
2023-01-20,30.944,31.158,30.521,31.147,26620962
2023-01-23,31.039,31.457,30.904,31.156,19652876
2023-01-24,31.187,31.408,30.787,31.313,20658710
2023-01-25,30.854,30.962,30.575,30.890,25982970
2023-01-26,30.728,31.043,30.670,30.994,20588056
2023-01-27,30.926,31.126,30.805,30.994,15425768
2023-01-30,30.881,31.205,30.829,30.854,15561042
2023-01-31,30.940,31.093,30.575,31.084,19442306
2023-02-01,30.935,31.358,30.715,31.138,30944980
2023-02-02,31.156,31.551,30.913,31.205,24997080
2023-02-03,30.926,31.048,30.143,30.553,25362286
2023-02-06,30.440,30.838,30.386,30.814,31414134
2023-02-07,30.674,30.899,30.373,30.800,21124612
2023-02-08,30.620,30.634,30.130,30.283,22471696
2023-02-09,30.355,30.521,29.817,29.869,20715510
2023-02-10,29.900,30.490,29.864,30.463,30963478
2023-02-13,30.476,30.724,30.476,30.647,16183864
2023-02-14,30.616,30.827,30.355,30.517,14150444
2023-02-15,30.341,30.735,30.341,30.715,11020018
2023-02-16,30.413,30.624,30.155,30.481,18399566
2023-02-17,30.490,30.953,30.328,30.809,21873458
2023-02-21,30.584,30.670,30.211,30.233,16969068
2023-02-22,30.229,30.460,30.033,30.116,26750116
2023-02-23,30.251,30.251,29.826,29.959,21406690
2023-02-24,29.698,30.074,29.576,29.968,23150370
2023-02-27,30.116,30.404,29.702,29.765,21720642
2023-02-28,29.630,29.774,29.244,29.244,41151872
2023-03-01,29.091,29.118,28.625,28.762,47275902
2023-03-02,28.722,29.324,28.681,29.306,30694972
2023-03-03,29.423,29.824,29.136,29.806,30175224
2023-03-06,29.824,30.040,29.783,29.950,24243432
2023-03-07,29.977,30.051,29.313,29.459,24055288
2023-03-08,29.450,29.743,29.338,29.684,27649814
2023-03-09,29.765,30.040,29.347,29.446,34067114
2023-03-10,29.590,29.590,28.834,28.983,41666494
2023-03-13,28.947,30.076,28.906,29.428,67671464
2023-03-14,29.648,30.058,29.522,29.815,35118470
2023-03-15,29.729,30.413,29.585,30.220,48571300
2023-03-16,30.107,30.598,29.990,30.422,31649148
2023-03-17,30.350,30.413,29.905,30.130,35814546
2023-03-20,30.174,30.464,30.165,30.364,38838148
2023-03-21,30.414,30.451,29.354,29.753,51865074
2023-03-22,29.712,29.868,29.154,29.168,35793284
2023-03-23,29.177,29.458,28.724,28.869,33769010
2023-03-24,28.901,29.780,28.873,29.771,36112436
2023-03-27,29.861,30.077,29.725,29.807,28273880
2023-03-28,29.734,30.204,29.734,29.889,22038970
2023-03-29,30.047,30.371,30.047,30.324,19808036
2023-03-30,30.396,30.605,30.283,30.455,20585690
2023-03-31,30.555,30.691,30.378,30.677,23444300
2023-04-03,30.564,30.695,30.296,30.469,24071630
2023-04-04,30.451,30.679,30.369,30.623,21614010
2023-04-05,30.754,31.502,30.750,31.416,37674364
2023-04-06,31.670,31.704,31.316,31.638,33350456
2023-04-10,31.457,31.584,31.142,31.574,20462936
2023-04-11,31.529,31.690,31.448,31.602,17274078
2023-04-12,31.661,31.797,31.457,31.570,25109438
2023-04-13,31.429,31.658,30.976,31.574,32892422
2023-04-14,31.343,31.407,31.074,31.221,18129448
2023-04-17,31.275,31.448,31.080,31.393,15613702
2023-04-18,31.407,31.470,31.112,31.230,15566454
2023-04-19,31.307,31.565,31.262,31.470,20634576
2023-04-20,31.497,31.586,31.275,31.461,14737478
2023-04-21,31.665,31.774,31.366,31.552,14075608
2023-04-24,31.543,31.765,31.353,31.710,13578940
2023-04-25,31.593,31.851,31.584,31.679,20503510
2023-04-26,31.434,31.531,30.899,30.935,29513732
2023-04-27,31.026,31.334,30.999,31.307,24933354
2023-04-28,31.216,31.448,31.067,31.262,24291980
2023-05-01,31.189,31.620,31.162,31.316,21016126
2023-05-02,31.289,31.371,30.759,30.935,22931462
2023-05-03,31.108,31.293,30.813,30.849,23714386
2023-05-04,30.904,31.205,30.614,31.085,29262318
2023-05-05,30.981,31.361,30.981,31.284,22833508
2023-05-08,31.253,31.479,31.085,31.189,16573444
2023-05-09,31.117,31.230,30.926,31.148,20562438
2023-05-10,31.343,31.516,31.117,31.434,21416854
2023-05-11,31.452,31.461,30.967,31.112,29748158
2023-05-12,31.284,31.484,31.099,31.284,23748566
2023-05-15,31.402,31.448,30.763,30.890,26370274
2023-05-16,30.854,30.913,30.188,30.206,28008014
2023-05-17,30.301,30.310,29.970,30.097,34176638
2023-05-18,29.957,30.036,29.741,30.006,32335576
2023-05-19,30.147,30.315,29.941,29.961,24944942
2023-05-22,30.038,30.192,29.861,29.970,18989338
2023-05-23,29.857,30.160,29.784,29.866,24585356
2023-05-24,29.825,29.934,29.621,29.671,23127590
2023-05-25,29.614,29.628,29.064,29.272,32252144
2023-05-26,29.227,29.295,28.973,29.272,33187918
2023-05-30,29.322,29.472,29.114,29.159,31165740
2023-05-31,29.172,29.558,28.984,29.426,34266218
2023-06-01,29.481,29.521,29.027,29.209,37306372
2023-06-02,29.059,29.626,28.991,29.512,46091954
2023-06-05,29.576,29.975,29.512,29.653,26871378
2023-06-06,29.789,29.839,29.549,29.630,25723220
2023-06-07,29.653,30.206,29.469,30.133,38531788
2023-06-08,30.124,30.310,29.900,30.265,29319766
2023-06-09,30.274,30.296,30.070,30.088,26633388
2023-06-12,30.111,30.192,29.911,30.034,22967800
2023-06-13,29.852,30.131,29.802,30.029,23737394
2023-06-14,30.138,30.369,29.952,30.011,28047378
2023-06-15,30.124,30.410,30.061,30.337,27402330
2023-06-16,30.410,30.745,30.385,30.500,27370762
2023-06-20,30.416,30.480,30.112,30.146,25851308
2023-06-21,30.041,30.420,29.712,30.388,21445894
2023-06-22,30.503,30.562,30.069,30.155,20002164
2023-06-23,30.242,30.347,29.673,29.712,25439274
2023-06-26,29.762,30.096,29.646,30.005,20535150
2023-06-27,30.027,30.119,29.919,30.014,17020886
2023-06-28,30.005,30.005,29.493,29.571,29447652
2023-06-29,29.338,29.735,29.274,29.571,29307852
2023-06-30,29.612,29.932,29.598,29.900,27858502
2023-07-03,29.836,30.137,29.735,30.123,16329128
2023-07-05,30.018,30.695,29.977,30.466,38338642
2023-07-06,30.224,30.311,29.932,30.096,30846098
2023-07-07,29.900,30.088,29.799,29.877,25787532
2023-07-10,29.826,29.927,29.511,29.749,24820284
2023-07-11,29.808,30.128,29.699,30.119,22874408
2023-07-12,30.210,30.594,30.155,30.557,26655448
2023-07-13,30.557,30.672,30.446,30.663,19835442
2023-07-14,30.585,30.677,30.370,30.544,20285660
2023-07-17,30.443,30.512,30.176,30.192,21261702
2023-07-18,30.165,30.425,29.694,29.959,36265876
2023-07-19,29.982,30.443,29.982,30.265,27153970
2023-07-20,30.347,30.864,30.190,30.818,33328944
2023-07-21,30.941,31.403,30.886,31.279,36799702
2023-07-24,31.325,31.380,31.051,31.197,26484518
2023-07-25,31.161,31.348,31.065,31.252,16701670
2023-07-26,31.170,31.597,31.108,31.252,23158170
2023-07-27,31.129,31.261,30.635,30.699,32130100
2023-07-28,30.900,31.024,30.478,30.631,26432144
2023-07-31,30.754,30.877,30.500,30.644,25047484
2023-08-01,30.608,30.768,30.251,30.270,26919682
2023-08-02,30.146,30.411,30.098,30.270,30336562
2023-08-03,30.178,30.201,29.550,29.580,41269352
2023-08-04,29.657,29.849,29.107,29.237,36497842
2023-08-07,29.347,29.481,29.223,29.232,25131736
2023-08-08,29.228,29.381,28.958,29.370,30350200
2023-08-09,29.356,29.694,29.306,29.433,26387350
2023-08-10,29.552,29.730,29.257,29.342,27384646
2023-08-11,29.370,29.543,29.280,29.502,24336620
2023-08-14,29.484,29.502,29.141,29.269,21553410
2023-08-15,29.100,29.114,28.773,28.794,30379286
2023-08-16,28.917,29.050,28.808,28.922,25028314
2023-08-17,28.954,29.235,28.842,28.858,23753110
2023-08-18,28.853,29.075,28.826,29.009,25675582
2023-08-21,28.922,29.000,28.595,28.826,24162004
2023-08-22,28.808,28.990,28.698,28.908,27062212
2023-08-23,29.063,29.095,28.821,29.022,26772050
2023-08-24,28.972,29.370,28.824,28.853,25934276
2023-08-25,28.894,29.219,28.876,29.073,24981268
2023-08-28,29.123,29.283,29.009,29.068,17326488
2023-08-29,29.105,29.262,28.986,29.178,23746192
2023-08-30,29.082,29.273,28.933,29.045,22481260
2023-08-31,29.159,29.184,28.757,28.766,27542118
2023-09-01,28.917,29.015,28.394,28.620,28775590
2023-09-05,28.602,28.620,28.028,28.182,37650624
2023-09-06,28.223,28.278,28.063,28.246,38940124
2023-09-07,28.488,28.844,28.415,28.616,33748512
2023-09-08,28.666,28.917,28.575,28.867,32522242
2023-09-11,28.835,29.136,28.826,28.986,27024090
2023-09-12,28.981,29.105,28.789,29.022,22094962
2023-09-13,29.036,29.502,29.036,29.370,30120856
2023-09-14,29.552,29.817,29.511,29.799,26200986
2023-09-15,29.749,29.977,29.639,29.671,34801978
2023-09-18,29.690,29.746,29.442,29.649,19134956
2023-09-19,29.626,29.732,29.478,29.488,24889254
2023-09-20,29.607,29.824,29.428,29.515,18736186
2023-09-21,29.492,29.545,29.193,29.207,25629374
2023-09-22,29.078,29.343,28.958,29.151,24599578
2023-09-25,28.981,29.131,28.804,29.110,24729814
2023-09-26,28.990,29.022,28.161,28.239,46833314
2023-09-27,28.184,28.253,27.620,27.696,52055774
2023-09-28,27.802,27.857,27.053,27.097,77189718
2023-09-29,27.332,27.553,26.993,27.143,45737806
2023-10-02,26.987,26.987,25.570,25.881,111645438
2023-10-03,25.678,26.268,25.298,26.181,115236442
2023-10-04,26.314,26.365,25.743,26.153,58997270
2023-10-05,26.084,26.162,25.748,26.001,56290012
2023-10-06,25.678,26.434,25.227,26.369,68207394
2023-10-09,26.323,26.632,26.213,26.632,40487666
2023-10-10,26.632,27.007,26.632,26.996,61414438
2023-10-11,27.148,27.456,26.954,27.433,53347322
2023-10-12,27.295,27.456,26.765,27.010,55086616
2023-10-13,27.189,27.489,27.120,27.314,39574468
2023-10-16,27.369,27.696,27.157,27.595,39554802
2023-10-17,27.360,27.696,27.316,27.521,36960434
2023-10-18,27.493,27.657,27.106,27.281,46726986
2023-10-19,27.194,27.447,26.989,27.010,39363884
2023-10-20,26.945,27.208,26.724,26.729,40044816
2023-10-23,26.485,26.885,26.273,26.503,41041270
2023-10-24,26.904,27.295,26.821,27.185,47194426
2023-10-25,27.139,27.392,27.028,27.337,41309432
2023-10-26,27.410,27.816,27.401,27.572,47174642
2023-10-27,27.452,27.608,26.968,27.051,40502424
2023-10-30,27.166,27.438,26.959,27.258,28539638
2023-10-31,27.369,27.521,27.175,27.493,21364534
2023-11-01,27.530,27.972,27.263,27.806,46522990
2023-11-02,27.866,28.474,27.820,28.327,51100148
2023-11-03,28.820,28.857,28.484,28.493,45147352
2023-11-06,28.543,28.636,28.391,28.419,38240094
2023-11-07,28.433,28.470,28.166,28.212,37684558
2023-11-08,28.092,28.099,27.691,28.004,43295696
2023-11-09,28.055,28.143,27.622,27.636,32195650
2023-11-10,27.760,27.862,27.599,27.783,28031060
2023-11-13,27.724,27.788,27.410,27.452,31159620
2023-11-14,28.069,28.571,28.011,28.548,57318158
2023-11-15,28.470,28.875,28.396,28.460,49662750
2023-11-16,28.695,28.840,28.589,28.612,34650516
2023-11-17,28.769,28.801,28.532,28.691,23879206
2023-11-20,28.557,28.714,28.226,28.603,28316518
2023-11-21,28.580,28.721,28.396,28.663,20288504
2023-11-22,28.764,28.811,28.530,28.801,17919658
2023-11-24,28.797,28.880,28.686,28.875,9798534
2023-11-27,28.898,28.981,28.691,28.921,24833162
2023-11-28,28.926,29.223,28.811,29.013,29415116
2023-11-29,29.022,29.138,28.679,28.783,35806518
2023-11-30,28.866,28.944,28.668,28.907,30483516
2023-12-01,28.921,29.267,28.732,29.262,29342750
2023-12-04,29.124,29.391,28.999,29.147,30515812
2023-12-05,29.174,29.179,28.824,28.939,22536556
2023-12-06,29.068,29.336,29.027,29.326,26817766
2023-12-07,29.368,29.474,29.128,29.262,21876512
2023-12-08,29.216,29.340,28.990,29.207,24002916
2023-12-11,29.055,29.432,29.055,29.395,22448724
2023-12-12,29.437,29.451,29.050,29.276,21768254
2023-12-13,29.308,30.381,29.149,30.381,43451906
2023-12-14,30.565,30.722,29.925,29.985,64968178
2023-12-15,29.686,29.838,29.248,29.465,53128926
2023-12-18,29.544,29.709,29.333,29.396,32506912
2023-12-19,29.498,29.600,29.370,29.563,25377854
2023-12-20,29.526,29.609,28.959,28.963,36651856
2023-12-21,29.061,29.214,28.810,29.014,31753894
2023-12-22,29.121,29.398,29.056,29.112,26447642
2023-12-26,29.066,29.398,29.056,29.289,19075146
2023-12-27,29.233,29.326,29.121,29.270,18984524
2023-12-28,29.177,29.519,29.177,29.479,17346364
2023-12-29,29.414,29.503,29.247,29.442,22478184
2024-01-02,29.317,29.937,29.256,29.870,30758616
2024-01-03,29.861,30.035,29.656,29.981,32866350
2024-01-04,30.014,30.171,29.851,29.888,26622314
2024-01-05,29.847,30.142,29.712,30.000,27190380
2024-01-08,29.935,30.228,29.842,30.219,23434400
2024-01-09,30.060,30.107,29.907,29.972,28805746
2024-01-10,29.972,30.107,29.861,29.967,21854128
2024-01-11,29.870,29.874,29.175,29.270,44353638
2024-01-12,29.465,29.558,29.319,29.437,19537746
2024-01-16,29.293,29.370,29.047,29.117,30453986
2024-01-17,28.949,29.214,28.475,28.694,39202378
2024-01-18,28.550,28.577,28.224,28.387,39464038
2024-01-19,28.415,28.461,28.168,28.350,28257520
2024-01-22,28.340,28.550,28.082,28.205,41676656
2024-01-23,28.215,28.345,28.087,28.257,41100210
2024-01-24,28.452,28.498,27.829,27.871,50878118
2024-01-25,28.243,28.377,27.980,28.373,50516702
2024-01-26,28.447,28.561,28.364,28.457,36653602
2024-01-29,28.475,28.747,28.305,28.638,26054328
2024-01-30,28.568,28.801,28.382,28.629,36108970
2024-01-31,28.866,28.991,28.403,28.568,59642396
2024-02-01,28.447,29.112,28.317,29.112,51507548
2024-02-02,28.782,28.866,28.387,28.587,51839532
2024-02-05,28.308,28.324,27.978,27.992,39895040
2024-02-06,27.978,28.185,27.889,28.094,27557094
2024-02-07,28.205,28.266,27.964,28.113,23748598
2024-02-08,27.987,28.047,27.669,27.913,41755350
2024-02-09,27.834,28.047,27.778,28.020,29647948
2024-02-12,28.020,28.368,27.950,28.345,25219334
2024-02-13,28.187,28.331,27.494,27.875,45402152
2024-02-14,27.978,28.094,27.820,28.029,34871964
2024-02-15,28.117,28.519,28.117,28.498,34680868
2024-02-16,28.359,28.598,28.187,28.466,29914320
2024-02-20,28.415,28.773,28.387,28.447,22764268
2024-02-21,28.633,28.861,28.494,28.824,31570812
2024-02-22,28.596,28.719,28.382,28.601,31841586
2024-02-23,28.661,28.940,28.589,28.805,24572800
2024-02-26,28.666,28.684,28.185,28.238,25586900
2024-02-27,28.405,28.782,28.289,28.773,27487594
2024-02-28,28.740,28.903,28.675,28.861,22983666
2024-02-29,28.973,29.112,28.735,28.870,30675462
2024-03-01,28.782,28.787,28.340,28.694,42510928
2024-03-04,28.559,29.219,28.559,29.177,33020702
2024-03-05,29.265,29.740,28.973,29.093,49603062
2024-03-06,29.303,29.521,29.235,29.372,32652298
2024-03-07,29.614,29.689,29.507,29.563,21384118
2024-03-08,29.647,29.723,29.391,29.637,27511644
2024-03-11,29.596,29.849,29.482,29.786,20968216
2024-03-12,29.726,29.740,29.312,29.498,29488964
2024-03-13,29.730,29.963,29.633,29.698,25877700
2024-03-14,29.633,29.747,29.252,29.461,31869756
2024-03-15,29.368,29.658,29.340,29.503,35445090
2024-03-18,29.537,29.823,29.364,29.636,26843902
2024-03-19,29.706,29.926,29.622,29.898,19985466
2024-03-20,29.847,30.091,29.765,29.936,32620812
2024-03-21,30.016,30.219,29.875,29.889,40327800
2024-03-22,30.076,30.133,29.894,29.931,21059474
2024-03-25,30.016,30.091,29.887,30.072,23194116
2024-03-26,30.105,30.194,29.706,29.730,29830342
2024-03-27,29.950,30.559,29.917,30.559,34600490
2024-03-28,30.555,30.819,30.475,30.770,27492202
2024-04-01,30.775,30.808,30.386,30.583,22702892
2024-04-02,30.512,30.812,30.498,30.634,30212304
2024-04-03,30.630,30.712,30.402,30.512,26574166
2024-04-04,30.751,30.840,30.243,30.451,29356754
2024-04-05,30.255,30.623,30.107,30.540,32322364
2024-04-08,30.545,30.794,30.503,30.742,20142514
2024-04-09,30.808,30.972,30.716,30.911,24025162
2024-04-10,30.292,30.496,30.114,30.381,38281014
2024-04-11,30.555,30.592,30.114,30.320,25621570
2024-04-12,30.376,30.466,29.945,30.091,39845056
2024-04-15,30.297,30.423,29.699,29.814,29407812
2024-04-16,29.720,29.753,29.317,29.420,32907570
2024-04-17,29.612,30.109,29.556,30.034,28152758
2024-04-18,30.137,30.306,29.915,30.203,22288694
2024-04-19,30.283,30.730,30.248,30.667,37004506
2024-04-22,30.686,31.033,30.475,30.948,23458564
2024-04-23,30.934,31.290,30.859,31.094,22338032
2024-04-24,30.812,31.384,30.658,31.281,26127052
2024-04-25,31.206,31.490,30.932,31.365,31562398
2024-04-26,31.365,31.408,31.009,31.023,24547452
2024-04-29,31.239,31.502,31.211,31.445,29368294
2024-04-30,31.272,31.522,31.065,31.281,29724744
2024-05-01,31.276,31.928,31.154,31.642,42371730
2024-05-02,31.773,31.890,31.520,31.811,28609356
2024-05-03,32.059,32.165,31.778,32.064,29817024
2024-05-06,32.162,32.263,31.965,32.228,21221340
2024-05-07,32.364,32.622,32.293,32.593,28830336
2024-05-08,32.523,32.954,32.443,32.936,27708118
2024-05-09,32.912,33.468,32.842,33.437,48549170
2024-05-10,33.625,33.676,33.311,33.404,39129108
2024-05-13,33.517,33.683,33.339,33.404,21219174
2024-05-14,33.550,33.596,33.306,33.493,23566638
2024-05-15,33.840,34.089,33.784,33.995,29176584
2024-05-16,34.014,34.171,33.826,33.878,25322326
2024-05-17,33.835,33.985,33.718,33.906,21715648
2024-05-20,33.981,33.981,33.775,33.850,13830868
2024-05-21,33.831,34.168,33.819,34.154,16263310
2024-05-22,33.967,34.086,33.718,33.751,21129068
2024-05-23,33.700,33.700,33.161,33.179,28718564
2024-05-24,33.264,33.643,33.203,33.512,16366864
2024-05-28,33.545,33.681,33.409,33.479,17765334
2024-05-29,33.189,33.231,32.924,33.048,28118602
2024-05-30,33.156,33.517,33.095,33.493,18162108
2024-05-31,33.606,34.117,33.460,34.084,24777628
2024-06-03,34.028,34.058,33.573,33.695,36915718
2024-06-04,33.610,33.798,33.311,33.681,29419580
2024-06-05,33.643,33.671,33.430,33.489,17920300
2024-06-06,33.414,33.610,33.095,33.142,18184886
2024-06-07,32.856,33.118,32.769,32.781,16286816
2024-06-10,32.776,33.259,32.689,33.203,19591578
2024-06-11,32.921,33.048,32.720,33.001,22694806
2024-06-12,33.418,33.423,32.678,32.786,24912152
2024-06-13,32.837,32.982,32.519,32.861,22974042
2024-06-14,32.668,32.823,32.532,32.781,20280718
2024-06-17,32.607,32.682,32.387,32.420,21026424
2024-06-18,32.158,32.446,32.129,32.434,24573570
2024-06-20,32.537,32.783,32.429,32.715,27948084
2024-06-21,32.837,32.872,32.500,32.523,18991192
2024-06-24,32.517,33.061,32.494,32.952,17956736
2024-06-25,32.886,32.976,32.536,32.640,25099648
2024-06-26,32.517,32.572,32.310,32.503,13881966
2024-06-27,32.532,32.603,32.338,32.560,10899786
2024-06-28,32.560,32.603,32.045,32.196,23063352
2024-07-01,32.532,32.588,31.939,31.974,16757816
2024-07-02,32.050,32.199,31.998,32.139,16724136
2024-07-03,32.187,32.560,32.125,32.333,13241294
2024-07-05,32.385,32.527,32.239,32.390,13830534
2024-07-08,32.418,32.527,32.298,32.423,13634566
2024-07-09,32.423,32.792,32.390,32.517,21601408
2024-07-10,32.640,32.834,32.395,32.825,13799922
2024-07-11,32.990,33.514,32.976,33.425,29768116
2024-07-12,33.543,33.890,33.396,33.670,16524160
2024-07-15,33.292,33.396,32.799,32.853,29827690
2024-07-16,33.051,33.165,32.952,33.108,15009156
2024-07-17,33.075,33.548,32.990,33.127,27516050
2024-07-18,33.084,33.420,33.042,33.099,13542590
2024-07-19,33.160,33.238,32.938,33.136,12985454
2024-07-22,33.311,33.491,33.198,33.415,12965438
2024-07-23,33.349,33.411,33.184,33.207,12686678
2024-07-24,33.444,33.712,33.240,33.581,25284712
2024-07-25,33.737,33.916,33.160,33.302,26665958
2024-07-26,33.566,33.694,33.441,33.628,16706602
2024-07-29,33.755,33.888,33.481,33.779,15151200
2024-07-30,33.741,33.982,33.670,33.954,16696396
2024-07-31,34.431,34.469,34.063,34.393,21765348
2024-08-01,34.459,35.060,34.417,35.012,32567462
2024-08-02,35.456,35.702,34.589,35.069,48257190
2024-08-05,35.253,35.253,34.105,34.143,41099874
2024-08-06,34.275,34.828,34.252,34.431,29286462
2024-08-07,34.715,35.029,34.493,34.625,24758798
2024-08-08,34.493,34.873,34.393,34.663,23360318
2024-08-09,34.748,34.828,34.183,34.781,16708534
2024-08-12,34.790,34.856,34.582,34.842,15027126
2024-08-13,34.989,35.078,34.835,35.045,17074960
2024-08-14,34.965,35.230,34.762,35.022,16165948
2024-08-15,34.819,35.119,34.703,35.017,18807656
2024-08-16,35.055,35.293,34.904,35.173,13522770
2024-08-19,35.206,35.428,35.178,35.404,11505380
2024-08-20,35.404,35.523,35.291,35.329,16005898
2024-08-21,35.381,35.688,35.334,35.579,13451864
2024-08-22,35.617,35.693,35.393,35.537,14647934
2024-08-23,35.660,35.806,35.532,35.636,15050408
2024-08-26,35.759,36.013,35.752,35.867,13336306
2024-08-27,35.792,35.919,35.567,35.584,16666792
2024-08-28,35.693,35.889,35.556,35.584,10482740
2024-08-29,35.702,35.811,35.352,35.778,12758298
2024-08-30,35.844,36.099,35.712,36.047,17007754
2024-09-03,36.056,36.255,35.882,35.995,23626984
2024-09-04,36.170,36.574,36.123,36.302,27303182
2024-09-05,36.576,36.623,36.104,36.212,15545390
2024-09-06,36.293,36.368,35.863,35.867,19606144
2024-09-09,36.023,36.236,35.816,36.231,14366186
2024-09-10,36.297,36.555,36.175,36.401,23255452
2024-09-11,36.406,36.550,35.981,36.515,20766992
2024-09-12,36.595,36.659,36.368,36.595,19335738
2024-09-13,36.718,37.119,36.576,37.110,16238868
2024-09-16,37.228,37.498,37.129,37.394,19910506
2024-09-17,37.413,37.505,37.242,37.365,27962962
2024-09-18,37.299,37.403,36.923,37.082,47034774
2024-09-19,36.950,37.035,36.562,36.864,41536474
2024-09-20,37.328,37.918,37.276,37.838,44279276
2024-09-23,38.070,38.246,37.932,38.213,23340518
2024-09-24,37.999,38.422,37.861,37.942,28105106
2024-09-25,38.151,38.256,37.809,38.142,16359172
2024-09-26,38.070,38.237,37.775,37.880,19794522
2024-09-27,38.037,38.358,37.999,38.256,14803910
2024-09-30,38.332,38.451,37.989,38.427,19017348
2024-10-01,38.384,38.791,38.151,38.736,24362386
2024-10-02,38.489,38.827,38.422,38.755,16491532
2024-10-03,38.969,39.034,38.646,38.741,24205672
2024-10-04,38.408,38.722,38.284,38.679,25085156
2024-10-07,38.551,38.575,37.689,37.790,35283966
2024-10-08,37.956,38.073,37.804,37.809,26022110
2024-10-09,37.704,37.818,37.271,37.485,34287996
2024-10-10,37.523,37.818,37.352,37.371,26326616
2024-10-11,37.247,37.699,37.128,37.699,19332672
2024-10-14,37.756,38.208,37.685,38.175,18041762
2024-10-15,38.341,38.627,38.301,38.346,26427686
2024-10-16,38.536,39.183,38.363,39.107,19099584
2024-10-17,39.236,39.245,38.731,38.760,23527168
2024-10-18,38.727,39.003,38.555,38.984,14035178
2024-10-21,39.074,39.188,38.677,38.831,14811506
2024-10-22,38.570,38.774,38.387,38.693,17119264
2024-10-23,38.722,39.079,38.651,39.064,19645046
2024-10-24,39.069,39.150,38.682,38.812,13092266
2024-10-25,39.007,39.041,38.208,38.237,17518940
2024-10-28,38.441,38.731,38.351,38.536,14622864
2024-10-29,38.108,38.113,37.704,37.713,27733030
2024-10-30,37.861,37.932,37.557,37.623,20910600
2024-10-31,37.718,38.294,37.690,38.013,27515908
2024-11-01,38.008,38.123,37.133,37.166,30861088
2024-11-04,36.795,36.990,36.524,36.724,27956146
2024-11-05,36.705,37.276,36.596,37.276,19016142
2024-11-06,36.795,37.052,36.543,36.891,32958786
2024-11-07,37.076,37.326,36.762,36.957,37703136
2024-11-08,37.143,37.744,37.114,37.666,28857170
2024-11-11,37.671,37.992,37.585,37.771,26010926
2024-11-12,37.656,37.742,37.159,37.338,18703244
2024-11-13,37.580,37.595,37.114,37.271,16411796
2024-11-14,37.319,37.509,37.086,37.143,17707486
2024-11-15,37.171,37.744,37.100,37.699,23931596
2024-11-18,37.666,38.130,37.619,38.027,14662436
2024-11-19,37.885,38.275,37.704,38.270,11750410
2024-11-20,38.341,38.470,38.099,38.289,12196860
2024-11-21,38.346,39.003,38.163,38.955,21764068
2024-11-22,39.079,39.136,38.731,38.746,15761316
2024-11-25,39.055,39.126,38.529,38.817,14253846
2024-11-26,38.927,39.459,38.827,39.436,17374786
2024-11-27,39.554,39.678,39.395,39.436,17156502
2024-11-29,39.564,39.593,39.364,39.450,9234884
2024-12-02,39.445,39.459,38.589,38.603,22084252
2024-12-03,38.836,38.960,38.261,38.270,18853686
2024-12-04,38.389,38.484,38.118,38.265,24169928
2024-12-05,38.308,38.598,38.208,38.384,14226088
2024-12-06,38.403,38.494,37.837,37.909,14228654
2024-12-09,37.909,37.961,37.409,37.433,21053774
2024-12-10,37.371,37.371,36.862,37.162,20318978
2024-12-11,37.262,37.288,36.862,36.929,14759526
2024-12-12,37.105,37.221,36.876,36.910,15424912
2024-12-13,36.962,37.126,36.872,36.933,13808682
2024-12-16,36.967,37.062,36.624,36.638,16120928
2024-12-17,36.410,36.638,36.339,36.486,15877166
2024-12-18,36.462,36.515,35.601,35.625,29811768
2024-12-19,35.658,36.189,35.649,35.787,27079492
2024-12-20,35.582,36.439,35.535,36.358,25188684
2024-12-23,36.270,36.515,35.915,36.486,20114406
2024-12-24,36.486,36.697,36.376,36.687,9010266
2024-12-26,36.534,36.702,36.452,36.601,10114132
2024-12-27,36.409,36.601,36.261,36.496,13805310
2024-12-30,36.332,36.433,36.009,36.342,16870194
2024-12-31,36.414,36.524,36.136,36.308,12605486
2025-01-02,36.572,36.774,36.323,36.587,24104886
2025-01-03,36.798,37.170,36.639,36.975,17767856
2025-01-06,36.975,37.004,36.440,36.563,25623786
2025-01-07,36.687,36.846,36.378,36.472,22856466
2025-01-08,36.409,36.500,35.862,36.462,26845894
2025-01-10,36.577,36.860,36.083,36.256,31216950
2025-01-13,36.217,36.256,35.455,35.834,24891642
2025-01-14,35.973,36.414,35.882,36.304,19675184
2025-01-15,36.937,37.201,36.795,36.836,21360608
2025-01-16,36.817,37.779,36.803,37.767,30415066
2025-01-17,37.743,37.992,37.623,37.820,14669082
2025-01-21,38.246,38.589,38.148,38.400,21633362
2025-01-22,38.506,38.506,37.549,37.570,23644850
2025-01-23,37.709,38.019,37.644,37.748,21585194
2025-01-24,37.690,38.242,37.608,38.131,16770198
2025-01-27,37.364,37.457,36.373,37.249,42448156
2025-01-28,37.230,37.230,36.409,36.735,28540950
2025-01-29,36.726,37.234,36.687,36.812,19130914
2025-01-30,37.239,37.637,37.206,37.580,18712678
2025-01-31,37.613,37.647,37.273,37.359,19670752
2025-02-03,36.865,37.700,36.807,37.561,28118968
2025-02-04,37.345,37.405,36.855,37.230,20498346
2025-02-05,37.599,37.858,37.292,37.604,15992984
2025-02-06,37.767,37.767,37.292,37.561,12820896
2025-02-07,37.551,37.817,37.438,37.484,14330756
2025-02-10,37.589,37.906,37.381,37.892,10664432
2025-02-11,37.743,38.100,37.426,38.083,10836226
2025-02-12,37.594,38.107,37.426,38.016,14888930
2025-02-13,38.088,38.177,37.870,38.103,17020704
2025-02-14,38.083,38.390,37.918,37.944,13972294
2025-02-18,38.103,38.362,37.973,38.299,15509866
2025-02-19,38.256,38.613,38.218,38.501,12513958
2025-02-20,38.376,38.587,38.035,38.496,17391336
2025-02-21,38.501,38.630,38.318,38.506,15547486
2025-02-24,38.616,38.621,38.141,38.314,14973926
2025-02-25,38.088,38.199,37.570,38.122,21837908
2025-02-26,38.194,38.616,38.069,38.280,15421930
2025-02-27,38.175,38.260,37.393,37.431,25075284
2025-02-28,37.676,38.016,37.474,38.002,21769982
2025-03-03,37.963,38.175,37.800,38.055,19276310
2025-03-04,38.055,38.256,37.378,37.436,22561844
2025-03-05,37.186,37.436,36.867,37.172,20666706
2025-03-06,36.884,36.918,36.294,36.400,25405890
2025-03-07,36.481,37.239,36.376,37.076,23234438
2025-03-10,36.946,37.594,36.946,37.484,37365956
2025-03-11,37.465,37.608,36.937,37.134,32640370
2025-03-12,37.129,37.345,36.793,37.018,17432382
2025-03-13,37.143,37.263,36.875,37.110,16801792
2025-03-14,37.220,37.877,37.086,37.834,18269902
2025-03-17,37.824,38.211,37.637,37.992,19290432
2025-03-18,37.767,37.834,37.484,37.728,19285522
2025-03-19,37.748,37.920,37.613,37.868,16163534
2025-03-20,37.872,38.079,37.791,38.021,16415144
2025-03-21,37.872,38.055,37.541,37.776,15627768
2025-03-24,37.923,38.223,37.730,37.764,13996838
2025-03-25,37.725,37.735,36.984,37.160,22395960
2025-03-26,37.165,37.493,37.165,37.406,15164642
2025-03-27,37.373,37.706,37.285,37.397,13971850
2025-03-28,37.624,37.906,37.556,37.672,19078578
2025-03-31,37.730,38.245,37.720,38.092,21469932
2025-04-01,38.068,38.300,37.819,38.189,18084708
2025-04-02,38.160,38.455,37.967,38.368,12951172
2025-04-03,38.319,38.749,38.078,38.126,38650164
2025-04-04,38.305,38.305,35.769,36.005,67607696
2025-04-07,35.455,36.542,34.675,35.455,73162944
2025-04-08,36.088,36.344,34.899,35.310,39600498
2025-04-09,35.005,36.795,34.310,36.701,70054894
2025-04-10,36.426,36.851,35.670,36.426,44167756
2025-04-11,36.406,36.998,35.957,36.870,28840026
2025-04-14,37.160,37.655,36.943,37.532,19415564
2025-04-15,37.614,37.861,37.481,37.527,15257160
2025-04-16,37.619,37.762,37.066,37.189,17500758
2025-04-17,37.334,38.042,37.334,37.571,18928748
2025-04-21,37.402,37.445,36.247,36.682,20780030
2025-04-22,37.073,37.764,37.043,37.682,21700788
2025-04-23,38.054,38.266,37.498,37.841,27903838
2025-04-24,37.812,38.073,37.542,37.899,16828082
2025-04-25,37.933,37.957,37.614,37.783,14075354
2025-04-28,37.803,38.090,37.542,38.015,11084830
2025-04-29,37.962,38.373,37.803,38.310,13168072
2025-04-30,38.160,38.247,37.457,38.117,18077152
2025-05-01,38.353,38.708,38.102,38.228,17967074
2025-05-02,38.368,38.641,38.158,38.527,16074208
2025-05-05,38.402,38.547,38.054,38.431,14895984
2025-05-06,38.435,39.170,38.402,38.899,20634936
2025-05-07,38.832,39.237,38.696,39.010,19576698
2025-05-08,39.030,39.126,38.641,38.696,22438628
2025-05-09,38.798,38.807,38.513,38.764,17420360
2025-05-12,38.945,39.044,38.358,38.532,27460242
2025-05-13,38.474,38.778,38.266,38.479,24063874
2025-05-14,38.397,38.409,37.735,38.310,22912822
2025-05-15,38.464,39.230,38.440,39.126,26630022
2025-05-16,39.184,39.716,39.088,39.701,20077032
2025-05-19,39.368,39.887,39.358,39.870,16306454
2025-05-20,39.807,40.121,39.807,39.986,18075378
2025-05-21,39.856,39.931,39.179,39.257,22704846
2025-05-22,38.923,38.923,38.245,38.696,30637670
2025-05-23,38.957,39.194,38.503,39.160,21730802
2025-05-27,39.464,39.556,39.153,39.455,18494702
2025-05-28,39.431,39.450,38.735,38.904,20954596
2025-05-29,38.923,39.237,38.749,39.175,20868418
2025-05-30,39.097,39.643,39.025,39.576,20680498
2025-06-02,39.406,39.754,39.247,39.701,26799544
2025-06-03,40.179,40.179,39.489,39.807,28547978
2025-06-04,39.740,39.740,39.112,39.112,33002348
2025-06-05,39.223,39.223,38.969,39.049,21175068
2025-06-06,39.247,39.288,38.887,39.223,21267394
2025-06-09,39.155,39.303,38.906,38.972,24867264
2025-06-10,39.073,39.155,38.771,39.063,28052836
2025-06-11,39.179,39.233,38.960,39.088,21395032
2025-06-12,39.112,39.583,39.092,39.561,19570556
2025-06-13,39.503,39.571,39.218,39.334,25326116
2025-06-16,39.527,39.740,38.950,39.141,27266600
2025-06-17,39.083,39.179,38.542,38.817,28336170
2025-06-18,38.909,39.112,38.716,38.919,22323938
2025-06-20,39.001,39.344,38.972,39.025,31688624
2025-06-23,39.223,39.578,39.141,39.515,25573036
2025-06-24,39.559,39.797,39.488,39.685,20390222
2025-06-25,39.593,39.593,39.082,39.155,26771840
2025-06-26,39.228,39.501,39.153,39.481,18746760
2025-06-27,39.583,39.880,39.437,39.559,25307722
2025-06-30,39.369,39.761,39.243,39.719,22018092
2025-07-01,39.705,39.885,39.243,39.856,39690914
2025-07-02,39.710,39.890,39.321,39.510,21890994
2025-07-03,39.530,39.967,39.462,39.807,14900122
2025-07-07,39.719,39.916,39.637,39.890,20215646
2025-07-08,39.612,39.612,39.080,39.466,44290126
2025-07-09,39.622,39.914,39.342,39.836,40231034
2025-07-10,39.700,40.237,39.578,40.162,29077442
2025-07-11,39.841,40.257,39.729,40.104,22199816
2025-07-14,40.074,40.396,39.856,40.264,23883480
2025-07-15,40.259,40.259,39.678,39.880,26252992
2025-07-16,39.904,40.057,39.587,39.899,22625358
2025-07-17,39.875,40.184,39.809,40.065,19757382
2025-07-18,40.196,40.877,40.143,40.736,28627346
2025-07-21,40.838,41.115,40.704,40.867,19896072
2025-07-22,41.021,41.393,40.911,41.368,23518288
2025-07-23,41.738,41.840,40.889,41.057,40333028
2025-07-24,41.111,41.196,40.897,41.004,22138140
2025-07-25,41.067,41.152,40.911,41.111,16320480
2025-07-28,41.106,41.115,40.568,40.673,22413508
2025-07-29,40.828,41.164,40.741,41.140,18396130
2025-07-30,41.261,41.816,41.222,41.446,27425006
2025-07-31,41.320,41.733,41.286,41.670,30179516
2025-08-01,41.621,41.957,41.300,41.733,35852060
2025-08-04,41.937,42.589,41.850,42.472,25730766
2025-08-05,42.487,42.640,41.894,42.020,21454488
2025-08-06,42.083,42.095,41.609,41.646,23020612
2025-08-07,41.509,42.215,41.432,42.098,25702718
2025-08-08,42.215,42.290,41.816,41.918,18445194
2025-08-11,42.025,42.056,41.582,41.787,19548908
2025-08-12,41.923,41.976,41.594,41.967,20757026
2025-08-13,42.025,42.088,41.670,42.059,22425984
2025-08-14,41.903,42.030,41.723,41.767,18747826
2025-08-15,41.704,41.874,41.388,41.646,29577134
2025-08-18,41.709,41.864,41.407,41.466,16080328
2025-08-19,41.480,41.886,41.407,41.869,16436756
2025-08-20,41.937,42.181,41.762,41.913,20169306
2025-08-21,41.918,42.132,41.507,41.626,16230212
2025-08-22,41.913,42.093,41.726,41.850,19234768
2025-08-25,41.709,41.830,41.334,41.378,16982452
2025-08-26,41.417,41.560,41.225,41.470,17262924
2025-08-27,41.470,41.577,41.351,41.480,16821454
2025-08-28,41.509,41.524,41.101,41.164,16078810
2025-08-29,41.140,41.227,40.948,41.013,19469376
2025-09-02,40.858,40.926,40.619,40.877,20655824
2025-09-03,40.736,40.853,40.556,40.775,17267918
2025-09-04,41.062,41.169,40.510,40.726,22362112
2025-09-05,40.833,40.928,40.279,40.600,27006798
2025-09-08,40.624,40.644,40.031,40.186,28470228
2025-09-09,40.177,40.597,40.101,40.464,25741430
2025-09-10,40.610,41.225,40.609,41.159,32168800
2025-09-11,41.106,41.407,41.047,41.378,24265214
2025-09-12,41.261,41.709,41.188,41.587,18727096
2025-09-15,41.592,41.879,41.590,41.684,22819156
2025-09-16,41.612,41.626,40.906,40.926,21652710
2025-09-17,41.193,41.376,40.943,41.028,20168256
2025-09-18,40.955,41.320,40.770,41.057,25303244
2025-09-19,41.159,41.485,40.940,41.320,20974828
2025-09-22,41.340,41.813,41.243,41.722,19476938
2025-09-23,41.659,42.004,41.580,41.938,17900654
2025-09-24,42.016,42.310,41.894,42.237,17317612
2025-09-25,42.197,42.286,41.828,41.830,18689980
2025-09-26,41.972,42.523,41.933,42.511,16234438
2025-09-29,42.491,42.702,42.193,42.633,17130776
2025-09-30,42.685,42.871,42.401,42.707,21959950
2025-10-01,42.790,43.211,42.736,43.118,29195450
2025-10-02,43.005,43.054,42.721,43.040,22649202
2025-10-03,43.172,43.941,43.138,43.539,25133856
2025-10-06,43.794,44.009,43.495,43.960,20024224
2025-10-07,44.142,44.352,44.024,44.161,32901836
2025-10-08,44.475,44.528,44.134,44.465,19791128
2025-10-09,44.612,44.744,44.264,44.352,21557462
2025-10-10,44.499,44.744,44.122,44.171,23183820
2025-10-13,44.200,44.715,44.181,44.509,18760534
2025-10-14,44.430,45.052,44.357,44.905,17572126
2025-10-15,45.106,45.630,45.106,45.493,19087588
2025-10-16,45.630,45.919,44.989,44.999,29118914
2025-10-17,45.082,45.145,44.651,44.842,21825874
2025-10-20,45.185,45.292,44.656,44.827,25420818
2025-10-21,44.871,44.925,44.156,44.372,22107880
2025-10-22,44.470,44.494,44.059,44.269,19109164
2025-10-23,44.558,44.582,43.990,44.235,16134056
2025-10-24,44.489,44.974,44.445,44.754,21737514
2025-10-27,44.754,44.918,44.325,44.876,16042784
2025-10-28,45.038,45.038,44.083,44.137,20661478
2025-10-29,44.132,44.421,43.941,44.122,24280452
2025-10-30,44.073,44.489,43.919,43.936,18870878
2025-10-31,43.740,43.867,43.402,43.632,18434786
2025-11-03,43.598,43.779,43.147,43.657,22339692
2025-11-04,43.637,43.671,43.312,43.500,17156732
2025-11-05,43.490,43.716,43.309,43.510,16859086
2025-11-06,43.431,43.760,43.297,43.319,23668732
2025-11-07,43.143,43.931,43.143,43.921,24337616
2025-11-10,44.049,44.249,43.529,43.907,17947188
2025-11-11,43.926,44.104,43.684,43.931,14435302
2025-11-12,43.960,44.071,43.789,44.034,15018498
2025-11-13,43.921,43.921,43.392,43.427,20675364
2025-11-14,43.302,43.799,43.201,43.466,20168796
2025-11-17,43.549,44.004,43.505,43.858,24201418
2025-11-18,43.897,44.107,43.676,43.691,25158710
2025-11-19,43.725,43.848,43.231,43.324,25095528
2025-11-20,43.667,43.936,43.074,43.103,25543190
2025-11-21,43.285,43.338,42.859,43.167,28589342
2025-11-24,43.231,43.769,42.959,43.657,23572716
2025-11-25,43.769,43.838,43.312,43.490,22195594
2025-11-26,43.723,44.120,43.642,44.068,16759198
2025-11-28,44.142,44.416,44.095,44.382,7882586
2025-12-01,44.132,44.132,43.319,43.343,26338936
2025-12-02,43.544,43.544,42.979,43.035,17384114
2025-12-03,43.069,43.192,42.729,42.898,21727924
2025-12-04,42.873,43.152,42.663,42.810,15535178
2025-12-05,42.819,42.878,42.388,42.408,13474680
2025-12-08,42.486,42.516,41.781,41.840,21607859
2025-12-09,42.065,42.281,41.850,41.869,24347235
2025-12-10,41.918,41.943,41.541,41.850,25940248
2025-12-11,41.771,42.261,41.771,42.153,18703290
2025-12-12,42.281,42.485,41.889,41.948,17179816
2025-12-15,42.222,42.398,41.948,42.330,19176444
2025-12-16,42.310,42.418,41.899,42.153,19067874
2025-12-17,42.173,42.251,41.664,41.879,19444596
2025-12-18,42.144,42.521,42.085,42.290,21935758
2025-12-19,42.232,42.477,41.722,41.752,22611971
2025-12-22,41.728,41.964,41.473,41.905,17894921
2025-12-23,41.836,42.176,41.816,42.053,15097710
2025-12-24,42.043,42.290,41.984,42.241,5761034
2025-12-26,42.221,42.300,42.065,42.211,8436715
2025-12-29,42.241,42.537,42.201,42.290,12838729
2025-12-30,42.310,42.463,42.243,42.389,9255258
2025-12-31,42.398,42.438,42.112,42.122,10129006
2026-01-02,42.320,42.813,42.092,42.606,20495359
2026-01-05,42.616,42.714,41.506,42.132,27884414
2026-01-06,42.181,42.384,41.954,42.339,21861776
2026-01-07,42.379,42.398,41.185,41.313,27613333
2026-01-08,41.264,41.728,41.254,41.432,22853334
2026-01-09,41.954,42.315,41.925,41.945,21518262
2026-01-12,41.816,42.142,41.732,42.014,16810602
2026-01-13,42.053,42.389,41.851,42.280,22207350
2026-01-14,42.241,42.744,42.196,42.596,21403068
2026-01-15,42.744,43.236,42.744,43.030,21762739
2026-01-16,42.596,42.941,42.364,42.813,27803622
2026-01-20,42.547,42.778,42.255,42.389,25300852
2026-01-21,42.729,42.729,42.122,42.448,33736456
2026-01-22,42.625,42.695,42.037,42.142,26170688
2026-01-23,42.142,42.181,41.737,41.994,26527230
2026-01-26,42.132,42.606,42.093,42.300,19254039
2026-01-27,42.250,42.966,42.028,42.852,31070496
2026-01-28,42.921,43.084,42.556,42.754,25183571
2026-01-29,42.931,43.188,42.507,42.754,27418213
2026-01-30,42.655,42.798,42.201,42.675,27998373
2026-02-02,42.724,42.897,41.984,42.053,32847560
2026-02-03,42.093,42.843,42.093,42.665,35525495
2026-02-04,42.892,43.069,42.418,42.507,30994262
2026-02-05,42.645,42.792,42.295,42.527,31475405
2026-02-06,42.912,43.277,42.403,42.773,30530074
2026-02-09,42.793,42.971,42.482,42.902,21173948
2026-02-10,43.168,43.938,42.976,43.612,34683593
2026-02-11,43.770,44.031,43.548,43.997,25614773
2026-02-12,44.194,45.132,44.145,44.648,45623348
2026-02-13,44.599,45.980,44.594,45.882,42451799
2026-02-17,46.178,46.449,45.625,45.763,32423973
2026-02-18,45.990,45.990,44.905,45.003,32841512
2026-02-19,45.171,45.566,45.072,45.497,24172480
2026-02-20,45.684,45.867,45.270,45.714,22623158
2026-02-23,45.852,46.335,45.753,46.059,33130881
2026-02-24,46.020,46.602,45.674,46.572,29503271
2026-02-25,46.582,46.799,45.975,46.730,22356557
2026-02-26,46.641,46.760,46.290,46.553,30578632
2026-02-27,46.572,47.164,46.503,47.095,39759616
2026-03-02,46.779,47.105,46.725,46.740,33087305
2026-03-03,46.079,46.819,45.344,46.444,60946642
2026-03-04,46.464,46.789,46.138,46.641,24020795
2026-03-05,46.326,46.395,45.852,46.276,29797275
2026-03-06,46.010,46.335,45.724,46.118,25001686
2026-03-09,45.941,46.326,45.428,46.227,27759002
2026-03-10,46.020,46.409,45.852,45.941,24936286
2026-03-11,45.882,45.941,45.388,45.556,20026058
2026-03-12,45.388,46.414,45.349,45.882,27419891
2026-03-13,46.345,46.686,46.237,46.335,31521024
2026-03-16,46.819,46.868,46.326,46.631,19775448
2026-03-17,46.888,47.001,46.454,46.503,18502259
2026-03-18,46.326,46.523,46.108,46.108,31094712
2026-03-19,46.030,46.276,45.428,45.921,29543970
2026-03-20,45.842,46.039,43.839,44.056,47128265
2026-03-23,44.642,44.896,44.285,44.493,31574256
2026-03-24,44.275,45.244,44.200,44.801,24184025
2026-03-25,45.229,45.353,44.921,44.960,22297378
2026-03-26,44.950,45.189,44.727,45.040,19987998
2026-03-27,45.080,45.780,45.010,45.298,26172879
2026-03-30,45.875,46.038,45.462,45.626,28363610
2026-03-31,45.557,45.656,44.970,45.596,42852764
2026-04-01,45.487,45.984,45.403,45.815,31185116
2026-04-02,45.745,46.292,45.616,46.043,17331813
2026-04-06,45.850,46.199,45.795,45.875,12939531
2026-04-07,45.765,46.133,45.745,45.974,13657009
2026-04-08,45.994,46.481,45.686,46.481,18879725
2026-04-09,46.361,47.400,46.322,46.848,23274642
2026-04-10,46.759,47.151,46.565,46.659,15052056
2026-04-13,46.540,46.579,45.825,46.093,17795655
2026-04-14,46.103,46.262,45.606,46.173,25118645
2026-04-15,46.014,46.019,45.586,45.725,24843894
2026-04-16,45.706,46.073,45.542,46.053,26945431
2026-04-17,45.934,45.984,45.348,45.865,17601516
2026-04-20,45.825,46.038,45.358,45.457,14376082
2026-04-21,45.616,45.656,44.623,44.662,19596909
2026-04-22,45.050,45.328,44.424,44.583,21731747
2026-04-23,45.080,45.845,44.911,45.795,23864320
2026-04-24,45.735,46.004,45.447,45.884,24158735
2026-04-27,46.073,46.197,45.875,45.894,14543089
2026-04-28,46.143,46.222,45.745,45.954,13016048
2026-04-29,45.775,45.974,45.268,45.388,12655051
2026-04-30,45.557,46.590,45.557,46.550,22378516
2026-05-01,46.540,46.993,46.217,46.252,15507049
2026-05-04,45.964,46.550,45.795,46.073,18054160
2026-05-05,46.232,46.520,46.063,46.073,17499619
2026-05-06,45.984,46.083,45.348,45.417,26315537
2026-05-07,45.328,45.388,44.712,44.831,23499387
2026-05-08,45.070,45.219,44.404,44.434,18158143
2026-05-11,44.806,45.015,44.543,44.851,22669334
2026-05-12,44.772,45.090,44.513,44.901,28240494
2026-05-13,44.513,44.528,44.076,44.384,27268577
2026-05-14,44.344,44.633,44.260,44.613,18472918
2026-05-15,44.424,44.479,43.545,43.589,21857600
2026-05-18,43.788,43.927,43.246,43.659,31554327
2026-05-19,43.540,44.126,43.341,44.056,22307131
2026-05-20,44.374,44.568,44.126,44.225,17584755
2026-05-21,44.265,44.722,44.151,44.712,18781147
2026-05-22,44.772,45.149,44.633,45.060,15189833
2026-05-26,45.293,45.343,45.040,45.040,13740826
2026-05-27,44.960,45.075,44.657,44.851,16871503
2026-05-28,44.742,44.980,44.295,44.344,19385141
2026-05-29,44.384,44.429,43.967,44.136,23049824
2026-06-01,43.619,43.679,42.794,42.824,31206303
2026-06-02,42.933,43.679,42.899,43.619,27366314
2026-06-03,43.679,44.195,43.395,43.430,21948642
2026-06-04,43.589,43.828,43.063,43.659,18216478
2026-06-05,43.758,44.334,43.684,44.066,21351631
2026-06-08,44.036,44.091,43.192,43.241,20843504
2026-06-09,43.361,43.798,43.187,43.699,20424836
2026-06-10,43.937,43.997,43.510,43.718,17778006
2026-06-11,43.937,44.235,43.728,43.768,19146321
2026-06-12,43.907,44.324,43.905,44.245,17942646
2026-06-15,44.195,44.712,43.907,44.454,18437566
2026-06-16,44.553,45.209,44.474,44.772,16396606
2026-06-17,44.533,44.881,43.957,44.175,22210410
2026-06-18,44.315,45.050,44.245,44.474,36828323
2026-06-22,44.480,44.965,44.430,44.720,21868643
2026-06-23,44.750,45.200,44.460,45.070,22295624
2026-06-24,45.290,45.600,45.085,45.540,18884490
2026-06-25,45.660,46.185,45.495,45.850,19263556
2026-06-26,46.000,46.230,45.885,46.200,19479289
2026-06-29,46.200,46.310,45.770,46.020,17917776
2026-06-30,45.860,45.945,45.320,45.340,18906764
2026-07-01,45.240,45.360,44.640,44.770,29493056
2026-07-02,45.030,45.800,45.000,45.760,24335424
2026-07-06,45.710,45.825,45.110,45.300,19176598
2026-07-07,45.630,46.320,45.530,45.700,18962726
2026-07-08,45.740,45.820,45.310,45.360,14863172
2026-07-09,45.555,45.660,45.040,45.130,19667847
2026-07-10,45.120,45.480,45.090,45.410,14050476
2026-07-13,45.450,45.878,45.430,45.720,15732093
2026-07-14,45.930,46.280,45.560,45.690,17387165
2026-07-15,45.730,45.945,45.165,45.220,15909539
2026-07-16,45.240,45.620,45.120,45.470,15615749
2026-07-17,45.900,46.150,45.055,45.170,20924552
2026-07-20,45.325,45.660,44.810,44.940,17830881
2026-07-21,44.870,45.040,44.640,44.920,15891711
2026-07-22,45.270,45.985,45.210,45.930,18366860
2026-07-23,45.650,46.328,45.600,46.190,13696748
2026-07-24,46.400,46.625,46.100,46.290,16108991
2026-07-27,46.125,46.280,45.560,45.680,16609574
2026-07-28,45.860,46.425,45.500,45.520,16414449
2026-07-29,45.760,45.800,44.730,44.910,23653223
2026-07-30,45.195,45.235,44.360,44.660,23430326
2026-07-31,44.610,44.740,44.305,44.350,20778490
2026-08-03,44.240,44.660,43.940,44.360,25872639
2026-08-04,44.250,44.290,43.585,44.110,26772266
2026-08-05,44.100,44.130,43.285,43.660,26062254
2026-08-06,44.150,44.270,43.155,43.380,27020146
2026-08-07,43.200,43.865,42.945,43.610,18693808
2026-08-10,43.430,43.520,43.055,43.130,25438230
2026-08-11,43.130,43.710,43.080,43.630,19690834
2026-08-12,43.760,43.960,43.640,43.840,15979025
2026-08-13,43.890,44.195,43.880,44.040,17855880
2026-08-14,44.010,44.410,43.975,44.310,17154205
2026-08-17,44.200,44.250,43.820,44.180,16377519
