date,open,high,low,close,volume
2016-01-04,59.411,59.605,58.773,59.378,19666268
2016-01-05,59.546,59.924,59.403,59.663,14540153
2016-01-06,58.815,59.588,58.765,59.176,14651688
2016-01-07,58.035,58.773,57.816,57.976,17850377
2016-01-08,58.320,58.471,57.002,57.103,17022809
2016-01-11,57.355,57.376,55.625,56.423,28563797
2016-01-12,56.876,57.472,56.213,57.145,13726950
2016-01-13,57.254,57.523,55.390,55.449,16202462
2016-01-14,55.592,57.304,55.247,56.935,23342269
2016-01-15,55.491,56.398,55.340,56.137,17882291
2016-01-19,56.750,56.960,55.516,56.129,13495221
2016-01-20,55.138,56.784,54.450,56.238,24665612
2016-01-21,56.381,56.666,55.541,56.070,17102840
2016-01-22,56.859,57.111,56.586,56.960,11343828
2016-01-25,56.792,57.170,56.356,56.431,10131859
2016-01-26,56.465,56.968,56.028,56.859,12449656
2016-01-27,56.759,57.355,55.818,56.213,15924738
2016-01-28,56.482,56.515,54.609,54.903,26127268
2016-01-29,54.786,55.827,54.626,55.802,17578208
2016-02-01,55.424,56.171,55.130,55.886,16705670
2016-02-02,55.491,55.638,54.912,55.080,12968699
2016-02-03,55.239,55.499,54.207,55.441,19453147
2016-02-04,55.273,55.760,54.643,55.138,18958125
2016-02-05,54.836,54.987,53.783,54.064,16743961
2016-02-08,53.459,53.682,52.687,53.325,24652766
2016-02-09,52.679,54.257,52.620,53.720,20741677
2016-02-10,54.072,55.038,54.026,54.198,14728499
2016-02-11,53.224,53.753,52.922,53.325,22801091
2016-02-12,53.619,54.064,53.166,54.039,10315981
2016-02-16,54.618,55.080,54.433,55.054,17302955
2016-02-17,55.483,55.818,55.063,55.751,12140012
2016-02-18,55.818,56.045,55.273,55.407,9722072
2016-02-19,55.138,55.508,55.000,55.348,8875405
2016-02-22,55.802,56.146,55.709,56.137,7515726
2016-02-23,55.986,56.280,55.659,55.718,8211934
2016-02-24,55.399,55.978,54.807,55.902,11118606
2016-02-25,56.154,56.633,55.877,56.599,9496414
2016-02-26,56.859,57.086,56.448,56.498,10365818
2016-02-29,56.330,56.473,55.575,55.599,11091742
2016-03-01,55.911,56.809,55.541,56.792,14549057
2016-03-02,56.658,56.901,56.540,56.885,10923739
2016-03-03,56.742,56.792,56.209,56.725,10815045
2016-03-04,56.725,56.952,56.326,56.591,9855654
2016-03-07,56.221,57.237,56.213,57.045,11082434
2016-03-08,56.708,56.893,56.272,56.348,8204189
2016-03-09,56.498,56.691,56.062,56.448,13032476
2016-03-10,56.725,57.111,56.045,56.482,11288361
2016-03-11,56.843,57.590,56.801,57.581,10618305
2016-03-14,57.371,57.565,57.191,57.338,6140946
2016-03-15,56.960,57.078,56.280,56.448,15226481
2016-03-16,56.339,56.637,55.869,56.314,16881339
2016-03-17,56.263,56.272,55.122,55.659,20920457
2016-03-18,55.757,56.515,55.656,56.313,19524758
2016-03-21,56.363,56.759,56.271,56.641,12183575
2016-03-22,56.456,57.383,56.456,57.206,13200185
2016-03-23,57.164,57.265,56.747,56.801,9105057
2016-03-24,56.549,56.987,56.338,56.776,8492750
2016-03-28,56.928,56.987,56.532,56.616,7156295
2016-03-29,56.515,57.324,56.321,57.273,10455626
2016-03-30,57.560,57.711,57.180,57.282,7607715
2016-03-31,57.197,57.534,57.079,57.105,8602692
2016-04-01,56.869,57.964,56.759,57.753,9120164
2016-04-04,57.888,58.655,57.880,58.444,17381180
2016-04-05,57.762,58.031,57.551,57.686,16555121
2016-04-06,57.703,59.261,57.703,59.237,24546616
2016-04-07,58.815,59.211,58.284,58.587,19216681
2016-04-08,58.950,58.975,58.078,58.427,12883771
2016-04-11,58.402,58.571,57.854,57.981,8695545
2016-04-12,57.972,58.575,57.964,58.453,13510509
2016-04-13,58.722,59.034,58.406,59.000,9706171
2016-04-14,58.983,59.228,58.815,59.034,6655195
2016-04-15,59.177,59.177,58.596,58.992,7945340
2016-04-18,58.823,59.604,58.731,59.539,11505376
2016-04-19,59.641,60.070,59.422,59.750,6655013
2016-04-20,59.767,60.357,59.716,60.070,10763418
2016-04-21,60.104,60.559,60.028,60.424,12463114
2016-04-22,60.458,60.757,60.188,60.550,12052773
2016-04-25,60.323,60.508,60.121,60.315,8937489
2016-04-26,60.433,60.433,59.910,60.087,7433502
2016-04-27,60.129,60.272,59.767,60.020,9121173
2016-04-28,59.674,60.315,59.405,59.733,19512040
2016-04-29,59.194,59.308,58.444,58.799,13577850
2016-05-02,58.908,59.161,58.663,59.135,9074808
2016-05-03,58.924,59.312,58.722,58.954,9436765
2016-05-04,58.579,58.680,58.225,58.386,11802044
2016-05-05,58.394,58.714,58.263,58.630,10145219
2016-05-06,58.419,58.587,57.804,58.284,14164252
2016-05-09,58.284,59.131,58.259,58.950,13606997
2016-05-10,59.186,59.455,59.026,59.447,11073007
2016-05-11,59.354,59.506,58.722,58.731,8452541
2016-05-12,58.857,59.034,58.048,58.385,11322942
2016-05-13,58.318,58.697,58.200,58.250,11947338
2016-05-16,58.259,59.169,58.234,59.042,8338124
2016-05-17,58.933,59.085,58.217,58.427,14919984
2016-05-18,58.335,58.967,58.276,58.672,11524253
2016-05-19,58.335,58.600,57.804,58.175,8765724
2016-05-20,58.394,58.916,58.368,58.714,7925908
2016-05-23,58.630,58.739,58.427,58.478,5061439
2016-05-24,58.773,59.413,58.697,59.320,11936372
2016-05-25,59.481,59.809,59.472,59.691,8953615
2016-05-26,59.716,59.818,59.506,59.700,5257683
2016-05-27,59.657,60.104,59.657,59.969,9641321
2016-05-31,60.155,60.256,59.851,60.112,7669813
2016-06-01,59.927,60.462,59.876,60.331,9301692
2016-06-02,60.281,61.107,60.205,61.107,12473090
2016-06-03,60.921,61.120,60.416,60.904,13895958
2016-06-06,60.913,61.342,60.761,61.234,9117597
2016-06-07,60.980,61.039,60.702,60.853,6439115
2016-06-08,60.803,61.174,60.668,61.064,4621255
2016-06-09,60.930,61.363,60.786,60.963,9608545
2016-06-10,60.609,60.643,60.197,60.475,10270936
2016-06-13,60.256,60.711,59.978,59.994,8724591
2016-06-14,59.851,60.112,59.598,60.087,8000477
2016-06-15,60.247,60.374,59.624,59.674,7861117
2016-06-16,59.497,59.986,59.202,59.885,9341198
2016-06-17,59.974,60.000,59.044,59.264,10799114
2016-06-20,59.771,60.059,59.560,59.636,7983661
2016-06-21,59.839,59.898,59.293,59.429,7014947
2016-06-22,59.433,60.270,59.382,59.602,11207552
2016-06-23,60.127,60.389,59.847,60.380,7626917
2016-06-24,58.663,59.551,58.409,58.612,22576537
2016-06-27,58.232,58.435,57.597,57.843,18634739
2016-06-28,58.249,59.018,58.236,58.968,13652372
2016-06-29,59.382,60.262,59.382,60.093,8968421
2016-06-30,60.211,60.693,59.915,60.655,9535175
2016-07-01,60.795,61.184,60.600,61.040,6793136
2016-07-05,60.676,61.226,60.676,60.981,8359777
2016-07-06,60.888,61.793,60.820,61.666,18791528
2016-07-07,62.038,62.047,61.294,61.573,8022362
2016-07-08,61.878,62.351,61.548,62.334,11013236
2016-07-11,62.520,62.681,62.106,62.165,7375092
2016-07-12,62.301,62.559,62.250,62.470,10237174
2016-07-13,62.664,62.745,62.381,62.444,6401925
2016-07-14,62.859,63.155,62.487,62.715,4813169
2016-07-15,62.952,63.130,62.584,62.664,7131321
2016-07-18,62.681,62.808,62.461,62.690,3954259
2016-07-19,62.766,62.914,62.368,62.554,6634712
2016-07-20,62.842,63.227,62.757,63.121,6855045
2016-07-21,63.121,63.434,63.062,63.307,9230809
2016-07-22,63.299,63.510,63.117,63.434,5446479
2016-07-25,63.451,63.502,62.977,63.366,5868392
2016-07-26,63.121,63.349,63.003,63.256,6904219
2016-07-27,63.130,63.642,63.011,63.544,7983149
2016-07-28,63.443,63.646,63.172,63.485,5470050
2016-07-29,63.366,63.730,63.215,63.612,4889200
2016-08-01,63.671,64.288,63.671,64.018,9255078
2016-08-02,64.068,64.068,63.383,63.772,12149329
2016-08-03,63.730,63.772,63.468,63.595,9761216
2016-08-04,63.637,63.739,63.417,63.502,8415450
2016-08-05,63.781,63.781,63.299,63.654,8244367
2016-08-08,63.603,63.603,62.893,63.113,6655527
2016-08-09,63.451,63.482,63.087,63.265,11261259
2016-08-10,63.239,63.239,62.884,63.049,7031564
2016-08-11,63.223,63.485,63.104,63.417,6599846
2016-08-12,63.299,63.328,63.028,63.256,6211941
2016-08-15,63.256,63.514,63.256,63.366,4122513
2016-08-16,63.273,63.282,62.800,62.800,6042305
2016-08-17,62.664,62.977,62.533,62.927,7296304
2016-08-18,62.918,63.087,62.757,62.952,4180054
2016-08-19,62.825,62.943,62.626,62.901,4323457
2016-08-22,62.927,63.261,62.859,63.028,4090216
2016-08-23,63.248,63.443,63.053,63.087,8557869
2016-08-24,63.062,63.193,61.945,62.098,8670361
2016-08-25,61.928,62.182,61.302,61.573,8766486
2016-08-26,61.641,62.131,61.438,61.810,9974260
2016-08-29,61.835,62.098,61.683,61.945,7372084
2016-08-30,62.021,62.021,61.582,61.734,5497785
2016-08-31,61.649,61.725,61.311,61.548,4756812
2016-09-01,61.548,61.624,61.108,61.387,9501445
2016-09-02,61.514,61.641,61.285,61.455,8052275
2016-09-06,61.556,61.810,61.463,61.675,8735819
2016-09-07,61.624,61.895,61.497,61.675,7561580
2016-09-08,61.480,61.772,61.421,61.725,4822216
2016-09-09,61.379,61.379,60.473,60.490,14135544
2016-09-12,60.148,61.548,60.135,61.387,13023429
2016-09-13,61.006,61.006,60.245,60.566,12194203
2016-09-14,60.541,60.964,60.321,60.566,13108529
2016-09-15,60.456,61.362,60.313,61.192,9636862
2016-09-16,61.134,61.321,60.994,61.236,8690989
2016-09-19,61.389,61.512,60.939,61.015,9919663
2016-09-20,61.278,61.431,61.172,61.202,5286599
2016-09-21,61.406,61.932,61.032,61.813,8485850
2016-09-22,62.068,62.391,62.034,62.280,6502150
2016-09-23,62.187,62.340,62.072,62.085,5420444
2016-09-26,61.856,61.907,61.219,61.363,5534058
2016-09-27,61.287,61.805,61.151,61.796,7839016
2016-09-28,61.856,61.864,61.380,61.703,6522589
2016-09-29,61.626,61.703,60.438,60.616,8857866
2016-09-30,60.743,61.406,60.705,61.236,7453463
2016-10-03,60.964,61.185,60.709,61.185,9187859
2016-10-04,61.117,61.372,60.756,61.066,10594605
2016-10-05,61.227,61.440,61.130,61.304,12842056
2016-10-06,61.100,61.159,60.709,61.074,9308917
2016-10-07,61.015,61.321,60.675,61.032,9920420
2016-10-10,61.142,61.499,61.142,61.312,11039462
2016-10-11,61.015,61.015,59.512,59.775,12499679
2016-10-12,59.809,60.047,59.436,59.495,11746381
2016-10-13,59.147,59.741,58.951,59.520,13623090
2016-10-14,59.656,59.818,59.104,59.121,8382388
2016-10-17,59.028,59.147,58.799,58.926,8462992
2016-10-18,59.469,59.758,59.325,59.631,5495839
2016-10-19,59.707,59.758,59.389,59.410,5296697
2016-10-20,59.486,59.877,59.376,59.690,6876029
2016-10-21,59.385,59.385,59.045,59.198,5511580
2016-10-24,59.461,59.520,59.087,59.087,7384722
2016-10-25,59.019,59.198,58.841,58.917,7922100
2016-10-26,58.824,58.917,58.319,58.561,8073737
2016-10-27,59.011,59.240,58.680,58.833,6974728
2016-10-28,58.128,58.289,57.304,57.559,18469311
2016-10-31,57.542,57.550,57.181,57.202,12688999
2016-11-01,57.236,57.397,56.455,56.896,14908656
2016-11-02,56.786,57.223,56.599,56.599,17942887
2016-11-03,56.786,57.024,56.013,56.064,22074152
2016-11-04,56.217,56.918,56.158,56.455,21382560
2016-11-07,57.066,58.056,57.032,57.898,17367791
2016-11-08,57.525,58.446,57.448,58.060,15943912
2016-11-09,60.556,60.777,58.816,60.106,49750120
2016-11-10,61.091,61.210,60.344,60.769,28379153
2016-11-11,60.599,60.599,59.597,59.860,15866062
2016-11-14,60.123,60.191,59.554,59.673,17406162
2016-11-15,59.903,59.903,59.287,59.843,10371554
2016-11-16,59.690,59.979,59.512,59.588,7585042
2016-11-17,59.631,59.842,59.457,59.826,12856186
2016-11-18,59.877,60.038,59.155,59.189,12185025
2016-11-21,59.317,59.461,59.244,59.402,6791829
2016-11-22,59.376,59.376,58.148,58.544,14522066
2016-11-23,57.567,58.782,57.567,58.773,13676020
2016-11-25,58.943,59.053,58.769,59.002,4009283
2016-11-28,58.892,58.901,58.467,58.561,6507177
2016-11-29,58.697,59.113,58.688,58.943,7093901
2016-11-30,58.985,59.002,58.357,58.383,8640677
2016-12-01,58.450,58.595,57.788,57.958,11360653
2016-12-02,58.060,58.323,57.864,58.094,7964530
2016-12-05,58.332,58.416,57.805,57.992,5832104
2016-12-06,58.162,58.170,57.822,58.153,5490793
2016-12-07,57.695,57.695,56.871,57.652,12758870
2016-12-08,57.474,57.822,57.143,57.763,7586638
2016-12-09,57.966,58.574,57.966,58.467,12100155
2016-12-12,58.357,58.833,58.357,58.748,15018142
2016-12-13,58.960,59.308,58.790,59.223,11041413
2016-12-14,59.215,59.529,58.714,58.917,11682151
2016-12-15,59.155,59.359,58.942,59.300,8210088
2016-12-16,59.430,59.592,59.174,59.345,8257063
2016-12-19,59.387,59.652,59.021,59.097,9318325
2016-12-20,59.123,59.259,58.918,59.055,4884998
2016-12-21,59.089,59.114,58.620,58.722,5432275
2016-12-22,58.645,58.816,58.407,58.799,4458413
2016-12-23,58.816,59.277,58.816,59.242,4188703
2016-12-27,59.319,59.703,59.302,59.362,5141174
2016-12-28,59.422,59.490,58.901,58.910,4558824
2016-12-29,58.944,59.200,58.917,59.012,5539273
2016-12-30,59.021,59.080,58.611,58.799,6648979
2017-01-03,59.114,59.584,59.038,59.567,11792938
2017-01-04,59.660,60.198,59.660,60.036,9174456
2017-01-05,59.984,60.360,59.933,60.343,5979290
2017-01-06,60.360,60.684,60.142,60.513,5769255
2017-01-09,60.513,60.871,60.402,60.769,5751911
2017-01-10,60.871,61.332,60.735,60.982,10320463
2017-01-11,61.059,61.272,59.746,60.368,23741959
2017-01-12,60.070,60.462,59.925,60.428,9358905
2017-01-13,60.479,60.692,60.343,60.488,5279017
2017-01-17,60.112,60.283,59.686,60.181,6038233
2017-01-18,60.300,60.436,59.984,60.104,6174216
2017-01-19,60.087,60.223,59.626,59.720,6470661
2017-01-20,59.720,60.019,59.515,59.567,7006899
2017-01-23,59.490,59.650,59.097,59.319,10003675
2017-01-24,59.259,59.302,58.637,58.910,8703494
2017-01-25,58.961,59.490,58.927,59.464,6553834
2017-01-26,59.336,59.439,58.995,59.004,6612453
2017-01-27,59.140,59.532,59.123,59.490,7264900
2017-01-30,59.345,59.464,58.952,59.200,7281928
2017-01-31,58.884,60.147,58.842,60.147,14342468
2017-02-01,60.147,60.667,60.027,60.667,19490501
2017-02-02,60.368,60.684,60.176,60.650,14539361
2017-02-03,60.846,60.974,60.556,60.914,15104788
2017-02-06,60.803,60.982,60.684,60.982,11561794
2017-02-07,61.025,61.264,60.837,61.042,11278046
2017-02-08,60.718,61.012,60.547,60.948,6812927
2017-02-09,60.940,61.349,60.889,61.170,7869248
2017-02-10,61.264,61.426,61.119,61.289,4440343
2017-02-13,61.349,61.699,61.349,61.665,6465225
2017-02-14,61.596,62.151,61.550,62.151,10402997
2017-02-15,62.014,62.944,61.955,62.825,10091712
2017-02-16,62.842,62.901,62.313,62.739,11332623
2017-02-17,62.501,62.859,62.501,62.825,12118416
2017-02-21,62.816,63.311,62.816,63.106,10651815
2017-02-22,63.029,63.234,62.957,63.012,6634265
2017-02-23,63.080,63.579,63.004,63.473,8685596
2017-02-24,63.370,63.814,63.345,63.780,9103034
2017-02-27,63.823,64.121,63.686,64.087,8178202
2017-02-28,63.908,64.164,63.771,63.959,10258588
2017-03-01,64.343,64.761,64.159,64.599,15196599
2017-03-02,64.496,64.722,64.385,64.394,7889322
2017-03-03,64.300,64.701,64.279,64.650,6635276
2017-03-06,64.556,64.607,64.172,64.402,5886906
2017-03-07,63.874,64.275,63.746,63.950,12330631
2017-03-08,63.942,64.428,63.899,64.206,8130032
2017-03-09,64.198,64.641,64.155,64.556,8451394
2017-03-10,64.829,64.897,64.565,64.803,10455762
2017-03-13,64.863,64.863,64.496,64.752,6898546
2017-03-14,64.573,64.786,64.445,64.513,7296332
2017-03-15,64.607,65.456,64.603,65.324,11044878
2017-03-16,65.162,65.162,64.445,64.692,12129389
2017-03-17,64.534,64.650,64.303,64.337,10400969
2017-03-20,64.354,64.448,64.110,64.231,4728301
2017-03-21,64.311,64.534,61.914,63.738,16650419
2017-03-22,63.832,63.914,63.438,63.755,9954250
2017-03-23,63.678,63.999,63.439,63.558,13250456
2017-03-24,63.592,63.875,63.327,63.592,9229473
2017-03-27,63.139,63.875,63.020,63.763,6946344
2017-03-28,63.635,63.892,63.438,63.806,7392285
2017-03-29,63.832,63.977,63.678,63.823,4357827
2017-03-30,63.746,63.960,63.575,63.832,7137422
2017-03-31,63.678,63.823,63.584,63.652,5895356
2017-04-03,63.721,64.020,63.455,63.704,12354819
2017-04-04,63.686,63.755,63.490,63.669,5228588
2017-04-05,63.755,64.132,63.430,63.472,6470120
2017-04-06,63.490,63.699,63.301,63.584,5253261
2017-04-07,63.626,63.855,63.455,63.695,5638152
2017-04-10,63.678,63.891,63.515,63.575,4529953
2017-04-11,63.472,63.635,63.140,63.490,5472621
2017-04-12,63.421,63.592,63.233,63.490,3782186
2017-04-13,63.412,63.622,63.327,63.327,6671107
2017-04-17,63.250,63.575,63.198,63.558,6149877
2017-04-18,63.207,63.207,62.625,62.865,7519486
2017-04-19,63.070,63.233,62.942,63.053,5023119
2017-04-20,63.181,63.575,62.890,63.447,7307251
2017-04-21,63.335,63.395,62.925,63.070,6762958
2017-04-24,63.678,63.849,63.609,63.695,5450018
2017-04-25,63.952,64.153,63.772,63.969,9035698
2017-04-26,64.200,64.577,64.149,64.320,6240415
2017-04-27,64.337,64.756,64.209,64.457,6962756
2017-04-28,64.508,64.662,64.401,64.628,5781071
2017-05-01,64.739,64.898,64.628,64.774,7182033
2017-05-02,64.833,64.970,64.457,64.953,5243780
2017-05-03,64.756,64.808,64.491,64.637,8094141
2017-05-04,64.859,65.065,64.765,65.065,4275352
2017-05-05,65.210,65.227,64.765,65.030,5720072
2017-05-08,64.979,65.030,64.534,64.628,6558505
2017-05-09,64.662,64.825,64.585,64.705,3830157
2017-05-10,64.602,64.611,64.251,64.517,4314913
2017-05-11,64.414,64.577,64.226,64.551,6791572
2017-05-12,64.525,64.615,64.397,64.440,2638025
2017-05-15,64.474,64.893,64.414,64.859,7320754
2017-05-16,64.791,64.851,64.427,64.611,5471675
2017-05-17,64.089,64.268,63.763,63.763,11434049
2017-05-18,63.729,64.414,63.729,64.046,10690543
2017-05-19,64.157,64.427,64.072,64.226,9209758
2017-05-22,64.166,64.470,64.029,64.397,4999072
2017-05-23,64.482,64.744,64.431,64.611,4216096
2017-05-24,64.645,64.825,64.491,64.774,5215731
2017-05-25,64.919,65.210,64.765,65.082,4479364
2017-05-26,65.030,65.219,64.893,64.962,4507362
2017-05-30,64.756,65.030,64.756,64.868,4651153
2017-05-31,64.996,65.270,64.940,65.124,5884380
2017-06-01,65.236,65.895,65.167,65.844,9149905
2017-06-02,66.032,66.357,65.972,66.272,4832974
2017-06-05,66.272,66.340,65.929,66.083,5558935
2017-06-06,65.955,66.160,65.809,65.921,4316464
2017-06-07,66.006,66.165,65.886,66.100,4415681
2017-06-08,66.058,66.216,65.737,65.912,6304426
2017-06-09,65.998,66.558,65.912,66.357,13418971
2017-06-12,66.306,66.545,65.955,66.272,7700644
2017-06-13,66.331,66.494,66.173,66.408,5592460
2017-06-14,66.520,66.914,66.494,66.725,6782257
2017-06-15,66.468,66.708,66.289,66.657,8185992
2017-06-16,66.741,66.904,66.414,66.767,14165188
2017-06-19,66.861,67.523,66.827,67.463,8294402
2017-06-20,67.454,68.060,67.429,67.686,7697165
2017-06-21,67.824,68.580,67.781,68.546,9481247
2017-06-22,68.657,69.680,68.632,69.259,12341085
2017-06-23,69.173,69.302,68.898,69.156,8779612
2017-06-26,69.354,69.354,68.984,69.087,7434432
2017-06-27,69.087,69.173,68.443,68.460,8428044
2017-06-28,68.683,68.993,68.649,68.821,8674235
2017-06-29,68.743,68.804,67.777,68.193,8445842
2017-06-30,68.460,68.460,68.099,68.099,7817416
2017-07-03,68.331,68.537,68.211,68.219,5904203
2017-07-05,68.314,68.709,68.073,68.623,8955511
2017-07-06,68.331,68.460,67.643,67.738,6421711
2017-07-07,67.979,68.159,67.807,68.082,4371418
2017-07-10,68.107,68.133,67.781,67.953,3580016
2017-07-11,67.910,68.056,67.532,67.875,4117501
2017-07-12,68.211,68.563,68.193,68.339,8808227
2017-07-13,68.400,68.614,67.936,68.400,9437737
2017-07-14,68.546,69.010,68.408,68.864,5749986
2017-07-17,68.950,68.997,68.597,68.614,5743659
2017-07-18,68.529,68.735,68.202,68.666,8042690
2017-07-19,68.958,69.225,68.958,69.225,8177869
2017-07-20,69.388,69.792,69.276,69.680,8276829
2017-07-21,69.534,69.706,69.478,69.603,4796849
2017-07-24,69.543,69.646,69.280,69.577,4476835
2017-07-25,69.740,69.792,68.975,69.079,8485963
2017-07-26,68.924,68.993,68.657,68.847,4964146
2017-07-27,68.915,68.915,68.091,68.374,12536833
2017-07-28,68.400,68.804,68.107,68.718,6426095
2017-07-31,68.804,68.945,68.649,68.657,5516781
2017-08-01,68.907,68.907,68.417,68.503,8678807
2017-08-02,68.494,68.494,68.107,68.348,7718482
2017-08-03,68.382,68.597,68.159,68.460,8003584
2017-08-04,68.778,68.778,68.219,68.305,3930128
2017-08-07,68.236,68.460,68.180,68.451,4583270
2017-08-08,68.365,68.486,67.996,68.133,4423268
2017-08-09,67.970,68.279,67.850,68.211,4886488
2017-08-10,68.004,68.064,67.351,67.360,7054677
2017-08-11,67.394,67.884,67.394,67.549,8318560
2017-08-14,67.841,68.112,67.841,68.004,3955758
2017-08-15,68.090,68.228,67.987,68.004,4653777
2017-08-16,68.116,68.322,68.034,68.193,3756895
2017-08-17,67.979,68.271,67.317,67.343,7133350
2017-08-18,67.093,67.489,66.990,67.033,8434552
2017-08-21,66.973,67.420,66.879,67.334,10268993
2017-08-22,67.351,68.228,67.308,68.150,5455500
2017-08-23,67.918,67.931,67.605,67.635,5662539
2017-08-24,67.704,67.927,67.575,67.832,5502816
2017-08-25,67.979,68.236,67.798,67.850,5476522
2017-08-28,68.039,68.322,68.022,68.211,7432771
2017-08-29,67.927,68.408,67.867,68.339,4243532
2017-08-30,68.262,68.864,68.245,68.692,3667897
2017-08-31,68.864,69.929,68.864,69.861,6987189
2017-09-01,69.964,70.110,69.539,69.809,6471618
2017-09-05,69.517,69.929,69.186,69.508,8076875
2017-09-06,69.749,69.912,69.435,69.843,8790950
2017-09-07,69.835,70.772,69.818,70.617,7250995
2017-09-08,70.514,71.055,70.394,70.935,4302627
2017-09-11,71.253,71.502,71.098,71.485,6286176
2017-09-12,71.502,71.648,71.360,71.640,6984789
2017-09-13,71.554,71.683,71.237,71.373,5873781
2017-09-14,71.176,71.579,71.087,71.468,6373776
2017-09-15,71.648,71.648,71.165,71.242,7091336
2017-09-18,71.320,71.510,71.113,71.225,7783052
2017-09-19,71.259,71.346,70.587,70.664,7329150
2017-09-20,70.690,70.810,70.224,70.733,5101780
2017-09-21,70.690,70.768,70.336,70.371,4527869
2017-09-22,70.276,70.466,70.004,70.371,6473284
2017-09-25,70.276,70.595,70.056,70.164,12439330
2017-09-26,70.362,70.557,70.026,70.052,4579765
2017-09-27,70.233,70.233,69.728,70.026,5384691
2017-09-28,69.965,70.319,69.862,70.086,4229024
2017-09-29,70.095,70.535,69.922,70.500,6902730
2017-10-02,70.707,71.225,70.630,71.216,8764865
2017-10-03,71.320,71.420,70.919,71.199,5141700
2017-10-04,71.303,71.570,71.234,71.544,3291140
2017-10-05,71.544,71.604,71.268,71.596,7709648
2017-10-06,71.466,71.777,71.389,71.501,4035940
2017-10-09,71.492,71.510,70.940,71.052,4558776
2017-10-10,71.078,71.216,70.828,71.216,4037741
2017-10-11,71.173,71.432,71.156,71.354,4031596
2017-10-12,71.328,71.441,71.190,71.277,4732044
2017-10-13,71.044,71.190,70.923,71.095,5909628
2017-10-16,71.044,71.320,70.656,70.785,10219710
2017-10-17,70.932,71.924,70.932,71.734,8437761
2017-10-18,71.915,72.225,71.751,71.837,6938689
2017-10-19,71.751,72.299,71.648,72.277,6410394
2017-10-20,72.303,72.415,72.105,72.355,6343777
2017-10-23,72.450,72.721,72.139,72.174,7159559
2017-10-24,72.182,72.191,71.277,71.691,7145502
2017-10-25,71.622,71.790,71.311,71.587,6819089
2017-10-26,71.078,71.281,70.440,70.871,13466887
2017-10-27,70.621,70.932,70.587,70.854,6121961
2017-10-30,70.561,70.664,69.940,70.095,5884007
2017-10-31,70.052,70.267,69.845,69.965,6548619
2017-11-01,70.086,70.431,69.948,70.138,7427810
2017-11-02,70.267,70.285,69.659,69.819,10200322
2017-11-03,69.741,70.436,69.741,70.397,6862733
2017-11-06,70.285,70.362,70.129,70.181,4853232
2017-11-07,70.302,70.431,70.081,70.328,4439915
2017-11-08,70.250,70.569,70.164,70.492,6186215
2017-11-09,70.319,70.569,70.069,70.500,7086392
2017-11-10,70.328,70.328,69.607,70.043,4826328
2017-11-13,69.810,70.246,69.612,70.112,4704018
2017-11-14,69.879,69.957,69.513,69.827,7430107
2017-11-15,69.569,69.845,69.388,69.629,4952318
2017-11-16,69.733,70.440,69.733,70.354,4780484
2017-11-17,70.034,70.302,69.965,70.078,6129753
2017-11-20,70.069,70.129,69.672,69.784,4898452
2017-11-21,70.164,70.556,70.138,70.397,7974451
2017-11-22,70.397,70.660,70.259,70.371,4853077
2017-11-24,70.466,70.561,70.311,70.535,1650633
2017-11-27,70.535,70.716,70.474,70.595,4241438
2017-11-28,70.768,71.173,70.578,71.113,8290415
2017-11-29,71.173,71.725,71.173,71.466,8144634
2017-11-30,71.691,72.217,71.479,72.001,10639564
2017-12-01,71.967,72.156,70.880,71.855,15315398
2017-12-04,72.269,72.282,70.975,70.975,9770338
2017-12-05,71.018,71.372,70.794,70.854,13241033
2017-12-06,70.897,71.130,70.483,70.794,8532978
2017-12-07,70.750,70.949,70.535,70.811,3979212
2017-12-08,71.018,71.613,70.966,71.604,8444114
2017-12-11,71.665,71.949,71.553,71.906,6588637
2017-12-12,71.932,72.303,71.932,72.191,6068627
2017-12-13,72.182,72.644,72.160,72.441,8459771
2017-12-14,72.502,72.596,71.635,71.708,6772081
2017-12-15,71.973,72.519,71.973,72.493,8012239
2017-12-18,72.727,72.917,72.471,72.519,5655404
2017-12-19,72.631,72.882,72.398,72.432,4777141
2017-12-20,72.588,72.701,72.190,72.198,4686673
2017-12-21,72.424,72.467,71.983,72.034,4304185
2017-12-22,71.930,72.017,71.627,71.800,7023606
2017-12-26,71.739,71.913,71.662,71.817,2504110
2017-12-27,71.869,72.129,71.861,71.939,4053305
2017-12-28,72.069,72.172,71.817,72.043,5380553
2017-12-29,72.164,72.276,71.523,71.601,4877164
2018-01-02,71.869,72.441,71.765,72.406,6708904
2018-01-03,72.398,73.151,72.190,73.099,7606500
2018-01-04,73.333,73.467,73.017,73.203,7762520
2018-01-05,73.437,73.896,73.294,73.827,7579284
2018-01-08,73.740,73.835,73.181,73.558,5167335
2018-01-09,73.783,74.580,73.714,74.424,6962937
2018-01-10,74.173,74.311,73.740,74.294,10835795
2018-01-11,74.424,74.632,74.212,74.615,4247768
2018-01-12,74.753,75.273,74.692,75.186,5391784
2018-01-16,75.654,76.162,75.437,75.559,8920043
2018-01-17,75.905,76.446,75.714,76.286,7214557
2018-01-18,76.295,76.384,75.857,76.303,7954811
2018-01-19,76.598,76.617,76.208,76.589,4802430
2018-01-22,76.563,77.135,76.425,77.091,11152504
2018-01-23,77.083,77.230,76.650,76.719,7637626
2018-01-24,77.100,77.230,76.676,76.944,8291063
2018-01-25,77.316,77.679,77.022,77.602,6339257
2018-01-26,77.957,79.291,77.940,79.274,9784419
2018-01-29,79.066,79.490,79.048,79.057,12643752
2018-01-30,77.498,78.035,77.265,77.394,14270628
2018-01-31,77.793,78.017,76.026,76.295,15872439
2018-02-01,76.000,76.666,75.805,76.321,12848665
2018-02-02,75.697,76.364,75.229,75.247,10539187
2018-02-05,74.874,75.333,71.332,71.913,34979844
2018-02-06,70.527,73.021,70.492,72.709,33313394
2018-02-07,72.502,73.640,72.250,72.623,17337953
2018-02-08,72.605,72.839,70.042,70.103,20252474
2018-02-09,70.744,71.705,68.899,71.099,35535741
2018-02-12,71.558,72.324,70.917,71.765,13389160
2018-02-13,71.350,71.978,70.908,71.817,8415182
2018-02-14,71.358,72.757,71.289,72.631,10110811
2018-02-15,73.125,73.463,72.389,73.437,9519095
2018-02-16,73.073,74.485,73.073,73.965,9322953
2018-02-20,73.610,73.852,72.943,73.151,8872089
2018-02-21,73.142,74.121,72.839,72.848,9417367
2018-02-22,73.082,73.601,72.562,72.735,6316117
2018-02-23,73.168,73.922,72.848,73.896,5498544
2018-02-26,74.026,74.918,74.026,74.831,6266120
2018-02-27,74.831,75.078,74.052,74.052,7460688
2018-02-28,74.294,74.389,72.848,72.865,6279035
2018-03-01,72.735,73.108,71.159,71.705,12720268
2018-03-02,71.315,72.588,71.307,72.432,11205969
2018-03-05,72.103,73.303,71.947,73.090,11028818
2018-03-06,73.255,73.376,72.623,72.986,9573287
2018-03-07,72.363,73.437,72.337,73.359,6868154
2018-03-08,73.558,73.913,73.437,73.852,6402977
2018-03-09,74.303,74.944,74.026,74.918,8253094
2018-03-12,74.944,75.056,74.511,74.597,5760183
2018-03-13,74.883,75.212,74.528,74.693,6400683
2018-03-14,74.952,75.126,74.086,74.329,9416354
2018-03-15,74.589,74.801,74.115,74.208,5883145
2018-03-16,74.195,74.604,74.195,74.204,7067672
2018-03-19,74.065,74.160,72.409,73.005,7190194
2018-03-20,73.170,73.370,72.692,73.109,5534438
2018-03-21,73.231,73.630,72.735,72.796,5498739
2018-03-22,72.092,72.144,70.580,70.702,14648453
2018-03-23,70.771,70.918,69.177,69.233,11048955
2018-03-26,70.015,70.763,69.212,70.667,9183474
2018-03-27,70.919,71.128,69.433,69.833,10948416
2018-03-28,70.033,70.884,69.937,70.207,10146839
2018-03-29,70.580,71.249,70.102,70.737,6926405
2018-04-02,70.441,70.806,68.425,69.129,11364927
2018-04-03,69.503,70.311,69.076,70.180,8590726
2018-04-04,69.338,71.380,69.338,71.180,9085808
2018-04-05,71.432,71.493,70.858,71.128,8031346
2018-04-06,70.537,70.884,68.790,69.416,12171809
2018-04-09,69.789,71.076,69.590,70.102,6952645
2018-04-10,70.797,71.562,70.558,71.284,8240833
2018-04-11,70.754,71.180,70.606,70.702,6205752
2018-04-12,71.084,71.519,71.032,71.180,5096902
2018-04-13,71.519,71.580,70.763,71.145,7837028
2018-04-16,71.666,71.971,71.501,71.710,7217208
2018-04-17,72.257,72.422,71.879,72.266,6500915
2018-04-18,72.449,72.575,71.979,72.327,4704510
2018-04-19,72.197,72.266,71.459,71.719,5833634
2018-04-20,71.779,71.884,71.097,71.336,5250506
2018-04-23,71.527,71.840,71.341,71.614,9257292
2018-04-24,71.840,71.892,70.537,71.076,8904776
2018-04-25,70.989,71.432,70.493,71.397,8068798
2018-04-26,71.606,72.575,71.606,72.301,9463278
2018-04-27,72.249,72.709,72.092,72.596,6663258
2018-04-30,72.909,72.953,71.475,71.484,7240985
2018-05-01,71.397,71.649,70.845,71.449,8498012
2018-05-02,71.076,71.128,70.311,70.467,11594285
2018-05-03,70.146,70.154,68.920,69.833,13524121
2018-05-04,69.624,70.624,69.355,70.389,7889544
2018-05-07,70.615,70.893,70.102,70.285,5886540
2018-05-08,70.111,70.172,69.337,69.755,9522278
2018-05-09,69.885,70.459,69.503,70.154,11340180
2018-05-10,70.450,71.406,70.406,71.093,7845452
2018-05-11,71.154,72.292,71.023,72.153,10434026
2018-05-14,72.283,72.931,72.136,72.631,11837573
2018-05-15,72.153,72.240,71.458,71.693,8806830
2018-05-16,71.658,72.344,71.649,72.092,7013641
2018-05-17,72.023,72.240,71.710,72.118,6610357
2018-05-18,72.170,72.449,71.923,72.301,5838854
2018-05-21,72.640,72.779,72.262,72.370,6406467
2018-05-22,72.518,72.605,72.118,72.231,5770209
2018-05-23,71.927,72.492,71.844,72.466,8360471
2018-05-24,72.422,72.544,71.853,72.179,7166498
2018-05-25,72.205,72.527,71.949,72.075,6853296
2018-05-29,71.606,71.735,70.884,71.336,18236759
2018-05-30,71.823,72.570,71.745,72.405,13167674
2018-05-31,72.266,72.323,71.588,71.614,11543475
2018-06-01,71.901,72.466,71.823,72.440,8037829
2018-06-04,72.527,72.812,72.292,72.709,7230786
2018-06-05,72.735,72.888,72.214,72.562,5444372
2018-06-06,72.814,73.457,72.518,73.378,7218947
2018-06-07,73.596,73.661,73.113,73.474,7405595
2018-06-08,73.448,73.952,73.326,73.900,6247131
2018-06-11,73.908,74.395,73.735,74.039,7074377
2018-06-12,74.117,74.117,73.665,73.995,6829166
2018-06-13,74.126,74.491,73.913,74.013,10379181
2018-06-14,74.160,74.439,73.952,74.395,9379776
2018-06-15,74.311,74.582,73.971,74.547,9349332
2018-06-18,74.093,74.093,73.526,73.831,7342605
2018-06-19,73.326,74.050,73.212,74.023,6431697
2018-06-20,74.119,74.350,73.958,74.180,5900793
2018-06-21,74.111,74.115,73.579,73.753,7423429
2018-06-22,74.023,74.368,73.831,74.084,9885619
2018-06-25,73.805,74.093,72.846,73.404,9925144
2018-06-26,73.465,73.518,73.081,73.177,5560148
2018-06-27,73.177,73.552,72.506,72.558,7420476
2018-06-28,72.288,72.837,71.782,72.654,9026946
2018-06-29,72.881,73.448,72.750,72.802,6483097
2018-07-02,72.401,73.073,72.157,73.029,9364654
2018-07-03,73.291,73.544,73.012,73.203,3023094
2018-07-05,73.544,74.036,73.369,73.962,7458631
2018-07-06,74.320,75.153,74.233,75.027,9823810
2018-07-09,75.323,75.720,75.297,75.576,7874410
2018-07-10,75.724,75.896,75.524,75.864,6123152
2018-07-11,75.454,75.532,75.210,75.262,6434456
2018-07-12,75.637,76.147,75.594,76.099,4461646
2018-07-13,75.934,76.405,75.890,76.239,6048678
2018-07-16,76.300,76.300,75.668,75.777,5388542
2018-07-17,75.751,76.305,75.716,76.195,5849313
2018-07-18,76.213,76.274,75.986,76.256,7575723
2018-07-19,76.073,76.230,75.500,75.829,5204046
2018-07-20,75.620,75.794,75.463,75.681,4822554
2018-07-23,75.637,75.934,75.550,75.838,3824739
2018-07-24,76.239,76.658,76.187,76.527,6467139
2018-07-25,76.483,77.521,76.405,77.504,9297528
2018-07-26,77.373,77.556,77.120,77.286,5763060
2018-07-27,77.321,77.321,76.448,76.728,5743036
2018-07-30,76.666,76.919,76.544,76.771,5531205
2018-07-31,77.050,77.678,76.937,77.574,6719131
2018-08-01,77.530,77.879,77.530,77.591,5733043
2018-08-02,77.260,78.040,77.225,77.879,5666184
2018-08-03,77.940,78.398,77.835,78.341,5884770
2018-08-06,78.298,78.655,78.021,78.481,4751412
2018-08-07,78.490,78.751,78.385,78.490,5170584
2018-08-08,78.498,78.725,78.324,78.612,5020356
2018-08-09,78.620,78.838,78.442,78.524,5680303
2018-08-10,78.237,78.647,77.914,78.184,5389456
2018-08-13,78.271,78.581,78.005,78.210,6563902
2018-08-14,78.324,78.716,78.245,78.577,5497737
2018-08-15,78.333,78.542,77.949,78.446,6840614
2018-08-16,78.673,79.318,78.577,79.214,6916702
2018-08-17,79.153,79.706,78.969,79.458,5455285
2018-08-20,79.641,79.868,79.597,79.719,8144869
2018-08-21,79.920,79.955,79.549,79.719,6395926
2018-08-22,79.536,79.972,79.440,79.798,3954306
2018-08-23,79.754,79.964,79.580,79.772,6058378
2018-08-24,79.955,80.156,79.802,80.156,4029139
2018-08-27,80.444,80.505,80.103,80.444,4671309
2018-08-28,80.566,80.592,80.313,80.487,4954106
2018-08-29,80.505,81.093,80.417,81.011,5338515
2018-08-30,80.949,81.220,80.775,80.949,5266116
2018-08-31,80.758,81.002,80.601,80.932,5808393
2018-09-04,80.862,80.915,80.095,80.286,6875469
2018-09-05,80.225,80.609,80.073,80.609,10218935
2018-09-06,80.601,80.775,80.121,80.609,5940322
2018-09-07,80.417,80.810,80.295,80.731,5591062
2018-09-10,80.932,81.080,80.444,80.522,4233993
2018-09-11,80.382,80.609,80.112,80.452,5683869
2018-09-12,80.505,81.002,80.348,80.853,11056597
2018-09-13,81.202,81.857,81.124,81.857,10603828
2018-09-14,81.926,81.926,81.438,81.586,5929022
2018-09-17,81.586,81.595,81.189,81.290,5543053
2018-09-18,81.290,81.970,81.168,81.761,5423032
2018-09-19,81.708,81.878,81.560,81.647,4186602
2018-09-20,81.883,82.493,81.834,82.441,5083129
2018-09-21,82.657,82.736,82.377,82.552,8579137
2018-09-24,82.500,82.885,82.381,82.719,5392620
2018-09-25,82.832,82.955,82.377,82.465,5215945
2018-09-26,82.622,83.297,82.474,82.649,10880503
2018-09-27,82.762,83.297,82.666,83.069,7168813
2018-09-28,82.903,83.375,82.867,83.323,5995812
2018-10-01,83.638,84.120,83.489,83.734,7307132
2018-10-02,83.734,83.804,83.480,83.638,5572670
2018-10-03,83.918,84.067,83.349,83.480,6367826
2018-10-04,83.419,83.450,82.241,82.666,10976848
2018-10-05,82.736,83.165,82.053,82.570,12291090
2018-10-08,82.465,82.771,81.843,82.535,11924047
2018-10-09,82.316,82.964,82.062,82.675,7463876
2018-10-10,82.666,82.762,80.669,80.722,22549315
2018-10-11,80.503,80.687,77.972,78.542,46582163
2018-10-12,79.487,80.048,78.831,79.750,20797355
2018-10-15,79.619,79.969,79.137,79.198,13909713
2018-10-16,79.811,81.510,79.803,81.370,13505912
2018-10-17,81.318,82.001,80.906,81.799,14232285
2018-10-18,81.755,81.764,80.223,80.871,14455855
2018-10-19,81.011,81.291,80.030,80.135,11318605
2018-10-22,80.127,80.275,79.111,79.479,8288278
2018-10-23,78.463,79.435,77.832,79.049,15424486
2018-10-24,79.014,79.470,76.344,76.440,17432153
2018-10-25,76.431,77.964,75.547,77.429,15725063
2018-10-26,76.711,77.254,75.617,76.554,25507931
2018-10-29,77.438,78.007,75.669,76.746,14024311
2018-10-30,76.755,77.692,76.361,77.570,15432052
2018-10-31,78.191,78.507,77.613,77.675,13460681
2018-11-01,77.937,78.787,77.911,78.655,9668637
2018-11-02,79.417,79.549,77.648,78.165,12952987
2018-11-05,78.270,79.207,78.270,78.857,7783769
2018-11-06,78.752,79.343,78.638,79.260,7980944
2018-11-07,79.995,81.659,79.943,81.589,13310811
2018-11-08,81.440,81.926,81.326,81.633,7345597
2018-11-09,81.536,81.668,81.002,81.396,8486522
2018-11-12,81.274,81.396,80.109,80.293,8423548
2018-11-13,80.564,80.884,79.496,79.732,14226950
2018-11-14,80.223,80.232,78.718,79.093,11664016
2018-11-15,78.533,79.890,77.788,79.794,15563868
2018-11-16,79.654,80.985,79.610,80.599,11323185
2018-11-19,80.678,80.731,79.225,79.575,8820959
2018-11-20,79.076,79.662,78.647,78.831,11604320
2018-11-21,79.084,79.093,78.362,78.384,9345117
2018-11-23,77.964,78.971,77.920,78.498,3939469
2018-11-26,79.128,79.470,78.795,79.260,7141247
2018-11-27,78.997,80.083,78.708,80.083,9261963
2018-11-28,80.319,82.036,80.302,82.009,11870393
2018-11-29,81.817,82.758,81.703,82.281,8796008
2018-11-30,82.231,83.953,82.141,83.953,15875944
2018-12-03,83.901,83.901,83.069,83.551,12158136
2018-12-04,83.533,83.997,81.536,81.685,15011336
2018-12-06,80.669,81.379,78.931,81.379,18492882
2018-12-07,81.151,81.265,78.909,79.303,14930858
2018-12-10,79.347,79.908,77.631,79.610,15372051
2018-12-11,80.275,80.810,79.286,79.855,13632328
2018-12-12,80.740,81.589,80.486,80.538,12581032
2018-12-13,80.757,81.199,80.074,80.617,11567208
2018-12-14,79.829,79.899,77.668,77.902,19422740
2018-12-17,77.097,77.745,75.827,76.352,22089533
2018-12-18,77.009,77.149,74.960,75.687,24712567
2018-12-19,75.836,76.746,74.023,74.697,23075642
2018-12-20,74.356,74.662,73.121,73.646,25321706
2018-12-21,73.754,75.003,72.576,72.725,28909162
2018-12-24,72.242,72.514,70.940,70.984,14235526
2018-12-26,71.248,74.150,70.905,74.080,20575130
2018-12-27,73.209,74.942,72.215,74.898,14045706
2018-12-28,75.382,76.033,74.678,74.986,15770636
2018-12-31,75.408,76.165,75.355,76.094,10163087
2019-01-02,74.924,75.496,74.124,74.942,14179948
2019-01-03,75.047,75.206,73.227,73.420,17668044
2019-01-04,74.282,76.024,74.247,75.610,16262555
2019-01-07,75.637,76.613,75.408,75.901,12387246
2019-01-08,76.508,76.745,75.646,76.490,13370996
2019-01-09,76.824,77.282,76.604,76.833,11259669
2019-01-10,76.490,77.035,76.103,76.983,10396767
2019-01-11,76.622,77.260,76.481,77.238,7187901
2019-01-14,76.771,76.807,76.376,76.384,5448972
2019-01-15,76.490,77.774,76.475,77.757,10540620
2019-01-16,77.862,78.192,77.563,77.616,8288920
2019-01-17,77.405,78.627,77.343,78.302,8731630
2019-01-18,78.883,79.278,78.293,79.234,13367509
2019-01-22,78.680,78.830,78.144,78.689,12244517
2019-01-23,78.839,79.208,77.924,78.777,7722861
2019-01-24,78.698,78.768,77.748,78.117,11306954
2019-01-25,78.504,78.504,77.985,78.214,7241935
2019-01-28,77.677,77.757,76.952,77.326,7113845
2019-01-29,77.326,77.761,77.106,77.704,11099240
2019-01-30,77.994,78.988,77.801,78.768,11706827
2019-01-31,78.680,79.938,78.597,79.753,13410059
2019-02-01,79.850,80.008,79.278,79.824,9386492
2019-02-04,79.832,79.832,78.918,79.595,9308908
2019-02-05,79.727,80.176,79.463,79.481,8921434
2019-02-06,79.340,79.876,79.243,79.841,6135904
2019-02-07,79.322,79.454,78.539,78.962,9511821
2019-02-08,78.654,79.120,78.539,79.111,7284173
2019-02-11,79.287,79.340,78.795,79.014,5017407
2019-02-12,79.358,80.140,79.217,80.096,9093318
2019-02-13,80.255,80.510,79.911,80.272,6435569
2019-02-14,80.070,80.818,79.956,80.457,6938644
2019-02-15,81.064,81.715,80.457,81.671,8234221
2019-02-19,81.451,81.794,81.442,81.477,6284092
2019-02-20,81.275,81.486,80.972,81.381,6959918
2019-02-21,81.090,81.143,80.307,80.668,8368479
2019-02-22,80.826,81.480,80.730,81.407,6488091
2019-02-25,81.820,82.014,81.462,81.521,7652584
2019-02-26,81.337,81.557,81.134,81.231,7288017
2019-02-27,80.958,81.240,80.580,80.853,9827557
2019-02-28,80.703,81.143,80.527,80.615,9464107
2019-03-01,81.117,81.873,81.046,81.759,10795155
2019-03-04,82.049,82.199,80.096,80.651,15208819
2019-03-05,80.686,80.894,80.193,80.607,13591690
2019-03-06,80.615,80.721,79.208,79.428,11662385
2019-03-07,79.314,79.481,78.531,78.803,14431013
2019-03-08,78.381,78.676,77.959,78.636,11531179
2019-03-11,78.847,79.602,78.618,79.533,9694373
2019-03-12,79.736,80.299,79.621,80.114,8981596
2019-03-13,80.351,81.196,80.294,80.976,10098311
2019-03-14,80.950,81.055,80.556,80.844,9283753
2019-03-15,80.988,81.350,80.706,81.218,10219428
2019-03-18,81.297,81.377,80.803,81.094,7183529
2019-03-19,81.377,81.968,81.086,81.739,11308845
2019-03-20,81.642,81.739,80.856,81.174,11123700
2019-03-21,80.494,81.615,80.379,81.492,7398197
2019-03-22,81.139,81.439,79.991,80.008,12162589
2019-03-25,80.150,80.220,79.390,79.964,9893341
2019-03-26,80.432,81.024,79.949,80.512,8107248
2019-03-27,80.415,80.600,79.284,79.841,10817460
2019-03-28,80.079,80.264,79.629,80.044,6726871
2019-03-29,80.520,81.077,80.344,81.006,10120891
2019-04-01,81.500,81.620,80.944,81.130,9082046
2019-04-02,81.147,81.271,80.794,80.944,7002204
2019-04-03,81.306,81.350,80.596,80.838,7398696
2019-04-04,80.909,81.006,80.203,80.671,9212386
2019-04-05,80.865,81.368,80.812,81.227,6262046
2019-04-08,81.165,81.289,80.635,81.209,5961216
2019-04-09,80.927,81.171,80.706,80.997,7207595
2019-04-10,81.094,81.244,80.882,81.024,5433511
2019-04-11,81.200,81.244,79.676,80.026,8534189
2019-04-12,80.335,80.362,79.162,79.293,11659326
2019-04-15,79.390,79.668,79.236,79.611,7921955
2019-04-16,80.273,80.370,77.841,77.978,14857099
2019-04-17,78.243,78.261,75.338,75.735,34381753
2019-04-18,75.965,76.327,74.737,75.859,35300882
2019-04-22,75.735,76.340,75.497,75.903,18717732
2019-04-23,75.876,77.507,75.744,77.104,30503353
2019-04-24,77.130,77.289,76.671,77.015,14612816
2019-04-25,76.848,78.040,76.525,77.810,16166445
2019-04-26,77.916,78.613,77.748,78.587,11322007
2019-04-29,78.613,78.750,78.110,78.446,13264357
2019-04-30,78.675,78.958,78.119,78.808,11750852
2019-05-01,78.914,79.223,78.225,78.666,25596449
2019-05-02,78.587,79.077,78.137,79.002,18927530
2019-05-03,79.223,79.629,79.090,79.602,13623977
2019-05-06,78.446,80.211,78.313,80.008,25168305
2019-05-07,79.390,79.779,78.013,78.472,18011732
2019-05-08,78.437,79.002,77.995,78.640,13783307
2019-05-09,77.942,78.724,77.567,78.472,15692261
2019-05-10,78.216,78.702,76.821,78.499,17771753
2019-05-13,77.165,78.457,76.724,77.024,17436308
2019-05-14,77.377,77.951,77.227,77.413,13147143
2019-05-15,77.007,77.907,76.662,77.642,10587732
2019-05-16,77.810,78.922,77.757,78.251,15123987
2019-05-17,77.607,78.702,77.607,78.084,13354085
2019-05-20,77.748,78.296,77.474,78.048,10757386
2019-05-21,78.490,79.117,78.437,78.781,11690593
2019-05-22,78.552,79.408,78.481,79.231,9021899
2019-05-23,78.834,78.958,78.296,78.958,13545414
2019-05-24,79.231,79.549,78.878,79.073,9986447
2019-05-28,79.143,79.620,77.934,77.942,20795950
2019-05-29,77.563,77.574,76.653,77.192,16302651
2019-05-30,77.342,77.739,77.258,77.616,12457685
2019-05-31,77.112,77.422,76.609,77.060,10712975
2019-06-03,77.130,77.907,77.086,77.245,19370992
2019-06-04,77.889,78.658,77.792,78.525,15837154
2019-06-05,79.099,79.302,78.553,79.117,24291851
2019-06-06,79.240,79.841,79.050,79.523,18840935
2019-06-07,79.779,80.547,79.752,80.353,9302690
2019-06-10,80.600,80.852,80.300,80.591,8552839
2019-06-11,80.988,81.191,80.258,80.459,8317911
2019-06-12,80.476,80.874,80.397,80.847,5799156
2019-06-13,80.988,80.988,80.432,80.750,9031760
2019-06-14,80.785,81.024,80.498,80.565,5056271
2019-06-17,80.644,80.980,80.529,80.927,4861481
2019-06-18,81.333,81.898,81.174,81.615,7979937
2019-06-19,81.633,82.533,81.580,82.348,6988099
2019-06-20,83.028,83.284,82.233,82.710,9241301
2019-06-21,82.632,83.270,82.162,83.110,9026071
2019-06-24,83.004,83.057,82.521,82.676,6493610
2019-06-25,82.738,83.119,82.259,82.339,14930608
2019-06-26,82.454,82.463,81.133,81.302,10498431
2019-06-27,81.585,82.029,81.426,81.869,7416201
2019-06-28,81.904,82.210,81.435,82.144,9390623
2019-07-01,82.791,82.827,82.215,82.552,7833409
2019-07-02,82.623,82.995,82.153,82.995,7952577
2019-07-03,83.181,83.722,83.172,83.704,4066048
2019-07-05,83.350,83.554,82.942,83.128,5934272
2019-07-08,82.809,82.836,82.126,82.507,15201990
2019-07-09,82.206,82.676,82.197,82.587,5537339
2019-07-10,82.773,83.093,82.525,82.871,5347279
2019-07-11,83.447,83.483,82.330,82.889,13691693
2019-07-12,82.614,82.632,81.395,81.967,11508183
2019-07-15,82.011,82.339,81.736,82.144,5811267
2019-07-16,82.082,82.197,81.678,81.736,9092557
2019-07-17,81.904,82.179,81.745,81.754,9567035
2019-07-18,81.745,82.348,81.346,82.215,6561567
2019-07-19,82.401,82.436,81.293,81.364,8105933
2019-07-22,81.452,81.505,81.124,81.195,5192693
2019-07-23,81.310,81.825,80.973,81.701,6688591
2019-07-24,81.576,81.754,80.840,81.745,5430541
2019-07-25,81.523,81.834,81.169,81.346,6618662
2019-07-26,81.630,81.789,81.328,81.638,3812448
2019-07-29,81.683,82.037,81.550,81.975,5887534
2019-07-30,81.346,81.656,81.009,81.621,7959161
2019-07-31,81.532,81.869,80.319,80.814,8557587
2019-08-01,80.823,81.785,80.433,80.920,16422522
2019-08-02,80.805,81.053,80.209,80.734,15956788
2019-08-05,79.821,80.136,78.198,78.836,17626233
2019-08-06,79.236,79.874,78.801,79.856,10135861
2019-08-07,79.209,80.104,78.207,79.883,12452460
2019-08-08,80.131,81.027,79.842,80.947,12034822
2019-08-09,80.805,81.554,80.344,81.044,7253064
2019-08-12,80.743,81.044,79.941,80.255,7097095
2019-08-13,80.229,81.727,80.158,81.302,12260613
2019-08-14,80.468,80.663,78.996,79.040,16426117
2019-08-15,79.377,79.617,78.801,79.315,12320668
2019-08-16,79.856,80.500,79.803,80.291,10252416
2019-08-19,80.920,81.266,80.787,81.062,6427186
2019-08-20,81.089,81.257,80.308,80.370,4708826
2019-08-21,80.929,81.160,80.725,80.965,5687080
2019-08-22,81.115,81.302,80.250,80.566,6486943
2019-08-23,80.424,80.725,78.313,78.703,9822019
2019-08-26,79.333,79.590,79.005,79.528,8913635
2019-08-27,80.016,80.291,79.008,79.058,8251315
2019-08-28,78.783,79.803,78.668,79.635,5691503
2019-08-29,80.237,80.468,79.723,80.237,4360127
2019-08-30,80.610,80.770,79.985,80.335,4783297
2019-09-03,79.865,80.246,79.581,79.865,6437819
2019-09-04,80.388,80.433,79.546,79.918,9319313
2019-09-05,80.601,80.880,80.175,80.707,7893419
2019-09-06,80.876,81.155,80.761,80.929,13164440
2019-09-09,81.000,81.027,79.892,80.184,10675897
2019-09-10,79.776,80.424,78.934,80.415,8770748
2019-09-11,80.548,81.239,80.353,81.213,8122686
2019-09-12,81.576,81.913,81.142,81.186,9344700
2019-09-13,81.284,81.798,80.973,81.142,6350764
2019-09-16,80.699,81.169,80.601,80.965,6668085
2019-09-17,80.920,81.310,80.805,81.089,3963102
2019-09-18,81.089,81.186,80.503,81.080,5397831
2019-09-19,81.177,81.825,81.027,81.461,5084327
2019-09-20,81.650,82.300,81.641,81.917,9000151
2019-09-23,81.676,81.969,81.454,81.481,4329101
2019-09-24,81.783,81.837,80.448,80.733,10615767
2019-09-25,80.741,80.813,80.225,80.341,8131900
2019-09-26,80.608,80.635,79.281,79.896,10183731
2019-09-27,80.163,80.278,79.246,79.539,10017318
2019-09-30,79.646,80.741,79.593,80.252,8306829
2019-10-01,80.465,80.644,79.308,79.468,13618966
2019-10-02,79.219,79.379,77.963,78.311,13505857
2019-10-03,78.204,79.041,77.643,79.014,12830400
2019-10-04,79.246,80.296,79.197,80.252,9313579
2019-10-07,79.922,80.510,79.802,79.985,8343461
2019-10-08,79.317,79.352,78.444,78.462,10688146
2019-10-09,78.943,79.263,78.676,79.032,7355040
2019-10-10,78.800,79.700,78.729,79.424,8236079
2019-10-11,80.181,81.022,80.047,80.083,10825712
2019-10-14,80.029,80.439,79.921,80.047,5919186
2019-10-15,80.928,81.788,80.875,81.507,12622403
2019-10-16,81.445,81.819,81.267,81.400,7855121
2019-10-17,81.667,82.237,81.632,82.006,7536856
2019-10-18,81.774,82.126,81.338,81.703,6784875
2019-10-21,82.041,82.166,81.449,81.614,4952132
2019-10-22,82.237,82.765,81.757,81.792,8746301
2019-10-23,81.935,82.540,81.765,82.300,5549073
2019-10-24,82.442,82.531,81.587,81.881,6983795
2019-10-25,81.667,82.188,81.454,81.970,5536598
2019-10-28,82.184,82.985,82.113,82.816,6937865
2019-10-29,83.012,84.125,82.807,83.991,13768396
2019-10-30,84.018,84.499,83.689,84.463,10179744
2019-10-31,84.303,84.414,83.818,84.365,9675234
2019-11-01,84.820,85.185,84.454,84.472,14666626
2019-11-04,84.864,84.909,84.178,84.214,9883398
2019-11-05,84.339,84.348,83.430,83.617,13234524
2019-11-06,83.698,84.063,83.439,83.902,13130204
2019-11-07,84.223,84.356,83.836,84.089,7827918
2019-11-08,84.036,84.722,83.938,84.704,7756836
2019-11-11,84.383,84.561,84.125,84.356,6092506
2019-11-12,84.490,85.167,84.374,84.864,13801545
2019-11-13,84.633,85.167,84.499,84.962,6575132
2019-11-14,84.944,85.096,84.454,84.971,6498793
2019-11-15,85.265,86.930,85.185,86.778,11338093
2019-11-18,86.698,87.192,86.378,86.485,11251249
2019-11-19,86.787,87.197,86.565,87.072,10025766
2019-11-20,86.930,87.232,86.436,86.956,12305624
2019-11-21,87.010,87.241,86.413,87.179,9122428
2019-11-22,87.330,87.611,87.143,87.491,6141748
2019-11-25,87.847,88.532,87.713,88.515,11725689
2019-11-26,88.506,88.648,88.150,88.443,11073481
2019-11-27,88.568,89.031,88.484,88.898,6333327
2019-11-29,88.666,88.871,88.410,88.586,2383357
2019-12-02,88.764,88.791,87.909,88.194,6684559
2019-12-03,87.526,88.068,87.286,87.998,7820107
2019-12-04,88.354,88.933,88.265,88.817,6237642
2019-12-05,88.871,88.951,88.069,88.817,7390352
2019-12-06,89.280,89.708,89.218,89.405,5658504
2019-12-09,89.441,89.458,88.782,88.782,5328558
2019-12-10,88.764,89.058,88.412,88.978,6027927
2019-12-11,89.049,89.280,88.880,89.058,6064339
2019-12-12,89.102,90.180,89.058,89.886,9769053
2019-12-13,89.797,90.349,89.458,89.824,6433170
2019-12-16,90.349,91.124,90.349,90.794,7720255
2019-12-17,90.910,91.043,90.571,90.696,4643626
2019-12-18,90.732,90.999,90.634,90.821,5202733
2019-12-19,91.008,91.275,90.861,91.177,6637183
2019-12-20,91.438,92.015,91.438,91.814,8586532
2019-12-23,91.957,92.279,91.796,92.154,4770822
2019-12-24,92.180,92.297,91.841,92.064,2071790
2019-12-26,92.180,92.288,91.707,92.002,2910075
2019-12-27,92.198,92.210,91.823,92.028,3604887
2019-12-30,92.033,92.231,91.349,91.484,5665106
2019-12-31,91.286,91.745,91.133,91.664,4746630
2020-01-02,91.943,92.051,91.250,91.907,6277417
2020-01-03,90.845,91.628,90.395,91.106,8247451
2020-01-06,90.692,91.700,90.665,91.673,6441509
2020-01-07,91.421,91.574,90.980,91.493,6336441
2020-01-08,91.538,92.496,91.502,92.087,7494730
2020-01-09,92.366,92.735,92.168,92.483,6661046
2020-01-10,92.834,92.987,92.348,92.510,9300336
2020-01-13,92.663,92.681,91.866,92.186,7621701
2020-01-14,91.907,92.762,91.745,92.744,7294910
2020-01-15,92.852,93.788,92.780,93.545,7521608
2020-01-16,93.932,94.089,93.563,94.031,5479986
2020-01-17,93.797,94.175,93.797,94.031,6533144
2020-01-21,93.815,94.346,93.779,94.130,6644775
2020-01-22,94.337,94.561,94.121,94.247,9431510
2020-01-23,94.085,94.220,93.122,93.770,8522584
2020-01-24,93.878,93.923,91.970,92.204,15961218
2020-01-27,91.088,91.853,90.963,91.502,11761955
2020-01-28,91.772,92.312,91.523,91.952,8078945
2020-01-29,92.042,92.366,91.682,91.700,6435696
2020-01-30,91.025,91.088,90.251,91.034,10989545
2020-01-31,90.674,90.746,88.919,89.216,14476528
2020-02-03,89.837,90.674,89.837,90.026,11849505
2020-02-04,91.151,91.979,91.133,91.610,9575078
2020-02-05,92.042,93.698,92.033,93.374,14130958
2020-02-06,93.806,93.806,93.045,93.455,6166481
2020-02-07,93.464,93.545,92.582,92.726,6057198
2020-02-10,92.384,93.221,92.312,93.221,4010061
2020-02-11,93.545,93.860,93.356,93.779,10277109
2020-02-12,94.130,94.346,93.518,93.896,4705691
2020-02-13,93.554,93.842,93.266,93.455,4778509
2020-02-14,93.554,93.590,93.068,93.527,5114244
2020-02-18,93.527,93.644,92.888,93.194,8409260
2020-02-19,93.437,93.761,93.347,93.626,6427863
2020-02-20,93.410,93.500,92.177,93.023,8080941
2020-02-21,92.663,93.167,92.339,93.077,6510864
2020-02-24,90.827,91.439,89.711,90.143,16283499
2020-02-25,90.467,90.665,87.101,87.407,20301851
2020-02-26,87.893,88.928,87.209,87.398,8877502
2020-02-27,86.453,87.596,84.411,84.429,22047354
2020-02-28,82.206,83.387,80.973,83.340,27750575
2020-03-02,83.367,87.380,83.079,87.245,22353541
2020-03-03,87.461,88.991,83.934,85.077,33378606
2020-03-04,87.632,90.125,87.452,89.981,26418712
2020-03-05,88.055,89.261,86.894,87.893,17872574
2020-03-06,85.482,87.740,85.131,87.425,17916914
2020-03-09,82.242,84.843,81.000,82.881,21967527
2020-03-10,85.275,85.868,81.837,85.724,26473248
2020-03-11,83.700,84.294,81.396,82.449,23217955
2020-03-12,77.400,80.748,74.602,76.294,20652363
2020-03-13,79.839,81.801,75.736,81.585,29162290
2020-03-16,74.260,78.336,72.595,73.540,21474783
2020-03-17,75.061,78.786,74.107,78.156,27899602
2020-03-18,74.152,76.761,71.920,75.565,28930977
2020-03-19,74.719,75.826,73.189,74.017,27120860
2020-03-20,74.656,75.421,70.768,71.173,22004955
2020-03-23,70.708,70.808,66.495,67.471,33633186
2020-03-24,70.663,72.815,70.139,72.671,16775768
2020-03-25,72.191,76.034,71.314,73.638,16851762
2020-03-26,74.298,78.946,74.153,78.530,18821448
2020-03-27,76.260,78.873,76.206,76.848,13043065
2020-03-30,78.231,80.600,78.222,80.447,13763512
2020-03-31,80.519,80.953,79.244,80.094,13585717
2020-04-01,77.418,78.114,76.305,77.047,15255256
2020-04-02,76.658,79.362,75.890,79.181,13587992
2020-04-03,78.928,79.678,77.580,78.466,12934360
2020-04-06,80.962,83.051,80.600,82.581,13472415
2020-04-07,84.678,84.832,81.821,81.902,16699512
2020-04-08,82.608,85.772,81.577,85.275,32624242
2020-04-09,86.053,86.215,84.968,85.745,12982696
2020-04-13,85.438,85.736,83.783,84.995,9605718
2020-04-14,86.659,88.132,86.365,87.816,12830767
2020-04-15,86.649,87.879,86.157,87.364,11019042
2020-04-16,88.015,89.493,87.735,89.272,11331361
2020-04-17,91.442,91.442,89.868,91.125,11504566
2020-04-20,90.257,91.695,90.158,90.402,10558099
2020-04-21,88.856,89.362,87.364,87.653,9290275
2020-04-22,88.928,89.543,88.377,88.991,11994391
2020-04-23,89.462,90.863,89.281,89.480,16013144
2020-04-24,90.022,90.863,89.462,90.682,7853443
2020-04-27,91.315,92.237,91.170,91.849,8022106
2020-04-28,92.463,92.463,89.887,89.995,11517441
2020-04-29,91.378,91.378,90.004,90.592,9939877
2020-04-30,90.203,90.764,89.706,90.176,12768697
2020-05-01,89.145,89.308,87.662,88.458,10101161
2020-05-04,88.187,88.612,87.608,88.413,8990553
2020-05-05,89.190,90.976,88.964,90.330,11498298
2020-05-06,90.800,90.863,89.389,89.434,9493189
2020-05-07,90.348,90.357,89.312,89.425,9454429
2020-05-08,90.384,90.420,89.611,89.887,10376884
2020-05-11,89.516,91.668,89.516,91.433,15116107
2020-05-12,91.966,92.048,90.031,90.040,18470988
2020-05-13,89.923,90.614,88.349,89.064,12667163
2020-05-14,88.241,90.085,88.223,90.040,12021392
2020-05-15,89.787,90.881,89.579,90.800,15169867
2020-05-18,92.500,92.925,91.496,91.550,10557441
2020-05-19,91.261,91.727,90.438,90.447,10560982
2020-05-20,91.134,91.478,90.348,90.556,10058217
2020-05-21,90.302,90.357,89.362,89.887,12231662
2020-05-22,89.896,90.149,89.425,90.076,10233154
2020-05-26,91.496,91.577,89.769,89.914,10829143
2020-05-27,90.040,90.845,88.675,90.845,15551894
2020-05-28,91.586,92.952,91.559,92.029,11707634
2020-05-29,92.427,93.341,91.044,93.142,19056898
2020-06-01,92.554,92.665,91.641,92.219,8436318
2020-06-02,92.256,92.798,91.704,92.753,13162282
2020-06-03,93.024,93.115,92.179,92.572,10020912
2020-06-04,92.011,92.649,91.252,91.840,10846853
2020-06-05,92.418,94.068,91.939,93.322,14579490
2020-06-08,92.952,94.001,92.726,93.964,8191263
2020-06-09,93.775,94.238,92.879,92.988,10371096
2020-06-10,93.295,93.603,92.436,92.843,10519650
2020-06-11,92.039,92.210,87.373,87.680,39561699
2020-06-12,89.516,89.805,86.731,88.250,19395733
2020-06-15,86.930,88.955,86.279,88.449,14522084
2020-06-16,90.529,91.207,89.136,90.628,13272874
2020-06-17,91.080,91.243,90.221,90.538,9086201
2020-06-18,90.022,90.438,89.660,90.230,7115219
2020-06-19,91.261,91.632,90.158,91.098,10157667
2020-06-22,90.718,90.876,89.810,90.746,6888654
2020-06-23,91.372,91.917,90.963,91.136,5369887
2020-06-24,90.455,90.637,88.112,88.757,15738359
2020-06-25,88.675,89.738,87.931,89.629,10506236
2020-06-26,89.465,89.692,88.112,88.539,16631435
2020-06-29,89.238,89.502,88.544,89.338,7490169
2020-06-30,89.365,91.345,89.102,90.864,9182491
2020-07-01,91.290,91.944,90.718,91.563,10933146
2020-07-02,92.371,92.779,92.049,92.253,6502349
2020-07-06,93.315,93.724,92.743,93.188,6374498
2020-07-07,92.507,93.497,92.253,92.380,5913221
2020-07-08,92.698,92.979,91.772,92.389,5624947
2020-07-09,92.289,92.634,90.509,91.663,10522104
2020-07-10,91.735,91.826,90.773,91.445,10502651
2020-07-13,91.971,93.656,91.726,91.962,10134435
2020-07-14,91.744,93.942,91.572,93.787,10879417
2020-07-15,94.477,95.272,94.278,95.004,9606823
2020-07-16,94.913,94.922,94.178,94.850,6409731
2020-07-17,95.349,96.475,95.213,96.148,7548567
2020-07-20,96.366,96.693,95.812,96.130,6775983
2020-07-21,96.457,96.820,95.867,96.066,7458614
2020-07-22,96.502,97.092,96.003,96.929,5648444
2020-07-23,97.238,97.637,96.175,96.493,6970052
2020-07-24,96.339,96.393,94.822,95.431,6240532
2020-07-27,95.394,96.393,95.095,96.148,5934214
2020-07-28,96.194,96.675,95.858,96.039,6239392
2020-07-29,96.257,97.437,96.194,97.047,5449762
2020-07-30,96.112,96.539,95.340,96.375,5349164
2020-07-31,96.075,96.339,94.568,95.821,6920363
2020-08-03,96.421,97.124,96.248,96.811,8811926
2020-08-04,96.593,96.820,95.785,96.384,6092858
2020-08-05,96.911,97.003,96.584,96.829,4406309
2020-08-06,96.711,97.120,95.612,96.312,5369718
2020-08-07,96.212,96.638,95.935,96.620,4274009
2020-08-10,96.638,96.720,96.039,96.293,4640186
2020-08-11,96.829,96.920,95.458,95.685,8115870
2020-08-12,96.203,97.596,96.166,97.292,8205180
2020-08-13,97.174,97.265,96.511,97.165,5323000
2020-08-14,96.983,97.410,96.601,96.974,3826109
2020-08-17,97.147,97.919,97.102,97.546,4610171
2020-08-18,97.746,97.910,97.011,97.519,4219548
2020-08-19,97.610,97.882,96.993,97.201,6307581
2020-08-20,96.775,97.111,96.638,96.893,4938244
2020-08-21,96.738,97.120,96.239,96.993,6466719
2020-08-24,97.456,97.492,95.953,96.548,6363028
2020-08-25,97.038,97.238,96.666,97.201,5096537
2020-08-26,97.002,97.192,96.039,97.083,6994556
2020-08-27,97.247,98.301,96.557,97.846,7775058
2020-08-28,98.118,98.118,97.338,98.064,5155885
2020-08-31,97.855,98.768,97.773,98.300,6721062
2020-09-01,98.173,98.327,96.829,97.419,10998977
2020-09-02,97.510,99.635,97.102,99.372,8495422
2020-09-03,99.499,99.644,95.971,96.666,13337021
2020-09-04,97.002,97.174,94.804,95.976,14709848
2020-09-08,95.821,95.858,94.132,94.396,9659627
2020-09-09,95.104,96.856,95.086,96.066,8200765
2020-09-10,96.339,96.339,94.341,94.595,9186165
2020-09-11,95.040,95.422,94.241,94.968,8762371
2020-09-14,95.740,96.847,95.549,96.330,5847086
2020-09-15,96.829,97.229,96.212,96.457,5580471
2020-09-16,96.974,97.165,96.180,96.293,7193286
2020-09-17,95.404,96.302,95.095,95.976,7597322
2020-09-18,96.094,96.443,94.940,95.830,8649229
2020-09-21,94.562,94.562,92.756,94.069,8782983
2020-09-22,93.914,94.160,93.016,93.869,7831337
2020-09-23,94.261,94.295,92.811,92.902,7681698
2020-09-24,92.574,92.902,91.872,92.437,8434627
2020-09-25,92.118,94.179,92.018,93.923,6768679
2020-09-28,94.826,95.505,94.589,94.771,6510815
2020-09-29,94.935,95.419,94.279,94.653,5402687
2020-09-30,94.944,96.941,94.926,96.166,7563905
2020-10-01,96.613,97.005,95.428,95.838,9112325
2020-10-02,94.926,95.920,94.552,94.963,8628760
2020-10-05,95.646,97.014,95.619,96.914,6661088
2020-10-06,97.187,97.242,95.532,95.628,7747426
2020-10-07,96.303,97.734,96.285,97.433,7872075
2020-10-08,97.999,98.227,97.698,97.907,5942472
2020-10-09,98.454,99.084,98.199,98.792,5636242
2020-10-12,99.239,99.854,98.910,99.466,5065026
2020-10-13,98.874,99.394,98.454,98.710,6773588
2020-10-14,98.673,99.084,97.821,98.135,5999894
2020-10-15,96.923,97.607,96.759,97.424,6197685
2020-10-16,97.743,99.120,97.707,98.391,7462093
2020-10-19,98.673,98.942,96.499,96.795,8308448
2020-10-20,97.178,97.762,96.795,96.959,7423579
2020-10-21,96.950,97.224,96.248,96.476,5474325
2020-10-22,96.613,98.108,96.604,97.935,6127106
2020-10-23,98.427,99.011,97.743,98.299,5697556
2020-10-26,97.506,97.625,96.276,97.205,8135469
2020-10-27,96.850,97.333,96.485,96.540,6893080
2020-10-28,94.944,95.519,93.358,93.477,11431771
2020-10-29,93.413,93.823,92.136,92.711,15973623
2020-10-30,92.592,93.139,91.453,92.683,10741670
2020-11-02,94.051,94.571,93.367,94.352,10287328
2020-11-03,95.510,96.768,95.437,95.729,9812351
2020-11-04,98.454,101.582,98.263,99.977,25531175
2020-11-05,101.354,101.427,99.995,100.178,12861776
2020-11-06,100.287,100.898,99.567,100.214,12310841
2020-11-09,103.861,104.308,101.025,101.153,20442943
2020-11-10,101.618,101.810,100.351,101.445,12526540
2020-11-11,102.256,102.256,100.825,101.317,9934872
2020-11-12,101.126,101.527,100.269,100.943,7856304
2020-11-13,101.445,102.607,101.263,102.220,6576891
2020-11-16,103.031,103.195,101.536,102.047,7585928
2020-11-17,101.527,101.755,100.898,101.381,8898184
2020-11-18,101.600,99.567,99.384,99.494,9849852
2020-11-19,99.494,99.576,98.678,99.421,10410662
2020-11-20,99.193,99.653,98.847,99.193,7674455
2020-11-23,99.685,99.740,98.318,98.938,7747820
2020-11-24,99.421,99.904,98.892,99.229,9616222
2020-11-25,99.348,99.421,98.450,98.865,11670834
2020-11-27,99.266,99.845,98.947,99.776,4443521
2020-11-30,99.813,100.141,99.284,100.050,12722159
2020-12-01,101.016,101.987,100.715,100.889,12681037
2020-12-02,100.962,101.819,100.898,101.645,8552357
2020-12-03,101.609,101.919,101.080,101.518,9793138
2020-12-04,101.554,102.621,101.426,102.603,7859579
2020-12-07,102.493,102.584,101.600,101.974,5803266
2020-12-08,101.727,102.831,101.691,102.749,7951781
2020-12-09,103.159,103.168,101.937,102.393,7386424
2020-12-10,102.375,102.785,102.010,102.220,5408758
2020-12-11,101.800,102.047,101.117,101.819,5222420
2020-12-14,102.594,103.104,100.989,101.053,8469352
2020-12-15,101.755,102.366,101.217,102.147,5007527
2020-12-16,102.056,102.420,101.408,101.846,5355406
2020-12-17,102.010,103.004,102.001,102.940,4263666
2020-12-18,103.040,103.268,101.919,103.022,7876874
2020-12-21,101.490,102.076,100.113,101.985,6129595
2020-12-22,101.802,102.040,101.097,101.673,13104105
2020-12-23,102.030,102.497,101.673,101.747,3919097
2020-12-24,101.792,102.232,101.655,102.040,1674639
2020-12-28,102.571,102.799,102.021,102.296,4390171
2020-12-29,102.772,103.248,102.433,102.781,5053328
2020-12-30,102.992,103.340,102.648,102.763,3563990
2020-12-31,102.772,104.008,102.429,103.843,5581249
2021-01-04,104.246,104.264,101.710,103.394,12911811
2021-01-05,103.211,104.497,102.772,104.145,11085394
2021-01-06,102.690,105.848,102.690,105.573,17833706
2021-01-07,105.710,107.102,105.546,106.946,12407127
2021-01-08,107.138,107.935,106.443,107.459,9350625
2021-01-11,107.486,108.136,107.349,107.962,6428352
2021-01-12,107.752,107.868,106.309,106.791,9225459
2021-01-13,106.736,107.450,106.342,107.083,5259145
2021-01-14,107.257,107.660,106.617,106.745,5791125
2021-01-15,106.452,107.321,106.031,107.074,10335230
2021-01-19,107.926,108.228,107.312,107.880,6200466
2021-01-20,108.063,108.648,107.413,108.475,6871978
2021-01-21,108.338,108.447,107.596,107.962,5795567
2021-01-22,107.642,108.246,107.505,107.642,4796106
2021-01-25,107.706,108.411,107.482,108.347,6962025
2021-01-26,108.658,108.920,107.884,107.944,5503672
2021-01-27,106.754,106.754,104.401,104.667,13096871
2021-01-28,105.555,107.532,105.353,106.196,12626108
2021-01-29,106.040,106.791,104.447,105.298,10462743
2021-02-01,106.159,106.507,105.536,105.701,10105252
2021-02-02,106.534,107.056,105.976,106.003,11515684
2021-02-03,106.003,106.058,104.919,105.253,11280179
2021-02-04,105.253,106.122,105.024,105.692,8451497
2021-02-05,106.415,106.580,105.628,105.884,5557041
2021-02-08,106.260,106.406,105.697,106.012,6956417
2021-02-09,106.003,106.264,105.903,106.168,4730294
2021-02-10,106.937,106.964,105.985,106.360,5406418
2021-02-11,106.736,106.827,106.058,106.562,4683470
2021-02-12,106.351,107.477,106.214,107.358,6345254
2021-02-16,107.495,107.596,105.948,106.296,9531451
2021-02-17,105.948,106.735,105.825,106.681,5025578
2021-02-18,106.159,106.442,105.573,106.012,7756535
2021-02-19,106.095,106.177,104.639,104.731,9401517
2021-02-22,104.227,104.804,103.545,104.484,7213401
2021-02-23,104.411,105.051,103.825,104.310,8731543
2021-02-24,104.429,105.601,104.099,105.033,9842009
2021-02-25,104.887,105.308,103.449,103.980,14494821
2021-02-26,104.346,104.346,102.818,103.083,14687024
2021-03-01,103.925,104.914,103.898,104.429,7367600
2021-03-02,104.649,104.896,104.026,104.127,8465378
2021-03-03,103.742,103.852,102.566,102.809,14946763
2021-03-04,102.580,103.257,100.630,101.426,23441748
2021-03-05,102.021,103.788,101.197,103.459,15645207
2021-03-08,103.541,104.836,103.074,103.202,12691421
2021-03-09,103.962,105.454,103.761,103.806,11022583
2021-03-10,104.493,105.088,104.008,104.044,11641086
2021-03-11,104.401,105.253,104.255,104.676,6549494
2021-03-12,104.456,105.051,104.292,104.905,7452425
2021-03-15,104.713,105.655,104.594,105.628,7119072
2021-03-16,105.738,105.926,105.179,105.564,8618493
2021-03-17,105.106,105.701,104.543,105.179,7524865
2021-03-18,104.694,105.820,104.649,104.960,8553326
2021-03-19,105.070,105.958,104.539,105.335,12595845
2021-03-22,105.272,106.328,104.748,106.254,6156838
2021-03-23,106.126,106.296,104.913,105.180,9170518
2021-03-24,105.235,105.869,105.028,105.060,12647013
2021-03-25,105.216,105.703,104.123,105.501,11505266
2021-03-26,105.768,107.632,105.483,107.495,8286472
2021-03-29,107.063,108.367,107.026,108.000,8959005
2021-03-30,107.706,107.706,106.778,107.026,6868592
2021-03-31,107.256,107.888,107.072,107.237,8504094
2021-04-01,107.412,107.513,106.576,106.916,6678651
2021-04-05,107.458,107.993,107.283,107.660,7191518
2021-04-06,107.798,108.110,107.090,107.247,5206714
2021-04-07,107.182,107.550,106.729,107.008,5753273
2021-04-08,107.320,107.643,107.026,107.173,4292370
2021-04-09,107.237,108.413,107.173,108.349,5928418
2021-04-12,108.193,108.680,108.073,108.459,8289972
2021-04-13,108.119,109.212,108.018,108.909,6519617
2021-04-14,108.781,109.341,108.703,108.900,6234667
2021-04-15,109.332,111.084,109.332,110.765,8456233
2021-04-16,111.334,111.716,110.949,111.592,7447358
2021-04-19,111.380,111.647,111.049,111.619,7101676
2021-04-20,111.105,112.336,111.105,112.051,8072805
2021-04-21,112.400,113.436,112.345,113.374,9635875
2021-04-22,113.282,113.539,112.437,112.868,10046152
2021-04-23,112.813,113.870,112.574,113.612,4974451
2021-04-26,113.548,113.557,113.015,113.227,6907111
2021-04-27,112.942,112.956,112.391,112.574,7040744
2021-04-28,112.391,112.519,112.032,112.235,6788859
2021-04-29,112.354,112.382,111.178,111.784,8159975
2021-04-30,111.344,111.996,111.252,111.454,7169874
2021-05-03,112.060,112.840,111.904,112.721,13184323
2021-05-04,112.556,112.923,112.069,112.841,16191856
2021-05-05,112.997,113.392,112.809,113.043,16722951
2021-05-06,112.400,113.199,111.821,113.190,16114975
2021-05-07,113.456,114.568,113.410,113.971,7576681
2021-05-10,114.384,115.000,114.072,114.118,8846731
2021-05-11,113.521,113.998,112.626,112.887,11357819
2021-05-12,112.280,112.841,111.711,111.821,10946251
2021-05-13,112.023,113.341,111.849,112.832,11228009
2021-05-14,113.484,113.773,113.116,113.401,6590464
2021-05-17,113.273,113.792,113.116,113.190,5997664
2021-05-18,113.153,113.878,112.777,113.227,9201916
2021-05-19,112.492,113.107,111.693,113.034,10063161
2021-05-20,112.997,114.706,112.997,114.219,7521730
2021-05-21,114.595,115.431,114.145,114.237,8422525
2021-05-24,114.825,115.055,114.301,114.347,4958823
2021-05-25,114.476,114.522,113.883,114.007,6798365
2021-05-26,113.980,114.017,112.859,113.346,6848846
2021-05-27,113.585,113.677,113.034,113.098,8102359
2021-05-28,113.530,114.471,113.465,113.539,10059939
2021-06-01,113.677,113.713,111.578,111.674,13368231
2021-06-02,111.775,112.060,111.187,111.454,13244018
2021-06-03,111.040,112.088,110.792,111.794,13244590
2021-06-04,112.382,112.712,112.023,112.152,11228915
2021-06-07,112.427,113.548,112.235,112.556,13978486
2021-06-08,112.832,112.896,111.344,112.207,10799575
2021-06-09,112.492,113.479,112.492,113.291,7965618
2021-06-10,113.567,115.358,113.521,115.229,9350874
2021-06-11,115.055,115.110,113.833,114.412,6958068
2021-06-14,114.347,114.531,113.704,114.513,5155671
2021-06-15,114.632,114.807,114.063,114.549,5409139
2021-06-16,114.669,115.248,113.787,114.108,11653194
2021-06-17,113.906,115.284,113.888,114.981,6527272
2021-06-18,114.127,114.283,113.511,113.668,11152652
2021-06-21,114.030,115.243,113.615,115.035,6655407
2021-06-22,115.109,115.441,114.722,115.284,7194053
2021-06-23,115.127,115.395,114.759,114.805,6506572
2021-06-24,115.478,116.202,115.266,115.395,7028649
2021-06-25,115.349,116.271,115.284,115.921,8344222
2021-06-28,116.040,116.243,115.653,116.096,4631451
2021-06-29,116.105,116.585,115.957,116.225,6165175
2021-06-30,116.105,116.391,115.708,116.151,8542621
2021-07-01,116.234,117.267,116.188,117.184,12020752
2021-07-02,117.332,118.420,117.124,118.309,12327949
2021-07-06,117.959,118.208,117.359,118.198,11413290
2021-07-07,118.208,118.945,117.774,118.945,18435350
2021-07-08,117.839,118.383,117.221,118.291,8386580
2021-07-09,118.715,119.061,118.429,118.696,5224302
2021-07-12,118.696,119.517,118.604,118.927,9097890
2021-07-13,118.779,119.199,118.526,118.816,9698814
2021-07-14,119.084,119.185,118.493,118.706,7487029
2021-07-15,118.069,118.586,117.562,118.291,8750949
2021-07-16,118.595,119.042,118.208,118.613,6511034
2021-07-19,117.839,118.401,116.409,117.368,19460396
2021-07-20,117.746,119.471,117.746,118.798,15053810
2021-07-21,119.277,119.314,117.710,118.991,8295664
2021-07-22,119.093,119.868,118.770,119.868,9261132
2021-07-23,120.375,121.371,120.227,121.251,8298293
2021-07-26,120.910,121.260,120.070,120.467,6625624
2021-07-27,120.301,121.030,119.983,121.030,9551761
2021-07-28,120.854,121.813,120.545,121.463,7432561
2021-07-29,121.860,121.943,121.398,121.758,5662707
2021-07-30,121.555,122.316,121.389,121.869,6634162
2021-08-02,122.348,122.514,121.675,122.035,8366280
2021-08-03,122.090,123.768,122.007,123.732,7701800
2021-08-04,123.252,124.008,123.049,123.206,8322190
2021-08-05,123.114,123.132,121.772,122.699,8240863
2021-08-06,122.643,122.754,121.813,122.597,6923733
2021-08-09,122.772,123.298,122.680,123.068,9852520
2021-08-10,123.132,123.381,122.307,122.782,5832605
2021-08-11,122.975,123.169,121.463,121.564,14512474
2021-08-12,121.684,122.625,121.601,122.523,8220335
2021-08-13,122.828,123.317,122.680,123.289,7923064
2021-08-16,123.289,124.709,122.865,124.691,8404314
2021-08-17,124.359,126.166,124.290,126.166,13874827
2021-08-18,126.000,126.139,124.174,124.248,12427658
2021-08-19,123.427,125.456,123.390,124.811,11669259
2021-08-20,124.930,125.899,124.497,125.521,7252886
2021-08-23,126.231,126.323,125.530,125.567,8471263
2021-08-24,125.567,125.585,124.764,125.124,6548195
2021-08-25,125.004,125.071,124.266,124.783,6918537
2021-08-26,124.857,125.133,124.054,124.294,5972035
2021-08-27,124.571,124.912,123.953,124.156,8678742
2021-08-30,124.045,125.309,124.036,124.857,6416841
2021-08-31,124.884,125.465,124.248,124.691,9299100
2021-09-01,124.792,124.903,123.543,124.728,10571153
2021-09-02,125.189,126.083,125.050,126.065,6848211
2021-09-03,125.936,126.383,125.336,126.203,5632771
2021-09-07,125.733,125.936,124.645,125.465,8739140
2021-09-08,125.216,125.613,124.884,125.410,6986150
2021-09-09,125.235,125.521,123.888,123.962,8905636
2021-09-10,124.423,124.515,122.763,122.828,10561623
2021-09-13,123.473,123.547,121.454,122.072,11676689
2021-09-14,122.643,122.929,121.841,122.053,10436263
2021-09-15,121.896,123.418,121.712,122.846,10299731
2021-09-16,123.003,123.234,121.694,122.533,10525654
2021-09-17,122.431,122.754,121.850,122.653,13541430
2021-09-20,121.255,122.449,120.311,121.366,17244952
2021-09-21,121.921,122.801,121.533,121.551,11741863
2021-09-22,121.912,122.367,121.172,121.755,11964144
2021-09-23,122.032,123.347,121.940,122.634,10366374
2021-09-24,122.430,122.884,121.875,122.134,6962499
2021-09-27,121.783,121.931,120.135,120.395,11631263
2021-09-28,119.626,119.627,117.924,118.331,17433431
2021-09-29,118.858,119.821,118.618,119.266,11171387
2021-09-30,119.663,120.413,117.702,117.803,21653356
2021-10-01,117.961,118.386,115.934,117.831,23186470
2021-10-04,117.350,117.951,115.453,116.036,27580669
2021-10-05,116.508,117.914,116.351,116.730,19152027
2021-10-06,116.082,116.619,115.212,116.517,21322290
2021-10-07,117.322,118.821,117.100,118.063,15806656
2021-10-08,118.229,118.451,117.230,117.470,9552153
2021-10-11,117.368,117.989,116.517,116.554,7843725
2021-10-12,116.924,117.045,115.698,115.990,13007491
2021-10-13,116.184,116.698,115.458,116.175,10610407
2021-10-14,117.378,118.303,117.378,117.840,8857901
2021-10-15,118.451,118.960,118.201,118.423,8975983
2021-10-18,117.905,118.026,117.109,117.618,11660799
2021-10-19,118.257,119.469,118.257,119.164,9486966
2021-10-20,119.876,121.045,119.765,120.866,13663609
2021-10-21,121.116,121.426,120.237,121.357,8267493
2021-10-22,121.246,121.894,121.061,121.847,8009658
2021-10-25,121.903,122.130,120.959,121.995,10629690
2021-10-26,122.273,122.949,121.607,122.597,9271663
2021-10-27,122.791,122.921,121.588,121.625,11851449
2021-10-28,121.847,123.115,121.843,122.643,9282704
2021-10-29,122.486,123.994,122.019,123.837,15415091
2021-11-01,123.948,124.457,123.217,123.689,14356711
2021-11-02,124.170,125.082,123.087,124.466,20850361
2021-11-03,124.226,125.244,123.763,125.197,14610073
2021-11-04,124.910,125.105,123.476,124.337,15818544
2021-11-05,123.217,123.726,122.056,122.949,14867344
2021-11-08,123.171,123.837,122.690,123.680,8948640
2021-11-09,123.717,123.828,122.986,123.226,7287021
2021-11-10,123.189,124.078,123.171,123.578,8445413
2021-11-11,123.559,123.643,122.921,123.217,8597304
2021-11-12,124.004,124.115,123.143,123.828,8317641
2021-11-15,124.115,124.179,122.939,123.060,6268900
2021-11-16,123.032,124.249,122.819,123.578,6150892
2021-11-17,123.717,124.235,123.180,123.754,8229030
2021-11-18,123.883,124.115,123.374,123.800,9029303
2021-11-19,124.170,124.587,122.944,123.050,10166130
2021-11-22,123.226,123.652,122.338,122.495,11144148
2021-11-23,121.921,122.750,121.551,122.625,12075241
2021-11-24,122.393,122.801,121.968,122.578,6760191
2021-11-26,123.023,123.744,121.699,122.125,11896923
2021-11-29,122.791,123.282,122.329,122.458,17137199
2021-11-30,121.755,122.310,119.876,120.052,19467132
2021-12-01,120.626,122.236,119.821,119.839,22241709
2021-12-02,119.802,120.913,119.229,120.422,17531185
2021-12-03,121.264,121.727,119.645,120.644,22111852
2021-12-06,120.959,121.857,120.769,121.329,15230849
2021-12-07,122.153,123.189,121.986,122.893,11974703
2021-12-08,123.245,123.902,122.625,123.819,15144681
2021-12-09,123.698,124.513,123.606,124.105,9095844
2021-12-10,123.782,124.799,123.726,124.540,8554253
2021-12-13,124.540,126.067,124.540,125.716,12201839
2021-12-14,125.133,125.864,124.587,125.207,11070804
2021-12-15,125.475,127.835,125.364,127.770,14996250
2021-12-16,127.761,129.177,127.529,128.529,19227482
2021-12-17,127.881,128.663,127.131,127.631,21505731
2021-12-20,127.375,127.761,125.768,126.864,16183490
2021-12-21,127.227,127.450,126.047,127.394,10773324
2021-12-22,127.329,128.954,127.106,128.880,7245983
2021-12-23,129.215,129.827,128.834,129.410,7743659
2021-12-27,129.874,130.775,129.735,130.775,6968937
2021-12-28,130.896,131.128,130.088,130.432,6066669
2021-12-29,130.302,131.444,130.209,131.175,7102448
2021-12-30,131.416,131.895,131.277,131.444,7931374
2021-12-31,131.286,131.788,130.840,130.887,7882782
2022-01-03,130.329,130.571,128.425,129.540,15122452
2022-01-04,129.252,129.400,127.282,127.830,14304531
2022-01-05,128.109,128.880,126.869,126.920,15370595
2022-01-06,126.130,126.901,125.229,125.452,15181981
2022-01-07,125.155,125.387,124.551,124.811,9619354
2022-01-10,124.263,126.167,123.969,126.093,15589031
2022-01-11,126.279,127.115,125.415,127.096,12168219
2022-01-12,126.372,126.929,126.184,126.734,10831825
2022-01-13,126.511,126.669,124.537,124.765,13804867
2022-01-14,124.430,124.681,123.269,124.551,14341841
2022-01-18,123.325,123.515,122.484,122.805,16471760
2022-01-19,123.037,124.003,122.182,122.303,14639579
2022-01-20,122.600,123.854,121.430,121.504,15127778
2022-01-21,121.876,122.256,120.083,120.278,25804772
2022-01-24,119.191,120.083,116.051,119.878,37986735
2022-01-25,118.290,120.124,117.305,119.107,19326773
2022-01-26,119.302,120.380,117.551,118.485,29557130
2022-01-27,119.061,120.621,118.401,118.791,18488963
2022-01-28,118.689,121.262,117.853,121.216,20906750
2022-01-31,120.993,122.131,120.751,121.913,19044348
2022-02-01,122.349,122.461,121.262,122.238,14674817
2022-02-02,122.154,124.179,121.903,123.882,13594942
2022-02-03,123.715,123.817,123.120,123.353,13805586
2022-02-04,122.229,123.771,122.006,122.907,12004324
2022-02-07,122.953,123.380,122.349,122.693,9230241
2022-02-08,122.043,123.910,121.764,123.696,11071565
2022-02-09,124.291,124.913,124.161,124.653,10811009
2022-02-10,123.213,124.291,122.219,122.702,14393245
2022-02-11,122.535,123.464,120.854,121.002,13072259
2022-02-14,120.751,120.984,118.866,119.767,14386956
2022-02-15,120.807,121.588,120.501,121.114,8969944
2022-02-16,120.491,121.643,120.157,121.300,8779207
2022-02-17,120.807,120.872,119.167,119.349,11906813
2022-02-18,119.237,119.878,118.057,118.457,13505554
2022-02-22,118.039,119.126,117.370,118.160,13682106
2022-02-23,118.763,119.172,117.449,117.565,12022840
2022-02-24,115.465,118.280,115.252,118.039,23220047
2022-02-25,118.568,121.950,118.438,121.653,17011667
2022-02-28,119.702,120.872,119.330,120.733,17987409
2022-03-01,120.101,121.086,119.130,120.064,14064394
2022-03-02,120.593,122.535,120.436,121.876,12395631
2022-03-03,122.414,123.213,121.457,122.498,11172496
2022-03-04,121.262,123.223,120.900,123.111,12160672
2022-03-07,122.340,122.572,120.417,120.965,15701194
2022-03-08,120.166,121.058,118.420,118.494,21794622
2022-03-09,120.426,121.351,119.534,120.733,15576108
2022-03-10,119.274,120.947,119.144,120.686,10708939
2022-03-11,121.012,121.718,119.664,119.785,9869141
2022-03-14,120.751,122.368,120.278,120.631,14373196
2022-03-15,121.606,123.167,121.397,123.037,14373149
2022-03-16,123.659,124.532,122.396,124.514,13840027
2022-03-17,124.152,126.539,123.984,126.483,10973124
2022-03-18,126.409,127.422,126.028,127.264,11362369
2022-03-21,127.204,128.295,126.571,127.167,11473089
2022-03-22,127.298,127.475,126.729,127.195,8892191
2022-03-23,126.589,126.822,124.875,124.912,10013475
2022-03-24,125.378,126.403,125.108,126.403,7189194
2022-03-25,126.832,127.204,126.021,126.990,7040191
2022-03-28,127.204,127.950,126.748,127.913,8466879
2022-03-29,128.975,129.488,127.903,128.667,12327766
2022-03-30,128.686,129.432,128.267,128.919,10752953
2022-03-31,128.649,129.357,127.437,127.661,15843211
2022-04-01,128.015,128.714,127.158,128.667,20785724
2022-04-04,128.379,128.602,127.298,127.596,16769479
2022-04-05,127.270,129.385,127.204,127.866,15024853
2022-04-06,127.540,130.121,127.456,129.814,23197560
2022-04-07,129.348,132.647,129.348,132.311,18160092
2022-04-08,132.320,133.653,132.125,133.103,19101879
2022-04-11,132.721,133.262,130.261,130.457,16570643
2022-04-12,130.131,130.895,128.630,129.189,14085394
2022-04-13,129.180,129.953,128.509,129.823,15496208
2022-04-14,129.944,130.606,129.105,129.199,10993523
2022-04-18,129.068,129.366,127.232,127.773,10124384
2022-04-19,128.108,129.450,128.062,128.994,11732698
2022-04-20,129.348,131.230,129.199,130.727,13674732
2022-04-21,131.090,131.239,128.994,129.282,11409874
2022-04-22,128.118,128.155,124.432,124.567,17525106
2022-04-25,124.204,125.676,122.806,125.406,16501856
2022-04-26,124.651,125.322,123.020,123.197,20087548
2022-04-27,123.179,124.176,122.321,122.927,16726707
2022-04-28,123.794,125.033,122.647,124.623,15510373
2022-04-29,123.412,124.050,121.226,121.417,17597178
2022-05-02,121.315,121.995,118.705,120.662,23615284
2022-05-03,121.035,122.209,120.616,121.044,13585497
2022-05-04,120.849,124.176,119.833,123.728,19052814
2022-05-05,123.123,123.248,120.075,121.324,16119817
2022-05-06,120.150,121.277,119.535,120.942,21742268
2022-05-09,119.591,119.619,117.354,117.811,17289871
2022-05-10,119.041,119.488,117.140,118.230,21850323
2022-05-11,117.643,120.299,117.308,117.447,19987081
2022-05-12,117.019,118.659,116.748,118.584,17497146
2022-05-13,119.367,120.215,118.845,119.842,9840959
2022-05-16,119.703,121.548,119.675,120.728,8839792
2022-05-17,121.986,122.442,121.082,122.386,9058755
2022-05-18,121.557,121.855,118.845,119.227,10005011
2022-05-19,118.277,120.215,117.848,119.488,9672865
2022-05-20,120.290,121.203,118.659,120.942,12833534
2022-05-23,121.753,122.480,121.501,122.004,9196515
2022-05-24,121.646,122.573,120.867,122.368,9031242
2022-05-25,122.284,123.132,121.184,122.331,8532567
2022-05-26,122.638,123.318,122.284,122.852,9090048
2022-05-27,123.067,124.921,122.554,124.893,13695985
2022-05-31,123.794,124.017,122.228,123.225,11740768
2022-06-01,123.672,123.691,120.485,121.455,9264667
2022-06-02,121.613,122.442,119.442,122.414,9575431
2022-06-03,121.566,122.107,120.821,120.979,5850232
2022-06-06,121.846,122.098,120.672,120.998,7729019
2022-06-07,120.998,122.694,120.560,122.573,7218171
2022-06-08,122.228,122.675,121.259,121.604,5371998
2022-06-09,121.194,121.604,118.822,118.855,7771615
2022-06-10,117.447,118.034,116.488,116.944,11288610
2022-06-13,114.633,115.332,112.928,113.403,14886247
2022-06-14,113.272,113.561,111.520,112.322,9299503
2022-06-15,112.937,114.652,111.725,113.459,10301639
2022-06-16,111.381,111.865,110.663,111.791,9383289
2022-06-17,111.828,113.496,111.688,111.725,13725092
2022-06-21,113.288,115.246,112.914,114.729,7986897
2022-06-22,113.999,117.597,113.943,116.320,10188900
2022-06-23,116.863,119.024,116.863,118.931,11943299
2022-06-24,119.801,120.924,118.996,120.905,10447893
2022-06-27,120.905,121.869,120.522,121.355,8963597
2022-06-28,121.598,122.206,119.010,119.240,7518742
2022-06-29,119.399,120.877,119.212,120.278,9157664
2022-06-30,119.651,120.690,118.744,120.007,10697657
2022-07-01,120.054,121.514,118.716,121.355,9366753
2022-07-05,120.185,120.681,118.070,120.653,9987031
2022-07-06,120.821,122.094,120.606,121.467,9033278
2022-07-07,121.289,122.141,121.224,121.982,6805503
2022-07-08,121.635,123.562,121.514,122.346,6505660
2022-07-11,121.663,122.721,121.532,122.038,7027344
2022-07-12,121.654,122.478,119.941,120.484,9280413
2022-07-13,119.464,120.278,119.006,119.315,9296466
2022-07-14,117.948,119.146,117.189,118.968,7784867
2022-07-15,120.737,121.897,120.204,121.841,9684501
2022-07-18,121.963,122.070,118.865,119.268,7047757
2022-07-19,120.540,121.500,120.016,121.298,6585773
2022-07-20,121.130,121.289,119.614,120.101,7599414
2022-07-21,120.456,122.000,120.147,122.000,9507667
2022-07-22,122.281,122.515,120.756,121.495,8657019
2022-07-25,121.588,122.356,121.476,122.131,5489039
2022-07-26,122.478,123.512,122.150,122.758,7478758
2022-07-27,122.683,124.078,122.108,123.526,7680691
2022-07-28,123.685,125.215,121.579,124.312,11052636
2022-07-29,123.685,124.125,123.030,123.900,8309561
2022-08-01,123.207,123.881,122.697,122.983,7665299
2022-08-02,123.282,124.274,122.478,122.543,7935079
2022-08-03,123.207,124.153,122.871,123.666,6825665
2022-08-04,123.956,123.984,122.866,123.058,5493013
2022-08-05,122.290,123.067,122.000,123.011,8883422
2022-08-08,123.245,124.115,122.674,123.301,7075100
2022-08-09,123.460,124.050,122.637,122.927,5802383
2022-08-10,124.237,124.358,123.544,124.265,6735814
2022-08-11,123.891,125.107,123.193,123.460,8471179
2022-08-12,123.760,125.098,123.554,125.042,7515506
2022-08-15,124.976,125.837,124.527,125.669,7486084
2022-08-16,125.397,125.753,124.845,125.332,7138435
2022-08-17,124.602,125.322,124.415,124.602,7251581
2022-08-18,124.564,124.817,123.381,124.050,7053763
2022-08-19,124.050,124.985,123.872,124.387,5946717
2022-08-22,123.619,124.012,122.346,122.758,6420368
2022-08-23,122.215,122.346,120.704,121.046,7501910
2022-08-24,121.167,121.661,120.756,121.195,6719608
2022-08-25,121.710,122.571,120.859,122.534,5636652
2022-08-26,122.571,122.580,119.024,119.118,9044706
2022-08-29,118.397,119.024,117.667,118.285,6727537
2022-08-30,118.706,118.706,117.209,117.499,7910473
2022-08-31,117.883,118.622,116.732,116.750,8954420
2022-09-01,116.563,118.725,116.404,118.669,11212097
2022-09-02,119.352,119.464,116.456,116.966,9730186
2022-09-06,117.424,118.547,116.750,117.078,9663544
2022-09-07,117.050,119.183,116.676,118.987,9038285
2022-09-08,118.547,121.093,118.304,121.055,9394520
2022-09-09,121.355,122.449,121.130,122.122,8880362
2022-09-12,122.590,123.572,122.262,122.936,7982450
2022-09-13,120.980,121.252,118.552,118.875,11927733
2022-09-14,119.268,119.970,118.154,118.940,8080138
2022-09-15,119.455,120.749,119.333,119.605,8624378
2022-09-16,119.230,119.530,118.346,119.268,10810250
2022-09-19,118.509,118.649,116.925,118.621,9430348
2022-09-20,117.823,118.001,116.503,117.231,9010284
2022-09-21,117.701,118.480,115.258,115.286,11642390
2022-09-22,115.108,116.686,114.619,115.897,9505590
2022-09-23,115.277,115.512,113.867,115.305,16611134
2022-09-26,114.619,115.173,113.698,114.206,10450594
2022-09-27,115.004,115.746,113.398,113.858,13239875
2022-09-28,115.455,116.925,114.713,116.348,16359969
2022-09-29,116.000,116.282,114.591,115.371,10791664
2022-09-30,115.380,116.179,113.651,113.783,12389824
2022-10-03,114.610,116.564,114.262,116.122,9326783
2022-10-04,117.090,118.866,116.813,118.819,13718048
2022-10-05,118.058,119.829,117.616,119.213,9913388
2022-10-06,118.772,119.138,117.381,117.691,9399262
2022-10-07,116.799,117.005,114.544,115.201,10068945
2022-10-10,115.474,115.634,114.037,114.478,8377954
2022-10-11,114.243,116.310,113.952,115.089,10792901
2022-10-12,115.455,116.136,114.497,114.525,9292811
2022-10-13,112.881,117.748,112.693,117.193,14063585
2022-10-14,117.879,118.753,116.047,116.404,11444396
2022-10-17,117.146,118.509,117.005,118.274,8420426
2022-10-18,120.031,120.068,118.349,118.931,10016876
2022-10-19,118.565,118.574,116.244,117.268,7676230
2022-10-20,117.062,117.917,116.122,116.273,7196824
2022-10-21,116.188,119.204,115.568,118.884,8433273
2022-10-24,119.880,121.543,119.880,121.177,7411288
2022-10-25,120.810,122.238,120.745,122.097,7174177
2022-10-26,122.473,124.596,122.436,123.450,8277066
2022-10-27,123.732,123.751,122.619,122.802,6497027
2022-10-28,122.990,124.916,122.605,124.822,6267145
2022-10-31,124.174,125.207,123.892,124.719,7852874
2022-11-01,124.869,125.489,123.460,124.794,8033434
2022-11-02,124.503,125.921,122.605,122.671,10230651
2022-11-03,121.778,122.830,120.914,122.154,7916588
2022-11-04,123.075,123.338,121.167,122.896,8082235
2022-11-07,123.093,124.540,122.633,124.211,6054386
2022-11-08,124.239,125.790,123.385,124.831,8930880
2022-11-09,124.634,125.470,123.338,123.488,8963460
2022-11-10,126.335,126.879,124.634,126.626,12416829
2022-11-11,126.466,126.485,123.450,125.076,10487243
2022-11-14,125.451,126.682,125.141,125.188,10552557
2022-11-15,125.987,126.513,123.986,125.029,8184215
2022-11-16,125.339,126.180,124.756,124.972,6122194
2022-11-17,123.986,125.423,123.882,124.916,6498840
2022-11-18,125.978,126.645,125.564,126.429,6720662
2022-11-21,126.165,127.030,126.025,126.485,7995562
2022-11-22,126.786,127.678,126.767,127.584,5931101
2022-11-23,127.603,128.279,127.279,128.091,5340732
2022-11-25,128.242,128.956,128.218,128.852,3255961
2022-11-28,128.458,129.219,127.631,127.885,5026871
2022-11-29,127.612,127.819,126.879,127.565,5439633
2022-11-30,127.753,130.694,127.077,130.609,9377430
2022-12-01,131.361,131.680,130.280,130.985,15140193
2022-12-02,129.670,131.497,129.670,131.323,7779758
2022-12-05,130.478,130.778,129.618,130.064,6921643
2022-12-06,129.820,130.233,128.444,129.078,8171529
2022-12-07,129.078,130.511,129.040,130.140,7427063
2022-12-08,130.365,131.464,130.111,131.314,6765133
2022-12-09,131.135,131.530,129.595,129.632,6202991
2022-12-12,129.717,131.013,129.717,131.013,5669673
2022-12-13,132.798,133.193,130.506,131.417,9886543
2022-12-14,131.361,132.733,130.515,131.624,10882243
2022-12-15,130.450,130.778,128.749,129.209,8747994
2022-12-16,128.232,128.317,126.626,127.330,10843898
2022-12-19,127.293,127.529,126.284,126.859,6801724
2022-12-20,126.906,127.321,126.142,126.831,4815535
2022-12-21,127.604,128.897,127.208,128.501,5937459
2022-12-22,127.784,128.359,126.661,128.321,5483301
2022-12-23,128.199,128.519,127.449,128.397,3766896
2022-12-27,128.642,128.746,127.557,128.067,7050478
2022-12-28,128.491,129.114,127.189,127.236,5054288
2022-12-29,128.029,129.288,127.736,128.623,6297337
2022-12-30,128.189,128.321,126.859,128.161,6369600
2023-01-03,128.265,128.614,126.821,127.793,7239269
2023-01-04,128.510,128.840,127.302,128.133,8469936
2023-01-05,127.284,127.595,126.317,126.821,6714235
2023-01-06,127.670,128.340,126.048,127.991,7175745
2023-01-09,128.123,128.161,125.675,125.850,7719462
2023-01-10,125.802,127.100,125.614,126.906,7675320
2023-01-11,126.991,127.642,126.406,127.623,7307184
2023-01-12,127.350,127.746,125.982,127.217,7580538
2023-01-13,126.519,128.170,126.463,127.784,6334065
2023-01-17,127.717,127.936,127.019,127.189,6664139
2023-01-18,127.189,127.519,125.279,125.397,10629147
2023-01-19,125.029,126.199,124.774,125.699,9902281
2023-01-20,125.982,126.425,125.019,126.331,5962205
2023-01-23,126.406,127.472,126.123,126.765,7211043
2023-01-24,126.133,126.868,125.114,125.925,5754776
2023-01-25,125.085,125.991,124.727,125.963,5999062
2023-01-26,126.255,126.368,125.217,126.199,6861168
2023-01-27,126.010,126.142,125.180,125.340,5854552
2023-01-30,125.104,125.887,124.015,124.208,7055400
2023-01-31,124.491,125.831,124.368,125.812,6290643
2023-02-01,125.812,127.180,124.868,126.406,11843040
2023-02-02,125.482,125.716,124.651,125.548,11274699
2023-02-03,125.633,126.038,124.765,125.180,10046771
2023-02-06,125.001,125.265,124.312,124.482,7328283
2023-02-07,124.048,125.651,123.609,125.284,7551007
2023-02-08,124.831,125.614,124.727,124.916,5614147
2023-02-09,125.227,125.703,123.623,123.821,8085922
2023-02-10,123.991,125.118,123.821,124.991,6198653
2023-02-13,125.010,126.034,125.010,126.029,6300295
2023-02-14,126.199,126.425,124.651,125.284,6905994
2023-02-15,124.793,124.958,124.236,124.661,6491948
2023-02-16,123.519,124.515,123.151,123.416,8008010
2023-02-17,122.831,124.746,122.717,124.519,10806679
2023-02-21,123.614,124.123,122.727,122.906,9066218
2023-02-22,123.038,123.331,122.236,122.491,7318937
2023-02-23,122.463,123.444,121.920,122.821,9955508
2023-02-24,121.784,122.019,120.878,121.236,9008017
2023-02-27,121.897,122.236,120.595,120.868,6463899
2023-02-28,120.595,120.670,119.868,119.972,10282751
2023-03-01,119.397,120.038,119.255,119.774,11101021
2023-03-02,119.236,120.854,119.236,120.510,10203680
2023-03-03,121.067,121.906,120.463,121.859,10048013
2023-03-06,121.944,122.359,121.519,121.802,8153402
2023-03-07,122.048,122.189,119.633,119.840,9604352
2023-03-08,119.595,119.963,118.717,119.199,10826837
2023-03-09,119.661,119.859,117.510,117.991,13270342
2023-03-10,117.793,118.774,116.670,117.123,20498475
2023-03-13,116.746,119.831,116.604,118.217,21294203
2023-03-14,119.019,119.642,118.085,119.274,14583013
2023-03-15,117.991,119.340,117.774,119.170,17244563
2023-03-16,118.274,120.340,117.944,120.284,16013915
2023-03-17,120.180,120.274,118.354,118.736,15071531
2023-03-20,118.937,120.419,118.937,120.244,10592082
2023-03-21,120.708,121.115,119.974,120.973,8816257
2023-03-22,121.039,121.485,119.126,119.145,10480142
2023-03-23,119.638,120.357,118.236,118.918,10092300
2023-03-24,118.804,120.679,118.359,120.566,8163893
2023-03-27,121.418,121.968,120.916,121.058,9455363
2023-03-28,120.935,121.371,120.035,120.329,8037474
2023-03-29,120.926,121.077,120.140,120.661,8183112
2023-03-30,121.314,121.352,120.542,121.314,6820534
2023-03-31,121.721,122.678,121.655,122.612,9202493
2023-04-03,122.706,124.127,122.365,123.985,8937258
2023-04-04,124.117,124.724,123.776,124.004,9052600
2023-04-05,124.695,126.362,124.553,126.144,12325750
2023-04-06,126.637,127.016,126.031,126.457,8276295
2023-04-10,126.116,126.438,125.453,126.372,8024299
2023-04-11,126.665,127.257,126.589,126.798,8887512
2023-04-12,127.290,127.759,126.608,126.836,8988716
2023-04-13,127.375,128.626,127.096,128.484,9373699
2023-04-14,128.190,128.460,126.978,127.451,6632126
2023-04-17,127.489,127.631,126.679,127.347,7187113
2023-04-18,127.603,127.603,126.305,126.476,7194221
2023-04-19,126.514,127.053,126.125,126.864,7048082
2023-04-20,126.258,126.533,125.747,126.343,6672031
2023-04-21,127.035,127.622,126.637,127.196,6536148
2023-04-24,127.328,127.944,127.006,127.906,6299870
2023-04-25,127.716,128.105,126.362,126.542,7751967
2023-04-26,125.424,125.510,123.994,124.743,10128764
2023-04-27,124.799,125.571,123.710,125.396,10008925
2023-04-28,125.245,126.821,125.046,126.466,7917338
2023-05-01,126.646,127.626,126.400,127.120,6794007
2023-05-02,126.911,127.716,125.661,126.570,14365947
2023-05-03,127.158,127.764,126.220,126.400,8961472
2023-05-04,125.870,125.945,124.866,125.396,9625315
2023-05-05,126.220,126.959,125.803,126.523,7650379
2023-05-08,126.334,126.372,125.661,126.248,5305742
2023-05-09,125.765,126.362,125.368,125.406,6452735
2023-05-10,125.765,126.068,125.017,125.756,6556586
2023-05-11,125.491,125.567,124.582,125.368,8764931
2023-05-12,125.557,125.822,124.638,125.197,6626766
2023-05-15,125.216,125.301,124.439,124.979,5725670
2023-05-16,124.714,124.761,123.909,123.938,7106025
2023-05-17,124.146,124.250,122.702,124.089,15512874
2023-05-18,123.824,123.985,122.829,123.786,12196872
2023-05-19,124.070,125.197,124.013,124.364,9277048
2023-05-22,124.544,125.358,124.193,124.487,12856105
2023-05-23,123.985,124.160,122.848,123.123,8723112
2023-05-24,122.886,122.915,121.996,122.280,7953091
2023-05-25,121.693,121.854,120.196,121.030,13737188
2023-05-26,120.916,122.053,120.556,120.784,8794874
2023-05-30,120.178,121.106,119.732,120.035,12114528
2023-05-31,119.704,121.276,119.382,121.068,15099052
2023-06-01,121.181,122.098,120.244,121.863,9751882
2023-06-02,122.252,123.644,121.968,123.426,10293195
2023-06-05,123.701,124.430,123.549,123.871,8825081
2023-06-06,124.373,124.411,122.299,122.839,9413482
2023-06-07,122.735,122.905,122.176,122.356,7519649
2023-06-08,122.375,123.312,121.968,123.142,6583161
2023-06-09,123.170,123.947,122.498,123.521,10446128
2023-06-12,123.454,123.994,122.967,123.966,7321523
2023-06-13,123.691,124.776,123.568,124.591,8362679
2023-06-14,123.956,124.061,122.839,123.312,12401617
2023-06-15,123.322,125.396,123.303,125.226,10598620
2023-06-16,125.548,126.201,125.083,125.216,10535119
2023-06-20,124.020,125.622,124.001,125.076,8585375
2023-06-21,124.771,125.522,124.191,125.095,9444757
2023-06-22,125.285,126.131,125.123,125.950,8036714
2023-06-23,125.779,126.046,125.190,125.532,8096493
2023-06-26,125.218,125.418,123.611,124.819,7093029
2023-06-27,124.819,124.952,123.668,124.533,8578428
2023-06-28,124.505,124.533,123.735,124.134,10897834
2023-06-29,123.849,125.018,123.640,124.942,7843374
2023-06-30,125.446,126.521,125.370,126.226,8260918
2023-07-03,125.865,125.865,124.655,125.190,5240339
2023-07-05,124.923,125.394,124.638,125.123,7942087
2023-07-06,124.286,124.591,123.811,124.125,8213056
2023-07-07,123.440,123.877,122.612,122.679,8749818
2023-07-10,122.689,123.801,122.679,123.649,7476636
2023-07-11,123.478,124.077,123.135,123.678,7279219
2023-07-12,123.991,124.106,123.145,123.345,11900408
2023-07-13,123.659,123.972,123.264,123.392,7526169
2023-07-14,124.324,125.641,124.191,125.247,13298785
2023-07-17,124.914,125.180,124.210,124.676,7905359
2023-07-18,124.724,126.069,124.495,125.599,8130367
2023-07-19,126.217,126.968,125.960,126.179,12483992
2023-07-20,127.025,128.794,126.930,128.271,12650212
2023-07-21,128.395,129.964,128.176,129.564,11308875
2023-07-24,129.564,130.140,129.165,129.279,12034090
2023-07-25,128.414,129.740,128.242,129.222,7803014
2023-07-26,128.604,129.555,128.266,129.136,8205316
2023-07-27,129.326,129.792,128.157,128.185,8800817
2023-07-28,128.575,128.784,127.829,128.566,6897797
2023-07-31,128.337,128.385,127.096,127.577,9736656
2023-08-01,127.282,127.748,126.592,126.911,10555724
2023-08-02,126.939,127.805,126.654,126.997,13873282
2023-08-03,126.578,126.740,126.112,126.359,11863532
2023-08-04,126.397,127.177,125.603,125.912,12631301
2023-08-07,126.293,127.486,126.226,127.367,8165679
2023-08-08,128.176,128.509,127.477,128.347,12601218
2023-08-09,128.233,129.003,128.147,128.309,9833747
2023-08-10,128.623,129.840,128.090,128.223,9541846
2023-08-11,128.185,129.174,127.881,129.022,7674453
2023-08-14,129.041,129.821,128.927,129.412,8723326
2023-08-15,129.089,129.469,128.794,128.937,9118521
2023-08-16,128.727,129.146,127.929,127.957,9462496
2023-08-17,127.501,127.948,126.878,126.939,11163782
2023-08-18,126.692,127.315,126.578,126.987,9463221
2023-08-21,126.939,127.272,126.535,127.120,6872444
2023-08-22,126.930,127.234,126.607,126.673,6939610
2023-08-23,127.434,127.719,126.678,127.054,7276780
2023-08-24,126.806,127.805,125.950,125.950,10241732
2023-08-25,126.359,127.320,125.931,126.873,8509077
2023-08-28,127.320,127.729,126.697,127.168,6768441
2023-08-29,127.339,128.309,127.168,128.309,10736986
2023-08-30,128.623,129.013,128.100,128.214,7892678
2023-08-31,128.233,128.299,126.654,126.683,7540165
2023-09-01,127.662,127.662,126.692,127.025,11109170
2023-09-05,127.092,127.182,125.713,125.713,11042676
2023-09-06,125.561,125.684,124.419,125.028,12840059
2023-09-07,125.408,126.126,125.313,125.589,11055727
2023-09-08,125.323,125.969,125.294,125.589,8717030
2023-09-11,125.532,126.697,125.513,126.454,7178983
2023-09-12,126.074,126.621,125.390,126.293,6941890
2023-09-13,125.988,126.816,125.950,126.312,6430300
2023-09-14,127.025,127.101,126.331,126.711,6433355
2023-09-15,126.407,127.004,125.622,125.713,9612005
2023-09-18,125.913,126.037,125.044,125.522,6559420
2023-09-19,125.312,125.894,124.786,125.627,6252402
2023-09-20,126.180,126.534,125.617,125.636,6350825
2023-09-21,125.397,125.603,124.481,124.538,7979573
2023-09-22,124.376,125.016,124.137,124.280,7790307
2023-09-25,124.156,124.992,123.812,124.958,6826343
2023-09-26,124.385,124.782,123.803,123.898,8200850
2023-09-27,124.127,124.252,122.370,123.278,9888551
2023-09-28,123.488,124.223,123.488,123.870,9129071
2023-09-29,124.137,124.252,122.748,122.934,12692668
2023-10-02,122.542,122.800,121.330,122.762,16035101
2023-10-03,122.160,122.418,121.158,121.673,11971088
2023-10-04,121.778,122.361,121.205,122.189,10064397
2023-10-05,122.466,123.077,121.769,122.857,9609778
2023-10-06,122.514,124.538,122.447,124.147,10692361
2023-10-09,123.803,124.691,123.301,124.576,8047600
2023-10-10,124.538,125.732,124.108,125.168,8154935
2023-10-11,125.321,125.522,124.061,124.614,9591851
2023-10-12,124.710,124.949,123.449,123.545,10927662
2023-10-13,124.003,125.035,123.621,124.318,11383864
2023-10-16,124.815,125.970,124.710,125.254,10544998
2023-10-17,124.653,125.765,124.552,125.082,9149878
2023-10-18,125.254,125.608,123.777,123.994,10085684
2023-10-19,123.831,123.960,122.008,122.771,15492635
2023-10-20,122.523,123.163,122.265,122.284,12296754
2023-10-23,122.199,122.609,121.406,121.521,12344261
2023-10-24,121.129,122.275,121.129,121.893,9375911
2023-10-25,121.339,121.712,119.907,120.804,11426996
2023-10-26,119.811,120.709,119.515,119.611,14699250
2023-10-27,119.277,119.429,117.061,117.586,13566218
2023-10-30,118.198,118.608,117.348,118.245,15224553
2023-10-31,118.665,119.076,117.978,118.923,13917381
2023-11-01,118.780,119.754,118.570,119.172,13802706
2023-11-02,119.630,121.167,119.315,121.062,11894138
2023-11-03,121.893,122.418,121.463,121.664,11635623
2023-11-06,122.179,122.666,121.683,122.475,8425100
2023-11-07,122.428,122.857,122.103,122.561,8241885
2023-11-08,123.077,123.077,121.645,122.390,10021074
2023-11-09,122.275,122.418,119.744,119.859,13905623
2023-11-10,120.317,120.747,118.981,120.575,10401721
2023-11-13,120.699,121.511,120.002,121.272,11373790
2023-11-14,121.969,122.900,121.664,122.094,11217020
2023-11-15,122.179,122.676,121.883,122.189,9262770
2023-11-16,122.552,122.972,122.079,122.714,7665861
2023-11-17,122.972,123.173,122.097,122.466,6766199
2023-11-20,121.988,123.478,121.903,123.211,6910104
2023-11-21,123.631,124.204,123.478,123.956,8373031
2023-11-22,124.366,124.844,124.204,124.548,6737701
2023-11-24,124.796,125.240,124.786,125.216,3708830
2023-11-27,124.949,125.369,124.204,124.433,10530278
2023-11-28,124.213,124.490,123.707,123.793,6261342
2023-11-29,123.660,124.500,123.602,123.831,6979033
2023-11-30,123.927,125.460,123.497,125.388,7743059
2023-12-01,125.216,126.018,125.121,125.884,9370974
2023-12-04,125.550,126.362,125.507,126.123,6943917
2023-12-05,125.865,126.161,125.178,125.961,6581075
2023-12-06,126.238,126.477,125.808,126.056,6210408
2023-12-07,126.075,126.381,125.326,125.904,6396695
2023-12-08,125.990,126.410,125.354,126.114,6007674
2023-12-11,126.792,127.183,126.171,126.944,9016882
2023-12-12,127.126,127.670,126.524,127.489,6779064
2023-12-13,126.944,129.876,126.773,129.838,9074339
2023-12-14,130.277,130.353,128.721,129.208,10098714
2023-12-15,128.606,128.854,127.632,128.109,8296654
2023-12-18,128.590,128.725,127.986,128.322,5944319
2023-12-19,128.485,129.252,128.283,129.185,6358227
2023-12-20,129.108,129.185,127.305,127.315,7299039
2023-12-21,128.082,128.960,127.785,128.869,5606916
2023-12-22,129.185,129.914,128.988,129.511,5355138
2023-12-26,129.406,130.139,129.243,129.799,3688653
2023-12-27,129.655,130.432,129.626,130.346,5444087
2023-12-28,130.451,131.118,130.432,130.681,5800264
2023-12-29,130.681,131.046,130.283,130.816,5590052
2024-01-02,130.490,133.377,130.418,133.118,11785898
2024-01-03,133.559,133.837,132.734,132.897,9584991
2024-01-04,133.310,134.288,133.079,133.559,11649191
2024-01-05,133.252,134.000,132.878,133.444,9437671
2024-01-08,133.482,134.652,132.936,134.624,7999385
2024-01-09,134.480,135.784,134.163,134.605,9201275
2024-01-10,134.681,135.381,134.173,135.218,9773320
2024-01-11,135.046,135.271,134.288,135.123,7182331
2024-01-12,134.748,135.401,134.336,134.787,8026508
2024-01-16,134.451,134.633,133.770,133.981,7426944
2024-01-17,133.760,134.374,133.338,133.712,8337301
2024-01-18,132.561,133.823,131.909,133.693,8929332
2024-01-19,133.770,134.115,133.031,133.770,8842008
2024-01-22,133.885,134.710,133.549,134.355,7831379
2024-01-23,134.182,134.346,133.295,134.259,6407411
2024-01-24,134.614,134.935,133.012,133.031,9104974
2024-01-25,132.561,132.859,131.612,132.830,10050187
2024-01-26,133.751,133.866,133.252,133.588,5759212
2024-01-29,133.712,134.537,133.626,134.528,6229620
2024-01-30,134.748,135.075,134.101,134.835,5940340
2024-01-31,135.861,135.967,134.624,134.652,10223101
2024-02-01,134.816,136.398,134.163,136.398,8503745
2024-02-02,136.350,136.825,135.506,136.197,10629354
2024-02-05,136.686,137.463,135.995,136.619,9631688
2024-02-06,137.684,138.206,136.998,138.106,10159041
2024-02-07,138.451,139.113,138.192,138.480,7884600
2024-02-08,138.345,138.345,137.612,138.240,6729834
2024-02-09,138.182,138.403,137.688,138.134,7447802
2024-02-12,137.952,138.350,137.300,138.317,6645456
2024-02-13,137.616,138.576,136.350,137.031,11170135
2024-02-14,137.501,138.269,137.238,138.221,9701053
2024-02-15,138.317,139.496,138.115,139.228,9294805
2024-02-16,139.410,140.624,138.911,139.679,8424290
2024-02-20,139.784,140.225,138.859,139.209,9120550
2024-02-21,138.758,139.554,138.355,139.516,7213773
2024-02-22,139.698,141.415,139.401,141.156,9130025
2024-02-23,141.635,142.221,141.329,141.827,9194718
2024-02-26,141.741,142.067,140.969,141.098,7248352
2024-02-27,140.408,141.181,140.077,140.753,7374135
2024-02-28,140.158,140.312,139.391,140.053,8038813
2024-02-29,140.043,140.273,138.815,138.911,9435636
2024-03-01,139.228,140.464,138.614,140.369,8741586
2024-03-04,139.966,140.695,139.823,140.158,10657870
2024-03-05,140.206,140.436,138.652,139.113,9743609
2024-03-06,139.372,140.580,139.372,140.062,8085410
2024-03-07,140.408,141.050,140.211,140.715,6438276
2024-03-08,140.580,141.242,140.206,140.456,7802515
2024-03-11,140.139,140.628,139.367,140.379,7724013
2024-03-12,140.475,141.376,140.005,141.031,7143931
2024-03-13,141.568,141.674,139.938,140.484,7874171
2024-03-14,140.571,140.676,139.204,139.986,9605786
2024-03-15,139.103,139.717,138.935,139.429,10570477
2024-03-18,139.991,140.126,139.307,139.404,6407158
2024-03-19,139.519,140.414,139.115,140.328,5240260
2024-03-20,139.991,140.058,139.226,140.010,8268171
2024-03-21,140.299,140.703,139.904,140.193,8865259
2024-03-22,140.395,140.751,139.832,140.001,5537224
2024-03-25,140.256,140.405,139.588,139.808,5252964
2024-03-26,140.087,140.482,139.712,140.318,6942438
2024-03-27,141.512,142.186,141.136,142.186,8797533
2024-03-28,142.388,142.688,142.152,142.205,8090182
2024-04-01,142.118,142.205,140.477,140.992,7378313
2024-04-02,139.086,139.240,138.071,138.797,10776352
2024-04-03,139.038,139.664,138.311,138.643,8453547
2024-04-04,139.510,139.596,136.564,136.641,12685712
2024-04-05,136.424,138.311,136.314,137.864,9073220
2024-04-08,137.758,137.758,137.209,137.421,9128151
2024-04-09,137.719,137.994,136.959,137.912,10534543
2024-04-10,136.535,136.920,135.823,136.295,13052725
2024-04-11,136.708,136.737,135.337,135.736,8153938
2024-04-12,135.034,135.043,133.282,133.715,13799443
2024-04-15,134.880,135.370,133.233,133.445,10383735
2024-04-16,134.600,134.600,133.402,133.493,10170538
2024-04-17,134.273,134.398,133.046,133.262,8480148
2024-04-18,133.349,134.042,133.041,133.253,8105813
2024-04-19,133.946,134.129,133.267,133.753,9668387
2024-04-22,134.167,135.332,133.734,134.263,8531342
2024-04-23,135.553,136.266,134.937,136.015,8615525
2024-04-24,135.717,135.871,134.971,135.592,7378594
2024-04-25,135.505,135.727,133.994,134.687,9693507
2024-04-26,134.186,135.082,134.090,134.725,6013758
2024-04-29,134.889,135.563,134.504,135.178,6388634
2024-04-30,135.630,135.919,134.985,135.082,9677720
2024-05-01,134.485,136.535,134.331,135.322,10710293
2024-05-02,136.054,136.150,134.494,135.226,8425562
2024-05-03,135.813,135.948,134.860,135.563,8539319
2024-05-06,135.678,136.145,135.380,136.112,5605118
2024-05-07,136.420,137.358,136.400,137.238,7720646
2024-05-08,137.517,137.536,136.593,136.766,5461097
2024-05-09,136.930,138.018,136.911,137.941,6821786
2024-05-10,138.123,138.701,138.027,138.220,6325067
2024-05-13,138.499,138.624,137.835,138.085,5351464
2024-05-14,138.277,138.740,137.758,138.672,6198799
2024-05-15,139.288,140.886,139.230,140.732,8433670
2024-05-16,140.434,140.963,140.174,140.568,6741009
2024-05-17,140.540,140.867,140.001,140.838,7071646
2024-05-20,140.694,140.881,140.241,140.540,3890023
2024-05-21,140.790,141.387,140.424,140.780,4048888
2024-05-22,140.405,141.449,140.318,141.031,6831234
2024-05-23,140.800,140.809,139.389,139.490,5155939
2024-05-24,139.673,139.895,138.932,139.019,3949525
2024-05-28,138.711,138.711,136.757,137.334,8375071
2024-05-29,136.160,136.429,135.678,136.266,6838269
2024-05-30,135.717,136.824,135.414,136.333,7395616
2024-05-31,136.766,138.398,136.603,138.326,7945890
2024-06-03,138.229,139.707,137.989,139.298,10304441
2024-06-04,139.173,140.087,138.653,139.702,6964248
2024-06-05,139.866,140.487,139.086,140.337,5373456
2024-06-06,140.232,141.098,139.750,140.800,5425770
2024-06-07,140.665,141.656,140.501,140.954,5222299
2024-06-10,140.732,141.507,140.222,141.473,5397727
2024-06-11,141.367,141.367,140.280,140.886,5194123
2024-06-12,141.493,141.541,140.222,140.588,6522859
2024-06-13,140.068,140.703,139.173,140.472,4720590
2024-06-14,140.183,140.463,139.601,140.424,4109831
2024-06-17,139.827,140.496,139.538,140.280,4542990
2024-06-18,140.434,140.925,140.155,140.463,4872625
2024-06-20,140.029,141.108,139.837,140.925,6653759
2024-06-21,141.108,141.618,140.766,141.319,8535435
2024-06-24,141.897,142.650,141.529,142.148,6446290
2024-06-25,142.312,142.510,141.360,141.703,5171672
2024-06-26,141.452,141.698,140.872,141.201,4572683
2024-06-27,141.307,141.365,140.157,140.969,4637944
2024-06-28,141.491,142.080,140.225,140.853,7656778
2024-07-01,141.133,142.530,139.794,140.060,6562067
2024-07-02,139.558,139.761,138.765,139.548,7536335
2024-07-03,139.799,139.809,137.934,138.485,7653965
2024-07-05,138.785,139.635,138.079,139.558,4846865
2024-07-08,139.712,140.099,139.046,139.403,4001547
2024-07-09,139.703,140.157,138.872,140.080,8337123
2024-07-10,140.234,141.423,139.925,141.404,5342450
2024-07-11,141.413,142.776,141.239,142.399,7692935
2024-07-12,142.882,143.882,142.776,143.288,6614662
2024-07-15,143.839,143.974,142.573,142.786,5804116
2024-07-16,143.646,144.854,143.327,144.825,7602476
2024-07-17,143.829,146.245,143.646,145.482,10395531
2024-07-18,144.554,145.501,141.926,142.177,11033367
2024-07-19,142.892,143.588,142.331,142.902,5985687
2024-07-22,143.626,143.984,142.911,143.723,5190313
2024-07-23,144.313,144.399,143.477,143.636,3553334
2024-07-24,143.713,145.013,143.230,144.834,6870395
2024-07-25,144.399,146.439,143.955,144.110,11472752
2024-07-26,144.090,145.859,144.003,144.921,6028837
2024-07-29,144.941,145.501,144.245,145.008,8227400
2024-07-30,145.008,146.033,144.100,145.134,7269477
2024-07-31,145.076,145.598,144.042,144.602,8417891
2024-08-01,145.347,146.245,144.467,146.081,10357711
2024-08-02,146.303,146.671,143.626,145.791,15742298
2024-08-05,143.510,143.791,141.278,141.897,17575636
2024-08-06,142.467,144.361,142.012,142.554,13335705
2024-08-07,142.457,143.143,140.650,141.104,11484999
2024-08-08,143.307,144.346,142.660,144.226,11479079
2024-08-09,144.477,145.308,144.168,144.941,8550467
2024-08-12,145.289,145.289,143.974,144.390,5044497
2024-08-13,144.960,146.279,144.796,146.139,4815735
2024-08-14,145.955,146.873,145.607,146.661,4837347
2024-08-15,147.337,147.811,146.651,147.579,5886933
2024-08-16,147.531,147.970,147.115,147.734,4562665
2024-08-19,147.743,148.763,147.656,148.632,4729719
2024-08-20,149.029,149.995,148.874,149.231,4879946
2024-08-21,149.541,149.869,148.957,149.483,5530111
2024-08-22,149.985,150.130,148.813,149.579,4951898
2024-08-23,149.976,150.333,149.444,150.227,4069501
2024-08-26,150.372,150.836,150.005,150.150,4433688
2024-08-27,150.295,150.797,149.850,150.382,3785444
2024-08-28,150.285,151.179,149.850,150.555,5150093
2024-08-29,151.155,151.561,150.237,150.874,4339350
2024-08-30,150.981,151.995,150.324,151.918,7020703
2024-09-03,151.609,152.537,151.213,151.628,7674912
2024-09-04,151.425,154.276,150.623,151.367,8235494
2024-09-05,151.203,151.290,148.565,149.289,7245564
2024-09-06,149.811,150.430,148.468,148.777,7652025
2024-09-09,149.154,150.295,148.584,149.821,6169412
2024-09-10,150.024,150.613,149.463,150.507,7337319
2024-09-11,149.966,150.237,147.714,150.063,6636620
2024-09-12,150.024,150.739,148.623,150.604,4838262
2024-09-13,150.671,151.377,150.468,150.913,4358649
2024-09-16,151.705,152.295,151.406,151.957,4711902
2024-09-17,151.773,151.812,149.864,150.391,6279990
2024-09-18,150.266,151.705,149.560,150.140,7148920
2024-09-19,151.493,151.493,150.285,150.681,6717643
2024-09-20,150.188,150.739,149.691,150.063,8541635
2024-09-23,150.534,150.554,149.496,149.768,6416424
2024-09-24,149.700,149.758,148.759,149.467,5341811
2024-09-25,149.923,150.137,147.949,148.012,5940096
2024-09-26,147.915,148.691,147.663,148.507,6173093
2024-09-27,148.701,149.574,148.420,148.429,7312567
2024-09-30,148.226,149.438,148.003,149.399,7235028
2024-10-01,149.516,149.724,148.051,148.614,10560380
2024-10-02,148.429,148.779,147.314,148.313,7158480
2024-10-03,147.944,148.080,146.703,146.974,5550985
2024-10-04,147.198,147.459,146.354,147.091,6591450
2024-10-07,147.101,147.547,146.164,146.441,5922859
2024-10-08,146.829,147.469,146.703,147.236,4726590
2024-10-09,147.372,148.856,147.023,148.740,7840031
2024-10-10,148.740,148.856,147.823,148.187,4385633
2024-10-11,148.653,149.448,148.439,149.273,9354102
2024-10-14,149.438,150.365,148.924,150.098,4819879
2024-10-15,148.090,149.947,147.935,148.265,9088576
2024-10-16,148.071,148.998,147.673,148.682,4510189
2024-10-17,148.187,148.429,147.721,147.818,5430044
2024-10-18,147.925,148.890,147.498,148.536,9823968
2024-10-21,148.148,148.546,146.645,146.790,4825870
2024-10-22,146.014,146.848,145.888,146.577,5166889
2024-10-23,146.179,146.402,145.112,145.888,4910436
2024-10-24,145.888,146.475,144.889,144.928,5066266
2024-10-25,145.422,145.500,143.967,144.132,5314527
2024-10-28,144.540,145.005,144.161,144.346,4923484
2024-10-29,144.249,144.840,143.880,143.948,7342579
2024-10-30,141.756,143.725,141.251,143.676,9211829
2024-10-31,142.823,143.492,142.435,142.464,6701204
2024-11-01,143.017,144.016,143.007,143.308,6896929
2024-11-04,142.959,143.647,142.086,142.367,5985990
2024-11-05,142.086,143.453,141.562,143.415,5035268
2024-11-06,146.150,146.383,142.930,143.599,10685862
2024-11-07,144.462,144.811,143.764,144.637,9381574
2024-11-08,144.831,146.417,144.666,145.675,8701068
2024-11-11,145.355,146.082,144.608,144.821,6072124
2024-11-12,144.588,144.831,142.769,142.803,7022700
2024-11-13,142.745,143.172,142.275,142.425,7023663
2024-11-14,142.183,142.192,140.029,140.184,7936741
2024-11-15,139.408,139.535,137.323,137.585,14246068
2024-11-18,137.226,137.827,137.071,137.682,7933235
2024-11-19,136.431,137.362,136.052,136.974,6205830
2024-11-20,137.265,138.788,137.042,138.594,9328841
2024-11-21,138.594,139.903,137.876,139.709,7969570
2024-11-22,140.000,140.669,139.617,139.835,6330311
2024-11-25,140.466,141.475,140.446,141.028,6834366
2024-11-26,141.455,141.940,140.349,141.785,6018641
2024-11-27,141.921,143.322,141.921,142.542,5953240
2024-11-29,142.532,143.356,142.309,142.988,3521247
2024-12-02,142.900,142.959,141.998,142.736,6220907
2024-12-03,142.726,143.007,142.338,142.415,4236349
2024-12-04,142.668,143.153,141.969,142.338,5597844
2024-12-05,141.707,141.863,140.485,140.747,8948940
2024-12-06,140.931,141.096,139.782,139.952,6545159
2024-12-09,140.087,140.737,139.602,140.359,6258634
2024-12-10,140.640,140.747,139.307,139.777,7200614
2024-12-11,139.214,139.331,137.842,137.876,6895008
2024-12-12,137.905,138.264,136.683,136.780,5994213
2024-12-13,136.605,137.207,135.926,136.760,7599399
2024-12-16,136.654,137.401,135.024,135.131,9476630
2024-12-17,134.539,136.033,134.442,135.034,10280072
2024-12-18,134.946,135.839,133.108,133.200,14448057
2024-12-19,132.948,133.666,131.867,132.192,11929337
2024-12-20,133.365,135.116,132.939,133.860,12098414
2024-12-23,134.077,135.388,133.483,135.198,8050472
2024-12-24,135.081,135.758,134.506,135.753,3139251
2024-12-26,135.276,136.143,135.130,136.026,4720422
2024-12-27,135.276,136.231,134.818,135.393,5948122
2024-12-30,134.613,134.613,133.230,133.727,6890556
2024-12-31,134.058,134.584,133.283,134.048,6627203
2025-01-02,134.721,135.217,133.610,134.087,9033304
2025-01-03,134.360,135.783,134.214,135.403,8289345
2025-01-06,135.344,136.455,135.013,135.461,8653497
2025-01-07,135.792,137.322,135.792,136.133,12639744
2025-01-08,136.387,137.035,135.140,136.835,7827396
2025-01-10,136.367,137.342,135.788,136.065,10344054
2025-01-13,136.211,138.189,136.094,137.839,9422242
2025-01-14,137.653,137.653,135.325,136.416,10277827
2025-01-15,136.796,137.624,136.192,136.971,11388426
2025-01-16,136.543,137.722,136.007,137.517,8512136
2025-01-17,137.332,137.780,136.591,136.591,7668273
2025-01-21,137.312,138.862,137.293,138.852,7257829
2025-01-22,138.170,138.979,137.517,138.540,8189904
2025-01-23,138.920,140.406,138.238,140.392,8032946
2025-01-24,139.768,140.908,139.602,140.616,8127872
2025-01-27,141.385,143.802,141.259,143.773,12311304
2025-01-28,143.763,143.958,142.730,142.769,9686428
2025-01-29,142.350,142.828,141.580,141.931,8159200
2025-01-30,142.506,143.963,142.496,143.568,7705191
2025-01-31,143.802,144.786,143.057,143.110,9213355
2025-02-03,142.243,144.367,142.204,143.666,13001514
2025-02-04,142.087,143.432,141.863,143.276,11762048
2025-02-05,143.627,144.908,143.334,144.650,10042275
2025-02-06,144.357,144.659,143.139,143.354,12422219
2025-02-07,143.558,144.133,142.574,142.681,11199692
2025-02-10,142.847,142.896,141.736,142.555,7374356
2025-02-11,142.145,142.574,141.717,142.292,6635040
2025-02-12,141.951,142.857,141.649,142.087,7572280
2025-02-13,142.370,142.954,141.444,142.642,6293261
2025-02-14,142.750,142.944,141.093,141.093,5299228
2025-02-18,140.236,141.181,140.158,140.820,11366845
2025-02-19,140.830,142.691,140.801,142.652,6296079
2025-02-20,142.448,143.529,142.360,143.451,6264773
2025-02-21,141.756,143.373,141.619,142.681,8646974
2025-02-24,142.837,144.426,142.525,143.841,7559370
2025-02-25,144.114,145.268,143.636,145.078,11981261
2025-02-26,144.513,145.137,143.573,144.036,6566828
2025-02-27,143.773,145.098,143.395,143.451,7377044
2025-02-28,143.685,145.342,142.740,145.117,8453744
2025-03-03,145.205,146.472,145.147,145.751,9459273
2025-03-04,145.955,146.228,144.177,144.396,10804677
2025-03-05,143.743,146.072,143.471,145.848,7597734
2025-03-06,145.186,145.653,144.143,145.449,7122176
2025-03-07,144.854,146.437,144.645,145.458,8532510
2025-03-10,144.328,146.072,143.568,143.890,13577787
2025-03-11,143.899,144.099,141.571,142.321,9411939
2025-03-12,141.999,142.253,140.431,140.898,7141081
2025-03-13,140.957,141.356,139.817,140.148,8041574
2025-03-14,140.245,141.434,139.739,141.220,6761296
2025-03-17,141.015,143.344,141.015,143.013,6017373
2025-03-18,143.061,143.295,142.301,143.081,5528032
2025-03-19,143.188,143.534,142.165,143.159,6156298
2025-03-20,143.178,143.856,142.759,143.247,8034118
2025-03-21,142.828,143.100,141.999,142.847,7635316
2025-03-24,143.228,144.172,142.925,143.942,6500813
2025-03-25,144.285,144.373,141.206,142.103,6502030
2025-03-26,142.211,142.791,141.242,141.585,8759221
2025-03-27,141.369,142.250,141.311,141.810,6264332
2025-03-28,141.692,142.074,141.301,141.369,6210808
2025-03-31,140.655,143.424,140.352,142.827,8085670
2025-04-01,142.309,142.309,139.780,140.215,9906066
2025-04-02,139.658,141.252,139.090,141.154,6392678
2025-04-03,140.626,142.025,139.932,140.010,10990921
2025-04-04,138.063,138.621,132.277,132.331,21341099
2025-04-07,128.839,134.375,126.833,131.539,29940306
2025-04-08,136.390,136.399,128.418,130.081,20860411
2025-04-09,127.293,136.200,126.853,135.735,39444680
2025-04-10,134.698,134.737,128.467,131.949,21957352
2025-04-11,132.204,134.757,130.736,133.886,10755630
2025-04-14,135.197,136.009,133.974,135.520,7437345
2025-04-15,135.970,136.014,134.297,134.688,6239000
2025-04-16,135.109,135.598,132.683,133.319,8150800
2025-04-17,132.390,133.593,132.155,132.536,9662773
2025-04-21,132.243,132.409,128.692,129.680,6456085
2025-04-22,130.727,132.331,130.233,132.116,8012486
2025-04-23,133.563,134.918,132.184,132.771,9503247
2025-04-24,132.986,134.542,132.174,134.395,5432961
2025-04-25,134.591,135.187,132.918,135.041,6438431
2025-04-28,135.226,136.009,134.405,135.579,5803428
2025-04-29,135.402,136.919,134.727,136.244,7812100
2025-04-30,136.508,137.726,135.246,137.408,6827847
2025-05-01,135.784,136.077,133.495,133.661,10363184
2025-05-02,135.764,135.980,134.551,135.510,9777135
2025-05-05,135.236,135.652,134.581,135.129,5479960
2025-05-06,134.141,134.199,131.049,131.402,11625944
2025-05-07,131.812,132.791,131.470,132.409,6440514
2025-05-08,131.480,132.380,130.771,131.216,10558242
2025-05-09,131.382,131.832,129.729,129.788,7581674
2025-05-12,129.978,133.162,129.748,132.996,15211487
2025-05-13,131.020,131.020,128.956,128.995,17816962
2025-05-14,129.391,129.660,125.875,125.963,19579482
2025-05-15,125.669,127.694,124.574,127.616,18792674
2025-05-16,127.851,130.238,127.469,130.189,12901782
2025-05-19,130.120,131.504,129.753,131.441,11645235
2025-05-20,131.470,132.145,131.260,131.764,11644698
2025-05-21,130.648,131.216,128.653,128.712,16635924
2025-05-22,127.782,128.379,127.146,127.704,12722641
2025-05-23,127.098,127.748,126.723,127.499,9127098
2025-05-27,128.565,129.504,128.301,129.279,12304443
2025-05-28,129.230,129.690,128.271,128.614,11087470
2025-05-29,128.809,129.866,128.423,129.475,10673735
2025-05-30,129.191,130.428,128.027,129.748,11651333
2025-06-02,129.416,129.885,128.252,129.827,11845031
2025-06-03,129.484,130.609,128.853,130.130,14304622
2025-06-04,130.521,131.402,130.384,130.384,9986080
2025-06-05,130.707,130.986,129.680,130.208,13705543
2025-06-06,130.893,131.900,130.873,131.451,9153482
2025-06-09,131.421,131.871,130.482,131.226,9976863
2025-06-10,131.343,133.123,131.323,132.722,11488020
2025-06-11,132.752,133.593,132.390,132.791,13644041
2025-06-12,132.800,133.857,132.531,133.828,9809545
2025-06-13,133.094,134.336,132.722,133.162,13722759
2025-06-16,133.446,133.847,132.135,132.752,14170992
2025-06-17,132.155,132.458,130.384,130.560,13506002
2025-06-18,130.570,131.196,129.602,130.335,12185261
2025-06-20,130.785,130.883,129.523,129.709,13745102
2025-06-23,129.789,130.457,128.727,129.887,14181644
2025-06-24,130.231,131.774,129.730,131.479,11272914
2025-06-25,131.223,131.985,130.486,131.597,11996841
2025-06-26,131.872,132.835,131.445,131.911,13177723
2025-06-27,132.010,132.806,131.400,131.626,13818457
2025-06-30,131.597,132.629,131.499,132.472,12407654
2025-07-01,132.265,135.391,132.147,134.359,21204317
2025-07-02,133.685,133.946,132.914,133.032,13720388
2025-07-03,133.219,133.563,132.840,133.169,7282662
2025-07-07,133.120,133.120,131.351,132.049,14052702
2025-07-08,131.951,133.877,131.705,132.649,19486044
2025-07-09,132.924,133.582,132.108,133.160,13963895
2025-07-10,133.179,135.263,132.678,133.975,17670454
2025-07-11,133.543,133.543,132.039,132.865,14246953
2025-07-14,132.334,132.983,132.088,132.707,11095395
2025-07-15,132.904,133.143,130.192,130.319,17095552
2025-07-16,130.850,132.103,130.712,131.941,14142114
2025-07-17,131.002,131.381,130.005,130.437,15740942
2025-07-18,130.781,130.948,129.395,129.572,13245489
2025-07-21,129.641,130.044,128.771,128.835,9468736
2025-07-22,129.051,131.508,129.051,131.233,16681891
2025-07-23,132.934,133.970,132.481,133.926,16623992
2025-07-24,133.789,134.575,133.209,133.425,11054765
2025-07-25,133.902,134.349,133.405,134.133,9540321
2025-07-28,133.798,134.039,132.609,132.963,9780254
2025-07-29,131.597,132.771,130.653,132.118,14967647
2025-07-30,132.560,132.860,131.341,131.882,11634605
2025-07-31,130.732,131.494,127.739,128.187,26441560
2025-08-01,128.447,129.140,127.626,128.875,20736159
2025-08-04,129.130,130.776,129.101,130.722,11331033
2025-08-05,130.172,130.663,129.774,130.221,14319632
2025-08-06,129.671,129.779,128.108,128.265,14342796
2025-08-07,127.538,128.000,125.759,126.791,24421932
2025-08-08,127.002,128.196,127.002,127.921,13747116
2025-08-11,128.049,129.061,127.904,128.049,14473985
2025-08-12,128.098,128.973,127.894,128.934,17221273
2025-08-13,129.553,131.076,129.386,130.997,15069862
2025-08-14,130.771,131.793,130.128,131.656,15463979
2025-08-15,133.150,134.246,132.855,133.867,13929623
2025-08-18,134.182,134.830,133.479,133.553,12572019
2025-08-19,133.533,134.855,133.445,134.408,13578230
2025-08-20,134.653,135.828,134.649,135.135,14607012
2025-08-21,134.850,136.078,134.585,134.683,13218890
2025-08-22,135.430,136.629,135.430,135.793,11898622
2025-08-25,135.764,135.882,133.759,133.857,10680951
2025-08-26,134.241,134.811,133.995,134.693,11397519
2025-08-27,134.634,135.341,134.378,134.614,8321680
2025-08-28,134.477,134.496,133.425,134.083,9165745
2025-08-29,134.187,135.101,134.024,135.066,9655701
2025-09-02,134.535,135.371,134.114,135.194,13325289
2025-09-03,134.752,135.391,133.897,134.555,12585986
2025-09-04,134.447,135.101,133.739,135.066,11778622
2025-09-05,134.919,135.995,134.693,135.528,14663971
2025-09-08,135.096,135.494,134.024,135.479,15753324
2025-09-09,135.685,136.580,135.351,136.206,12249641
2025-09-10,136.128,136.128,134.452,134.968,13588587
2025-09-11,135.666,137.587,135.518,137.317,16470805
2025-09-12,136.835,137.405,135.725,135.735,11345384
2025-09-15,135.882,136.157,134.309,134.575,11233821
2025-09-16,134.309,135.027,134.187,134.575,12443784
2025-09-17,134.771,135.911,134.486,134.840,12501479
2025-09-18,134.840,135.567,134.535,135.106,11472923
2025-09-19,135.449,135.528,134.821,134.929,11281215
2025-09-22,134.460,135.512,134.159,134.895,9732678
2025-09-23,134.529,135.606,134.421,135.201,9902975
2025-09-24,135.082,135.319,134.431,134.658,7472029
2025-09-25,134.396,134.451,132.027,132.427,14099731
2025-09-26,133.434,133.898,132.930,133.779,10070970
2025-09-29,133.957,134.243,133.024,134.174,7735785
2025-09-30,134.036,137.723,133.947,137.403,19313484
2025-10-01,138.025,141.905,137.827,141.648,23657940
2025-10-02,140.345,141.747,140.340,141.371,15176210
2025-10-03,141.747,144.279,141.737,142.981,15829184
2025-10-06,143.060,143.218,142.142,142.290,12879875
2025-10-07,142.290,142.823,141.460,142.398,12479060
2025-10-08,142.759,143.124,142.191,142.675,8925752
2025-10-09,142.941,143.405,142.127,142.359,7657022
2025-10-10,142.773,142.902,140.137,140.305,13350120
2025-10-13,139.930,141.125,139.831,140.147,8257651
2025-10-14,139.802,141.046,139.259,140.532,10044898
2025-10-15,140.216,141.431,139.565,140.749,7260807
2025-10-16,141.036,141.816,140.159,140.513,11194125
2025-10-17,139.782,141.595,139.589,141.450,8160283
2025-10-20,141.890,143.149,141.737,142.951,8435874
2025-10-21,143.208,143.776,142.507,143.287,9031769
2025-10-22,144.353,144.867,143.689,144.106,12705283
2025-10-23,143.667,144.649,143.524,144.185,7924931
2025-10-24,144.432,144.896,144.027,144.175,7007605
2025-10-27,144.235,144.590,143.376,144.511,6466708
2025-10-28,144.546,144.679,143.346,143.603,8652660
2025-10-29,143.376,143.598,141.742,142.151,12434772
2025-10-30,142.132,143.598,141.944,142.467,10756064
2025-10-31,141.204,142.655,140.888,142.418,10581213
2025-11-03,142.240,142.719,141.011,142.615,12279262
2025-11-04,141.944,143.637,141.668,143.257,14182235
2025-11-05,142.793,144.402,142.546,143.810,13154600
2025-11-06,143.297,144.254,143.099,144.087,14395750
2025-11-07,143.988,144.294,142.882,144.284,14522910
2025-11-10,143.938,145.553,143.869,145.410,12305941
2025-11-11,145.725,148.900,145.725,148.766,12659543
2025-11-12,149.072,151.215,148.806,150.879,17847485
2025-11-13,150.109,152.553,149.931,150.800,21807600
2025-11-14,150.282,150.973,149.270,149.902,15468941
2025-11-17,149.418,151.373,149.221,149.773,17516532
2025-11-18,149.823,151.185,149.232,150.652,24494241
2025-11-19,150.544,150.988,149.645,150.395,17352598
2025-11-20,150.553,151.393,149.201,149.497,25278517
2025-11-21,149.862,153.732,149.783,152.646,25526095
2025-11-24,153.170,154.177,152.518,153.288,17928640
2025-11-25,153.792,156.872,153.792,156.754,17298557
2025-11-26,156.408,156.931,156.146,156.408,12399075
2025-11-28,156.191,156.240,155.164,155.648,8559710
2025-12-01,155.046,155.855,153.204,153.318,17321233
2025-12-02,153.278,153.496,152.177,152.400,16150322
2025-12-03,152.706,153.802,152.696,153.110,12724849
2025-12-04,153.032,153.061,151.422,151.945,13674602
2025-12-05,152.488,152.666,151.017,151.314,8868992
2025-12-08,151.402,151.472,149.275,149.507,10996043
2025-12-09,150.070,150.736,147.947,148.056,11543305
2025-12-10,148.470,150.247,147.967,150.208,15534765
2025-12-11,150.820,152.340,150.326,151.630,14703435
2025-12-12,151.797,152.597,151.462,152.103,13175937
2025-12-15,152.508,154.325,152.479,154.118,14681832
2025-12-16,154.053,154.137,151.146,152.113,12491637
2025-12-17,152.271,152.814,151.718,151.837,9093708
2025-12-18,151.797,153.204,151.723,151.955,8876431
2025-12-19,151.965,153.792,151.965,152.972,8571505
2025-12-22,152.840,154.049,152.493,153.980,7063672
2025-12-23,153.375,154.337,153.326,153.673,7465847
2025-12-24,153.851,154.615,153.831,154.476,3085686
2025-12-26,154.362,154.793,154.030,154.724,4439338
2025-12-29,154.743,155.160,154.357,154.486,6357305
2025-12-30,154.337,154.654,153.876,154.357,4355090
2025-12-31,154.277,154.510,153.449,153.484,4199871
2026-01-02,153.554,154.248,152.270,154.188,10997959
2026-01-05,153.276,154.069,151.670,153.722,17756230
2026-01-06,153.821,156.984,153.821,156.746,17783789
2026-01-07,157.192,159.225,157.192,158.303,14505685
2026-01-08,157.797,159.136,156.265,156.776,17610979
2026-01-09,156.984,157.579,155.923,155.973,12352031
2026-01-12,155.993,156.161,154.684,156.042,12250050
2026-01-13,156.310,156.330,154.416,155.408,11756519
2026-01-14,155.279,156.642,155.150,156.518,13516844
2026-01-15,155.973,156.112,154.049,155.626,15303752
2026-01-16,155.309,155.636,154.386,154.416,11950342
2026-01-20,152.686,154.595,151.928,154.079,12775604
2026-01-21,153.881,157.163,153.826,156.915,16393897
2026-01-22,156.310,157.877,156.161,156.945,10881377
2026-01-23,156.459,157.034,155.328,156.141,10191324
2026-01-26,156.032,156.980,155.566,156.756,6810415
2026-01-27,154.476,155.759,153.816,154.129,12697519
2026-01-28,152.988,153.831,152.161,152.998,11426592
2026-01-29,152.939,153.355,152.195,152.513,12167310
2026-01-30,152.805,153.613,151.987,153.425,11863923
2026-02-02,153.266,154.684,153.088,154.367,11005278
2026-02-03,153.459,155.784,152.542,152.790,21141876
2026-02-04,153.494,155.442,152.919,154.704,22951614
2026-02-05,154.139,155.636,153.365,153.524,21421561
2026-02-06,154.714,156.454,154.585,156.369,13616185
2026-02-09,156.231,156.806,154.704,154.991,11822965
2026-02-10,155.328,155.824,153.920,154.010,11103681
2026-02-11,153.861,155.051,153.068,154.922,11738571
2026-02-12,154.882,156.082,154.158,154.674,19409285
2026-02-13,155.190,157.450,155.190,156.330,16647937
2026-02-17,156.682,157.559,155.794,156.032,14881059
2026-02-18,155.859,156.459,155.150,156.330,11886340
2026-02-19,155.864,156.379,154.857,155.923,11227277
2026-02-20,155.666,155.913,154.545,155.487,13368518
2026-02-23,155.794,157.331,155.794,157.192,17053489
2026-02-24,156.667,157.153,155.971,156.528,12887254
2026-02-25,156.528,157.877,156.280,156.488,11011486
2026-02-26,156.726,156.826,154.763,156.082,15344362
2026-02-27,155.408,158.878,155.373,158.838,14250063
2026-03-02,157.837,158.481,156.647,157.182,18641385
2026-03-03,155.328,156.052,153.683,155.408,21432641
2026-03-04,155.408,156.241,154.347,155.715,12745693
2026-03-05,153.811,154.377,151.422,152.602,20476801
2026-03-06,151.481,151.690,149.667,151.402,18174029
2026-03-09,150.490,153.236,149.845,152.949,18675701
2026-03-10,153.098,153.226,151.704,151.848,17247506
2026-03-11,151.536,151.853,150.644,151.551,12503797
2026-03-12,150.658,151.189,148.750,148.884,15670463
2026-03-13,149.756,151.005,148.398,148.517,15129348
2026-03-16,149.469,150.440,149.102,149.726,10896684
2026-03-17,149.935,150.554,148.269,148.368,11938614
2026-03-18,147.456,147.783,145.760,145.889,15565399
2026-03-19,145.884,146.831,145.056,145.364,16912987
2026-03-20,145.235,145.770,143.430,144.095,16582211
2026-03-23,145.915,146.119,143.964,144.133,21815405
2026-03-24,143.317,144.661,142.749,144.153,24230857
2026-03-25,145.044,146.045,144.710,145.597,17743263
2026-03-26,145.109,146.259,144.989,145.099,13320966
2026-03-27,145.079,145.158,142.440,142.630,12932181
2026-03-30,143.665,143.989,142.799,143.187,14799709
2026-03-31,144.173,146.104,143.959,145.965,17865985
2026-04-01,146.572,148.105,146.303,147.080,16899201
2026-04-02,146.284,147.707,145.626,146.164,11087896
2026-04-06,145.636,146.493,145.119,145.636,7272600
2026-04-07,146.264,146.264,144.243,145.925,10263369
2026-04-08,147.548,149.041,146.851,149.011,8130677
2026-04-09,148.175,149.554,147.647,148.673,6406585
2026-04-10,149.121,149.176,146.463,146.662,6217954
2026-04-13,146.234,147.394,145.597,147.319,6183006
2026-04-14,146.732,148.942,146.592,148.175,7722277
2026-04-15,148.205,148.553,146.239,147.120,6669159
2026-04-16,146.542,147.548,145.641,145.965,9072308
2026-04-17,146.722,148.459,146.712,148.145,8338105
2026-04-20,147.797,148.086,146.498,146.771,6325730
2026-04-21,147.638,147.906,145.238,145.278,8735292
2026-04-22,145.865,146.931,145.363,145.736,8316881
2026-04-23,145.557,146.124,144.521,145.597,7611991
2026-04-24,144.601,144.890,143.043,143.546,7969746
2026-04-27,143.048,144.571,142.789,142.829,6571929
2026-04-28,143.934,144.223,142.650,143.207,8612435
2026-04-29,141.634,142.615,141.345,142.212,11885537
2026-04-30,143.048,145.646,143.028,145.348,12587761
2026-05-01,145.646,145.960,144.511,144.521,8865818
2026-05-04,143.919,144.566,143.685,144.093,10885929
2026-05-05,144.641,145.014,143.780,144.661,7174868
2026-05-06,144.720,145.507,144.262,144.760,10613462
2026-05-07,144.541,145.198,143.630,144.083,7608007
2026-05-08,143.954,144.432,142.545,142.859,10165376
2026-05-11,143.113,144.382,142.042,142.411,9255725
2026-05-12,143.172,145.995,142.560,145.208,11897200
2026-05-13,144.681,146.328,144.491,146.064,15841774
2026-05-14,146.204,146.751,145.293,145.985,7763825
2026-05-15,146.114,146.508,144.248,144.462,9039914
2026-05-18,143.864,145.149,143.486,145.079,7949181
2026-05-19,144.979,147.418,144.213,146.672,12388178
2026-05-20,146.891,147.369,145.646,146.483,10527856
2026-05-21,146.254,147.647,145.198,147.498,7157022
2026-05-22,148.434,149.659,148.344,149.230,6916747
2026-05-26,149.290,149.640,147.787,147.857,6595804
2026-05-27,148.036,149.539,147.628,148.135,10062477
2026-05-28,148.494,150.684,148.454,150.216,10399827
2026-05-29,150.186,150.375,148.444,148.812,13199620
2026-06-01,147.867,148.225,146.612,147.190,12582888
2026-06-02,146.104,146.622,144.671,145.756,12024268
2026-06-03,145.517,147.399,145.427,146.901,9836036
2026-06-04,149.718,151.869,149.629,151.411,14051832
2026-06-05,152.705,154.019,152.247,152.337,20722969
2026-06-08,152.566,153.790,151.739,151.978,10639544
2026-06-09,152.805,154.293,152.506,153.890,13125457
2026-06-10,154.278,154.447,152.148,152.177,11712156
2026-06-11,152.785,154.476,152.187,153.412,10548828
2026-06-12,154.288,154.472,152.695,153.133,9110986
2026-06-15,153.029,153.203,151.097,152.217,9525268
2026-06-16,152.924,153.044,151.052,152.267,8629974
2026-06-17,151.381,151.894,149.310,150.047,10991351
2026-06-18,150.604,150.604,148.135,148.743,10879276
2026-06-22,149.330,150.620,149.060,150.060,11706140
2026-06-23,151.490,152.425,150.995,152.180,9479891
2026-06-24,153.130,154.670,152.460,153.350,10070087
2026-06-25,153.950,157.205,153.590,155.630,9425201
2026-06-26,156.320,160.640,156.180,160.340,16563846
2026-06-29,160.700,161.090,159.880,160.740,12934972
2026-06-30,161.010,161.250,157.960,158.660,11559365
2026-07-01,159.610,159.960,158.500,159.540,10123744
2026-07-02,160.670,163.850,160.380,163.740,14722268
2026-07-06,163.200,163.451,160.250,161.960,16123449
2026-07-07,164.750,165.605,163.880,164.440,12143506
2026-07-08,163.415,163.990,162.255,162.300,9287864
2026-07-09,161.800,163.420,161.360,162.170,9576421
2026-07-10,162.480,162.660,160.240,160.840,9497113
2026-07-13,160.970,162.240,160.320,161.410,6873021
2026-07-14,159.780,160.080,157.780,158.290,11523028
2026-07-15,157.380,159.350,157.250,158.290,10885301
2026-07-16,160.350,162.640,159.940,161.800,11819015
2026-07-17,161.810,164.000,160.880,161.090,9166517
2026-07-20,161.000,161.485,159.180,159.250,6635282
2026-07-21,157.530,160.370,157.230,160.250,6594892
2026-07-22,160.970,160.970,158.945,159.430,5599525
2026-07-23,159.900,161.610,159.320,161.440,6448150
2026-07-24,162.470,163.250,161.580,162.570,7647910
2026-07-27,163.010,164.570,162.350,163.400,8064899
2026-07-28,165.990,168.530,165.750,167.260,12774751
2026-07-29,167.150,168.155,165.770,166.240,11658259
2026-07-30,163.250,163.950,161.860,163.520,12483481
2026-07-31,162.310,163.230,160.730,162.550,9604930
2026-08-03,163.630,164.730,161.350,162.240,10986289
2026-08-04,162.000,162.490,160.970,162.100,15129627
2026-08-05,163.640,165.345,162.620,164.160,15216002
2026-08-06,166.140,167.020,163.025,164.450,9435137
2026-08-07,163.920,165.770,162.915,165.680,7971774
2026-08-10,165.680,168.500,165.550,168.440,6995859
2026-08-11,168.280,169.660,167.640,168.010,6680853
2026-08-12,166.420,168.875,165.760,168.440,7138254
2026-08-13,169.490,169.710,167.835,168.380,6730130
2026-08-14,167.660,167.765,166.445,167.370,5023839
2026-08-17,166.450,167.870,165.860,167.050,7225488
