date,open,high,low,close,volume
2016-01-04,34.336,34.403,33.978,34.354,26800830
2016-01-05,34.385,34.499,34.063,34.309,14849898
2016-01-06,33.808,34.153,33.701,33.974,20230818
2016-01-07,33.299,33.857,33.198,33.276,25290382
2016-01-08,33.544,33.692,32.842,32.918,21595326
2016-01-11,33.115,33.312,32.695,33.178,26465426
2016-01-12,33.410,33.743,33.155,33.544,17474140
2016-01-13,33.683,33.683,32.346,32.413,29861072
2016-01-14,32.480,32.934,31.863,32.646,31838726
2016-01-15,31.796,32.189,31.604,31.975,29103028
2016-01-19,32.328,32.473,31.769,32.096,23245286
2016-01-20,31.635,32.091,30.830,31.814,42886480
2016-01-21,31.912,32.605,31.751,32.221,31888434
2016-01-22,32.744,32.909,32.581,32.784,14370222
2016-01-25,32.780,32.867,32.373,32.409,14296804
2016-01-26,32.529,32.950,32.368,32.883,15900124
2016-01-27,32.824,33.039,32.218,32.368,21285338
2016-01-28,32.775,32.874,32.203,32.784,20804344
2016-01-29,32.619,33.173,32.498,33.142,23052556
2016-02-01,32.950,33.477,32.791,33.343,16598858
2016-02-02,33.115,33.218,32.579,32.695,18097822
2016-02-03,33.003,33.021,31.984,32.610,26703518
2016-02-04,32.507,32.587,32.140,32.422,19875684
2016-02-05,32.279,32.306,31.286,31.376,25646702
2016-02-08,31.031,31.031,30.235,30.767,26351952
2016-02-09,30.374,31.076,30.318,30.718,28947464
2016-02-10,30.745,31.194,30.651,30.665,26574318
2016-02-11,30.226,30.839,30.226,30.647,27130556
2016-02-12,30.982,31.224,30.691,31.210,21854450
2016-02-16,31.671,31.975,31.483,31.966,20940804
2016-02-17,32.301,32.740,32.261,32.655,19549452
2016-02-18,32.672,32.681,32.328,32.440,13948312
2016-02-19,32.234,32.538,32.042,32.529,15183284
2016-02-22,32.820,33.207,32.793,33.160,11289904
2016-02-23,33.066,33.299,32.885,32.977,12913330
2016-02-24,32.704,33.222,32.337,33.169,21643166
2016-02-25,33.205,33.509,33.017,33.500,11096326
2016-02-26,33.688,33.714,33.397,33.464,13932622
2016-02-29,33.473,33.732,33.290,33.290,17485580
2016-03-01,33.580,34.200,33.468,34.171,18691554
2016-03-02,34.112,34.175,33.898,34.139,15275540
2016-03-03,34.081,34.345,33.992,34.340,19039000
2016-03-04,34.358,34.457,34.157,34.309,15493448
2016-03-07,34.130,34.336,33.960,34.162,14870978
2016-03-08,33.960,34.211,33.862,33.893,12680066
2016-03-09,34.023,34.050,33.737,33.960,13489300
2016-03-10,34.121,34.264,33.601,34.045,16129726
2016-03-11,34.332,34.569,34.249,34.569,11387122
2016-03-14,34.470,34.797,34.470,34.698,11000688
2016-03-15,34.479,34.703,34.479,34.689,8999198
2016-03-16,34.649,35.047,34.551,34.971,14508694
2016-03-17,34.895,35.148,34.788,35.020,12321694
2016-03-18,35.080,35.233,35.000,35.062,19413064
2016-03-21,35.053,35.121,34.860,35.080,8098748
2016-03-22,34.829,35.121,34.815,35.022,8984644
2016-03-23,34.856,34.946,34.739,34.775,17043922
2016-03-24,34.492,34.824,34.393,34.820,13916144
2016-03-28,34.869,35.130,34.842,34.977,10265244
2016-03-29,34.928,35.363,34.928,35.332,10979170
2016-03-30,35.475,35.637,35.408,35.556,10548480
2016-03-31,35.502,35.646,35.458,35.516,10140880
2016-04-01,35.291,35.740,35.264,35.664,16283674
2016-04-04,35.704,35.740,35.342,35.386,18943662
2016-04-05,35.206,35.269,35.004,35.085,17096082
2016-04-06,35.130,35.449,35.040,35.417,13554168
2016-04-07,35.273,35.386,34.865,35.018,10346718
2016-04-08,35.161,35.197,34.833,34.964,10318864
2016-04-11,35.071,35.229,34.815,34.833,11741998
2016-04-12,34.842,35.152,34.685,35.098,11502540
2016-04-13,35.305,35.606,35.247,35.592,10081000
2016-04-14,35.615,35.700,35.471,35.592,6924516
2016-04-15,35.597,35.713,35.493,35.691,8599386
2016-04-18,35.691,36.028,35.592,36.028,8926044
2016-04-19,36.073,36.127,35.696,35.830,8545572
2016-04-20,35.920,35.996,35.704,35.875,9571454
2016-04-21,35.969,36.037,35.736,35.749,8285488
2016-04-22,35.767,35.880,35.458,35.678,9460022
2016-04-25,35.610,35.722,35.464,35.718,7794434
2016-04-26,35.781,35.918,35.612,35.803,7797066
2016-04-27,35.785,35.859,35.592,35.767,11423258
2016-04-28,35.592,35.907,35.305,35.381,14601562
2016-04-29,35.673,35.731,35.289,35.561,16799096
2016-05-02,35.660,36.086,35.615,36.059,13296040
2016-05-03,35.790,35.938,35.653,35.727,11558698
2016-05-04,35.435,35.718,35.404,35.565,12876472
2016-05-05,35.552,35.592,35.309,35.336,12589506
2016-05-06,35.264,35.597,35.148,35.597,10783400
2016-05-09,35.583,35.799,35.571,35.696,10433026
2016-05-10,35.799,36.160,35.794,36.153,9664566
2016-05-11,35.803,35.803,35.404,35.426,12233534
2016-05-12,35.561,35.628,35.242,35.493,11206540
2016-05-13,35.318,35.475,35.053,35.071,15204098
2016-05-16,35.044,35.404,34.995,35.291,9211452
2016-05-17,35.238,35.314,34.791,34.892,13086490
2016-05-18,34.654,34.914,34.452,34.690,22658690
2016-05-19,34.537,34.712,34.414,34.658,15667292
2016-05-20,34.699,35.000,34.672,34.887,7816178
2016-05-23,34.838,34.995,34.730,34.766,8505088
2016-05-24,34.901,35.282,34.887,35.184,7982928
2016-05-25,35.211,35.453,35.211,35.377,8707818
2016-05-26,35.475,35.601,35.395,35.449,7007906
2016-05-27,35.502,35.666,35.502,35.615,6424224
2016-05-31,35.669,35.691,35.440,35.579,8325936
2016-06-01,35.413,35.579,35.332,35.556,7535530
2016-06-02,35.458,35.763,35.449,35.754,8115778
2016-06-03,35.624,35.660,35.278,35.520,11310902
2016-06-06,35.561,35.678,35.431,35.610,8199946
2016-06-07,35.610,35.808,35.606,35.655,8651336
2016-06-08,35.669,35.754,35.556,35.696,7903196
2016-06-09,35.511,35.655,35.475,35.615,13162198
2016-06-10,35.332,35.386,35.143,35.242,9627086
2016-06-13,35.179,35.435,35.022,35.049,12066810
2016-06-14,34.964,35.092,34.737,34.959,16195330
2016-06-15,34.986,35.345,34.986,35.058,11271762
2016-06-16,34.892,35.215,34.681,35.170,12764624
2016-06-17,35.214,35.241,35.050,35.115,17119490
2016-06-20,35.386,35.755,35.386,35.431,7944392
2016-06-21,35.534,35.534,35.280,35.350,5798560
2016-06-22,35.377,35.575,35.273,35.300,8207436
2016-06-23,35.624,35.651,35.485,35.647,8882410
2016-06-24,34.394,34.931,34.237,34.313,30696312
2016-06-27,34.002,34.059,33.426,33.691,21722186
2016-06-28,34.083,34.363,33.984,34.363,15721270
2016-06-29,34.773,34.976,34.579,34.917,14107532
2016-06-30,35.025,35.187,34.800,35.174,13423680
2016-07-01,35.210,35.620,35.142,35.539,14260256
2016-07-05,35.318,35.390,35.030,35.250,14635116
2016-07-06,35.106,35.552,35.030,35.552,15561246
2016-07-07,35.498,35.706,35.467,35.706,18485654
2016-07-08,35.935,36.354,35.935,36.327,14822762
2016-07-11,36.526,36.629,36.422,36.539,8862042
2016-07-12,36.656,36.778,36.625,36.683,9772084
2016-07-13,36.733,36.764,36.422,36.503,7310802
2016-07-14,36.773,36.864,36.607,36.652,6812098
2016-07-15,36.828,36.836,36.463,36.490,6967366
2016-07-18,36.575,36.733,36.476,36.629,5550082
2016-07-19,36.431,36.573,36.354,36.562,5273560
2016-07-20,36.661,36.733,36.490,36.715,4902014
2016-07-21,36.710,36.778,36.503,36.616,4869494
2016-07-22,36.652,36.813,36.572,36.769,5059268
2016-07-25,36.873,36.873,36.715,36.828,6260438
2016-07-26,36.796,36.960,36.652,36.782,9975448
2016-07-27,36.891,36.904,36.530,36.670,8590244
2016-07-28,36.571,36.782,36.436,36.737,6317828
2016-07-29,36.688,36.832,36.625,36.778,7992534
2016-08-01,36.778,36.931,36.638,36.837,5500418
2016-08-02,36.864,36.864,36.215,36.287,8493364
2016-08-03,36.165,36.390,36.089,36.390,7744024
2016-08-04,36.323,36.449,36.228,36.372,4480696
2016-08-05,36.589,36.810,36.445,36.755,7037182
2016-08-08,36.782,36.846,36.602,36.634,6296780
2016-08-09,36.562,36.706,36.454,36.526,14728152
2016-08-10,36.539,36.710,36.526,36.602,6778890
2016-08-11,36.801,37.012,36.782,36.967,7389542
2016-08-12,36.891,37.039,36.688,36.949,4913254
2016-08-15,37.048,37.120,36.999,37.021,6140900
2016-08-16,36.931,36.976,36.782,36.810,4615852
2016-08-17,36.679,36.749,36.503,36.724,6848540
2016-08-18,36.746,36.787,36.634,36.701,9466054
2016-08-19,36.656,36.801,36.584,36.724,7447742
2016-08-22,36.688,36.742,36.580,36.688,5777160
2016-08-23,36.859,36.918,36.807,36.873,10701648
2016-08-24,36.837,36.924,36.625,36.697,6466222
2016-08-25,36.562,36.697,36.508,36.575,6061496
2016-08-26,36.629,36.773,36.309,36.472,12578416
2016-08-29,36.472,36.647,36.472,36.598,7992564
2016-08-30,36.562,36.607,36.336,36.395,4905810
2016-08-31,36.368,36.427,36.165,36.300,7001874
2016-09-01,36.341,36.451,36.174,36.372,10833674
2016-09-02,36.548,36.582,36.361,36.445,6704850
2016-09-06,36.445,36.512,36.264,36.512,12355964
2016-09-07,36.440,36.537,36.372,36.530,10728606
2016-09-08,36.341,36.413,36.170,36.215,8918208
2016-09-09,35.958,36.030,35.341,35.341,19124984
2016-09-12,35.201,35.926,35.151,35.836,21753116
2016-09-13,35.575,35.679,35.214,35.327,18474360
2016-09-14,35.336,35.539,35.228,35.332,14711416
2016-09-15,35.223,35.611,35.169,35.588,11545120
2016-09-16,35.465,35.539,35.356,35.510,10703072
2016-09-19,35.569,35.727,35.402,35.483,6254866
2016-09-20,35.628,35.677,35.420,35.510,6684432
2016-09-21,35.564,35.872,35.460,35.854,12031816
2016-09-22,36.062,36.184,36.003,36.116,9642870
2016-09-23,36.017,36.152,36.017,36.035,7782344
2016-09-26,35.935,35.935,35.591,35.637,11856638
2016-09-27,35.682,35.999,35.623,35.999,10274922
2016-09-28,36.021,36.116,35.885,36.098,8260644
2016-09-29,36.057,36.263,35.810,35.913,12722160
2016-09-30,36.071,36.311,36.003,36.202,9579474
2016-10-03,36.062,36.261,36.026,36.179,15452104
2016-10-04,36.211,36.329,35.981,36.053,17878286
2016-10-05,36.189,36.347,36.143,36.202,14270538
2016-10-06,36.152,36.299,36.008,36.229,14525090
2016-10-07,36.333,36.369,35.976,36.066,17384106
2016-10-10,36.238,36.283,36.100,36.125,5941026
2016-10-11,36.152,36.152,35.615,35.686,16851804
2016-10-12,35.723,35.987,35.677,35.854,7596420
2016-10-13,35.601,35.818,35.365,35.723,8055958
2016-10-14,35.836,35.953,35.664,35.682,6949124
2016-10-17,35.668,35.673,35.379,35.388,7257280
2016-10-18,35.754,35.822,35.573,35.623,7900362
2016-10-19,35.682,35.822,35.591,35.781,6512116
2016-10-20,35.700,35.800,35.569,35.714,9818932
2016-10-21,35.542,36.053,35.542,35.999,9595364
2016-10-24,36.179,36.279,36.103,36.256,7136630
2016-10-25,36.094,36.094,35.813,35.831,9267606
2016-10-26,35.673,35.827,35.605,35.677,8652982
2016-10-27,35.768,35.822,35.316,35.379,10670468
2016-10-28,35.189,35.537,35.166,35.297,10012174
2016-10-31,35.347,35.413,35.252,35.325,11797908
2016-11-01,35.415,35.478,34.795,35.076,23891766
2016-11-02,34.985,35.138,34.773,34.863,19390300
2016-11-03,34.927,35.094,34.691,34.773,17801674
2016-11-04,34.741,35.003,34.651,34.705,17824304
2016-11-07,35.203,35.510,35.094,35.506,14287402
2016-11-08,35.506,35.800,35.415,35.650,10650390
2016-11-09,34.904,35.786,34.818,35.723,22851196
2016-11-10,35.863,36.252,35.582,35.854,33370470
2016-11-11,35.718,36.107,35.696,36.057,12078532
2016-11-14,36.225,36.332,36.017,36.062,12659354
2016-11-15,36.189,36.252,36.012,36.202,12020310
2016-11-16,36.125,36.401,36.075,36.401,7986406
2016-11-17,36.433,36.840,36.360,36.840,11402100
2016-11-18,36.817,36.899,36.682,36.727,8587142
2016-11-21,36.795,36.966,36.745,36.966,9526846
2016-11-22,37.080,37.437,37.043,37.405,11500122
2016-11-23,37.342,37.462,37.315,37.441,8874410
2016-11-25,37.500,37.573,37.441,37.532,8542636
2016-11-28,37.441,37.446,37.156,37.233,10293694
2016-11-29,37.274,37.392,37.233,37.333,8735236
2016-11-30,37.315,37.333,37.012,37.021,10133128
2016-12-01,36.989,37.229,36.921,37.039,18732164
2016-12-02,37.043,37.143,36.790,36.835,15315054
2016-12-05,36.989,37.299,36.831,37.238,16210372
2016-12-06,37.265,37.328,37.155,37.324,14066606
2016-12-07,37.342,38.066,37.297,38.047,15944230
2016-12-08,38.061,38.147,37.962,38.047,11211704
2016-12-09,38.138,38.138,37.937,38.133,9603134
2016-12-12,38.057,38.120,37.735,37.817,11884308
2016-12-13,37.957,38.302,37.835,38.156,9648410
2016-12-14,38.147,38.224,37.830,37.898,16914576
2016-12-15,37.962,38.070,37.785,37.808,12218874
2016-12-16,37.920,37.938,37.569,37.624,19737446
2016-12-19,37.710,37.922,37.624,37.724,7572264
2016-12-20,37.779,38.074,37.774,38.024,8068410
2016-12-21,38.020,38.047,37.920,38.006,5405634
2016-12-22,37.938,37.952,37.535,37.597,8922038
2016-12-23,37.588,37.658,37.470,37.515,5673910
2016-12-27,37.542,37.811,37.542,37.660,12202116
2016-12-28,37.742,37.779,37.392,37.401,7715334
2016-12-29,37.428,37.528,37.265,37.351,5132582
2016-12-30,37.469,37.469,36.923,37.037,9618260
2017-01-03,37.333,37.465,37.028,37.255,28101030
2017-01-04,37.419,37.792,37.383,37.751,10987670
2017-01-05,37.519,37.738,37.510,37.724,8793320
2017-01-06,37.715,38.024,37.574,37.911,13076194
2017-01-09,37.897,37.979,37.811,37.879,7711226
2017-01-10,37.870,38.154,37.811,38.015,10349658
2017-01-11,37.988,38.097,37.865,38.097,10777312
2017-01-12,38.011,38.106,37.754,38.061,8564570
2017-01-13,38.084,38.238,38.084,38.202,5616704
2017-01-17,38.093,38.393,38.088,38.266,8651854
2017-01-18,38.279,38.279,38.065,38.197,5820194
2017-01-19,38.252,38.384,37.993,38.079,8325954
2017-01-20,38.215,38.288,38.065,38.188,10983792
2017-01-23,38.015,38.229,37.979,38.215,17105746
2017-01-24,38.275,38.570,38.206,38.529,9594474
2017-01-25,38.680,38.807,38.652,38.766,7338158
2017-01-26,38.798,38.964,38.707,38.825,7809970
2017-01-27,38.852,38.903,38.561,38.702,9021678
2017-01-30,38.643,38.689,38.306,38.657,7579268
2017-01-31,38.484,38.598,38.318,38.598,9490034
2017-02-01,38.661,38.730,38.384,38.525,10413542
2017-02-02,38.466,38.661,38.420,38.493,8162062
2017-02-03,38.375,38.507,38.302,38.443,7304286
2017-02-06,38.334,38.425,38.266,38.329,7878534
2017-02-07,38.347,38.407,38.252,38.293,11451110
2017-02-08,38.293,38.573,38.293,38.529,8259790
2017-02-09,38.543,38.866,38.543,38.771,7058350
2017-02-10,38.825,39.021,38.807,39.007,7652000
2017-02-13,39.098,39.150,38.998,39.053,8817614
2017-02-14,39.034,39.276,39.021,39.276,6336260
2017-02-15,39.212,39.492,39.144,39.480,9509794
2017-02-16,39.439,39.481,39.207,39.280,6165034
2017-02-17,39.185,39.408,39.180,39.408,7757148
2017-02-21,39.580,39.722,39.485,39.635,7182776
2017-02-22,39.594,39.681,39.553,39.635,4491186
2017-02-23,39.685,39.731,39.335,39.367,6937406
2017-02-24,39.298,39.549,39.212,39.549,9692626
2017-02-27,39.562,39.619,39.430,39.594,6904824
2017-02-28,39.489,39.499,39.267,39.298,8179032
2017-03-01,39.722,39.849,39.594,39.740,17269604
2017-03-02,39.722,39.781,39.612,39.644,7870752
2017-03-03,39.603,39.685,39.439,39.585,6563076
2017-03-06,39.458,39.499,39.307,39.458,5205472
2017-03-07,39.458,39.462,39.285,39.330,6147800
2017-03-08,39.389,39.567,39.376,39.494,5219056
2017-03-09,39.458,39.571,39.344,39.458,5493858
2017-03-10,39.631,39.667,39.435,39.517,7013204
2017-03-13,39.540,39.635,39.492,39.621,4982204
2017-03-14,39.580,39.676,39.480,39.612,7785656
2017-03-15,39.690,39.899,39.562,39.822,7473800
2017-03-16,39.849,39.924,39.772,39.817,12529420
2017-03-17,39.867,39.949,39.752,39.871,9428504
2017-03-20,39.903,39.912,39.699,39.777,5278018
2017-03-21,39.871,39.930,39.246,39.273,9291458
2017-03-22,39.241,39.374,39.091,39.319,12202292
2017-03-23,39.387,39.616,39.296,39.410,7273938
2017-03-24,39.451,39.634,39.337,39.506,6622272
2017-03-27,39.269,39.558,39.118,39.492,9808206
2017-03-28,39.488,39.880,39.419,39.794,8310018
2017-03-29,39.794,40.058,39.752,40.031,9123446
2017-03-30,39.958,40.140,39.921,40.136,9365144
2017-03-31,40.072,40.241,40.058,40.140,4758582
2017-04-03,40.145,40.168,39.752,39.981,12311956
2017-04-04,39.867,39.976,39.830,39.917,8648754
2017-04-05,40.067,40.282,39.766,39.821,8701880
2017-04-06,39.844,40.072,39.830,39.944,5827768
2017-04-07,39.844,39.962,39.769,39.825,7816524
2017-04-10,39.839,40.108,39.825,39.972,4796290
2017-04-11,39.958,40.022,39.652,39.940,10938150
2017-04-12,39.908,39.958,39.748,39.780,4923206
2017-04-13,39.720,39.855,39.501,39.501,9377602
2017-04-17,39.602,39.908,39.602,39.908,6955210
2017-04-18,39.812,39.976,39.711,39.912,5108392
2017-04-19,40.045,40.204,39.917,39.949,7473094
2017-04-20,40.118,40.446,40.104,40.369,8772414
2017-04-21,40.314,40.355,40.177,40.277,7704872
2017-04-24,40.702,40.715,40.492,40.537,8486068
2017-04-25,40.674,40.914,40.674,40.857,10809104
2017-04-26,40.962,41.221,40.907,41.049,8164414
2017-04-27,41.259,41.325,41.154,41.268,7327996
2017-04-28,41.354,41.432,41.053,41.103,10119510
2017-05-01,41.195,41.313,41.110,41.158,11827740
2017-05-02,41.181,41.204,40.962,41.204,7921202
2017-05-03,41.172,41.281,40.843,40.962,5633486
2017-05-04,40.994,40.994,40.743,40.898,10679276
2017-05-05,41.062,41.154,40.861,41.154,6438550
2017-05-08,41.300,41.309,41.083,41.231,5012322
2017-05-09,41.322,41.500,41.245,41.469,20515536
2017-05-10,41.300,41.341,41.174,41.327,7037548
2017-05-11,41.249,41.249,40.830,41.081,8703116
2017-05-12,41.122,41.122,40.971,41.021,6461628
2017-05-15,41.030,41.204,40.982,41.030,7904496
2017-05-16,41.053,41.085,40.861,40.889,8396660
2017-05-17,40.638,40.743,40.223,40.227,16578780
2017-05-18,40.227,40.647,40.227,40.460,13043514
2017-05-19,40.528,40.866,40.483,40.734,7389948
2017-05-22,40.811,40.985,40.788,40.939,5893432
2017-05-23,40.971,41.058,40.720,40.784,4178022
2017-05-24,40.770,40.944,40.622,40.930,7742202
2017-05-25,41.062,41.418,41.062,41.291,6603828
2017-05-26,41.345,41.437,41.300,41.414,4648026
2017-05-30,41.414,41.546,41.409,41.446,5277768
2017-05-31,41.519,41.573,41.227,41.555,10207294
2017-06-01,41.660,41.948,41.537,41.948,10294996
2017-06-02,41.971,42.146,41.911,42.098,6268726
2017-06-05,42.144,42.180,41.907,41.984,10998654
2017-06-06,41.838,41.923,41.592,41.624,7127488
2017-06-07,41.688,41.767,41.601,41.697,9343024
2017-06-08,41.701,41.747,41.373,41.427,10397596
2017-06-09,41.469,41.528,40.875,41.245,21978012
2017-06-12,41.113,41.329,41.053,41.222,12873108
2017-06-13,41.318,41.537,41.304,41.478,8329698
2017-06-14,41.628,41.692,41.240,41.455,9618814
2017-06-15,41.149,41.313,40.946,41.281,7170108
2017-06-16,41.431,41.431,41.037,41.271,15423236
2017-06-19,41.445,41.651,41.339,41.587,6839570
2017-06-20,41.513,41.522,41.056,41.065,6705054
2017-06-21,41.170,41.193,40.982,41.129,6252444
2017-06-22,41.124,41.186,41.023,41.033,7317754
2017-06-23,41.033,41.033,40.849,40.982,7845280
2017-06-26,41.184,41.252,41.001,41.129,9417320
2017-06-27,41.042,41.196,40.804,40.804,8029796
2017-06-28,40.923,41.260,40.895,41.216,10061598
2017-06-29,41.138,41.179,40.497,40.817,9803332
2017-06-30,41.019,41.211,40.946,41.033,9313606
2017-07-03,41.147,41.348,40.973,40.991,5614644
2017-07-05,40.987,40.996,40.696,40.891,7970106
2017-07-06,40.639,40.763,40.447,40.474,7594842
2017-07-07,40.561,40.866,40.561,40.836,5159494
2017-07-10,40.868,40.987,40.749,40.923,5400232
2017-07-11,40.877,40.904,40.616,40.840,6424552
2017-07-12,41.069,41.211,41.042,41.152,6067730
2017-07-13,41.271,41.316,41.124,41.156,6623420
2017-07-14,41.284,41.339,41.104,41.289,8279950
2017-07-17,41.289,41.458,41.289,41.390,6354364
2017-07-18,41.353,41.582,41.321,41.577,6979970
2017-07-19,41.655,41.824,41.623,41.779,5312318
2017-07-20,41.820,41.852,41.550,41.692,9198978
2017-07-21,41.495,41.719,41.495,41.719,6648858
2017-07-24,41.733,41.733,41.532,41.577,4081798
2017-07-25,41.733,41.978,41.664,41.870,10096822
2017-07-26,41.939,41.948,41.806,41.852,5728786
2017-07-27,42.031,42.369,41.806,42.159,13275276
2017-07-28,41.747,41.889,41.678,41.838,7833472
2017-07-31,41.989,42.049,41.686,41.825,6261298
2017-08-01,41.948,41.980,41.765,41.898,8750876
2017-08-02,41.880,41.898,41.536,41.783,5776010
2017-08-03,41.742,41.886,41.653,41.669,7191438
2017-08-04,41.761,41.761,41.504,41.674,4898706
2017-08-07,41.747,41.829,41.692,41.770,6939434
2017-08-08,41.770,42.012,41.669,41.793,6050216
2017-08-09,41.298,41.577,41.220,41.550,9796282
2017-08-10,41.376,41.445,40.918,40.927,9809772
2017-08-11,40.827,41.225,40.827,41.138,9839180
2017-08-14,41.367,41.568,41.358,41.431,7508164
2017-08-15,41.413,41.449,41.046,41.051,6191310
2017-08-16,41.202,41.339,41.088,41.262,4905354
2017-08-17,41.156,41.202,40.602,40.602,9791462
2017-08-18,40.515,40.625,40.355,40.401,13575672
2017-08-21,40.387,40.529,40.236,40.474,21101390
2017-08-22,40.593,40.955,40.570,40.909,8771112
2017-08-23,40.634,40.708,40.492,40.561,9681590
2017-08-24,40.763,40.859,40.410,40.474,5531720
2017-08-25,40.593,40.749,40.502,40.575,6489128
2017-08-28,40.708,40.735,40.543,40.598,4368420
2017-08-29,40.337,40.607,40.273,40.561,5511156
2017-08-30,40.584,40.904,40.543,40.854,4512852
2017-08-31,40.969,41.083,40.909,41.046,7988106
2017-09-01,41.152,41.307,41.129,41.234,4863822
2017-09-05,41.120,41.294,40.827,41.065,9911088
2017-09-06,41.129,41.369,41.042,41.321,6009314
2017-09-07,41.408,41.463,40.868,40.964,10708012
2017-09-08,40.882,40.918,40.751,40.822,5179900
2017-09-11,40.969,41.078,40.936,41.037,6703126
2017-09-12,41.138,41.280,41.084,41.220,5440180
2017-09-13,41.197,41.518,41.197,41.518,6583124
2017-09-14,41.417,41.522,41.280,41.294,7033800
2017-09-15,41.213,41.332,41.153,41.176,7822268
2017-09-18,41.305,41.337,40.943,41.034,13139114
2017-09-19,41.038,41.107,40.845,40.997,12801084
2017-09-20,41.057,41.167,40.914,41.135,7419774
2017-09-21,41.121,41.167,40.997,41.066,8415162
2017-09-22,40.960,41.158,40.952,41.135,6232550
2017-09-25,41.121,41.213,40.914,41.047,14335256
2017-09-26,41.167,41.250,40.962,41.052,6146458
2017-09-27,41.158,41.355,40.978,41.277,10458174
2017-09-28,41.217,41.263,41.153,41.227,7199532
2017-09-29,41.231,41.426,41.213,41.383,6944032
2017-10-02,41.433,41.553,41.375,41.461,5859332
2017-10-03,41.530,41.642,41.498,41.635,9831100
2017-10-04,41.668,41.877,41.623,41.851,9863478
2017-10-05,41.916,42.097,41.861,42.086,14441040
2017-10-06,42.017,42.196,42.017,42.136,6266488
2017-10-09,42.210,42.214,41.962,42.003,8540124
2017-10-10,42.031,42.159,41.861,41.962,5513348
2017-10-11,41.985,42.031,41.879,41.985,7685698
2017-10-12,41.828,41.838,41.612,41.704,9167908
2017-10-13,41.782,41.943,41.732,41.906,5460294
2017-10-16,41.925,41.980,41.833,41.962,8655514
2017-10-17,41.952,42.053,41.879,41.985,5546488
2017-10-18,42.021,42.040,41.861,41.870,9051164
2017-10-19,41.695,41.874,41.594,41.870,9002170
2017-10-20,42.035,42.076,41.920,41.971,9602826
2017-10-23,42.017,42.053,41.654,41.686,5821114
2017-10-24,41.732,41.856,41.732,41.787,7403912
2017-10-25,41.704,41.769,41.401,41.626,9367232
2017-10-26,41.626,41.925,41.589,41.773,7133072
2017-10-27,42.086,42.472,41.888,42.449,11891206
2017-10-30,42.279,42.352,42.161,42.256,8670828
2017-10-31,42.302,42.347,42.223,42.260,6375180
2017-11-01,42.398,42.536,42.256,42.274,8834442
2017-11-02,42.159,42.210,41.805,41.957,9183530
2017-11-03,41.934,42.145,41.833,42.127,7388014
2017-11-06,42.044,42.453,42.044,42.435,7695722
2017-11-07,42.384,42.517,42.122,42.182,4865840
2017-11-08,42.118,42.251,42.076,42.228,5451560
2017-11-09,41.989,42.352,41.888,42.292,6882636
2017-11-10,42.279,42.490,42.242,42.435,5021212
2017-11-13,42.302,42.664,42.219,42.577,11429334
2017-11-14,42.444,42.623,42.325,42.614,8378918
2017-11-15,42.407,42.573,42.187,42.430,6730586
2017-11-16,42.499,42.821,42.467,42.784,8186652
2017-11-17,42.880,43.043,42.848,42.972,9372892
2017-11-20,43.041,43.147,42.958,43.055,4895192
2017-11-21,43.165,43.349,43.106,43.321,10030156
2017-11-22,43.340,43.450,43.312,43.363,6394614
2017-11-24,43.464,43.491,43.404,43.473,3472606
2017-11-27,43.588,43.684,43.427,43.505,7848216
2017-11-28,43.574,43.988,43.519,43.988,11609460
2017-11-29,44.024,44.295,43.955,44.176,12693454
2017-11-30,44.249,44.585,44.144,44.401,14963436
2017-12-01,44.355,44.525,43.758,44.383,23560142
2017-12-04,44.833,45.191,44.814,44.897,13545848
2017-12-05,44.883,44.989,44.626,44.640,14968470
2017-12-06,44.580,44.667,44.323,44.350,11436092
2017-12-07,44.318,44.548,44.254,44.465,7902828
2017-12-08,44.589,44.764,44.479,44.677,11586776
2017-12-11,44.713,44.787,44.619,44.773,6692844
2017-12-12,44.897,44.934,44.775,44.792,5518080
2017-12-13,44.883,44.934,44.762,44.828,6905764
2017-12-14,44.879,45.099,44.842,44.966,8494658
2017-12-15,45.178,45.284,45.058,45.164,13464280
2017-12-18,45.450,45.645,45.395,45.570,12016680
2017-12-19,45.621,45.676,45.432,45.510,11969426
2017-12-20,45.667,45.697,45.404,45.422,4929000
2017-12-21,45.482,45.819,45.445,45.717,4719802
2017-12-22,45.657,45.657,45.542,45.630,6443734
2017-12-26,45.574,45.782,45.574,45.731,2996674
2017-12-27,45.814,45.819,45.595,45.639,3733884
2017-12-28,45.800,45.800,45.667,45.763,8391532
2017-12-29,45.777,45.837,45.464,45.496,5261250
2018-01-02,45.690,46.188,45.690,46.188,9791100
2018-01-03,46.234,46.437,46.224,46.400,10638148
2018-01-04,46.579,46.612,46.312,46.552,6914764
2018-01-05,46.759,46.944,46.652,46.921,8588764
2018-01-08,46.944,47.054,46.884,46.976,5340046
2018-01-09,47.114,47.179,46.911,47.068,6321818
2018-01-10,46.898,47.100,46.787,47.036,5677762
2018-01-11,47.151,47.806,47.105,47.801,7245372
2018-01-12,47.893,48.437,47.833,48.419,8075590
2018-01-16,48.663,48.875,47.949,48.073,18503100
2018-01-17,48.299,48.400,47.999,48.304,13312286
2018-01-18,48.285,48.366,48.138,48.262,6584600
2018-01-19,48.493,48.686,48.345,48.682,7520768
2018-01-22,48.677,49.221,48.636,49.221,15504628
2018-01-23,49.484,49.696,49.387,49.636,8309776
2018-01-24,49.857,50.138,49.401,49.848,12927926
2018-01-25,50.060,50.097,49.544,49.760,10141670
2018-01-26,49.871,50.249,49.747,50.249,7832588
2018-01-29,50.198,50.404,50.000,50.111,12710462
2018-01-30,49.737,50.053,49.576,49.862,10568126
2018-01-31,50.092,50.267,49.594,49.700,21004708
2018-02-01,49.392,49.774,49.103,49.147,18706834
2018-02-02,49.359,49.783,48.571,48.677,21381416
2018-02-05,48.271,48.972,46.607,47.036,46093038
2018-02-06,46.100,48.336,45.980,48.239,44665002
2018-02-07,48.276,48.954,48.078,48.092,26274054
2018-02-08,48.156,48.281,46.137,46.174,31483970
2018-02-09,46.626,46.868,44.763,46.483,42795144
2018-02-12,46.925,47.375,46.444,47.114,25118958
2018-02-13,46.925,47.469,46.847,47.359,10301592
2018-02-14,47.133,48.207,47.096,48.115,13462686
2018-02-15,48.405,48.543,47.884,48.543,11181562
2018-02-16,48.391,48.695,48.202,48.308,9497292
2018-02-20,48.179,48.682,47.972,48.161,11751348
2018-02-21,48.377,48.871,48.092,48.092,9906118
2018-02-22,48.327,48.520,48.009,48.151,8887604
2018-02-23,48.428,48.825,48.202,48.825,5985928
2018-02-26,49.009,49.235,48.889,49.235,7796808
2018-02-27,49.281,49.281,48.184,48.193,12569296
2018-02-28,48.451,48.654,47.967,47.976,12098730
2018-03-01,48.027,48.257,46.985,47.460,19060604
2018-03-02,46.934,47.587,46.695,47.506,14530830
2018-03-05,47.331,48.175,47.216,48.073,9988578
2018-03-06,48.294,48.428,47.974,48.405,15151820
2018-03-07,47.926,48.191,47.686,48.078,10527312
2018-03-08,48.262,48.313,48.080,48.230,8073628
2018-03-09,48.557,48.990,48.421,48.977,7249484
2018-03-12,49.138,49.341,49.023,49.138,8513156
2018-03-13,49.410,49.511,48.714,48.792,11325714
2018-03-14,49.046,49.110,48.608,48.732,10245378
2018-03-15,48.829,48.935,48.599,48.682,7679564
2018-03-16,48.689,48.944,48.620,48.625,6693512
2018-03-19,48.444,48.463,47.668,48.019,11454896
2018-03-20,48.107,48.373,48.084,48.306,7413414
2018-03-21,48.366,48.634,48.121,48.269,10539324
2018-03-22,47.894,48.014,47.219,47.242,13813582
2018-03-23,47.377,47.580,46.299,46.313,17889264
2018-03-26,47.062,47.728,46.605,47.682,14560688
2018-03-27,47.876,47.977,46.447,46.748,12513438
2018-03-28,46.480,46.789,45.852,46.179,25948756
2018-03-29,46.230,47.058,45.897,46.826,15285394
2018-04-02,46.544,46.609,45.065,45.504,23776598
2018-04-03,45.772,46.332,45.426,46.082,14615866
2018-04-04,45.384,47.021,45.337,46.928,14885588
2018-04-05,47.326,47.709,47.060,47.557,8463140
2018-04-06,47.099,47.520,46.244,46.544,17529896
2018-04-09,46.873,47.146,46.387,46.433,8520274
2018-04-10,47.030,47.122,46.577,46.997,12833420
2018-04-11,46.803,47.277,46.692,46.854,9580320
2018-04-12,47.141,47.330,46.889,47.058,6114782
2018-04-13,47.307,47.390,46.623,46.794,8868478
2018-04-16,47.085,47.326,46.873,47.145,8481328
2018-04-17,47.603,48.116,47.603,48.024,8151064
2018-04-18,48.190,48.479,48.149,48.250,6596608
2018-04-19,48.259,48.370,47.865,48.098,16129074
2018-04-20,48.139,48.203,47.413,47.608,12510224
2018-04-23,47.691,48.019,47.423,47.709,14082012
2018-04-24,47.977,48.075,46.706,46.956,13403996
2018-04-25,46.868,47.266,46.470,47.150,18794522
2018-04-26,47.432,48.005,47.335,47.913,12969306
2018-04-27,48.546,48.657,48.014,48.130,8851296
2018-04-30,48.352,48.599,47.936,47.941,10006200
2018-05-01,47.783,48.028,47.409,48.005,11210728
2018-05-02,47.871,48.116,47.626,47.677,9553778
2018-05-03,47.474,47.589,46.859,47.464,14015490
2018-05-04,47.247,48.204,47.187,48.088,7979292
2018-05-07,48.338,48.389,48.075,48.250,6900066
2018-05-08,48.125,48.234,47.786,48.047,12194858
2018-05-09,48.121,48.246,47.820,48.213,8049540
2018-05-10,48.204,48.435,48.139,48.389,5861542
2018-05-11,48.394,48.551,48.329,48.491,8848292
2018-05-14,48.565,48.738,48.514,48.583,6649720
2018-05-15,48.324,48.389,48.075,48.301,9116028
2018-05-16,48.361,48.805,48.361,48.703,6478392
2018-05-17,48.597,48.888,48.421,48.542,12728958
2018-05-18,48.468,48.620,48.375,48.481,8217836
2018-05-21,48.713,48.874,48.588,48.750,17494658
2018-05-22,48.925,49.036,48.500,48.532,5990430
2018-05-23,48.357,48.888,48.296,48.884,9254342
2018-05-24,48.833,49.073,48.592,48.990,10967070
2018-05-25,48.967,49.253,48.916,49.064,7681882
2018-05-29,48.824,49.036,48.493,48.685,11808564
2018-05-30,48.911,49.186,48.800,49.129,9843244
2018-05-31,49.147,49.161,48.726,48.893,12867038
2018-06-01,49.106,49.304,49.055,49.253,10437458
2018-06-04,49.401,49.822,49.378,49.804,9414820
2018-06-05,49.831,50.141,49.734,50.095,9161918
2018-06-06,50.238,50.599,50.007,50.562,10920808
2018-06-07,50.687,50.890,50.543,50.710,10699780
2018-06-08,50.529,50.983,50.483,50.816,7687888
2018-06-11,50.821,51.130,50.821,51.019,6369108
2018-06-12,51.112,51.357,51.080,51.264,6976476
2018-06-13,51.306,51.609,51.251,51.343,10105070
2018-06-14,51.509,51.886,51.486,51.879,8383572
2018-06-15,51.643,52.009,51.611,51.963,18213438
2018-06-18,51.620,51.982,51.523,51.875,8048324
2018-06-19,51.416,51.815,51.326,51.810,12339500
2018-06-20,52.079,52.190,51.870,52.056,7886098
2018-06-21,52.130,52.199,51.597,51.685,13700742
2018-06-22,51.912,51.986,51.560,51.597,11136010
2018-06-25,51.384,51.384,50.183,50.475,24133518
2018-06-26,50.665,50.999,50.522,50.837,9265798
2018-06-27,51.041,51.226,50.169,50.179,13701254
2018-06-28,50.229,50.686,49.965,50.572,11947832
2018-06-29,50.939,51.147,50.651,50.661,11482736
2018-07-02,50.294,50.744,50.160,50.730,13797478
2018-07-03,50.966,50.966,50.392,50.475,5818528
2018-07-05,50.767,50.814,50.318,50.725,7577262
2018-07-06,50.744,51.198,50.623,51.124,10370054
2018-07-09,51.444,51.745,51.330,51.736,7461460
2018-07-10,51.838,51.898,51.606,51.847,6359268
2018-07-11,51.523,51.838,51.481,51.727,8864820
2018-07-12,51.921,52.111,51.694,52.070,5828418
2018-07-13,52.102,52.269,52.019,52.185,11047432
2018-07-16,52.315,52.399,52.114,52.315,6192832
2018-07-17,51.773,52.482,51.666,52.366,8143880
2018-07-18,52.334,52.519,52.167,52.334,12812220
2018-07-19,52.218,52.515,52.176,52.213,7219324
2018-07-20,52.218,52.297,51.961,51.982,6668482
2018-07-23,51.972,52.028,51.643,51.926,6738312
2018-07-24,52.241,52.325,51.652,51.773,9651234
2018-07-25,51.629,52.172,51.476,52.153,12539564
2018-07-26,52.097,52.278,51.769,51.880,11604032
2018-07-27,52.566,52.640,51.513,51.745,13097652
2018-07-30,51.750,51.833,51.189,51.333,13132322
2018-07-31,51.481,51.785,51.207,51.574,12309476
2018-08-01,51.625,51.671,51.096,51.319,10437250
2018-08-02,51.078,51.708,50.999,51.671,8723044
2018-08-03,51.773,51.917,51.676,51.847,6571774
2018-08-06,51.880,52.250,51.731,52.195,7250614
2018-08-07,52.301,52.512,52.199,52.436,6441038
2018-08-08,52.413,52.575,52.311,52.491,5458062
2018-08-09,52.473,52.871,52.376,52.686,11074930
2018-08-10,52.394,52.491,52.111,52.246,9892400
2018-08-13,52.394,52.440,51.968,51.982,11969482
2018-08-14,52.287,52.561,52.109,52.487,8380926
2018-08-15,52.213,52.213,51.541,51.847,12503642
2018-08-16,52.195,52.357,52.046,52.102,7680238
2018-08-17,52.046,52.241,51.796,52.148,6022552
2018-08-20,52.325,52.545,52.181,52.519,13138586
2018-08-21,52.672,53.112,52.649,52.936,8343262
2018-08-22,52.941,53.252,52.932,52.992,5514854
2018-08-23,53.034,53.228,52.844,52.941,7989048
2018-08-24,53.043,53.316,52.960,53.252,10518506
2018-08-27,53.516,53.676,53.465,53.595,6032076
2018-08-28,53.734,53.771,53.511,53.701,7620018
2018-08-29,53.845,54.341,53.738,54.304,16623688
2018-08-30,54.216,54.304,53.808,53.993,8843636
2018-08-31,53.956,54.313,53.956,54.206,8208832
2018-09-04,54.151,54.433,53.933,54.308,8907448
2018-09-05,54.267,54.276,53.685,53.724,14229894
2018-09-06,53.868,54.035,53.340,53.576,11185072
2018-09-07,53.326,53.903,53.210,53.571,8921596
2018-09-10,53.937,53.975,53.627,53.771,8109772
2018-09-11,53.655,54.239,53.560,54.202,9776004
2018-09-12,54.211,54.336,53.849,54.304,9145614
2018-09-13,54.508,54.572,54.280,54.396,9428868
2018-09-14,54.396,54.498,53.970,54.192,6206338
2018-09-17,54.114,54.123,53.474,53.520,10358470
2018-09-18,53.562,54.260,53.557,54.202,7336364
2018-09-19,54.271,54.355,53.998,54.225,6347322
2018-09-20,54.475,54.677,54.369,54.596,9669558
2018-09-21,54.858,54.895,54.338,54.356,16074998
2018-09-24,54.175,54.175,53.803,54.003,9683344
2018-09-25,54.133,54.268,54.012,54.231,8213632
2018-09-26,54.217,54.754,54.156,54.356,13460214
2018-09-27,54.365,54.682,54.277,54.542,10619124
2018-09-28,54.440,54.733,54.435,54.496,7007878
2018-10-01,54.816,54.919,54.328,54.328,15699086
2018-10-02,54.338,54.347,53.580,53.594,18354090
2018-10-03,53.859,53.905,53.389,53.412,18323268
2018-10-04,53.310,53.368,52.398,52.576,25919712
2018-10-05,52.603,52.808,51.760,52.180,14858682
2018-10-08,51.985,52.520,51.729,52.315,14513414
2018-10-09,52.250,52.834,52.120,52.162,11788564
2018-10-10,52.139,52.139,50.330,50.404,27433282
2018-10-11,50.084,50.781,49.079,49.516,57205780
2018-10-12,50.651,50.776,49.809,50.432,30356452
2018-10-15,50.423,50.739,50.079,50.316,15614614
2018-10-16,50.632,51.432,50.367,51.325,14863218
2018-10-17,51.325,51.325,50.391,50.902,20077320
2018-10-18,50.795,50.846,49.772,49.926,24972662
2018-10-19,50.014,50.205,49.270,49.437,17171752
2018-10-22,49.670,49.893,49.368,49.637,13837678
2018-10-23,48.875,49.833,48.577,49.647,21023940
2018-10-24,49.633,49.916,48.089,48.164,23591364
2018-10-25,48.642,49.888,48.536,49.619,20865602
2018-10-26,48.368,48.815,47.562,48.075,36563558
2018-10-29,48.582,49.061,46.950,47.652,28612526
2018-10-30,47.517,48.419,47.369,48.368,28887000
2018-10-31,49.038,49.503,48.870,48.991,18208616
2018-11-01,49.186,50.046,48.954,49.991,13811524
2018-11-02,50.442,50.809,49.665,50.195,15825244
2018-11-05,50.232,50.358,49.702,50.265,9395698
2018-11-06,50.195,50.604,50.144,50.488,9558838
2018-11-07,51.000,51.878,50.786,51.855,12817534
2018-11-08,51.641,52.139,51.492,51.869,8754660
2018-11-09,51.650,51.725,50.902,51.148,10515780
2018-11-12,51.037,51.195,50.019,50.121,12046700
2018-11-13,50.200,50.590,49.884,50.098,15825970
2018-11-14,50.576,50.893,49.582,49.721,16583274
2018-11-15,49.307,49.768,48.438,49.647,21697182
2018-11-16,49.172,49.591,48.917,49.451,11461830
2018-11-19,49.335,49.479,48.103,48.243,13360238
2018-11-20,46.750,48.255,46.634,47.150,23986160
2018-11-21,47.610,48.043,47.522,47.643,17474572
2018-11-23,47.392,47.722,47.392,47.429,5456012
2018-11-26,48.029,48.573,47.950,48.494,11707950
2018-11-27,48.322,48.689,48.178,48.638,12052378
2018-11-28,48.912,50.084,48.662,50.074,12682988
2018-11-29,50.014,50.153,49.549,49.842,9950500
2018-11-30,49.823,50.256,49.689,50.205,11342936
2018-12-03,51.237,51.416,50.814,51.144,11989520
2018-12-04,50.990,51.162,49.172,49.303,19417442
2018-12-06,48.410,49.540,48.126,49.540,22323880
2018-12-07,49.317,49.823,47.936,48.057,18691378
2018-12-10,48.006,48.336,47.118,48.094,19796414
2018-12-11,48.810,48.940,47.764,48.113,15929958
2018-12-12,48.629,49.199,48.531,48.619,14373358
2018-12-13,48.815,48.945,48.122,48.377,12216596
2018-12-14,47.875,48.401,47.420,47.573,12277266
2018-12-17,47.234,47.443,46.020,46.364,23857614
2018-12-18,46.643,47.201,46.397,46.727,17377770
2018-12-19,46.746,47.573,45.546,45.802,28061830
2018-12-20,45.528,45.742,44.179,44.775,35375274
2018-12-21,44.962,45.634,43.655,43.758,26736182
2018-12-24,43.356,43.940,42.810,42.927,16878032
2018-12-26,43.296,45.485,43.212,45.471,23489828
2018-12-27,44.859,45.713,43.898,45.713,21520144
2018-12-28,45.923,46.427,45.317,45.718,16656572
2018-12-31,46.101,46.395,45.760,46.208,12430646
2019-01-02,45.419,46.819,45.172,46.558,13681528
2019-01-03,46.203,46.315,45.471,45.550,12692422
2019-01-04,46.166,47.403,46.073,47.057,14538356
2019-01-07,47.281,48.429,47.258,48.121,12526312
2019-01-08,48.621,48.915,47.963,48.653,18781954
2019-01-09,48.770,49.116,48.467,48.901,10325494
2019-01-10,48.294,48.821,48.098,48.761,9519994
2019-01-11,48.602,48.966,48.513,48.807,6065158
2019-01-14,48.420,48.868,48.182,48.509,5896290
2019-01-15,48.518,49.041,48.443,48.947,7533612
2019-01-16,48.966,49.232,48.807,48.835,8987946
2019-01-17,48.588,49.312,48.509,49.167,8791914
2019-01-18,49.657,50.058,49.489,49.848,11596246
2019-01-22,49.624,49.741,48.695,49.102,18487362
2019-01-23,49.316,49.494,48.639,49.200,12208662
2019-01-24,49.232,49.456,49.097,49.405,7930454
2019-01-25,49.909,50.133,49.830,49.951,8785898
2019-01-28,49.461,49.666,49.176,49.662,11802050
2019-01-29,49.526,49.615,49.036,49.340,5764616
2019-01-30,49.732,50.455,49.694,50.310,11801028
2019-01-31,50.385,50.940,50.156,50.768,11198180
2019-02-01,50.334,50.520,49.918,50.026,11272764
2019-02-04,49.956,50.376,49.886,50.352,7209598
2019-02-05,50.506,50.908,50.506,50.824,8324766
2019-02-06,50.838,50.968,50.413,50.614,5831898
2019-02-07,50.254,50.376,49.781,50.198,9042474
2019-02-08,49.886,50.002,49.638,49.998,6646572
2019-02-11,50.166,50.287,50.012,50.086,6115808
2019-02-12,50.408,50.912,50.320,50.856,7753888
2019-02-13,51.066,51.314,50.945,51.202,6961114
2019-02-14,50.796,51.290,50.548,51.015,8334696
2019-02-15,51.332,51.472,51.192,51.365,7221030
2019-02-19,51.206,51.729,51.206,51.575,9838846
2019-02-20,51.608,51.799,51.155,51.678,13203494
2019-02-21,51.556,51.727,51.379,51.575,5986860
2019-02-22,51.701,51.878,51.622,51.855,14216558
2019-02-25,52.163,52.228,51.654,51.682,7982892
2019-02-26,51.477,51.827,51.440,51.752,14350304
2019-02-27,51.696,51.864,51.369,51.715,6204456
2019-02-28,51.528,51.580,51.202,51.435,8106820
2019-03-01,51.855,52.060,51.507,51.850,9711982
2019-03-04,52.074,52.163,51.309,51.687,11317698
2019-03-05,51.869,52.037,51.738,51.818,10298504
2019-03-06,51.869,52.088,51.552,51.575,7539110
2019-03-07,51.463,51.526,50.786,50.950,14152550
2019-03-08,50.623,50.623,50.245,50.595,11613830
2019-03-11,50.768,51.337,50.749,51.290,9124524
2019-03-12,51.370,51.507,51.160,51.435,17268092
2019-03-13,51.584,51.920,51.524,51.617,9704100
2019-03-14,51.547,51.575,51.346,51.463,9803390
2019-03-15,51.719,51.836,51.433,51.794,10855910
2019-03-18,51.817,52.335,51.817,52.295,10971262
2019-03-19,52.478,52.995,52.347,52.557,14033308
2019-03-20,52.529,52.890,52.131,52.632,19898798
2019-03-21,52.562,53.396,52.562,53.353,11462968
2019-03-22,53.021,53.218,52.281,52.295,17517786
2019-03-25,52.183,52.843,52.131,52.604,14923754
2019-03-26,52.909,53.185,52.548,52.829,10881300
2019-03-27,52.871,53.112,52.407,52.721,8855536
2019-03-28,52.915,53.260,52.764,53.040,13856870
2019-03-29,53.307,53.414,53.173,53.316,9199868
2019-04-01,53.747,53.920,53.578,53.901,9955452
2019-04-02,53.892,53.939,53.714,53.892,7263582
2019-04-03,54.206,54.471,54.042,54.271,8422618
2019-04-04,54.313,54.721,54.313,54.711,6147738
2019-04-05,54.847,55.081,54.705,55.035,5893496
2019-04-08,54.927,55.250,54.861,55.231,6462838
2019-04-09,55.044,55.044,54.641,54.735,8912942
2019-04-10,54.866,54.997,54.608,54.997,6813752
2019-04-11,55.058,55.088,54.918,55.067,4330836
2019-04-12,55.259,55.508,55.161,55.409,9077734
2019-04-15,55.433,55.550,55.182,55.522,4865436
2019-04-16,55.690,55.842,55.648,55.765,6029112
2019-04-17,55.924,56.084,55.835,55.873,5562734
2019-04-18,55.990,56.002,55.686,55.854,6142576
2019-04-22,55.657,55.831,55.465,55.643,5529510
2019-04-23,55.817,56.421,55.775,56.308,8199568
2019-04-24,56.322,56.617,56.322,56.360,4362766
2019-04-25,56.313,56.341,55.831,56.065,5640142
2019-04-26,56.280,56.510,55.924,56.510,8473712
2019-04-29,56.533,56.538,56.219,56.313,7400502
2019-04-30,56.257,56.276,55.798,56.229,8679528
2019-05-01,56.322,56.327,55.545,55.545,9122928
2019-05-02,55.573,55.810,55.189,55.587,20817052
2019-05-03,56.112,56.351,55.943,56.243,7005884
2019-05-06,55.269,55.995,55.236,55.901,7628096
2019-05-07,55.559,55.676,54.651,55.053,13157252
2019-05-08,54.964,55.400,54.796,55.072,14305402
2019-05-09,54.646,55.035,54.220,54.847,12766094
2019-05-10,54.711,55.163,53.906,54.927,13641610
2019-05-13,53.817,53.939,53.119,53.293,15284382
2019-05-14,53.541,54.093,53.283,53.831,9191896
2019-05-15,53.499,54.304,53.396,54.196,8313564
2019-05-16,54.421,55.021,54.328,54.697,7231778
2019-05-17,54.234,54.971,54.234,54.281,7349014
2019-05-20,54.084,54.084,53.723,53.897,7076866
2019-05-21,54.056,54.412,53.869,54.271,7320598
2019-05-22,53.840,54.261,53.658,53.714,7890862
2019-05-23,53.288,53.321,52.791,53.049,9912976
2019-05-24,53.339,53.428,52.899,53.119,5265092
2019-05-28,53.269,53.570,52.735,52.768,8235936
2019-05-29,52.478,52.525,51.958,52.300,9537442
2019-05-30,52.473,52.820,52.464,52.642,7795288
2019-05-31,51.991,52.206,51.803,51.953,8504492
2019-06-03,51.827,52.009,51.246,51.518,16131172
2019-06-04,51.981,52.932,51.531,52.913,11479060
2019-06-05,53.218,53.283,52.651,53.175,10517248
2019-06-06,53.175,53.578,52.955,53.447,7319634
2019-06-07,53.681,54.384,53.597,54.220,8089830
2019-06-10,54.566,55.166,54.529,54.679,7459830
2019-06-11,55.114,55.362,54.660,54.889,10059078
2019-06-12,54.871,55.086,54.754,54.875,5585844
2019-06-13,55.077,55.447,55.044,55.367,7692720
2019-06-14,55.358,55.601,55.245,55.489,5094426
2019-06-17,55.592,55.700,55.447,55.512,5364712
2019-06-18,55.906,56.299,55.756,55.934,8797538
2019-06-19,55.990,56.144,55.611,56.037,6130566
2019-06-20,56.496,56.566,55.985,56.425,8377186
2019-06-21,56.360,56.510,56.158,56.162,10442478
2019-06-24,56.186,56.256,55.843,55.862,5780610
2019-06-25,55.974,56.054,55.241,55.326,6394420
2019-06-26,55.528,55.723,55.444,55.505,4876206
2019-06-27,55.697,55.913,55.605,55.852,3909016
2019-06-28,55.937,56.130,55.918,56.012,13327392
2019-07-01,56.722,56.980,56.266,56.505,8299472
2019-07-02,56.435,56.656,56.214,56.628,18017056
2019-07-03,56.797,57.121,56.689,57.121,3619106
2019-07-05,56.849,57.239,56.693,57.187,6755062
2019-07-08,57.008,57.304,56.952,57.257,10149158
2019-07-09,57.036,57.394,56.975,57.318,3866940
2019-07-10,57.567,57.610,57.220,57.525,4770122
2019-07-11,57.718,57.826,57.516,57.643,3952358
2019-07-12,57.802,58.319,57.802,58.305,4975436
2019-07-15,58.432,58.521,58.197,58.493,3993196
2019-07-16,58.409,58.550,58.235,58.418,4103498
2019-07-17,58.347,58.432,57.859,57.859,4599254
2019-07-18,57.741,57.896,57.398,57.784,4646106
2019-07-19,57.962,58.042,57.370,57.403,4128256
2019-07-22,57.502,57.596,57.215,57.436,4034044
2019-07-23,57.770,57.826,57.347,57.826,4858414
2019-07-24,57.582,58.122,57.572,58.117,4233570
2019-07-25,57.929,58.098,57.699,57.793,4799050
2019-07-26,57.878,58.103,57.685,58.056,4280332
2019-07-29,57.910,58.009,57.567,57.774,4410826
2019-07-30,57.379,57.553,57.290,57.384,4330364
2019-07-31,57.365,57.392,56.205,56.726,8603428
2019-08-01,56.834,57.394,55.754,55.956,13263558
2019-08-02,55.763,55.958,55.279,55.495,11100372
2019-08-05,54.555,54.560,53.611,54.006,13781646
2019-08-06,54.377,54.898,54.071,54.828,8895660
2019-08-07,54.255,55.119,53.968,55.049,11689832
2019-08-08,55.406,56.120,55.354,56.111,9338394
2019-08-09,55.942,56.068,55.270,55.584,7952738
2019-08-12,55.204,55.237,54.546,54.776,6402570
2019-08-13,54.696,56.153,54.513,55.678,9285748
2019-08-14,54.725,54.814,53.907,53.935,12813024
2019-08-15,54.264,54.344,53.395,53.846,10110838
2019-08-16,54.236,54.562,54.076,54.457,7960700
2019-08-19,55.204,55.343,54.971,55.143,6241446
2019-08-20,55.133,55.505,55.035,55.157,6534144
2019-08-21,56.078,56.219,55.946,56.219,9341094
2019-08-22,56.360,56.510,55.848,56.233,5904226
2019-08-23,55.801,56.083,54.508,54.739,15383656
2019-08-26,55.152,55.284,54.757,55.279,6904742
2019-08-27,55.495,55.575,54.927,55.006,6464314
2019-08-28,54.931,55.735,54.790,55.693,7782370
2019-08-29,56.332,56.642,56.158,56.529,5878974
2019-08-30,56.651,56.771,56.068,56.191,6827214
2019-09-03,55.923,56.308,55.721,55.960,8645032
2019-09-04,56.247,56.567,56.002,56.515,8345000
2019-09-05,57.046,57.652,57.046,57.596,7343780
2019-09-06,57.666,57.882,57.544,57.737,6986912
2019-09-09,57.934,58.108,57.741,57.957,6518504
2019-09-10,57.699,57.774,57.149,57.727,7301144
2019-09-11,57.713,57.953,57.459,57.835,6817706
2019-09-12,58.113,58.451,57.972,58.113,6686124
2019-09-13,58.258,58.338,57.948,57.995,4029414
2019-09-16,57.614,57.659,57.192,57.253,6802616
2019-09-17,57.154,57.617,57.004,57.600,4513276
2019-09-18,57.506,57.647,57.013,57.572,5961046
2019-09-19,57.694,57.765,57.394,57.417,4537688
2019-09-20,57.532,57.679,56.759,56.764,7630316
2019-09-23,56.613,57.127,56.538,56.962,4475592
2019-09-24,57.254,57.419,56.222,56.354,10721328
2019-09-25,56.580,56.952,56.137,56.868,6510540
2019-09-26,56.863,57.000,56.365,56.622,6040918
2019-09-27,56.806,56.839,56.123,56.424,7114108
2019-09-30,56.542,56.985,56.519,56.910,4988372
2019-10-01,57.042,57.254,56.415,56.434,7272792
2019-10-02,56.109,56.109,55.142,55.420,11009976
2019-10-03,55.349,55.694,54.675,55.689,14463318
2019-10-04,55.821,56.250,55.753,56.212,6378292
2019-10-07,56.057,56.325,55.816,55.967,5521594
2019-10-08,55.543,55.986,55.368,55.378,5889794
2019-10-09,55.769,56.047,55.604,55.849,6097342
2019-10-10,55.901,56.415,55.863,56.222,6548748
2019-10-11,56.802,57.353,56.792,56.858,10631700
2019-10-14,56.797,56.943,56.679,56.830,3151070
2019-10-15,57.014,57.462,56.976,57.330,5110940
2019-10-16,57.344,57.620,57.320,57.565,6145618
2019-10-17,57.872,57.952,57.608,57.716,4612048
2019-10-18,57.570,57.792,57.367,57.603,4122744
2019-10-21,57.895,58.065,57.646,57.806,4820460
2019-10-22,57.745,57.759,57.415,57.438,5495888
2019-10-23,57.372,57.372,56.747,57.174,3773808
2019-10-24,57.278,57.330,56.985,57.146,4405686
2019-10-25,56.448,57.259,56.316,57.080,5472586
2019-10-28,57.226,57.405,57.141,57.259,4115862
2019-10-29,57.268,57.301,56.915,56.934,4613814
2019-10-30,56.901,57.292,56.665,57.287,5803312
2019-10-31,57.283,57.358,56.717,56.981,6253980
2019-11-01,57.273,57.378,57.146,57.358,6429778
2019-11-04,57.528,57.603,57.287,57.386,9531884
2019-11-05,57.438,57.596,57.240,57.471,4309064
2019-11-06,57.537,57.547,57.268,57.532,7219554
2019-11-07,57.660,57.725,57.122,57.188,7666130
2019-11-08,57.287,57.306,56.985,57.212,4149022
2019-11-11,56.957,57.111,56.886,57.094,3725456
2019-11-12,57.136,57.349,56.938,57.056,4388814
2019-11-13,56.910,57.014,56.731,56.877,4989688
2019-11-14,56.919,57.212,56.841,57.122,3960160
2019-11-15,57.396,57.446,57.099,57.226,4536764
2019-11-18,57.240,57.426,57.075,57.424,5611348
2019-11-19,57.221,57.254,56.651,56.792,6329076
2019-11-20,56.948,57.037,56.391,56.660,8856526
2019-11-21,56.707,56.811,56.316,56.340,5172364
2019-11-22,56.561,56.745,56.448,56.726,4770304
2019-11-25,56.985,57.235,56.944,57.226,7628420
2019-11-26,57.207,57.655,57.160,57.617,7549112
2019-11-27,57.796,58.134,57.726,58.112,8426060
2019-11-29,58.150,58.178,57.674,57.735,3479710
2019-12-02,57.778,57.836,57.139,57.259,7189514
2019-12-03,56.750,56.779,56.368,56.684,9051216
2019-12-04,56.905,57.202,56.877,57.000,5657800
2019-12-05,57.212,57.212,56.820,56.943,4704626
2019-12-06,57.363,57.542,57.358,57.400,5031022
2019-12-09,57.358,57.676,57.287,57.471,4298786
2019-12-10,57.490,57.598,57.292,57.372,4359906
2019-12-11,57.330,57.551,57.221,57.518,4099340
2019-12-12,57.622,58.164,57.551,58.023,9226112
2019-12-13,58.018,58.174,57.778,58.075,7124728
2019-12-16,58.376,58.466,58.235,58.329,7293656
2019-12-17,58.428,58.664,58.405,58.589,6819168
2019-12-18,58.749,58.801,58.537,58.645,5278140
2019-12-19,58.603,58.876,58.520,58.829,6493058
2019-12-20,59.057,59.057,58.854,58.925,6673560
2019-12-23,59.033,59.062,58.792,58.811,6328296
2019-12-24,58.868,58.991,58.787,58.920,3295970
2019-12-26,59.095,59.639,59.031,59.639,5035890
2019-12-27,59.833,59.956,59.559,59.634,5917416
2019-12-30,59.686,59.753,59.123,59.251,6677446
2019-12-31,59.152,59.365,59.067,59.336,3567466
2020-01-02,59.710,60.041,59.478,60.041,12590994
2020-01-03,59.279,59.705,59.242,59.530,11192848
2020-01-06,59.095,59.710,59.019,59.696,12823298
2020-01-07,59.658,59.738,59.350,59.601,18301872
2020-01-08,59.549,60.107,59.492,59.781,9451894
2020-01-09,60.098,60.316,59.947,60.098,7642970
2020-01-10,60.174,60.174,59.710,59.771,7407098
2020-01-13,59.894,60.055,59.724,59.961,6449158
2020-01-14,59.866,60.133,59.771,59.942,8681282
2020-01-15,59.776,60.013,59.658,59.805,6523734
2020-01-16,60.150,60.349,60.098,60.339,8699068
2020-01-17,60.500,60.637,60.429,60.552,13464962
2020-01-21,60.245,60.457,60.046,60.368,8003868
2020-01-22,60.590,60.808,60.287,60.339,7930166
2020-01-23,60.032,60.505,59.724,60.429,7991816
2020-01-24,60.547,60.580,59.327,59.587,11381828
2020-01-27,58.300,59.000,58.187,58.698,15754202
2020-01-28,58.981,59.492,58.754,59.270,11815360
2020-01-29,59.464,59.696,59.194,59.237,5859928
2020-01-30,58.773,59.199,58.655,59.138,10453914
2020-01-31,60.349,60.429,59.166,59.289,16844508
2020-02-03,59.620,60.448,59.615,59.710,16164488
2020-02-04,60.585,61.002,60.448,60.798,16694982
2020-02-05,61.200,61.274,60.680,61.106,13354026
2020-02-06,61.243,61.257,60.968,60.968,11039764
2020-02-07,60.694,60.992,60.457,60.703,7266146
2020-02-10,60.656,61.394,60.656,61.389,5867182
2020-02-11,61.640,62.137,61.489,61.872,11015724
2020-02-12,62.180,62.540,62.170,62.506,7810714
2020-02-13,62.260,62.629,62.085,62.397,7106796
2020-02-14,62.515,62.591,62.132,62.303,4959574
2020-02-18,62.213,62.501,61.952,62.298,6740092
2020-02-19,62.520,62.795,62.487,62.577,4630826
2020-02-20,62.525,62.771,61.829,62.601,10832732
2020-02-21,62.326,62.392,61.484,61.645,12320460
2020-02-24,59.554,60.103,59.232,59.525,17505898
2020-02-25,60.046,60.174,57.799,57.936,29219570
2020-02-26,58.281,58.821,57.330,57.477,16012492
2020-02-27,56.299,57.472,55.126,55.154,35432192
2020-02-28,53.366,54.880,53.238,54.799,41234012
2020-03-02,54.965,56.687,54.194,56.682,19020586
2020-03-03,56.848,57.595,54.785,55.310,29548526
2020-03-04,56.176,57.269,55.566,57.221,14684480
2020-03-05,55.854,56.218,54.662,55.088,14598544
2020-03-06,53.408,54.534,53.068,54.241,16653334
2020-03-09,50.186,52.372,48.966,50.825,16829608
2020-03-10,52.613,53.635,50.797,53.635,21939200
2020-03-11,52.169,52.429,50.215,50.702,15255040
2020-03-12,46.870,48.573,45.063,45.578,19955964
2020-03-13,48.067,48.431,45.403,48.398,16074152
2020-03-16,43.076,45.347,41.936,42.267,16817800
2020-03-17,43.213,44.817,40.803,43.894,27023614
2020-03-18,41.075,42.163,38.670,41.373,27656536
2020-03-19,41.198,44.027,39.830,42.816,14742050
2020-03-20,43.317,44.694,41.472,41.543,25783130
2020-03-23,41.285,42.449,40.239,41.603,15308338
2020-03-24,43.889,45.579,43.704,45.505,20742580
2020-03-25,46.313,48.039,45.168,46.304,19997886
2020-03-26,46.808,48.528,46.584,48.219,12990984
2020-03-27,46.751,47.834,46.052,46.603,10262282
2020-03-30,46.884,47.763,46.068,47.578,13319178
2020-03-31,47.164,47.858,46.494,46.617,10283888
2020-04-01,44.845,45.605,44.141,44.536,13516796
2020-04-02,44.274,45.382,43.718,44.702,11997646
2020-04-03,44.431,44.654,43.362,43.922,10359508
2020-04-06,45.529,47.829,45.529,47.578,10604734
2020-04-07,49.778,50.147,48.181,48.286,14018046
2020-04-08,48.875,50.006,48.523,49.807,8330934
2020-04-09,50.524,51.542,50.216,50.705,10645786
2020-04-13,50.505,50.881,49.740,50.691,6783838
2020-04-14,51.751,52.773,51.508,52.673,11489354
2020-04-15,51.366,51.874,50.895,51.518,7617522
2020-04-16,51.732,52.758,51.237,52.136,9217772
2020-04-17,53.405,53.804,52.744,53.676,8767514
2020-04-20,53.091,53.799,52.649,52.739,6821932
2020-04-21,51.860,52.202,50.971,51.370,8655818
2020-04-22,52.326,52.844,52.031,52.478,6771026
2020-04-23,52.739,53.243,52.273,52.464,8258712
2020-04-24,53.005,53.590,52.518,53.352,5828986
2020-04-27,53.899,54.702,53.847,54.351,8239312
2020-04-28,55.368,55.563,54.289,54.564,9458878
2020-04-29,55.624,56.185,55.315,55.767,9997498
2020-04-30,55.363,55.753,54.849,55.420,10106148
2020-05-01,53.718,54.156,52.934,53.348,12553196
2020-05-04,52.644,53.661,52.340,53.638,9213432
2020-05-05,54.351,54.512,53.718,53.832,9092882
2020-05-06,54.184,54.412,53.745,53.823,7810026
2020-05-07,54.493,54.940,54.468,54.669,10667170
2020-05-08,55.368,55.786,55.064,55.734,7876032
2020-05-11,55.249,56.066,55.173,55.610,8087258
2020-05-12,55.848,55.976,54.365,54.393,11941506
2020-05-13,54.313,54.621,52.925,53.457,13362122
2020-05-14,52.801,54.279,52.312,54.255,11436548
2020-05-15,53.813,54.897,53.633,54.888,12556310
2020-05-18,56.390,57.225,56.333,56.965,10233914
2020-05-19,56.841,57.706,56.622,56.760,10513196
2020-05-20,57.697,57.710,57.145,57.502,7708252
2020-05-21,57.644,58.020,57.007,57.706,9117188
2020-05-22,57.682,57.777,57.179,57.621,7642048
2020-05-26,59.146,59.294,58.448,58.533,9128470
2020-05-27,59.232,59.546,58.034,59.536,11530658
2020-05-28,59.712,59.926,58.654,58.814,7293962
2020-05-29,58.795,59.241,58.343,59.028,13015972
2020-06-01,59.099,59.802,59.051,59.588,6662404
2020-06-02,59.855,60.097,59.546,60.097,8453340
2020-06-03,60.392,61.423,60.392,61.233,11061626
2020-06-04,61.090,61.461,60.601,60.924,9971358
2020-06-05,62.374,62.734,62.065,62.383,11689218
2020-06-08,62.744,63.357,62.744,63.334,7004768
2020-06-09,62.778,63.191,62.378,62.839,8689668
2020-06-10,63.087,63.096,62.183,62.250,7784458
2020-06-11,60.254,61.152,58.847,58.989,13730730
2020-06-12,60.572,60.781,58.367,59.574,11989484
2020-06-15,58.267,60.330,57.949,60.140,9883122
2020-06-16,61.970,62.046,60.168,61.404,10166842
2020-06-17,61.661,61.870,61.090,61.242,6285662
2020-06-18,61.005,61.347,60.743,61.019,5533304
2020-06-19,61.784,61.903,60.349,60.544,11355622
2020-06-22,60.454,61.230,60.182,61.178,5675764
2020-06-23,61.835,62.045,61.473,61.659,6617250
2020-06-24,61.292,61.511,59.553,60.301,11962654
2020-06-25,60.049,60.449,59.453,60.382,9769190
2020-06-26,60.363,60.492,58.867,58.967,11496792
2020-06-29,59.229,60.134,58.576,60.087,7822602
2020-06-30,60.039,61.133,59.855,60.854,6729852
2020-07-01,60.940,61.721,60.892,61.469,11172150
2020-07-02,62.393,62.731,61.554,61.712,7276198
2020-07-06,62.631,63.203,62.474,63.174,7115766
2020-07-07,62.879,63.079,62.078,62.183,6888448
2020-07-08,62.293,62.860,62.002,62.846,5479894
2020-07-09,63.065,63.108,61.764,62.774,6196798
2020-07-10,62.812,63.570,62.398,63.522,12912658
2020-07-13,64.094,65.042,62.541,62.717,13251200
2020-07-14,62.407,63.379,61.673,63.341,11460810
2020-07-15,64.232,64.437,63.336,64.246,7505724
2020-07-16,63.727,64.256,63.508,64.075,6047356
2020-07-17,64.323,64.323,63.546,63.775,6189314
2020-07-20,63.822,64.961,63.665,64.794,5471580
2020-07-21,65.300,65.390,64.656,64.895,5315808
2020-07-22,64.785,65.490,64.723,65.452,5320990
2020-07-23,65.524,65.524,64.027,64.470,6867546
2020-07-24,64.108,64.866,63.789,64.585,6287142
2020-07-27,64.861,65.133,64.518,64.985,4740172
2020-07-28,64.856,65.118,64.246,64.342,5117428
2020-07-29,64.766,65.133,64.666,64.995,4494988
2020-07-30,64.528,65.257,64.151,64.942,7937144
2020-07-31,65.743,65.857,64.561,65.281,7670862
2020-08-03,65.490,65.509,65.061,65.142,5589878
2020-08-04,65.014,65.686,65.004,65.666,5340178
2020-08-05,65.924,66.500,65.819,66.467,6536730
2020-08-06,66.229,66.934,66.133,66.791,4312084
2020-08-07,66.796,67.091,66.405,66.891,5952990
2020-08-10,67.129,67.768,67.024,67.692,4560568
2020-08-11,68.078,68.459,67.401,67.558,7091622
2020-08-12,68.225,68.597,67.963,68.454,7630288
2020-08-13,68.392,68.835,68.282,68.425,4742748
2020-08-14,68.425,68.573,68.125,68.421,3374048
2020-08-17,68.983,69.388,68.683,69.302,3215750
2020-08-18,69.569,69.883,69.050,69.731,5175360
2020-08-19,70.003,70.022,69.302,69.402,5310740
2020-08-20,68.983,69.498,68.807,69.297,3326436
2020-08-21,69.226,69.693,69.212,69.655,3646544
2020-08-24,70.131,70.741,70.127,70.713,5284302
2020-08-25,70.879,70.951,70.370,70.946,5184612
2020-08-26,70.951,71.761,70.884,71.647,5584502
2020-08-27,71.913,71.961,70.994,71.261,6170864
2020-08-28,71.627,71.856,71.351,71.728,4271594
2020-08-31,71.718,71.930,71.423,71.518,7021346
2020-09-01,71.585,72.309,71.485,72.266,9904294
2020-09-02,72.766,73.448,72.352,73.267,8008794
2020-09-03,73.057,73.109,70.260,70.941,15134768
2020-09-04,71.170,71.575,68.435,70.122,13334176
2020-09-08,68.969,70.174,68.640,69.202,15211106
2020-09-09,69.850,71.032,69.443,70.508,7424672
2020-09-10,70.860,71.608,69.269,69.498,12553368
2020-09-11,69.969,70.289,68.945,69.602,7596416
2020-09-14,70.374,70.884,70.065,70.341,5554334
2020-09-15,70.784,71.161,70.551,70.917,5411444
2020-09-16,71.213,71.489,70.489,70.522,5215546
2020-09-17,69.493,69.984,68.950,69.531,8849280
2020-09-18,69.750,69.776,67.992,68.564,10839458
2020-09-21,67.466,67.647,66.388,67.571,8435764
2020-09-22,67.986,69.061,67.762,68.999,7631272
2020-09-23,69.715,69.844,67.729,67.867,7930552
2020-09-24,67.557,68.789,67.041,67.838,8997222
2020-09-25,67.819,68.956,67.347,68.722,5028024
2020-09-28,69.624,70.321,69.343,70.159,5323266
2020-09-29,70.126,70.173,69.567,69.615,6055310
2020-09-30,69.825,71.014,69.739,70.183,8948734
2020-10-01,70.875,71.162,70.426,71.100,7756624
2020-10-02,69.772,71.038,69.744,70.799,8180470
2020-10-05,71.176,71.814,71.114,71.735,4638974
2020-10-06,71.802,72.126,70.293,70.407,7884242
2020-10-07,71.262,72.188,71.262,72.017,4987730
2020-10-08,72.485,72.537,71.957,72.489,5066234
2020-10-09,72.867,73.416,72.776,73.244,7362946
2020-10-12,73.755,74.558,73.650,74.218,6394352
2020-10-13,74.065,74.538,73.817,74.204,6826144
2020-10-14,74.361,74.437,73.053,73.382,7610734
2020-10-15,72.437,73.793,72.222,73.654,4754264
2020-10-16,73.984,74.337,72.761,72.986,4210830
2020-10-19,73.549,73.750,71.916,72.112,5153978
2020-10-20,72.508,73.564,72.313,72.666,8520710
2020-10-21,72.585,73.091,72.055,72.270,5539812
2020-10-22,72.260,72.499,71.482,72.418,4136218
2020-10-23,72.714,73.062,72.155,73.053,3914078
2020-10-26,72.308,72.604,70.629,71.649,6299898
2020-10-27,71.840,72.055,71.415,71.615,6241172
2020-10-28,70.331,70.684,69.276,69.352,9172646
2020-10-29,69.553,70.594,69.056,69.791,6067794
2020-10-30,69.252,69.500,67.681,68.268,9983252
2020-11-02,69.161,69.405,68.001,68.755,7980812
2020-11-03,69.486,70.665,69.132,70.269,5674866
2020-11-04,71.100,72.616,70.957,71.763,8541234
2020-11-05,73.024,73.607,72.704,73.163,6395892
2020-11-06,72.948,73.072,72.322,72.943,4847050
2020-11-09,75.464,75.464,72.613,72.704,9782254
2020-11-10,72.633,72.804,71.678,72.446,17758048
2020-11-11,72.909,73.425,72.633,73.081,7406718
2020-11-12,73.081,73.089,71.689,72.103,5929742
2020-11-13,72.518,73.394,72.413,73.272,4463522
2020-11-16,74.013,74.256,73.454,74.232,7862432
2020-11-17,73.970,74.256,73.358,73.917,5839576
2020-11-18,73.879,73.425,73.425,73.411,5415062
2020-11-19,73.397,73.845,73.239,73.774,4214304
2020-11-20,73.845,73.898,73.363,73.387,4132868
2020-11-23,73.793,74.390,73.595,74.194,4611500
2020-11-24,74.896,75.545,74.681,75.297,5465634
2020-11-25,75.240,75.512,75.030,75.388,4624626
2020-11-27,75.732,75.822,75.321,75.550,2215442
2020-11-30,75.435,75.474,74.113,75.092,6575832
2020-12-01,75.679,75.999,75.201,75.650,8738232
2020-12-02,75.354,75.354,74.858,75.178,4308830
2020-12-03,75.197,75.803,75.197,75.388,6011302
2020-12-04,75.541,75.650,75.311,75.459,4178152
2020-12-07,75.292,75.323,74.905,75.287,8431160
2020-12-08,74.925,75.178,74.547,75.130,4956904
2020-12-09,75.622,75.660,74.738,75.058,12060806
2020-12-10,74.767,75.311,74.457,74.991,5801646
2020-12-11,74.714,74.982,74.122,74.633,4134240
2020-12-14,75.311,75.741,74.719,74.743,6814956
2020-12-15,75.402,75.765,75.058,75.751,4651914
2020-12-16,75.889,76.438,75.860,76.247,4440964
2020-12-17,76.639,76.782,76.419,76.768,3977492
2020-12-18,76.897,76.940,76.056,76.395,9892094
2020-12-21,75.300,75.975,74.760,75.535,7904314
2020-12-22,75.410,75.444,74.549,75.209,7453100
2020-12-23,75.224,75.611,74.903,75.372,4339584
2020-12-24,75.444,75.645,75.209,75.530,2097642
2020-12-28,76.267,76.697,75.874,76.391,5824924
2020-12-29,76.659,76.798,76.056,76.415,4862382
2020-12-30,76.688,76.987,76.606,76.874,4881314
2020-12-31,76.884,77.013,76.511,76.917,5859294
2021-01-04,77.396,77.448,75.319,76.267,18120288
2021-01-05,75.826,77.051,75.802,76.836,6249824
2021-01-06,76.922,78.462,76.616,77.620,8831982
2021-01-07,78.324,79.429,78.295,79.118,6725538
2021-01-08,80.055,80.830,79.553,80.749,9284318
2021-01-11,79.807,80.132,79.027,79.242,7421088
2021-01-12,79.658,80.754,79.563,80.453,11396222
2021-01-13,80.539,80.756,80.046,80.448,5654644
2021-01-14,80.539,80.931,79.840,79.936,6029778
2021-01-15,79.807,80.055,79.003,79.319,7271420
2021-01-19,79.993,80.122,79.457,79.768,6363856
2021-01-20,80.520,81.505,80.271,81.275,6868606
2021-01-21,81.706,82.184,81.562,81.653,6687922
2021-01-22,81.223,81.523,80.902,81.376,4456422
2021-01-25,81.586,82.266,80.054,81.677,11760526
2021-01-26,81.959,82.036,81.318,81.625,7458352
2021-01-27,80.701,80.749,78.711,79.108,11239616
2021-01-28,78.735,80.142,78.271,79.357,7843074
2021-01-29,78.898,79.075,77.065,77.506,10833096
2021-02-01,78.405,79.606,77.927,79.520,6502562
2021-02-02,80.137,81.744,80.127,81.208,5401130
2021-02-03,81.472,81.551,80.697,80.754,4062840
2021-02-04,81.127,81.615,80.878,81.615,5142894
2021-02-05,81.902,82.672,81.739,82.395,4464186
2021-02-08,82.931,82.983,82.357,82.864,4720420
2021-02-09,82.601,82.801,82.304,82.404,3615348
2021-02-10,82.672,82.672,80.969,81.591,4881776
2021-02-11,81.806,82.089,80.974,81.366,3912830
2021-02-12,81.012,81.519,80.783,81.481,3994354
2021-02-16,81.639,81.744,80.902,81.127,4516250
2021-02-17,80.634,81.677,80.228,81.596,6441552
2021-02-18,80.740,81.883,80.682,81.620,5160098
2021-02-19,81.988,81.988,81.036,81.146,5037894
2021-02-22,80.371,80.653,79.362,79.434,5694014
2021-02-23,78.027,79.314,76.094,78.912,10764346
2021-02-24,78.812,79.845,77.970,79.740,7973540
2021-02-25,79.175,79.615,76.391,76.774,14641698
2021-02-26,77.759,78.113,76.070,77.094,12255410
2021-03-01,78.051,79.039,77.903,78.903,8706848
2021-03-02,79.013,79.185,77.955,77.994,6636904
2021-03-03,77.840,78.151,76.161,76.161,11125682
2021-03-04,76.190,76.688,73.119,74.549,18469642
2021-03-05,75.114,75.243,71.593,75.023,20626756
2021-03-08,75.324,76.649,74.984,75.114,12534980
2021-03-09,76.606,78.455,76.214,77.950,18620262
2021-03-10,78.974,79.410,77.793,78.348,14245442
2021-03-11,79.414,79.855,78.946,79.548,8457432
2021-03-12,78.706,79.785,78.486,79.783,8343382
2021-03-15,79.893,80.878,79.615,80.854,8858864
2021-03-16,80.854,81.007,79.649,80.017,6872464
2021-03-17,79.419,81.424,79.333,81.141,8711992
2021-03-18,80.381,80.735,79.022,79.156,10151792
2021-03-19,79.065,79.797,78.238,79.630,12116858
2021-03-22,80.182,80.829,79.847,80.144,7224272
2021-03-23,80.149,80.494,79.186,79.392,7989990
2021-03-24,79.761,80.185,78.218,78.218,9352094
2021-03-25,77.466,79.166,77.303,78.903,11318436
2021-03-26,79.214,79.617,78.172,79.559,8542586
2021-03-29,79.353,79.756,78.544,79.123,9358680
2021-03-30,78.778,80.019,78.462,79.900,7339364
2021-03-31,80.240,80.958,80.024,80.522,7937848
2021-04-01,81.251,81.303,80.896,81.169,8146220
2021-04-05,82.463,83.318,82.309,83.014,8629804
2021-04-06,82.937,83.699,82.880,83.373,6301930
2021-04-07,83.325,83.622,82.980,83.124,5049386
2021-04-08,83.589,83.708,82.980,83.517,6424808
2021-04-09,83.440,84.331,83.349,84.312,6123574
2021-04-12,84.307,84.935,84.235,84.853,6321074
2021-04-13,84.997,85.917,84.882,85.749,5351462
2021-04-14,85.941,86.315,84.729,84.906,6693308
2021-04-15,85.500,85.567,85.035,85.515,5040752
2021-04-16,85.721,86.288,85.491,86.176,5276068
2021-04-19,85.701,85.783,84.940,85.208,7056222
2021-04-20,84.906,85.103,83.507,84.135,8479422
2021-04-21,83.819,85.347,83.651,85.256,5540186
2021-04-22,85.361,85.486,84.001,84.312,5975290
2021-04-23,84.585,85.541,84.312,85.194,3823848
2021-04-26,85.481,85.840,85.012,85.567,4460824
2021-04-27,85.610,85.812,85.275,85.467,4460422
2021-04-28,85.361,85.826,85.170,85.366,4764640
2021-04-29,85.907,85.960,84.633,85.390,6489402
2021-04-30,85.289,85.994,85.222,85.721,5665434
2021-05-03,86.185,86.228,85.198,85.313,7372990
2021-05-04,84.676,84.810,83.368,84.422,9231024
2021-05-05,85.016,84.760,84.015,84.159,6347868
2021-05-06,84.341,84.465,83.536,84.341,7850330
2021-05-07,84.671,85.328,84.231,85.098,6750220
2021-05-10,85.126,85.126,83.574,83.584,6975962
2021-05-11,82.180,82.956,81.356,82.640,14220704
2021-05-12,81.696,82.084,79.665,79.842,14123962
2021-05-13,80.398,81.183,79.540,80.407,14084144
2021-05-14,81.169,81.976,80.939,81.802,8211706
2021-05-17,81.557,81.845,80.925,81.653,10444914
2021-05-18,81.835,82.204,81.006,81.016,7756862
2021-05-19,79.693,80.379,79.286,80.335,14120414
2021-05-20,80.733,81.337,80.630,81.160,9068116
2021-05-21,81.701,81.701,80.716,80.752,7771186
2021-05-24,81.188,81.936,80.910,81.552,6726726
2021-05-25,81.921,82.180,81.298,81.830,7133800
2021-05-26,82.199,82.942,82.118,82.592,7473732
2021-05-27,82.899,83.109,82.645,82.923,7783556
2021-05-28,83.268,83.268,82.611,82.808,6454442
2021-06-01,83.301,83.358,82.501,82.650,9360924
2021-06-02,82.726,82.733,81.960,82.266,7063256
2021-06-03,81.739,81.960,81.150,81.289,8702752
2021-06-04,81.739,82.012,81.509,81.940,6433442
2021-06-07,81.878,81.988,81.318,81.940,6389766
2021-06-08,82.487,82.865,82.041,82.602,6124858
2021-06-09,82.832,82.882,82.113,82.146,7131572
2021-06-10,82.295,82.683,82.046,82.535,5224972
2021-06-11,82.673,82.994,82.539,82.985,5468356
2021-06-14,82.990,83.167,82.525,83.009,5769980
2021-06-15,83.018,83.018,82.281,82.568,5659224
2021-06-16,82.640,82.803,81.893,82.606,9412752
2021-06-17,82.405,83.215,82.214,82.918,9267048
2021-06-18,82.309,82.803,82.108,82.482,13991200
2021-06-21,82.746,83.327,82.521,83.116,9607348
2021-06-22,83.178,84.231,83.121,83.898,6740562
2021-06-23,84.061,84.713,84.018,84.546,5315266
2021-06-24,85.188,85.376,84.666,84.833,7958954
2021-06-25,85.716,85.764,85.188,85.371,9949186
2021-06-28,85.380,85.467,84.939,85.390,5584124
2021-06-29,85.443,85.779,85.352,85.601,4629268
2021-06-30,85.505,86.057,85.505,85.668,5798602
2021-07-01,85.879,86.172,85.807,86.153,6210670
2021-07-02,86.364,86.925,86.282,86.911,5803436
2021-07-06,87.041,87.266,86.222,87.012,7792080
2021-07-07,87.247,87.463,86.350,86.964,6693352
2021-07-08,85.611,87.036,85.232,86.748,11283486
2021-07-09,87.122,87.616,87.021,87.559,5632860
2021-07-12,87.659,88.182,87.590,88.158,10814504
2021-07-13,87.986,88.130,87.029,87.103,12392324
2021-07-14,87.583,87.683,86.897,86.945,7483946
2021-07-15,86.791,87.184,85.870,86.474,6667502
2021-07-16,86.733,86.834,85.342,85.409,8424298
2021-07-19,84.032,84.450,83.375,84.430,16088516
2021-07-20,84.680,86.215,84.262,85.990,9837992
2021-07-21,86.306,86.829,86.282,86.781,8185430
2021-07-22,86.709,87.256,86.273,87.156,8061664
2021-07-23,87.453,88.077,87.247,87.933,7008612
2021-07-26,87.981,88.595,87.755,88.585,6892822
2021-07-27,88.528,88.528,86.748,87.688,7359434
2021-07-28,87.587,87.901,86.988,87.405,5973764
2021-07-29,87.799,88.614,87.741,88.389,7306830
2021-07-30,86.570,87.369,86.407,86.570,9327180
2021-08-02,87.276,87.506,86.729,86.820,7302902
2021-08-03,87.175,87.487,86.407,87.463,8446212
2021-08-04,87.276,87.410,86.613,86.613,7912910
2021-08-05,86.877,87.506,86.810,87.444,5400474
2021-08-06,87.564,87.616,86.753,86.849,5822258
2021-08-09,86.868,86.940,86.518,86.729,5560642
2021-08-10,86.825,87.396,86.633,87.069,5201048
2021-08-11,87.261,87.453,86.940,87.324,5500706
2021-08-12,87.266,87.405,86.661,87.362,5230842
2021-08-13,87.420,87.468,86.935,87.112,4936426
2021-08-16,86.604,86.777,85.793,86.709,6657500
2021-08-17,85.616,85.616,83.941,84.651,11065238
2021-08-18,84.627,85.827,84.526,84.953,9998146
2021-08-19,84.224,85.021,83.903,84.411,11334598
2021-08-20,84.546,85.317,84.469,85.222,6618448
2021-08-23,85.678,86.518,85.592,86.321,6890366
2021-08-24,86.685,87.180,86.532,86.930,5791504
2021-08-25,86.930,87.376,86.767,87.266,7266698
2021-08-26,86.969,87.012,86.282,86.460,7392182
2021-08-27,86.652,87.398,86.508,87.247,7964816
2021-08-30,87.496,88.202,87.444,87.904,7366682
2021-08-31,87.986,88.158,87.621,88.115,9555766
2021-09-01,88.418,88.581,88.046,88.110,8198336
2021-09-02,88.346,88.617,87.971,88.106,6715286
2021-09-03,87.875,88.077,87.496,88.053,6889698
2021-09-07,88.091,88.523,88.053,88.312,8750540
2021-09-08,88.288,88.621,87.688,88.413,7385506
2021-09-09,88.480,89.032,88.264,88.298,8714686
2021-09-10,88.758,88.849,87.717,87.755,9627266
2021-09-13,88.149,88.221,87.108,87.971,11534650
2021-09-14,88.139,88.254,87.314,87.679,8462474
2021-09-15,87.477,88.386,86.834,88.245,10294618
2021-09-16,88.062,88.869,87.900,88.648,12171406
2021-09-17,88.542,89.048,88.134,88.336,14925086
2021-09-20,86.658,87.105,85.231,86.317,16191900
2021-09-21,86.836,87.148,86.173,86.447,12503694
2021-09-22,86.985,88.028,86.788,87.624,12367350
2021-09-23,87.999,88.893,87.999,88.513,8275192
2021-09-24,87.946,88.921,87.840,88.844,8032404
2021-09-27,88.489,89.560,88.455,89.320,9487914
2021-09-28,88.792,88.926,87.129,87.600,14941794
2021-09-29,87.898,88.566,87.475,87.686,12192218
2021-09-30,87.701,87.766,86.226,86.226,16496550
2021-10-01,86.663,87.283,85.769,86.874,15519788
2021-10-04,87.139,87.393,85.894,86.187,18494050
2021-10-05,86.485,87.331,86.283,86.533,11031198
2021-10-06,85.995,86.908,85.644,86.807,10272534
2021-10-07,87.557,88.489,87.465,88.157,7537784
2021-10-08,88.191,88.273,87.672,87.754,7399582
2021-10-11,87.720,88.412,87.393,87.398,6637078
2021-10-12,87.932,88.446,87.691,88.090,10282210
2021-10-13,88.359,88.763,87.826,88.523,10831972
2021-10-14,89.037,89.594,88.941,89.450,7514600
2021-10-15,90.007,90.855,89.873,90.819,8717568
2021-10-18,90.627,91.992,90.608,91.929,7867108
2021-10-19,92.145,92.145,91.574,91.670,5808810
2021-10-20,91.670,92.011,91.444,91.603,9606858
2021-10-21,91.449,93.001,91.444,92.948,7130152
2021-10-22,92.890,93.126,92.208,92.616,7376648
2021-10-25,93.424,95.317,93.049,94.913,11077080
2021-10-26,95.326,96.874,94.553,94.928,15030448
2021-10-27,95.365,96.038,95.110,95.139,9831044
2021-10-28,95.937,96.686,95.668,96.403,9001554
2021-10-29,95.302,96.705,95.038,96.653,8508374
2021-11-01,97.364,98.445,96.782,98.426,11234350
2021-11-02,97.580,98.358,97.268,97.763,13559244
2021-11-03,97.739,99.584,97.647,99.521,12816268
2021-11-04,100.002,101.251,99.877,100.862,11600208
2021-11-05,101.501,102.202,101.414,101.510,9630520
2021-11-08,100.429,101.299,100.035,100.074,11715450
2021-11-09,100.434,100.559,97.940,98.224,33102296
2021-11-10,97.585,99.238,96.614,97.859,22689620
2021-11-11,98.901,98.910,97.551,97.594,12416934
2021-11-12,97.623,98.046,96.994,97.921,10335068
2021-11-15,97.993,98.181,97.277,97.839,10611256
2021-11-16,97.964,99.608,97.945,99.382,11300948
2021-11-17,99.805,100.622,99.612,100.016,16543202
2021-11-18,100.535,101.318,100.006,101.150,14804204
2021-11-19,101.150,101.861,100.943,101.587,14989548
2021-11-22,102.241,103.336,100.915,101.333,18431012
2021-11-23,101.424,101.981,99.218,100.597,22962790
2021-11-24,99.536,101.112,99.007,100.804,16341248
2021-11-26,99.137,99.478,97.892,98.056,15329176
2021-11-29,99.343,100.372,99.094,99.579,16767496
2021-11-30,99.353,99.982,97.710,98.233,26435682
2021-12-01,99.343,100.304,96.393,96.460,25940950
2021-12-02,96.979,98.296,96.374,97.835,33287884
2021-12-03,98.200,98.488,94.947,95.932,28543232
2021-12-06,96.316,97.902,94.976,97.027,23326168
2021-12-07,98.642,99.608,98.399,99.291,13875578
2021-12-08,99.363,99.709,98.762,99.540,11988130
2021-12-09,99.137,99.291,97.782,97.815,11757508
2021-12-10,98.286,98.531,97.109,98.498,14372958
2021-12-13,97.926,98.089,95.706,95.961,14995636
2021-12-14,94.899,95.677,94.346,95.403,15371898
2021-12-15,95.067,96.662,93.794,96.614,19042178
2021-12-16,97.085,97.258,94.356,94.481,18368856
2021-12-17,93.693,94.966,93.049,93.837,23510766
2021-12-20,92.352,92.544,91.399,92.337,22326900
2021-12-21,93.324,94.754,92.602,94.729,13530518
2021-12-22,95.037,96.558,94.869,96.457,11491072
2021-12-23,96.578,98.055,96.433,97.795,10588756
2021-12-27,97.978,99.047,97.935,98.748,8429810
2021-12-28,98.970,99.316,98.623,98.792,8306224
2021-12-29,99.032,99.234,98.363,98.989,7584500
2021-12-30,98.652,99.501,98.546,98.633,7140026
2021-12-31,98.710,99.056,98.330,98.397,6885506
2022-01-03,100.250,101.232,99.677,101.222,14465482
2022-01-04,101.391,101.944,100.057,100.606,13169434
2022-01-05,100.471,100.779,97.843,97.892,17275566
2022-01-06,97.757,98.325,96.096,97.637,17245362
2022-01-07,97.781,98.031,95.697,96.010,15005194
2022-01-10,94.749,95.471,92.689,95.423,21271460
2022-01-11,95.283,96.534,94.551,96.342,16887162
2022-01-12,97.020,97.473,96.149,96.977,13156740
2022-01-13,97.295,97.766,94.797,95.028,16493948
2022-01-14,94.272,95.023,93.223,94.585,20715286
2022-01-18,93.247,93.695,92.453,92.795,18186574
2022-01-19,93.199,93.502,91.048,91.120,17404684
2022-01-20,91.678,92.824,89.300,89.459,18093818
2022-01-21,89.161,89.536,86.798,86.836,37394218
2022-01-24,85.036,87.967,82.808,87.881,53234046
2022-01-25,86.384,87.722,85.180,86.393,35890272
2022-01-26,88.217,89.007,84.872,85.975,43383450
2022-01-27,86.774,86.918,83.708,83.891,33723140
2022-01-28,84.184,85.720,82.533,85.720,31685640
2022-01-31,86.153,89.084,85.816,89.016,22194384
2022-02-01,89.190,89.719,87.765,89.555,22365672
2022-02-02,90.143,90.258,88.174,89.021,19293188
2022-02-03,86.947,88.323,86.114,86.297,19156110
2022-02-04,88.208,89.811,86.956,88.752,20021560
2022-02-07,89.060,90.046,88.242,88.569,18763772
2022-02-08,88.309,90.008,87.852,89.815,18318632
2022-02-09,90.942,91.529,90.629,91.004,16918740
2022-02-10,89.397,91.192,88.862,89.435,25946496
2022-02-11,89.527,89.859,86.475,86.865,25319446
2022-02-14,86.754,88.501,86.533,87.361,30853778
2022-02-15,88.742,89.397,88.559,89.315,20723208
2022-02-16,88.776,89.820,88.376,89.570,17397686
2022-02-17,88.997,89.421,87.048,87.173,18136466
2022-02-18,87.404,87.683,85.772,86.634,18990560
2022-02-22,85.421,86.259,83.096,84.107,27345666
2022-02-23,84.767,84.988,81.147,81.296,27134386
2022-02-24,77.956,83.284,77.725,83.154,41735990
2022-02-25,83.404,84.815,82.283,84.800,27338242
2022-02-28,83.968,85.768,83.818,85.397,32321862
2022-03-01,85.272,85.532,83.520,84.102,26997672
2022-03-02,84.406,86.244,84.199,85.869,20262628
2022-03-03,86.307,86.456,83.520,83.924,22403812
2022-03-04,83.448,83.650,81.734,82.591,21658134
2022-03-07,82.793,82.981,78.510,78.543,32146112
2022-03-08,78.452,81.205,77.831,78.707,50888192
2022-03-09,80.801,81.701,80.435,81.239,31937260
2022-03-10,81.219,82.081,80.531,81.816,25855130
2022-03-11,82.466,82.699,80.180,80.242,24156258
2022-03-14,80.151,80.796,78.413,78.904,30349220
2022-03-15,79.482,81.778,79.285,81.547,27120588
2022-03-16,82.490,84.329,81.701,84.329,33778820
2022-03-17,83.587,85.758,83.361,85.734,26084894
2022-03-18,85.493,87.642,85.084,87.539,30129184
2022-03-21,87.623,88.153,85.998,86.799,25648030
2022-03-22,87.367,89.242,87.309,88.953,16421270
2022-03-23,88.220,89.339,87.661,87.849,15756858
2022-03-24,88.249,88.633,87.261,88.534,15134086
2022-03-25,88.649,88.833,87.570,88.380,16408726
2022-03-28,89.310,90.761,89.189,90.737,23064728
2022-03-29,91.937,92.636,91.122,92.317,19373288
2022-03-30,91.580,92.062,90.462,90.915,16296068
2022-03-31,90.896,90.896,89.088,89.170,16778018
2022-04-01,89.657,89.879,88.789,89.281,9978760
2022-04-04,89.319,91.315,88.722,91.286,15423822
2022-04-05,90.823,91.291,88.886,89.146,16219640
2022-04-06,87.936,87.936,86.066,86.871,27843210
2022-04-07,86.683,87.787,85.512,87.314,22538390
2022-04-08,86.779,87.550,86.225,86.509,18595004
2022-04-11,85.208,86.538,84.813,84.904,18592710
2022-04-12,86.090,86.987,84.755,85.092,23297568
2022-04-13,84.919,87.358,84.832,87.208,16820148
2022-04-14,87.044,87.526,85.926,85.989,17839386
2022-04-18,85.704,86.746,85.367,86.249,15385596
2022-04-19,86.297,88.876,86.225,88.751,17469042
2022-04-20,88.924,89.160,87.469,87.608,13876646
2022-04-21,90.004,90.558,86.485,86.760,23446498
2022-04-22,86.572,86.893,84.658,84.745,22306366
2022-04-25,84.003,85.430,83.502,85.357,25809690
2022-04-26,84.726,84.856,81.005,81.039,29196562
2022-04-27,81.554,82.774,80.542,81.048,25103002
2022-04-28,82.157,83.545,80.108,82.711,13985464
2022-04-29,80.909,81.632,78.354,78.508,18836482
2022-05-02,78.267,79.713,77.187,79.655,33548214
2022-05-03,79.617,79.969,78.773,79.458,24065778
2022-05-04,79.332,81.874,78.026,81.791,18696662
2022-05-05,80.696,80.747,76.291,77.207,22776872
2022-05-06,76.778,77.535,74.888,76.228,25545402
2022-05-09,74.565,75.607,72.575,72.980,22095342
2022-05-10,74.517,74.956,71.741,72.763,25447096
2022-05-11,72.599,73.336,69.957,70.155,25713506
2022-05-12,68.931,72.295,68.458,70.637,23599990
2022-05-13,72.237,73.760,71.683,73.418,12572776
2022-05-16,73.124,73.177,71.654,71.832,11730192
2022-05-17,73.264,73.679,71.794,73.645,11211354
2022-05-18,71.640,71.640,68.304,68.830,14761542
2022-05-19,68.401,70.020,67.986,68.878,15406332
2022-05-20,69.442,69.538,65.711,67.678,15624790
2022-05-23,67.948,68.362,66.434,68.184,13606942
2022-05-24,67.065,67.246,65.552,66.429,14872014
2022-05-25,66.000,68.887,65.967,68.304,12955018
2022-05-26,69.263,72.155,69.215,71.654,16045788
2022-05-27,72.454,74.132,72.454,74.112,15248546
2022-05-31,74.189,75.235,73.057,74.488,14145452
2022-06-01,74.888,75.404,73.240,73.712,12232944
2022-06-02,73.785,76.009,73.481,75.968,11625868
2022-06-03,74.416,74.949,73.495,73.746,10714342
2022-06-06,75.057,75.438,74.030,74.483,10234808
2022-06-07,72.965,74.517,72.546,74.300,9637448
2022-06-08,73.920,74.946,73.669,73.862,8810220
2022-06-09,73.905,74.700,72.522,72.527,7728760
2022-06-10,71.028,71.476,69.418,69.635,13439116
2022-06-13,67.215,67.938,65.918,66.420,20171422
2022-06-14,66.757,67.249,65.779,66.367,13355816
2022-06-15,66.834,68.998,66.718,68.232,18120788
2022-06-16,66.304,66.381,64.125,64.892,24019458
2022-06-17,64.901,66.169,64.670,65.600,22389926
2022-06-21,66.895,68.228,66.774,67.475,12854748
2022-06-22,66.518,68.711,66.518,67.344,12021500
2022-06-23,67.822,68.586,66.895,68.402,11776968
2022-06-24,68.890,71.035,68.566,71.011,13401398
2022-06-27,71.359,71.726,70.040,70.267,14574388
2022-06-28,70.431,71.267,67.436,67.460,11369820
2022-06-29,67.426,67.871,66.682,67.407,11919266
2022-06-30,66.528,67.252,65.103,66.417,12569318
2022-07-01,66.523,67.726,66.267,67.639,11334738
2022-07-05,66.668,69.194,66.199,69.151,11516010
2022-07-06,69.030,69.636,68.141,68.924,15889852
2022-07-07,69.103,70.837,69.093,70.702,8558974
2022-07-08,70.117,71.233,69.793,70.711,6196614
2022-07-11,70.262,70.455,68.605,68.774,7615318
2022-07-12,68.774,69.851,67.917,68.359,14874362
2022-07-13,67.006,69.528,66.735,68.919,14236098
2022-07-14,68.161,68.977,67.330,68.861,10515094
2022-07-15,69.726,70.291,69.296,69.972,7519580
2022-07-18,70.929,71.774,69.905,70.175,8041878
2022-07-19,71.204,72.436,70.600,72.325,8839822
2022-07-20,72.465,73.653,72.281,73.513,9340196
2022-07-21,73.779,75.243,73.359,75.195,10761378
2022-07-22,75.673,76.233,74.301,74.760,7794848
2022-07-25,74.823,74.861,73.663,74.117,9123386
2022-07-26,72.426,72.755,71.600,71.731,8194964
2022-07-27,72.818,74.832,72.470,74.446,10402600
2022-07-28,74.881,75.852,73.707,75.726,11074540
2022-07-29,77.455,78.977,76.934,78.663,13605482
2022-08-01,78.678,80.190,78.291,79.054,17920226
2022-08-02,78.562,79.895,78.253,78.513,13815812
2022-08-03,79.373,80.794,79.069,80.426,12027302
2022-08-04,80.625,81.093,80.161,80.755,9826912
2022-08-05,79.852,80.552,78.968,79.378,8788488
2022-08-08,80.204,81.441,79.431,79.736,7294060
2022-08-09,79.253,79.509,78.001,78.465,6639094
2022-08-10,80.755,81.013,79.779,80.678,7247212
2022-08-11,81.388,81.765,80.016,80.267,7822062
2022-08-12,80.847,82.108,80.151,82.084,5897506
2022-08-15,81.876,82.909,81.774,82.649,7714892
2022-08-16,82.779,84.427,82.533,83.562,7224850
2022-08-17,82.644,83.523,82.122,82.663,7495710
2022-08-18,82.567,82.827,82.108,82.639,5669182
2022-08-19,81.914,82.021,80.661,80.934,7149514
2022-08-22,79.707,79.707,78.518,78.687,8369310
2022-08-23,78.750,79.494,78.494,78.910,8787048
2022-08-24,78.750,80.040,78.557,79.248,6664050
2022-08-25,79.740,80.291,79.141,80.195,6090006
2022-08-26,80.340,80.605,77.120,77.141,7894000
2022-08-29,76.069,77.373,76.069,76.731,7051304
2022-08-30,77.378,77.552,75.112,75.876,7334334
2022-08-31,76.267,76.499,75.108,75.127,8862840
2022-09-01,74.634,75.876,73.880,75.813,11943866
2022-09-02,76.571,76.905,74.687,75.117,16482570
2022-09-06,75.446,75.624,73.842,74.963,17921914
2022-09-07,74.881,77.368,74.881,77.262,12632538
2022-09-08,76.470,78.040,76.228,77.982,9391496
2022-09-09,78.354,79.591,78.354,79.460,8950798
2022-09-12,79.900,80.769,79.900,80.484,8791664
2022-09-13,77.919,78.301,76.122,76.335,13350364
2022-09-14,76.600,77.637,76.216,77.315,14924708
2022-09-15,77.214,78.475,76.542,76.919,11364454
2022-09-16,75.760,76.431,75.214,76.301,17364296
2022-09-19,75.645,77.393,75.597,77.379,10028660
2022-09-20,76.580,76.870,75.428,76.067,9142030
2022-09-21,76.280,76.986,74.251,74.266,10222364
2022-09-22,73.888,74.154,72.179,72.552,11338910
2022-09-23,71.589,71.705,69.977,70.882,11212950
2022-09-26,70.591,72.262,70.582,70.722,12839658
2022-09-27,71.763,72.489,70.180,70.945,14563330
2022-09-28,71.245,73.244,70.887,72.862,13861308
2022-09-29,71.710,71.807,69.667,70.345,12313648
2022-09-30,69.522,70.940,68.757,68.960,12232330
2022-10-03,68.897,69.667,67.871,69.028,17291562
2022-10-04,70.742,72.136,70.538,71.439,19663818
2022-10-05,70.306,71.485,69.555,71.017,12541160
2022-10-06,70.867,71.565,70.207,70.514,14428924
2022-10-07,69.468,69.623,67.692,68.089,11195348
2022-10-10,68.190,68.384,66.999,67.667,9728352
2022-10-11,67.333,68.486,66.670,67.116,12003394
2022-10-12,67.120,67.808,66.578,67.290,19440370
2022-10-13,65.276,68.408,64.652,68.026,19564386
2022-10-14,68.703,69.062,65.378,65.484,13421934
2022-10-17,66.883,68.323,66.854,68.142,13131176
2022-10-18,70.267,70.470,68.408,69.081,10368370
2022-10-19,68.520,68.965,67.585,68.307,7144848
2022-10-20,67.377,68.636,66.762,66.985,10195286
2022-10-21,66.907,68.999,66.540,68.936,15575642
2022-10-24,68.621,69.517,67.396,69.221,9081288
2022-10-25,69.255,71.148,69.255,70.955,7455008
2022-10-26,70.098,71.802,69.904,70.383,6864606
2022-10-27,70.727,71.177,69.865,70.112,12722106
2022-10-28,68.229,70.270,67.738,70.175,14082596
2022-10-31,69.802,70.253,69.134,69.725,9367480
2022-11-01,70.911,71.114,68.883,69.018,12514666
2022-11-02,68.950,69.352,66.389,66.409,19855092
2022-11-03,65.934,66.772,65.576,66.012,11117438
2022-11-04,67.576,68.239,65.308,66.564,12628920
2022-11-07,66.966,67.024,65.450,66.099,7424696
2022-11-08,66.176,66.724,65.027,65.934,9535822
2022-11-09,65.586,65.891,63.853,63.921,10155780
2022-11-10,67.125,68.670,66.419,68.592,15516042
2022-11-11,68.694,70.625,68.486,70.238,11350304
2022-11-14,69.628,70.243,69.052,69.125,15841116
2022-11-15,70.766,71.143,69.294,70.069,8739552
2022-11-16,68.781,69.570,68.495,68.999,9573844
2022-11-17,68.002,68.452,67.522,68.161,7565112
2022-11-18,69.042,69.067,67.464,68.253,7413926
2022-11-21,67.871,68.064,66.903,67.266,6752776
2022-11-22,67.532,68.060,67.067,68.026,5520898
2022-11-23,68.268,69.154,68.127,69.008,6177764
2022-11-25,69.042,69.241,68.684,69.047,2728452
2022-11-28,68.674,69.391,68.471,68.621,6041032
2022-11-29,68.684,68.936,68.139,68.403,10422936
2022-11-30,68.437,70.785,67.997,70.761,16408554
2022-12-01,71.022,71.318,70.214,70.751,9654132
2022-12-02,69.754,70.870,69.739,70.659,11972518
2022-12-05,69.720,69.938,68.437,68.621,11579988
2022-12-06,68.423,68.718,66.966,67.551,7899852
2022-12-07,67.091,67.861,66.883,67.145,10852620
2022-12-08,67.256,68.050,66.937,67.793,6407018
2022-12-09,67.382,68.169,67.275,67.498,7218476
2022-12-12,67.358,67.667,66.917,67.667,6545582
2022-12-13,69.914,70.349,66.937,67.667,10744204
2022-12-14,67.527,68.084,66.409,67.164,10903702
2022-12-15,66.123,66.443,65.571,66.060,11949600
2022-12-16,65.683,65.939,64.487,64.826,13371750
2022-12-19,64.824,64.960,63.542,63.795,8675820
2022-12-20,63.401,63.931,62.964,63.052,7710692
2022-12-21,63.819,64.411,63.576,64.057,10670224
2022-12-22,63.333,63.377,61.479,62.411,12897212
2022-12-23,62.246,63.013,61.824,62.838,6551278
2022-12-27,62.547,62.663,61.780,61.819,8536192
2022-12-28,61.848,62.450,61.173,61.299,10073734
2022-12-29,62.178,63.018,61.935,62.877,7492206
2022-12-30,62.256,62.722,61.989,62.707,7531112
2023-01-03,63.081,63.261,61.576,62.333,9567262
2023-01-04,62.916,63.702,62.123,63.236,8079680
2023-01-05,62.795,63.066,62.227,62.649,7776380
2023-01-06,62.474,64.368,62.030,64.120,9239730
2023-01-09,64.897,65.555,64.460,64.508,9387770
2023-01-10,64.542,65.329,64.193,65.319,8830716
2023-01-11,65.877,67.086,65.819,67.082,12708064
2023-01-12,67.499,67.577,66.115,67.193,9572678
2023-01-13,66.154,67.887,66.063,67.824,7969462
2023-01-17,68.023,68.417,67.679,67.873,7499778
2023-01-18,68.562,68.956,66.960,66.989,9596998
2023-01-19,66.499,66.708,65.538,65.877,12957252
2023-01-20,66.023,67.514,65.698,67.475,7502588
2023-01-23,67.654,68.786,67.261,68.528,9168298
2023-01-24,68.290,68.776,67.849,68.451,6372950
2023-01-25,67.412,68.892,66.902,68.800,7540386
2023-01-26,70.019,70.412,69.325,70.208,9641134
2023-01-27,70.266,72.354,70.252,71.801,10945330
2023-01-30,71.262,71.733,70.519,70.577,9578440
2023-01-31,70.655,72.194,70.655,72.194,6975576
2023-02-01,72.005,74.141,71.262,73.563,13913734
2023-02-02,75.160,76.721,74.816,75.816,14039672
2023-02-03,73.544,75.228,73.155,73.480,13593706
2023-02-06,73.204,73.820,72.762,73.374,8770272
2023-02-07,73.053,73.729,71.687,73.544,9833200
2023-02-08,73.301,73.480,72.412,72.917,11128086
2023-02-09,73.888,74.374,72.422,72.781,8316184
2023-02-10,72.145,72.490,71.344,71.927,6433390
2023-02-13,71.922,73.012,71.436,72.980,6721636
2023-02-14,72.466,74.051,72.014,73.854,8722596
2023-02-15,73.645,74.733,73.359,74.718,6823022
2023-02-16,73.573,74.616,73.073,73.087,11257802
2023-02-17,72.670,73.136,71.876,73.102,7480156
2023-02-21,72.009,72.204,70.640,70.660,8837582
2023-02-22,70.820,71.485,70.504,71.019,9928492
2023-02-23,71.267,71.359,69.761,70.961,10568646
2023-02-24,69.645,69.980,69.271,69.844,11914576
2023-02-27,70.635,71.237,70.416,70.708,11244674
2023-02-28,70.665,71.179,70.383,70.660,11185166
2023-03-01,70.407,70.640,69.363,69.771,12688832
2023-03-02,68.655,69.645,68.470,69.538,10983696
2023-03-03,70.145,71.155,69.985,71.034,10035244
2023-03-06,71.213,71.461,70.490,70.514,9854396
2023-03-07,70.407,70.757,69.516,69.553,11941814
2023-03-08,69.427,69.572,68.713,69.427,10817426
2023-03-09,69.305,70.024,67.710,67.771,13337364
2023-03-10,67.994,68.698,66.868,67.096,29058732
2023-03-13,66.106,68.096,65.887,67.237,23628244
2023-03-14,68.150,68.572,67.523,68.378,15038250
2023-03-15,67.363,68.315,66.995,68.276,18002850
2023-03-16,67.849,69.805,67.795,69.509,21495596
2023-03-17,69.490,69.533,68.062,68.621,16880014
2023-03-20,68.526,69.330,68.044,68.906,11729806
2023-03-21,69.797,70.917,69.768,70.810,12776846
2023-03-22,70.844,71.360,69.203,69.232,10983558
2023-03-23,70.070,70.581,68.473,69.159,12255572
2023-03-24,68.999,69.057,68.059,68.935,9434806
2023-03-27,69.597,69.856,68.789,69.077,8414640
2023-03-28,69.057,69.242,68.526,68.994,5719518
2023-03-29,69.744,70.328,69.500,70.303,7725882
2023-03-30,70.975,71.272,70.635,70.917,6478370
2023-03-31,71.370,72.855,71.268,72.811,10447410
2023-04-03,72.154,72.495,71.642,72.144,11338386
2023-04-04,72.383,72.548,71.399,72.027,9383466
2023-04-05,71.725,71.750,70.401,70.552,8861648
2023-04-06,70.226,70.693,69.573,70.566,7636276
2023-04-10,69.846,70.902,69.427,70.878,7276746
2023-04-11,70.917,71.389,70.669,70.990,8808286
2023-04-12,71.579,71.604,69.812,69.890,9062664
2023-04-13,70.396,71.496,70.167,71.433,13140058
2023-04-14,71.272,71.964,70.932,71.526,10801616
2023-04-17,71.706,72.188,71.345,72.032,9102468
2023-04-18,72.392,72.558,71.837,72.149,9058798
2023-04-19,71.477,72.492,71.409,72.081,7600446
2023-04-20,70.898,71.579,70.571,70.971,8287156
2023-04-21,71.550,72.042,71.000,71.754,8870598
2023-04-24,71.862,72.285,71.085,71.745,7749972
2023-04-25,71.272,71.399,70.313,70.323,8494316
2023-04-26,70.678,70.907,69.821,69.963,7706008
2023-04-27,70.454,71.891,70.406,71.808,9630774
2023-04-28,71.472,72.091,70.803,71.993,8271030
2023-05-01,71.818,71.974,71.180,71.282,8547742
2023-05-02,71.175,71.511,70.489,71.355,9217154
2023-05-03,71.058,72.008,70.737,70.790,8512050
2023-05-04,70.800,71.107,70.133,70.245,10662944
2023-05-05,70.907,71.803,70.781,71.667,7371794
2023-05-08,71.886,71.939,71.433,71.910,6850084
2023-05-09,71.516,71.947,71.399,71.891,8465088
2023-05-10,72.553,72.923,71.428,72.256,9028128
2023-05-11,72.300,72.684,72.027,72.592,8288846
2023-05-12,72.840,73.030,71.550,71.978,7557774
2023-05-15,72.061,72.217,71.443,72.071,6412076
2023-05-16,71.579,72.422,71.477,71.779,6948810
2023-05-17,72.232,73.351,72.217,73.274,9331912
2023-05-18,73.434,74.442,73.425,74.413,8606606
2023-05-19,74.233,74.272,73.420,73.790,7150460
2023-05-22,73.824,74.043,73.308,73.561,7120064
2023-05-23,72.996,73.931,72.743,72.889,8583152
2023-05-24,72.733,73.006,72.056,72.621,6952448
2023-05-25,72.845,72.938,72.051,72.295,7997820
2023-05-26,72.465,74.530,72.344,73.994,10410210
2023-05-30,74.802,75.053,74.009,74.491,10981560
2023-05-31,73.999,74.150,72.796,73.819,12489766
2023-06-01,73.756,75.056,73.244,74.690,10168850
2023-06-02,75.581,76.730,75.538,76.443,10824760
2023-06-05,76.429,76.930,76.224,76.672,8808610
2023-06-06,76.531,77.578,76.482,77.471,9799120
2023-06-07,78.016,78.279,76.799,76.945,9206394
2023-06-08,77.067,78.220,77.018,78.084,6722602
2023-06-09,78.888,79.535,78.301,78.488,11579260
2023-06-12,78.970,79.942,78.737,79.837,9412734
2023-06-13,80.475,80.718,79.827,80.665,10836738
2023-06-14,80.806,81.035,79.530,80.606,13420284
2023-06-15,79.886,81.415,79.744,81.132,10713956
2023-06-16,81.707,81.733,80.957,81.010,13294912
2023-06-20,80.840,81.713,80.591,81.621,10979358
2023-06-21,81.592,81.792,80.504,80.640,10916068
2023-06-22,80.142,81.687,80.050,81.670,10753106
2023-06-23,80.708,81.460,80.391,80.723,11690574
2023-06-26,80.230,81.387,79.655,79.689,8673708
2023-06-27,80.157,81.509,80.055,81.401,10956964
2023-06-28,81.187,82.314,81.118,81.723,8715606
2023-06-29,81.865,82.060,81.323,81.811,7752544
2023-06-30,82.499,83.114,82.289,82.850,9478948
2023-07-03,83.680,84.314,83.680,83.850,9303260
2023-07-05,83.719,84.016,83.387,83.885,14528594
2023-07-06,82.826,82.982,82.148,82.533,11474576
2023-07-07,82.577,83.455,82.426,82.636,10563738
2023-07-10,82.699,82.953,82.182,82.889,10638784
2023-07-11,83.119,83.723,83.045,83.582,9633778
2023-07-12,84.719,84.831,84.138,84.334,10131864
2023-07-13,85.119,85.334,84.524,85.124,7390016
2023-07-14,85.119,85.719,84.968,85.343,7919762
2023-07-17,85.392,85.895,85.304,85.690,8363738
2023-07-18,85.383,86.241,85.129,86.041,9428080
2023-07-19,86.261,86.749,86.173,86.344,13090366
2023-07-20,85.353,85.470,83.285,83.402,19470510
2023-07-21,84.148,84.168,83.058,83.421,10484174
2023-07-24,83.304,84.099,82.950,83.968,9651686
2023-07-25,83.929,84.100,83.558,83.772,6483824
2023-07-26,83.245,84.119,83.167,83.753,8834696
2023-07-27,84.597,84.758,82.723,82.884,9463954
2023-07-28,83.787,84.514,83.524,84.290,7943816
2023-07-31,84.499,84.778,84.221,84.768,6943618
2023-08-01,84.343,84.460,83.748,83.807,6900286
2023-08-02,82.836,83.133,82.131,82.304,9707452
2023-08-03,81.835,82.704,81.640,82.499,8060844
2023-08-04,84.821,85.197,83.602,83.699,13507470
2023-08-07,83.992,84.573,83.289,84.558,7369178
2023-08-08,83.704,84.009,83.070,83.885,7255570
2023-08-09,84.002,84.007,82.748,82.889,9045104
2023-08-10,83.514,84.363,82.689,83.089,8722940
2023-08-11,82.528,83.055,82.194,82.806,6302144
2023-08-14,82.299,83.070,82.136,83.060,5639320
2023-08-15,82.753,83.119,81.806,81.928,8128292
2023-08-16,81.577,82.111,80.890,80.913,6715430
2023-08-17,81.143,81.221,79.494,79.542,8709132
2023-08-18,78.684,79.572,78.518,79.362,8249092
2023-08-21,79.825,80.401,79.372,80.274,6645278
2023-08-22,80.894,81.055,80.089,80.391,8006690
2023-08-23,80.020,81.270,79.940,81.035,7728684
2023-08-24,81.177,81.284,79.425,79.450,7949074
2023-08-25,79.806,80.572,79.089,80.338,10093074
2023-08-28,80.855,80.938,80.177,80.660,5962884
2023-08-29,80.640,82.709,80.640,82.675,8914192
2023-08-30,82.523,83.343,82.318,83.031,7289174
2023-08-31,83.084,83.743,82.967,83.289,7872896
2023-09-01,83.763,83.977,82.299,82.782,10618726
2023-09-05,82.636,83.036,82.157,82.841,9426336
2023-09-06,82.406,82.533,81.509,82.104,11155008
2023-09-07,81.235,82.431,81.026,82.333,10439356
2023-09-08,82.221,82.894,82.104,82.333,5710226
2023-09-11,83.558,84.680,83.519,84.548,10648736
2023-09-12,84.246,84.812,83.782,83.782,9908234
2023-09-13,84.046,84.685,83.768,84.446,7984980
2023-09-14,84.724,85.495,84.329,85.275,9777074
2023-09-15,84.885,85.002,83.626,83.816,11981604
2023-09-18,83.585,83.683,82.798,82.910,7442526
2023-09-19,82.480,82.656,81.735,82.495,8325134
2023-09-20,82.764,83.238,81.666,81.674,8869002
2023-09-21,80.642,80.686,79.430,79.445,12236034
2023-09-22,79.929,80.095,78.594,78.663,14209598
2023-09-25,78.340,79.313,78.144,79.146,9486790
2023-09-26,78.428,78.912,77.531,77.705,11667010
2023-09-27,77.910,78.164,76.615,77.406,12484996
2023-09-28,77.123,78.496,76.927,78.272,10291796
2023-09-29,79.410,79.714,78.252,78.687,13117018
2023-10-02,78.218,79.391,78.027,78.751,14663682
2023-10-03,78.144,78.228,76.566,76.834,14614028
2023-10-04,77.211,78.521,77.191,78.350,15340690
2023-10-05,78.242,78.452,77.343,77.959,13921950
2023-10-06,77.138,78.807,76.712,78.506,15265276
2023-10-09,77.558,78.746,77.064,78.589,10496090
2023-10-10,78.711,80.202,78.675,79.450,13458982
2023-10-11,79.772,80.158,79.029,79.733,7974462
2023-10-12,79.748,79.889,78.325,78.863,9181290
2023-10-13,78.980,79.103,77.489,77.705,11332422
2023-10-16,78.125,79.215,77.929,78.961,11071346
2023-10-17,78.242,79.538,78.096,79.146,13419940
2023-10-18,78.545,78.667,77.138,77.289,10414566
2023-10-19,76.624,76.976,74.957,75.314,21134826
2023-10-20,75.138,75.177,74.107,74.146,13358004
2023-10-23,73.848,75.175,73.061,74.234,15707160
2023-10-24,74.801,75.505,74.478,75.026,9960428
2023-10-25,74.439,74.566,73.428,73.511,11201050
2023-10-26,73.432,73.833,72.259,72.362,16921572
2023-10-27,73.623,74.244,72.880,73.120,15226554
2023-10-30,73.960,74.254,73.144,73.789,13857996
2023-10-31,73.823,74.576,73.530,74.346,10168648
2023-11-01,74.782,75.314,74.195,75.265,21669852
2023-11-02,76.575,77.274,76.336,77.230,20069658
2023-11-03,77.866,78.736,77.841,78.316,13727144
2023-11-06,78.609,78.873,77.876,78.413,11280516
2023-11-07,78.555,79.386,78.394,79.288,8773680
2023-11-08,79.313,79.450,78.611,79.078,8334638
2023-11-09,78.971,79.068,77.328,77.602,11497212
2023-11-10,77.700,78.922,77.304,78.892,10312238
2023-11-13,78.545,79.498,78.193,79.230,9879970
2023-11-14,81.209,82.150,81.092,81.898,15258318
2023-11-15,82.299,82.681,81.739,81.996,12389008
2023-11-16,81.287,81.852,80.799,81.155,12287496
2023-11-17,81.429,81.918,80.921,81.698,8921098
2023-11-20,81.678,82.294,81.429,82.118,9285058
2023-11-21,81.507,81.991,81.243,81.908,7603700
2023-11-22,82.260,82.788,81.835,82.158,8963440
2023-11-24,82.104,82.377,81.962,82.236,3483054
2023-11-27,82.285,82.798,81.933,82.368,7299662
2023-11-28,82.270,82.886,81.820,82.842,11973922
2023-11-29,83.458,83.878,82.556,82.617,7659416
2023-11-30,82.617,82.651,81.854,82.500,13023070
2023-12-01,82.148,83.653,81.986,83.629,14955710
2023-12-04,83.023,83.673,82.820,83.311,18477610
2023-12-05,82.861,84.284,82.793,83.458,7822580
2023-12-06,84.083,84.494,83.516,83.580,12228220
2023-12-07,83.917,84.421,83.648,84.269,7380162
2023-12-08,83.844,84.817,83.780,84.655,8096686
2023-12-11,84.558,84.985,84.298,84.880,18892304
2023-12-12,84.787,85.203,84.450,85.144,7411490
2023-12-13,85.115,86.353,84.450,86.259,10898438
2023-12-14,87.011,87.764,86.679,87.417,15288968
2023-12-15,87.437,87.813,87.148,87.598,11258400
2023-12-18,87.882,88.425,87.705,88.146,7719410
2023-12-19,88.445,89.067,88.425,88.836,7194128
2023-12-20,88.440,89.218,87.196,87.216,8621598
2023-12-21,88.136,88.570,87.642,88.543,7854926
2023-12-22,88.190,88.567,87.529,87.891,8522972
2023-12-26,88.087,88.376,87.916,88.264,5480762
2023-12-27,88.376,88.797,88.332,88.567,7495908
2023-12-28,88.694,88.861,88.038,88.107,5608990
2023-12-29,88.141,88.288,87.265,87.563,8268676
2024-01-02,87.289,87.328,86.415,86.750,15369562
2024-01-03,86.173,86.217,84.963,84.997,15522852
2024-01-04,84.654,85.448,84.370,84.400,11915080
2024-01-05,84.184,85.222,84.150,84.532,12084844
2024-01-08,84.679,86.070,84.657,85.972,8142660
2024-01-09,85.345,85.773,85.125,85.653,8330060
2024-01-10,85.786,86.547,85.766,86.339,7624438
2024-01-11,86.241,86.513,85.325,86.226,8592058
2024-01-12,85.869,86.261,85.027,85.188,7444440
2024-01-16,84.674,85.423,84.424,85.090,8976176
2024-01-17,84.194,84.375,83.719,84.346,7961848
2024-01-18,84.747,84.929,83.895,84.826,9926198
2024-01-19,84.958,85.815,84.449,85.644,9783038
2024-01-22,85.830,86.075,84.885,85.267,11184290
2024-01-23,85.350,85.634,84.630,85.061,7107290
2024-01-24,85.624,85.712,84.672,84.738,8622278
2024-01-25,83.939,84.008,83.114,83.690,11092712
2024-01-26,84.047,84.498,83.753,84.072,6977836
2024-01-29,84.243,85.316,84.096,85.301,7381216
2024-01-30,85.443,85.658,85.090,85.252,6274790
2024-01-31,84.708,85.164,83.626,83.700,13663826
2024-02-01,84.091,85.333,83.797,85.311,14682328
2024-02-02,85.893,87.186,85.482,86.834,20763964
2024-02-05,85.942,85.942,84.601,85.609,13346162
2024-02-06,85.242,86.146,85.242,86.128,9373598
2024-02-07,86.608,87.416,86.403,87.093,7796482
2024-02-08,87.152,87.529,86.985,87.475,8100514
2024-02-09,87.402,88.239,87.201,88.097,9584832
2024-02-12,88.126,88.577,87.857,88.024,6040160
2024-02-13,86.251,86.758,85.810,86.270,14801496
2024-02-14,86.599,87.220,86.124,87.181,11560942
2024-02-15,87.358,88.195,87.127,88.190,10567796
2024-02-16,87.808,88.180,87.127,87.666,8512346
2024-02-20,86.863,87.171,86.290,86.839,8756368
2024-02-21,87.123,87.891,86.907,87.480,8886240
2024-02-22,88.264,89.321,88.107,89.179,8800060
2024-02-23,88.832,89.228,88.636,88.778,7575996
2024-02-26,89.037,89.483,88.915,89.052,7051660
2024-02-27,89.453,89.762,89.013,89.346,5852370
2024-02-28,89.199,90.124,89.150,89.698,7408788
2024-02-29,90.017,90.514,89.556,90.306,8270468
2024-03-01,90.227,90.737,89.767,90.604,11065816
2024-03-04,90.159,90.462,89.356,89.380,11336812
2024-03-05,88.807,88.969,87.965,88.268,12941832
2024-03-06,88.616,88.851,87.705,87.955,9299712
2024-03-07,88.195,88.988,88.175,88.626,6713340
2024-03-08,88.832,89.189,88.004,88.298,12463678
2024-03-11,88.053,88.406,87.837,88.058,8306440
2024-03-12,88.352,89.160,87.759,88.817,7906370
2024-03-13,88.597,89.189,88.491,88.631,5717092
2024-03-14,88.734,88.822,87.593,88.068,10810426
2024-03-15,87.475,88.068,86.954,87.191,9868838
2024-03-18,88.056,88.262,87.443,87.845,8512914
2024-03-19,87.825,88.650,87.703,88.606,7624178
2024-03-20,88.777,89.940,88.704,89.926,8497464
2024-03-21,90.554,90.887,90.407,90.451,7146376
2024-03-22,89.509,89.899,89.322,89.661,5719002
2024-03-25,89.312,89.828,89.312,89.366,5664684
2024-03-26,89.940,90.313,89.418,89.479,5387844
2024-03-27,90.176,90.524,89.734,90.515,5811948
2024-03-28,90.402,90.667,90.205,90.235,5958102
2024-04-01,90.333,90.431,89.234,89.563,9941710
2024-04-02,88.120,88.287,87.845,88.243,12270744
2024-04-03,87.747,88.616,87.747,88.306,10165226
2024-04-04,88.974,89.305,87.259,87.271,9650556
2024-04-05,87.561,88.326,87.379,87.757,10081894
2024-04-08,88.277,88.880,88.208,88.591,8295708
2024-04-09,89.028,89.057,88.267,89.008,8562278
2024-04-10,87.561,87.992,87.227,87.634,10805960
2024-04-11,87.933,88.657,87.197,88.341,8433548
2024-04-12,87.654,87.713,86.623,86.908,10729330
2024-04-15,87.541,87.605,85.379,85.460,11136762
2024-04-16,85.019,85.450,84.572,84.975,12870834
2024-04-17,85.387,85.473,84.214,84.562,12416834
2024-04-18,84.719,85.069,83.807,84.037,9411806
2024-04-19,84.037,84.229,82.970,83.301,13580774
2024-04-22,83.478,84.091,82.879,83.669,8950416
2024-04-23,84.145,84.911,83.728,84.665,7889426
2024-04-24,85.931,86.182,84.862,85.475,8948630
2024-04-25,84.180,85.730,83.824,85.549,10701542
2024-04-26,85.843,86.903,85.720,86.319,6665746
2024-04-29,88.095,88.463,87.462,88.326,10308422
2024-04-30,87.462,87.875,86.108,86.177,7218574
2024-05-01,86.221,87.315,85.200,85.637,14336748
2024-05-02,86.442,86.883,85.588,86.717,8238584
2024-05-03,87.806,88.321,87.148,87.300,9012944
2024-05-06,87.845,88.233,87.587,88.233,6229318
2024-05-07,88.174,88.213,87.467,87.600,6300778
2024-05-08,86.834,87.403,86.770,87.271,5763260
2024-05-09,87.310,88.081,87.114,87.865,5046050
2024-05-10,87.938,88.007,87.212,87.394,5654728
2024-05-13,87.772,87.973,86.977,87.281,8142810
2024-05-14,87.139,87.818,87.099,87.678,6044604
2024-05-15,88.071,88.135,87.242,87.811,7182900
2024-05-16,87.762,87.894,87.210,87.242,6589572
2024-05-17,87.320,87.703,87.065,87.688,5577336
2024-05-20,87.482,87.727,86.827,87.035,4002146
2024-05-21,86.957,87.614,86.628,87.595,4375676
2024-05-22,87.384,87.472,86.329,86.682,6332276
2024-05-23,86.918,86.918,85.149,85.279,7354554
2024-05-24,85.863,86.407,85.622,86.137,5150146
2024-05-28,85.823,86.108,85.465,85.926,5344218
2024-05-29,85.284,85.693,85.284,85.362,4343990
2024-05-30,85.612,86.108,85.446,85.868,4496684
2024-05-31,85.926,86.368,84.994,86.348,6840434
2024-06-03,86.407,86.692,85.504,86.309,7928982
2024-06-04,85.946,86.748,85.917,86.398,5779928
2024-06-05,86.599,86.903,85.819,86.903,4581978
2024-06-06,86.977,87.570,86.937,87.536,4455658
2024-06-07,87.040,87.708,87.013,87.178,4548634
2024-06-10,86.923,87.546,86.923,87.457,3731244
2024-06-11,87.418,87.418,86.456,87.227,5566076
2024-06-12,87.992,88.704,87.727,88.135,7957542
2024-06-13,88.733,88.905,87.889,88.203,5226988
2024-06-14,88.071,88.071,86.981,87.507,6105586
2024-06-17,87.394,89.263,87.232,89.042,7353262
2024-06-18,88.969,89.077,88.444,88.743,4483976
2024-06-20,88.655,89.072,88.390,88.856,4722842
2024-06-21,89.307,89.724,88.885,89.607,8623206
2024-06-24,89.822,90.216,89.198,89.232,5077910
2024-06-25,89.326,89.326,88.585,88.873,4712848
2024-06-26,88.657,90.344,88.539,90.162,5031784
2024-06-27,90.368,90.722,90.004,90.713,4228306
2024-06-28,90.260,90.840,89.247,89.704,7914552
2024-07-01,90.053,90.427,89.542,90.009,6393402
2024-07-02,90.506,91.770,90.422,91.760,5884542
2024-07-03,92.080,92.690,91.947,92.345,4379612
2024-07-05,92.803,93.157,92.340,93.098,3996422
2024-07-08,92.980,93.550,92.886,93.142,3677044
2024-07-09,93.039,94.042,92.975,93.452,3656074
2024-07-10,93.658,94.244,93.112,94.155,4558290
2024-07-11,94.598,95.242,92.680,92.960,8996818
2024-07-12,92.837,94.971,92.704,94.175,5453652
2024-07-15,94.701,95.360,93.772,94.067,5080316
2024-07-16,94.612,95.798,94.460,95.753,4123312
2024-07-17,95.045,95.286,93.988,94.155,5797144
2024-07-18,94.352,94.954,92.921,93.196,4375150
2024-07-19,92.847,93.226,91.991,92.365,3872196
2024-07-22,93.034,93.705,92.675,93.383,4808490
2024-07-23,93.742,93.890,92.921,92.965,4823654
2024-07-24,90.904,90.944,89.119,89.163,8200958
2024-07-25,89.149,90.373,88.544,88.814,10240822
2024-07-26,89.468,90.280,89.242,89.808,4529410
2024-07-29,90.413,91.642,90.363,91.308,7145996
2024-07-30,91.514,91.637,89.950,90.801,4281028
2024-07-31,91.888,92.980,91.686,92.208,4993750
2024-08-01,92.247,92.522,89.173,89.945,7295700
2024-08-02,87.014,87.014,85.598,86.635,12738738
2024-08-05,82.160,85.057,81.875,84.186,16391758
2024-08-06,84.634,86.331,83.857,85.116,9523404
2024-08-07,85.814,85.967,83.527,83.631,8404320
2024-08-08,84.383,85.686,83.921,85.455,5935182
2024-08-09,85.440,86.139,85.229,85.740,6379650
2024-08-12,85.908,85.908,84.880,85.401,4929718
2024-08-13,85.799,87.619,85.632,87.540,5846938
2024-08-14,87.531,87.794,86.724,87.073,4779752
2024-08-15,88.731,89.985,88.731,89.852,6288392
2024-08-16,89.434,90.437,89.434,90.063,4767908
2024-08-19,90.294,91.217,90.206,91.170,4570038
2024-08-20,91.180,91.622,90.821,91.086,4678940
2024-08-21,91.834,92.424,91.627,92.237,4532224
2024-08-22,92.399,92.488,90.476,90.644,5709918
2024-08-23,91.352,92.498,91.337,92.394,6304166
2024-08-26,92.306,92.503,91.391,91.676,3210906
2024-08-27,91.450,91.568,90.816,91.435,3328350
2024-08-28,91.381,91.608,89.827,90.550,5668606
2024-08-29,91.347,91.733,90.572,90.658,4615948
2024-08-30,90.993,92.109,90.629,92.026,4672250
2024-09-03,91.760,92.188,90.344,90.762,9876604
2024-09-04,90.506,91.411,90.388,90.998,10007532
2024-09-05,91.426,92.660,91.337,92.031,7264246
2024-09-06,92.208,92.542,89.665,89.704,7714126
2024-09-09,90.644,91.367,90.403,91.013,4297658
2024-09-10,91.367,92.114,90.821,92.055,9424588
2024-09-11,91.917,93.103,90.004,92.975,7511400
2024-09-12,92.970,94.067,92.862,94.022,4748592
2024-09-13,94.106,94.898,93.988,94.662,3926202
2024-09-16,94.612,94.814,93.988,94.499,3077256
2024-09-17,95.060,95.921,94.686,94.981,4307926
2024-09-18,95.119,96.415,94.681,94.794,6634800
2024-09-19,96.624,97.170,96.309,96.953,5865716
2024-09-20,96.781,96.880,96.014,96.732,5552348
2024-09-23,97.136,97.944,96.934,97.905,7271220
2024-09-24,98.388,98.787,97.806,98.762,4059604
2024-09-25,98.422,98.620,98.112,98.407,3389760
2024-09-26,99.279,99.496,98.240,98.826,4266860
2024-09-27,99.201,99.373,98.686,98.974,3441892
2024-09-30,98.703,99.018,97.796,98.742,4572682
2024-10-01,98.683,98.772,97.062,98.343,8229488
2024-10-02,97.180,97.781,96.781,97.510,7482374
2024-10-03,96.663,97.037,95.990,96.382,7101386
2024-10-04,97.446,97.885,96.648,97.658,7828326
2024-10-07,96.939,96.939,95.795,96.140,5202004
2024-10-08,96.569,97.234,96.411,97.077,4733136
2024-10-09,97.397,97.969,96.978,97.772,5537604
2024-10-10,97.594,97.811,97.003,97.289,3259018
2024-10-11,96.308,97.264,96.293,96.875,4991618
2024-10-14,97.072,97.459,96.673,97.298,3566634
2024-10-15,97.328,98.146,97.328,97.510,6854974
2024-10-16,97.604,98.045,97.476,98.023,4607060
2024-10-17,98.195,98.353,97.609,97.934,3488842
2024-10-18,98.141,98.580,97.757,98.319,3796922
2024-10-21,98.102,98.102,97.185,97.555,3304966
2024-10-22,96.806,97.510,96.549,97.160,3157656
2024-10-23,96.382,96.601,95.125,95.633,4339000
2024-10-24,97.722,98.779,97.427,98.649,6991846
2024-10-25,98.826,99.829,98.594,98.959,5439932
2024-10-28,99.738,100.078,99.146,99.191,4102568
2024-10-29,98.368,98.880,98.057,98.673,4247084
2024-10-30,98.910,99.353,98.457,98.535,4879810
2024-10-31,98.314,98.535,96.968,97.027,6197946
2024-11-01,98.811,99.620,98.511,98.604,7607882
2024-11-04,98.190,99.077,98.023,98.264,4769330
2024-11-05,98.486,100.033,98.402,100.004,4424278
2024-11-06,102.281,103.286,101.468,103.202,9398702
2024-11-07,103.404,104.947,103.370,104.528,8021140
2024-11-08,104.513,106.578,104.400,106.011,7786206
2024-11-11,107.677,108.608,107.189,108.150,9209954
2024-11-12,107.874,107.889,106.322,106.706,10535182
2024-11-13,107.425,108.189,107.056,107.618,5883328
2024-11-14,107.440,107.874,106.001,106.090,4620952
2024-11-15,105.494,106.001,104.700,105.183,7824754
2024-11-18,106.450,106.967,105.474,106.154,4753104
2024-11-19,105.173,106.558,104.686,106.233,3935874
2024-11-20,105.918,105.984,104.661,105.765,5979100
2024-11-21,106.085,106.218,105.134,105.952,5468572
2024-11-22,106.258,107.790,106.258,107.480,4550698
2024-11-25,108.761,109.532,108.524,108.579,7360384
2024-11-26,108.524,109.160,108.353,108.973,3979622
2024-11-27,109.175,109.328,108.175,108.436,3829066
2024-11-29,108.677,109.574,108.613,109.549,1771408
2024-12-02,110.323,110.767,110.116,110.505,8135336
2024-12-03,110.289,110.491,109.825,110.422,7051424
2024-12-04,110.658,111.555,110.540,111.447,5539484
2024-12-05,111.555,112.866,111.506,112.358,7321830
2024-12-06,113.275,114.748,113.265,114.724,4889218
2024-12-09,115.384,116.090,113.950,114.359,6513730
2024-12-10,114.379,115.611,114.167,114.546,7630886
2024-12-11,115.498,116.596,115.433,116.557,5734824
2024-12-12,116.498,116.626,115.443,115.591,4872376
2024-12-13,115.557,116.098,115.266,116.049,5382512
2024-12-16,116.651,117.705,116.424,117.622,6014396
2024-12-17,118.154,118.238,117.015,117.991,10220962
2024-12-18,117.055,118.410,112.215,112.674,14405036
2024-12-19,114.211,114.536,111.848,112.521,13205254
2024-12-20,111.393,114.581,111.126,112.807,10916294
2024-12-23,113.003,113.255,111.665,113.141,5922512
2024-12-24,113.620,115.773,113.524,115.758,2552546
2024-12-26,115.511,115.748,114.820,115.328,4110830
2024-12-27,114.563,114.563,112.875,113.423,6097386
2024-12-30,111.700,112.321,110.900,111.601,5413194
2024-12-31,112.208,112.539,110.574,110.762,5250798
2025-01-02,110.806,111.142,108.609,109.305,9166484
2025-01-03,109.917,111.586,109.364,111.517,6501538
2025-01-06,112.722,112.806,111.349,111.956,6786270
2025-01-07,111.863,112.193,109.389,109.789,5554014
2025-01-08,109.750,110.534,109.197,110.100,5309754
2025-01-10,109.680,109.868,108.426,109.019,6869620
2025-01-13,108.189,109.651,107.775,109.636,5422010
2025-01-14,110.737,111.315,109.014,109.424,6762458
2025-01-15,111.946,112.302,111.171,112.208,6197656
2025-01-16,112.016,112.016,111.157,111.601,4851972
2025-01-17,113.072,113.877,112.889,113.166,3884678
2025-01-21,114.188,114.292,112.746,113.995,6036988
2025-01-22,113.753,114.237,113.373,113.566,4948806
2025-01-23,113.398,114.252,113.097,114.252,3888764
2025-01-24,114.277,114.395,113.336,113.556,3543822
2025-01-27,111.853,114.252,111.848,114.203,7069864
2025-01-28,113.872,114.657,113.329,114.341,5211778
2025-01-29,114.435,114.785,113.640,114.015,6538162
2025-01-30,115.531,115.807,114.267,115.131,5386422
2025-01-31,115.274,116.439,114.400,114.622,5092776
2025-02-03,112.139,113.595,111.186,113.107,7460138
2025-02-04,113.176,114.553,113.161,114.440,3987054
2025-02-05,113.704,113.985,112.875,113.141,5903140
2025-02-06,113.462,113.892,112.894,113.590,6046510
2025-02-07,112.820,113.679,111.280,111.369,5536500
2025-02-10,111.813,112.351,111.300,111.749,5963704
2025-02-11,111.038,111.349,110.206,110.480,5538816
2025-02-12,109.656,111.033,109.364,110.460,7903444
2025-02-13,111.176,112.230,110.979,112.119,6485174
2025-02-14,112.919,113.018,111.685,112.070,3425594
2025-02-18,112.040,112.188,111.041,111.759,7567450
2025-02-19,111.240,111.754,111.023,111.695,3996386
2025-02-20,111.389,111.389,109.883,110.732,4732344
2025-02-21,110.994,111.026,107.390,107.819,9042946
2025-02-24,108.303,108.461,106.965,107.414,5953572
2025-02-25,107.355,107.602,105.361,106.851,8006386
2025-02-26,107.572,108.175,106.185,106.412,6143722
2025-02-27,106.906,107.202,104.793,104.877,6799152
2025-02-28,104.916,106.689,104.497,106.619,7696336
2025-03-03,107.242,107.809,103.539,104.655,10983528
2025-03-04,102.872,104.595,101.450,102.808,13842814
2025-03-05,102.882,104.561,102.428,104.373,10128128
2025-03-06,102.828,103.573,101.278,101.727,9755438
2025-03-07,101.100,101.826,98.873,101.539,9798896
2025-03-10,100.191,100.330,97.052,97.916,14412684
2025-03-11,97.861,98.698,95.970,96.958,14379572
2025-03-12,98.636,98.735,96.331,97.521,8548380
2025-03-13,97.372,97.372,94.637,95.087,9993106
2025-03-14,96.543,97.214,95.704,97.111,6295604
2025-03-17,97.121,97.817,96.425,97.264,6053198
2025-03-18,96.355,96.360,95.136,95.531,8246910
2025-03-19,96.197,97.916,95.965,97.363,9831412
2025-03-20,96.647,98.372,96.568,97.131,8586468
2025-03-21,95.970,97.535,95.472,97.481,9794852
2025-03-24,98.896,101.233,98.896,101.144,8568398
2025-03-25,101.387,102.010,100.778,101.951,7421364
2025-03-26,101.733,101.956,100.040,100.619,6187690
2025-03-27,100.302,102.203,100.050,100.684,6737096
2025-03-28,100.104,100.263,97.262,97.555,9886662
2025-03-31,95.648,98.094,94.965,97.762,10220918
2025-04-01,97.639,99.579,97.109,98.782,11097484
2025-04-02,97.005,101.243,96.921,100.659,9355986
2025-04-03,95.198,96.510,94.133,94.579,13796262
2025-04-04,91.405,93.747,89.955,90.499,25286382
2025-04-07,87.063,93.683,85.702,89.430,41233962
2025-04-08,92.802,93.307,86.128,87.306,17408150
2025-04-09,87.157,97.111,87.014,96.812,29318512
2025-04-10,94.480,94.539,90.009,93.029,16600534
2025-04-11,92.826,94.119,91.168,93.930,8266732
2025-04-14,95.332,95.837,92.940,94.203,7720588
2025-04-15,94.049,94.836,92.995,93.524,6676300
2025-04-16,92.623,93.346,90.049,91.217,8579620
2025-04-17,91.747,92.386,90.999,91.792,7623616
2025-04-21,90.470,90.579,88.113,89.341,9802038
2025-04-22,90.366,93.054,90.353,92.168,8564896
2025-04-23,95.495,96.520,94.005,94.227,8957524
2025-04-24,94.218,96.195,93.985,96.104,5341260
2025-04-25,96.099,97.896,95.861,97.832,5968890
2025-04-28,98.213,98.970,96.505,97.866,5562124
2025-04-29,97.119,98.693,97.005,98.560,5136550
2025-04-30,96.148,97.936,94.876,97.663,5881924
2025-05-01,98.154,99.485,97.990,98.203,7359306
2025-05-02,99.243,100.297,98.594,99.728,7457452
2025-05-05,98.926,99.243,98.342,98.668,4676984
2025-05-06,97.465,98.525,97.376,97.807,4811658
2025-05-07,98.015,99.010,97.658,98.569,5359358
2025-05-08,99.520,100.763,98.886,99.733,6464470
2025-05-09,99.990,100.961,99.726,100.213,5159910
2025-05-12,105.545,105.555,104.164,105.194,9569616
2025-05-13,105.838,107.032,105.488,106.585,11432994
2025-05-14,106.857,107.526,106.550,106.996,7116988
2025-05-15,105.986,107.046,105.654,106.758,8393102
2025-05-16,107.120,107.843,106.833,107.768,5973168
2025-05-19,106.016,107.674,105.793,107.516,6935012
2025-05-20,107.714,108.021,106.444,106.956,7047286
2025-05-21,106.110,106.476,104.367,104.788,10325638
2025-05-22,104.605,106.016,104.325,105.238,8993146
2025-05-23,103.486,104.763,103.317,104.293,7497144
2025-05-27,105.471,107.459,105.471,107.372,7886824
2025-05-28,107.466,107.496,106.209,106.387,7542352
2025-05-29,107.457,107.521,105.887,106.432,8031632
2025-05-30,106.021,106.758,105.149,105.852,10233432
2025-06-02,105.550,106.115,104.248,106.100,8783904
2025-06-03,106.194,107.551,106.169,106.664,7855476
2025-06-04,106.753,106.813,105.605,106.382,8449330
2025-06-05,106.110,106.659,102.837,103.699,12098510
2025-06-06,105.199,105.538,104.684,105.045,9948754
2025-06-09,104.684,106.085,104.090,105.887,10596384
2025-06-10,106.041,107.174,105.914,107.154,8594928
2025-06-11,107.778,107.818,105.912,106.308,6888692
2025-06-12,105.716,106.382,105.526,105.808,5413904
2025-06-13,104.456,105.949,104.332,104.832,10292162
2025-06-16,105.659,106.140,105.352,105.961,4764840
2025-06-17,105.372,105.630,103.939,104.134,8473192
2025-06-18,104.342,105.303,104.090,104.184,7405734
2025-06-20,105.095,105.337,103.783,104.308,9704986
2025-06-23,104.508,106.557,104.039,106.364,12557292
2025-06-24,107.460,107.497,106.627,106.954,8652690
2025-06-25,107.292,107.316,105.253,105.694,9302022
2025-06-26,105.788,106.890,105.560,106.666,7543430
2025-06-27,107.187,108.452,106.954,108.442,8902080
2025-06-30,108.408,108.646,107.520,107.817,7003832
2025-07-01,106.781,108.735,106.523,108.279,13085434
2025-07-02,108.968,109.378,108.279,109.147,12436522
2025-07-03,109.638,110.055,109.350,109.742,6904706
2025-07-07,108.244,108.795,107.664,108.348,10081580
2025-07-08,108.596,108.800,107.897,107.981,6854998
2025-07-09,108.462,108.934,108.056,108.621,4866210
2025-07-10,108.854,110.087,108.740,109.822,7568670
2025-07-11,109.529,110.085,109.078,109.851,6690872
2025-07-14,109.876,110.290,109.559,110.258,7344226
2025-07-15,110.328,110.588,108.636,108.681,10133920
2025-07-16,108.869,109.107,107.887,108.879,13982928
2025-07-17,108.953,109.425,108.770,109.251,7742482
2025-07-18,109.802,110.273,109.638,110.219,11246368
2025-07-21,110.591,111.156,110.506,110.739,9808470
2025-07-22,111.092,112.067,110.779,111.861,10980028
2025-07-23,112.119,112.560,111.985,112.391,10083194
2025-07-24,110.888,111.533,110.298,110.531,15148360
2025-07-25,111.087,111.727,110.809,111.558,12268216
2025-07-28,111.990,112.783,111.637,112.208,11332866
2025-07-29,112.228,112.245,111.186,111.434,11012794
2025-07-30,111.598,111.801,110.109,110.730,13746008
2025-07-31,111.265,111.454,109.703,109.851,13728624
2025-08-01,107.421,107.800,106.538,107.202,22660346
2025-08-04,108.026,108.631,107.683,108.462,12640196
2025-08-05,108.621,109.286,108.284,108.601,11021642
2025-08-06,108.924,110.908,108.775,110.859,11729056
2025-08-07,111.136,111.642,109.891,110.824,12127886
2025-08-08,110.893,111.563,110.824,111.017,10109190
2025-08-11,111.295,111.871,111.114,111.305,9686440
2025-08-12,112.148,112.612,111.355,112.486,9791502
2025-08-13,112.907,114.192,112.788,114.029,12555416
2025-08-14,113.379,114.083,113.260,113.900,11244698
2025-08-15,114.495,114.614,113.225,113.627,9346912
2025-08-18,113.399,114.254,113.399,114.083,9293180
2025-08-19,114.103,115.125,113.771,114.029,11843322
2025-08-20,114.267,114.540,112.208,112.902,15303570
2025-08-21,112.342,112.530,111.598,112.233,10117022
2025-08-22,112.783,115.695,112.620,115.641,14933770
2025-08-25,115.224,115.837,114.922,115.408,9851402
2025-08-26,115.244,115.973,115.160,115.939,10809714
2025-08-27,115.934,116.350,115.815,115.963,8764376
2025-08-28,116.192,116.340,115.438,116.162,8211576
2025-08-29,116.157,116.333,114.664,114.966,11766168
2025-09-02,113.513,114.242,113.263,114.108,14705458
2025-09-03,114.336,115.209,114.063,114.569,13839084
2025-09-04,115.452,116.717,115.304,116.663,24662350
2025-09-05,117.278,118.002,116.216,116.638,30996936
2025-09-08,117.243,117.427,116.703,117.090,18769190
2025-09-09,117.005,117.047,116.152,116.926,13340570
2025-09-10,117.109,117.109,115.224,115.527,16330396
2025-09-11,115.993,117.854,115.844,117.774,16448884
2025-09-12,117.591,118.558,117.538,118.384,9002834
2025-09-15,120.274,120.438,118.821,119.411,13760362
2025-09-16,119.843,120.282,119.486,120.145,8687588
2025-09-17,120.066,120.751,118.568,119.843,15324390
2025-09-18,120.319,120.379,119.302,119.302,10820604
2025-09-19,119.927,120.289,119.535,119.754,12576192
2025-09-22,119.678,120.284,119.320,119.369,12283604
2025-09-23,119.643,119.730,118.047,118.246,9696404
2025-09-24,118.778,119.290,118.400,119.081,9862282
2025-09-25,118.341,118.383,116.870,117.401,11590800
2025-09-26,117.933,119.205,117.526,119.136,9750282
2025-09-29,119.762,120.070,118.905,119.658,11244960
2025-09-30,119.543,119.653,118.167,119.101,12981916
2025-10-01,118.897,120.214,118.689,119.847,11258454
2025-10-02,120.433,120.622,118.905,118.982,13191556
2025-10-03,119.524,119.722,117.560,118.216,13934462
2025-10-06,119.007,119.399,117.886,119.230,10462764
2025-10-07,118.917,118.922,117.103,117.143,14624042
2025-10-08,117.655,117.849,116.467,117.491,7910298
2025-10-09,117.039,117.078,116.082,116.904,9758266
2025-10-10,116.959,117.501,113.654,113.689,17978408
2025-10-13,114.732,116.407,114.544,116.228,10860286
2025-10-14,114.695,117.133,114.226,116.472,12533826
2025-10-15,117.004,117.784,115.682,116.641,10835982
2025-10-16,116.730,117.058,114.643,115.513,13036820
2025-10-17,115.453,116.785,115.180,116.507,11769724
2025-10-20,117.044,117.575,116.875,117.431,8356468
2025-10-21,117.655,119.315,117.590,118.867,8675038
2025-10-22,118.634,118.713,117.282,117.938,12749606
2025-10-23,116.959,118.619,116.571,118.470,11286832
2025-10-24,118.912,119.196,117.995,118.117,6481698
2025-10-27,119.350,120.247,119.091,119.817,7408070
2025-10-28,119.638,120.726,119.220,119.847,8999568
2025-10-29,119.871,119.891,118.177,118.858,11070088
2025-10-30,117.029,117.943,116.159,116.174,11853632
2025-10-31,119.464,119.911,118.480,119.245,13414484
2025-11-03,120.478,120.766,120.035,120.363,10731474
2025-11-04,118.833,119.722,118.202,118.366,9313238
2025-11-05,118.848,119.991,117.933,119.807,11716304
2025-11-06,119.156,119.315,116.427,117.039,14726092
2025-11-07,116.795,117.600,115.726,117.222,11502100
2025-11-10,118.380,118.949,117.903,118.763,10435342
2025-11-11,118.559,119.163,118.254,119.056,12775430
2025-11-12,119.404,119.533,117.953,118.256,9314174
2025-11-13,117.759,118.139,115.095,115.304,15268756
2025-11-14,113.987,115.811,113.609,114.752,14662322
2025-11-17,114.156,115.448,113.025,113.674,20233852
2025-11-18,112.347,112.938,111.403,111.577,27057370
2025-11-19,112.436,112.436,110.995,111.581,15912168
2025-11-20,112.834,114.062,109.802,109.917,24924404
2025-11-21,110.652,113.162,110.314,112.074,19013494
2025-11-24,112.943,114.245,112.819,113.569,11182036
2025-11-25,113.614,116.189,113.405,116.000,10395484
2025-11-26,116.407,117.031,115.950,116.795,8122754
2025-11-28,117.063,117.687,117.063,117.521,4827164
2025-12-01,116.954,118.246,116.909,117.590,11579808
2025-12-02,117.873,117.953,116.780,117.511,11106054
2025-12-03,117.526,119.091,117.526,118.778,9369960
2025-12-04,118.952,119.076,117.685,118.356,11828778
2025-12-05,118.465,119.369,118.465,119.012,4556898
2025-12-08,118.535,118.644,117.044,117.282,6400205
2025-12-09,116.805,117.779,116.626,117.272,5153897
2025-12-10,117.411,119.553,117.401,118.992,9441040
2025-12-11,119.002,119.638,118.793,119.459,5863443
2025-12-12,119.787,120.632,118.937,119.976,7865769
2025-12-15,120.990,121.666,120.488,121.000,12137601
2025-12-16,120.930,121.487,120.329,121.198,12052011
2025-12-17,121.298,121.914,119.797,119.797,10597789
2025-12-18,121.487,122.888,121.348,121.606,11598164
2025-12-19,121.636,121.685,121.010,121.119,9729146
2025-12-22,121.871,122.324,121.597,121.851,8073497
2025-12-23,121.781,122.159,121.402,121.681,9766443
2025-12-24,121.791,122.135,121.437,122.100,2250005
2025-12-26,121.940,122.289,121.392,121.562,4197048
2025-12-29,121.074,121.074,120.227,120.367,6535427
2025-12-30,120.128,120.297,119.789,119.879,4180492
2025-12-31,119.958,119.978,118.878,118.932,4356266
2026-01-02,119.600,119.640,117.239,117.877,16200887
2026-01-05,118.474,120.665,118.116,119.819,17653819
2026-01-06,119.047,120.775,118.962,120.586,17759695
2026-01-07,120.775,121.641,120.416,120.416,11327783
2026-01-08,120.098,122.647,119.918,122.428,12565379
2026-01-09,122.428,124.062,121.691,123.912,13817755
2026-01-12,123.375,124.510,122.847,124.022,8773125
2026-01-13,124.032,124.197,122.926,123.713,9033258
2026-01-14,122.896,122.916,121.148,121.761,10758375
2026-01-15,122.379,122.757,121.910,122.209,7448084
2026-01-16,122.269,122.548,121.392,121.811,7058655
2026-01-20,119.799,120.088,118.424,118.644,9720031
2026-01-21,118.932,121.412,118.932,120.914,11017703
2026-01-22,121.641,122.583,121.233,122.130,6594215
2026-01-23,121.990,122.896,121.741,122.637,6471090
2026-01-26,122.568,122.906,121.811,121.831,4812744
2026-01-27,122.249,122.428,121.333,122.199,4270019
2026-01-28,122.598,123.195,121.104,121.283,8732375
2026-01-29,121.980,122.110,119.928,120.705,12410378
2026-01-30,120.775,121.512,120.058,120.685,11706383
2026-02-02,120.257,121.915,119.640,121.482,8483043
2026-02-03,121.592,122.264,119.341,120.506,12467805
2026-02-04,120.616,121.054,118.873,119.620,13915561
2026-02-05,118.076,118.355,116.602,117.040,13290005
2026-02-06,115.227,117.687,114.938,117.518,20971381
2026-02-09,116.960,117.737,115.934,117.080,10975736
2026-02-10,117.289,118.738,117.229,117.857,9920753
2026-02-11,117.976,118.404,116.816,117.289,10214126
2026-02-12,117.931,118.723,115.367,115.665,16374688
2026-02-13,115.536,116.676,115.068,115.715,10836590
2026-02-17,115.516,115.855,113.972,115.576,9623012
2026-02-18,115.646,117.284,115.471,116.552,9719511
2026-02-19,115.865,116.084,115.118,115.775,9482492
2026-02-20,115.466,117.179,115.148,116.980,16652927
2026-02-23,116.168,116.298,113.405,114.530,14604803
2026-02-24,114.938,116.592,114.859,116.273,11320521
2026-02-25,116.512,117.120,116.044,116.622,8776481
2026-02-26,116.761,117.189,115.675,116.582,9560949
2026-02-27,115.546,116.472,115.187,116.393,9636197
2026-03-02,113.574,115.267,113.265,114.958,18205774
2026-03-03,112.648,114.306,111.363,113.903,20773106
2026-03-04,114.630,116.163,114.420,115.924,11496667
2026-03-05,115.456,116.612,115.058,116.084,14881566
2026-03-06,114.321,114.530,113.185,113.982,16348506
2026-03-09,112.488,114.470,110.546,114.132,16278475
2026-03-10,114.152,115.267,113.494,113.982,11784403
2026-03-11,114.371,115.232,113.116,113.683,10960500
2026-03-12,112.668,112.976,111.024,111.074,12088218
2026-03-13,111.721,112.035,110.277,110.417,11708587
2026-03-16,111.343,112.419,111.174,111.751,9307630
2026-03-17,112.329,113.190,112.264,112.727,6767033
2026-03-18,112.050,112.538,109.993,110.128,10979166
2026-03-19,109.191,109.899,108.435,109.261,12496415
2026-03-20,108.992,108.992,106.716,107.309,12297010
2026-03-23,109.560,111.202,109.371,109.900,14779086
2026-03-24,108.822,110.094,108.732,109.461,9032215
2026-03-25,110.938,111.686,109.880,110.509,9412957
2026-03-26,109.830,110.678,108.523,108.612,7981025
2026-03-27,108.093,108.093,105.234,105.469,10454732
2026-03-30,106.397,106.951,104.980,105.449,10191981
2026-03-31,107.016,109.191,106.497,108.762,19487546
2026-04-01,109.471,110.279,108.518,109.580,14467612
2026-04-02,107.245,109.311,106.886,107.934,9684862
2026-04-06,107.714,109.012,107.714,108.822,6909176
2026-04-07,107.894,107.964,106.237,107.554,8956357
2026-04-08,112.026,112.385,110.054,110.598,14442412
2026-04-09,110.598,112.664,110.174,112.515,6660503
2026-04-10,112.774,113.233,112.016,112.664,5607449
2026-04-13,112.115,113.717,111.776,113.692,5992591
2026-04-14,114.421,116.591,114.346,116.207,8128618
2026-04-15,116.297,118.203,115.918,117.944,8034872
2026-04-16,118.163,118.313,116.866,117.395,5672123
2026-04-17,119.451,121.606,119.221,120.169,9839704
2026-04-20,119.900,120.159,118.607,119.630,5450255
2026-04-21,120.593,120.663,118.443,118.732,7245361
2026-04-22,119.291,119.520,118.423,118.692,5289873
2026-04-23,117.984,118.612,116.432,117.505,7530908
2026-04-24,117.904,118.662,117.435,118.453,5545998
2026-04-27,117.854,118.213,117.040,117.604,6915987
2026-04-28,117.215,117.554,116.636,116.776,6740884
2026-04-29,115.978,116.891,115.898,116.606,8155385
2026-04-30,118.263,118.433,116.197,118.113,10280790
2026-05-01,118.373,119.530,117.584,118.393,13071325
2026-05-04,118.113,119.061,116.956,117.485,10738021
2026-05-05,118.353,119.051,117.814,117.834,6216889
2026-05-06,118.732,120.294,118.532,119.630,10430734
2026-05-07,120.349,120.858,119.081,119.640,7928256
2026-05-08,120.010,120.888,119.700,119.960,6054229
2026-05-11,119.141,119.620,118.273,119.131,5829368
2026-05-12,118.792,119.111,117.210,118.053,6622112
2026-05-13,117.824,118.992,117.215,118.483,4611751
2026-05-14,118.772,119.441,118.318,118.433,5966792
2026-05-15,117.075,117.135,116.077,116.297,10454179
2026-05-18,116.267,117.544,115.309,116.087,9985229
2026-05-19,114.900,115.084,113.967,114.800,8578397
2026-05-20,115.039,117.714,114.550,117.704,12155069
2026-05-21,117.355,118.977,116.571,118.463,7082359
2026-05-22,118.922,119.630,118.737,118.942,5289814
2026-05-26,119.491,119.995,118.458,119.211,5007115
2026-05-27,120.449,121.701,120.309,121.307,13117711
2026-05-28,120.858,121.946,120.329,121.816,7591898
2026-05-29,121.357,121.936,120.588,120.628,7257984
2026-06-01,119.451,119.588,117.734,117.954,11012185
2026-06-02,117.285,118.033,116.322,117.355,8219333
2026-06-03,116.397,117.385,115.893,116.497,6086390
2026-06-04,117.724,117.954,116.806,117.025,4969936
2026-06-05,117.165,117.864,114.341,114.630,7699475
2026-06-08,114.540,115.788,114.540,115.159,6307785
2026-06-09,115.928,117.350,114.017,115.638,8203595
2026-06-10,115.229,115.449,113.153,113.263,7515067
2026-06-11,113.892,116.227,113.213,116.067,8680424
2026-06-12,116.786,116.787,114.585,116.367,7655293
2026-06-15,118.373,119.271,118.073,118.333,6590561
2026-06-16,118.433,119.221,118.103,118.223,6050542
2026-06-17,117.574,117.934,114.950,115.259,9065846
2026-06-18,116.417,117.420,115.309,116.926,8728589
2026-06-22,115.990,116.915,114.870,114.940,7555578
2026-06-23,113.950,114.660,113.470,113.760,9196184
2026-06-24,114.150,116.960,113.930,115.070,8301392
2026-06-25,114.650,115.060,113.130,113.350,7151313
2026-06-26,113.200,115.460,113.160,114.370,8948980
2026-06-29,115.210,117.540,115.040,117.120,10587032
2026-06-30,116.230,117.570,116.230,117.280,5167933
2026-07-01,117.780,119.158,116.900,118.090,9864277
2026-07-02,118.630,119.210,116.575,117.120,10884629
2026-07-06,117.525,118.190,116.100,118.010,9063611
2026-07-07,118.920,119.120,117.105,117.390,9191388
2026-07-08,116.310,116.320,114.435,115.300,15042711
2026-07-09,114.720,116.875,114.550,116.850,8521800
2026-07-10,117.590,117.890,116.480,117.240,5971515
2026-07-13,117.200,117.520,115.620,116.040,5984858
2026-07-14,116.010,116.400,115.460,115.900,6669325
2026-07-15,116.460,117.810,116.455,117.000,9073173
2026-07-16,117.120,118.215,116.860,117.340,6057041
2026-07-17,115.910,116.870,115.320,115.440,10275143
2026-07-20,116.220,116.220,114.380,114.610,7804561
2026-07-21,114.640,115.170,114.280,114.870,6557798
2026-07-22,114.900,115.230,113.820,114.020,7106380
2026-07-23,110.480,110.590,108.290,108.760,12650403
2026-07-24,109.100,109.935,108.650,109.410,8210826
2026-07-27,110.870,111.360,110.300,110.840,6979358
2026-07-28,111.660,112.530,111.250,112.480,6018139
2026-07-29,111.950,113.590,111.440,111.610,7534395
2026-07-30,112.170,112.795,111.460,112.390,8074561
2026-07-31,115.440,116.390,114.970,116.090,13158076
2026-08-03,117.640,119.120,117.640,118.210,10041503
2026-08-04,117.530,118.565,117.120,118.290,10500947
2026-08-05,119.280,119.640,118.070,118.640,6117485
2026-08-06,118.610,118.795,117.705,118.100,4827897
2026-08-07,118.520,120.435,118.497,119.860,5077365
2026-08-10,119.225,119.855,118.860,119.670,4466197
2026-08-11,119.670,119.960,119.110,119.240,3788630
2026-08-12,119.320,119.320,117.550,117.890,4486935
2026-08-13,118.040,118.930,117.885,118.450,4521072
2026-08-14,118.470,119.175,118.090,118.200,3839277
2026-08-17,117.960,117.960,116.494,116.750,6884914
